trading_date,overnight_return,morning_return,signal_payoff,accuracy_denominator,correct,day_session_minute_coverage,source_file_sha256,transform_version
2016-01-04,-0.00925565248235536,-0.006129266357124133,-0.006129266357124133,1,0,1.0,d8dc20191b8dd3a790feb049d9aa911316444894eca7abf2e73f3cc3fbd80e01,JNU_OVERNIGHT_OVERREACTION_G1_V1
2016-01-05,-0.0005436259987101813,0.005152553772365549,0.005152553772365549,1,1,1.0,d8dc20191b8dd3a790feb049d9aa911316444894eca7abf2e73f3cc3fbd80e01,JNU_OVERNIGHT_OVERREACTION_G1_V1
2016-01-06,-0.001088139389195488,-0.006827829338623357,-0.006827829338623357,1,0,1.0,d8dc20191b8dd3a790feb049d9aa911316444894eca7abf2e73f3cc3fbd80e01,JNU_OVERNIGHT_OVERREACTION_G1_V1
2016-01-07,-0.003855691915197602,-0.014452725166480244,-0.014452725166480244,1,0,1.0,d8dc20191b8dd3a790feb049d9aa911316444894eca7abf2e73f3cc3fbd80e01,JNU_OVERNIGHT_OVERREACTION_G1_V1
2016-01-08,-0.009344539184704825,0.01356336136107078,0.01356336136107078,1,1,1.0,d8dc20191b8dd3a790feb049d9aa911316444894eca7abf2e73f3cc3fbd80e01,JNU_OVERNIGHT_OVERREACTION_G1_V1
2016-01-12,-0.015950209979462185,-0.0020117839807184943,-0.0020117839807184943,1,0,1.0,d8dc20191b8dd3a790feb049d9aa911316444894eca7abf2e73f3cc3fbd80e01,JNU_OVERNIGHT_OVERREACTION_G1_V1
2016-01-13,0.01877853823108151,0.008833224552367085,-0.008833224552367085,1,0,1.0,d8dc20191b8dd3a790feb049d9aa911316444894eca7abf2e73f3cc3fbd80e01,JNU_OVERNIGHT_OVERREACTION_G1_V1
2016-01-14,-0.029793094433205828,-0.007589061525559211,-0.007589061525559211,1,0,1.0,d8dc20191b8dd3a790feb049d9aa911316444894eca7abf2e73f3cc3fbd80e01,JNU_OVERNIGHT_OVERREACTION_G1_V1
2016-01-15,0.012636584004512057,-0.008886399312208084,0.008886399312208084,1,1,1.0,d8dc20191b8dd3a790feb049d9aa911316444894eca7abf2e73f3cc3fbd80e01,JNU_OVERNIGHT_OVERREACTION_G1_V1
2016-01-18,-0.023308327643808247,0.009506904639413455,0.009506904639413455,1,1,1.0,d8dc20191b8dd3a790feb049d9aa911316444894eca7abf2e73f3cc3fbd80e01,JNU_OVERNIGHT_OVERREACTION_G1_V1
2016-01-19,-0.001479071412963119,0.005019942625051093,0.005019942625051093,1,1,1.0,d8dc20191b8dd3a790feb049d9aa911316444894eca7abf2e73f3cc3fbd80e01,JNU_OVERNIGHT_OVERREACTION_G1_V1
2016-01-20,-0.0005877167374577152,-0.016896800393478274,-0.016896800393478274,1,0,1.0,d8dc20191b8dd3a790feb049d9aa911316444894eca7abf2e73f3cc3fbd80e01,JNU_OVERNIGHT_OVERREACTION_G1_V1
2016-01-21,0.009455614144264967,0.01207015257315357,-0.01207015257315357,1,0,1.0,d8dc20191b8dd3a790feb049d9aa911316444894eca7abf2e73f3cc3fbd80e01,JNU_OVERNIGHT_OVERREACTION_G1_V1
2016-01-22,0.033111547268780545,-0.004533784401992626,0.004533784401992626,1,1,1.0,d8dc20191b8dd3a790feb049d9aa911316444894eca7abf2e73f3cc3fbd80e01,JNU_OVERNIGHT_OVERREACTION_G1_V1
2016-01-25,0.01378927526147757,-0.00467290569939237,0.00467290569939237,1,1,1.0,d8dc20191b8dd3a790feb049d9aa911316444894eca7abf2e73f3cc3fbd80e01,JNU_OVERNIGHT_OVERREACTION_G1_V1
2016-01-26,-0.017991932020354793,-0.0029806281381377893,-0.0029806281381377893,1,0,1.0,d8dc20191b8dd3a790feb049d9aa911316444894eca7abf2e73f3cc3fbd80e01,JNU_OVERNIGHT_OVERREACTION_G1_V1
2016-01-27,0.020753783727426013,0.0046838493124264375,-0.0046838493124264375,1,0,1.0,d8dc20191b8dd3a790feb049d9aa911316444894eca7abf2e73f3cc3fbd80e01,JNU_OVERNIGHT_OVERREACTION_G1_V1
2016-01-28,-0.007602375796725436,0.011381999426908323,0.011381999426908323,1,1,1.0,d8dc20191b8dd3a790feb049d9aa911316444894eca7abf2e73f3cc3fbd80e01,JNU_OVERNIGHT_OVERREACTION_G1_V1
2016-01-29,0.0023426072206556635,-0.00616108740742393,0.00616108740742393,1,1,1.0,d8dc20191b8dd3a790feb049d9aa911316444894eca7abf2e73f3cc3fbd80e01,JNU_OVERNIGHT_OVERREACTION_G1_V1
2016-02-01,0.01242251999855711,-0.003091192569672858,0.003091192569672858,1,1,1.0,d8dc20191b8dd3a790feb049d9aa911316444894eca7abf2e73f3cc3fbd80e01,JNU_OVERNIGHT_OVERREACTION_G1_V1
2016-02-02,-0.009294532479249766,0.008172512726194252,0.008172512726194252,1,1,1.0,d8dc20191b8dd3a790feb049d9aa911316444894eca7abf2e73f3cc3fbd80e01,JNU_OVERNIGHT_OVERREACTION_G1_V1
2016-02-03,-0.020748221909206888,-0.015629840610463932,-0.015629840610463932,1,0,1.0,d8dc20191b8dd3a790feb049d9aa911316444894eca7abf2e73f3cc3fbd80e01,JNU_OVERNIGHT_OVERREACTION_G1_V1
2016-02-04,-0.006438418495036837,0.0046865932295051035,0.0046865932295051035,1,1,1.0,d8dc20191b8dd3a790feb049d9aa911316444894eca7abf2e73f3cc3fbd80e01,JNU_OVERNIGHT_OVERREACTION_G1_V1
2016-02-05,-0.01742770441779366,0.00327235157397777,0.00327235157397777,1,1,1.0,d8dc20191b8dd3a790feb049d9aa911316444894eca7abf2e73f3cc3fbd80e01,JNU_OVERNIGHT_OVERREACTION_G1_V1
2016-02-08,-0.009902556539018984,0.014074195485083952,0.014074195485083952,1,1,1.0,d8dc20191b8dd3a790feb049d9aa911316444894eca7abf2e73f3cc3fbd80e01,JNU_OVERNIGHT_OVERREACTION_G1_V1
2016-02-09,-0.03837401288161504,-0.0049019706002067795,-0.0049019706002067795,1,0,1.0,d8dc20191b8dd3a790feb049d9aa911316444894eca7abf2e73f3cc3fbd80e01,JNU_OVERNIGHT_OVERREACTION_G1_V1
2016-02-10,0.003724399090982494,-0.025413132325432547,0.025413132325432547,1,1,1.0,d8dc20191b8dd3a790feb049d9aa911316444894eca7abf2e73f3cc3fbd80e01,JNU_OVERNIGHT_OVERREACTION_G1_V1
2016-02-12,-0.03559094510270263,-0.005946499187726303,-0.005946499187726303,1,0,1.0,d8dc20191b8dd3a790feb049d9aa911316444894eca7abf2e73f3cc3fbd80e01,JNU_OVERNIGHT_OVERREACTION_G1_V1
2016-02-15,0.046963152747236794,0.006395928423341115,-0.006395928423341115,1,0,1.0,d8dc20191b8dd3a790feb049d9aa911316444894eca7abf2e73f3cc3fbd80e01,JNU_OVERNIGHT_OVERREACTION_G1_V1
2016-02-16,-0.0062873517398961834,0.015334364000106742,0.015334364000106742,1,1,1.0,d8dc20191b8dd3a790feb049d9aa911316444894eca7abf2e73f3cc3fbd80e01,JNU_OVERNIGHT_OVERREACTION_G1_V1
2016-02-17,-0.0009382330633527359,0.0021878427229927748,0.0021878427229927748,1,1,1.0,d8dc20191b8dd3a790feb049d9aa911316444894eca7abf2e73f3cc3fbd80e01,JNU_OVERNIGHT_OVERREACTION_G1_V1
2016-02-18,0.03273869938543974,-0.005228368053435328,0.005228368053435328,1,1,1.0,d8dc20191b8dd3a790feb049d9aa911316444894eca7abf2e73f3cc3fbd80e01,JNU_OVERNIGHT_OVERREACTION_G1_V1
2016-02-19,-0.013348017519500054,-0.010681848346860453,-0.010681848346860453,1,0,1.0,d8dc20191b8dd3a790feb049d9aa911316444894eca7abf2e73f3cc3fbd80e01,JNU_OVERNIGHT_OVERREACTION_G1_V1
2016-02-22,-0.010997754209541398,0.014117881545785022,0.014117881545785022,1,1,1.0,d8dc20191b8dd3a790feb049d9aa911316444894eca7abf2e73f3cc3fbd80e01,JNU_OVERNIGHT_OVERREACTION_G1_V1
2016-02-23,0.007745972114655329,-0.006191970247921107,0.006191970247921107,1,1,1.0,d8dc20191b8dd3a790feb049d9aa911316444894eca7abf2e73f3cc3fbd80e01,JNU_OVERNIGHT_OVERREACTION_G1_V1
2016-02-24,-0.014104606181541935,0.009425140459583113,0.009425140459583113,1,1,1.0,d8dc20191b8dd3a790feb049d9aa911316444894eca7abf2e73f3cc3fbd80e01,JNU_OVERNIGHT_OVERREACTION_G1_V1
2016-02-25,0.005651506407931302,0.0018767600128601842,-0.0018767600128601842,1,0,1.0,d8dc20191b8dd3a790feb049d9aa911316444894eca7abf2e73f3cc3fbd80e01,JNU_OVERNIGHT_OVERREACTION_G1_V1
2016-02-26,0.010161750259499292,-0.003683245416296405,0.003683245416296405,1,1,1.0,d8dc20191b8dd3a790feb049d9aa911316444894eca7abf2e73f3cc3fbd80e01,JNU_OVERNIGHT_OVERREACTION_G1_V1
2016-02-29,0.007366515816762646,-0.007366515816762554,0.007366515816762554,1,1,1.0,d8dc20191b8dd3a790feb049d9aa911316444894eca7abf2e73f3cc3fbd80e01,JNU_OVERNIGHT_OVERREACTION_G1_V1
2016-03-01,0.0028138208342003085,-0.00972556685441949,0.00972556685441949,1,1,1.0,d8dc20191b8dd3a790feb049d9aa911316444894eca7abf2e73f3cc3fbd80e01,JNU_OVERNIGHT_OVERREACTION_G1_V1
2016-03-02,0.02822273208351157,0.01023180758977663,-0.01023180758977663,1,0,1.0,d8dc20191b8dd3a790feb049d9aa911316444894eca7abf2e73f3cc3fbd80e01,JNU_OVERNIGHT_OVERREACTION_G1_V1
2016-03-03,-0.0026917916657114146,0.013977922749426016,0.013977922749426016,1,1,1.0,d8dc20191b8dd3a790feb049d9aa911316444894eca7abf2e73f3cc3fbd80e01,JNU_OVERNIGHT_OVERREACTION_G1_V1
2016-03-04,-0.0017714796483820044,-0.0017746233583684897,-0.0017746233583684897,1,0,1.0,d8dc20191b8dd3a790feb049d9aa911316444894eca7abf2e73f3cc3fbd80e01,JNU_OVERNIGHT_OVERREACTION_G1_V1
2016-03-07,0.0026458930620496656,-0.004413719096994971,0.004413719096994971,1,1,1.0,d8dc20191b8dd3a790feb049d9aa911316444894eca7abf2e73f3cc3fbd80e01,JNU_OVERNIGHT_OVERREACTION_G1_V1
2016-03-08,-0.0011834320907802161,-0.01641582901315115,-0.01641582901315115,1,0,1.0,d8dc20191b8dd3a790feb049d9aa911316444894eca7abf2e73f3cc3fbd80e01,JNU_OVERNIGHT_OVERREACTION_G1_V1
2016-03-09,-0.008080247464682958,-0.004517399641203375,-0.004517399641203375,1,0,1.0,d8dc20191b8dd3a790feb049d9aa911316444894eca7abf2e73f3cc3fbd80e01,JNU_OVERNIGHT_OVERREACTION_G1_V1
2016-03-10,0.00806817464951018,0.0005950610113109969,-0.0005950610113109969,1,0,1.0,d8dc20191b8dd3a790feb049d9aa911316444894eca7abf2e73f3cc3fbd80e01,JNU_OVERNIGHT_OVERREACTION_G1_V1
2016-03-11,-0.024017966290720776,0.006662653356555918,0.006662653356555918,1,1,1.0,d8dc20191b8dd3a790feb049d9aa911316444894eca7abf2e73f3cc3fbd80e01,JNU_OVERNIGHT_OVERREACTION_G1_V1
2016-03-14,0.01299486685636768,0.0061430645137140714,-0.0061430645137140714,1,0,1.0,d8dc20191b8dd3a790feb049d9aa911316444894eca7abf2e73f3cc3fbd80e01,JNU_OVERNIGHT_OVERREACTION_G1_V1
2016-03-15,-0.0005847953383033449,-0.0011706176344108764,-0.0011706176344108764,1,0,1.0,d8dc20191b8dd3a790feb049d9aa911316444894eca7abf2e73f3cc3fbd80e01,JNU_OVERNIGHT_OVERREACTION_G1_V1
2016-03-16,-0.0065069735653862735,0.004441161999968057,0.004441161999968057,1,1,1.0,d8dc20191b8dd3a790feb049d9aa911316444894eca7abf2e73f3cc3fbd80e01,JNU_OVERNIGHT_OVERREACTION_G1_V1
2016-03-17,0.007397577750719292,0.006757775093096839,-0.006757775093096839,1,0,1.0,d8dc20191b8dd3a790feb049d9aa911316444894eca7abf2e73f3cc3fbd80e01,JNU_OVERNIGHT_OVERREACTION_G1_V1
2016-03-18,-0.004170396273726586,-0.01352387253332543,-0.01352387253332543,1,0,1.0,d8dc20191b8dd3a790feb049d9aa911316444894eca7abf2e73f3cc3fbd80e01,JNU_OVERNIGHT_OVERREACTION_G1_V1
2016-03-22,0.018288622464964616,0.00621947806702049,-0.00621947806702049,1,0,1.0,d8dc20191b8dd3a790feb049d9aa911316444894eca7abf2e73f3cc3fbd80e01,JNU_OVERNIGHT_OVERREACTION_G1_V1
2016-03-23,-0.0005904930788644328,-0.0002953773467052784,-0.0002953773467052784,1,0,1.0,d8dc20191b8dd3a790feb049d9aa911316444894eca7abf2e73f3cc3fbd80e01,JNU_OVERNIGHT_OVERREACTION_G1_V1
2016-03-24,-0.0011883542693786767,-0.00029730935256908135,-0.00029730935256908135,1,0,1.0,d8dc20191b8dd3a790feb049d9aa911316444894eca7abf2e73f3cc3fbd80e01,JNU_OVERNIGHT_OVERREACTION_G1_V1
2016-03-25,0.0035746240029592047,-0.0005948840151639282,0.0005948840151639282,1,1,1.0,d8dc20191b8dd3a790feb049d9aa911316444894eca7abf2e73f3cc3fbd80e01,JNU_OVERNIGHT_OVERREACTION_G1_V1
2016-03-28,0.007972875542602459,-0.000294160908136706,0.000294160908136706,1,1,1.0,d8dc20191b8dd3a790feb049d9aa911316444894eca7abf2e73f3cc3fbd80e01,JNU_OVERNIGHT_OVERREACTION_G1_V1
2016-03-29,-0.0005892752085663537,0.007633624855071205,0.007633624855071205,1,1,1.0,d8dc20191b8dd3a790feb049d9aa911316444894eca7abf2e73f3cc3fbd80e01,JNU_OVERNIGHT_OVERREACTION_G1_V1
2016-03-30,-0.002049481027731542,-0.000586338334007269,-0.000586338334007269,1,0,1.0,d8dc20191b8dd3a790feb049d9aa911316444894eca7abf2e73f3cc3fbd80e01,JNU_OVERNIGHT_OVERREACTION_G1_V1
2016-03-31,0.007079675588061768,-0.007968169649176845,0.007968169649176845,1,1,1.0,d8dc20191b8dd3a790feb049d9aa911316444894eca7abf2e73f3cc3fbd80e01,JNU_OVERNIGHT_OVERREACTION_G1_V1
2016-04-01,-0.001493206190541101,-0.022975617655470234,-0.022975617655470234,1,0,1.0,d8dc20191b8dd3a790feb049d9aa911316444894eca7abf2e73f3cc3fbd80e01,JNU_OVERNIGHT_OVERREACTION_G1_V1
2016-04-04,-0.005577950626053783,0.005886926373915755,0.005886926373915755,1,1,1.0,d8dc20191b8dd3a790feb049d9aa911316444894eca7abf2e73f3cc3fbd80e01,JNU_OVERNIGHT_OVERREACTION_G1_V1
2016-04-05,-0.0040441803447936716,-0.014126745680756246,-0.014126745680756246,1,0,1.0,d8dc20191b8dd3a790feb049d9aa911316444894eca7abf2e73f3cc3fbd80e01,JNU_OVERNIGHT_OVERREACTION_G1_V1
2016-04-06,-0.0006361323369733467,0.001589572739726156,0.001589572739726156,1,1,1.0,d8dc20191b8dd3a790feb049d9aa911316444894eca7abf2e73f3cc3fbd80e01,JNU_OVERNIGHT_OVERREACTION_G1_V1
2016-04-07,-0.000635930069126019,0.003492621426216268,0.003492621426216268,1,1,1.0,d8dc20191b8dd3a790feb049d9aa911316444894eca7abf2e73f3cc3fbd80e01,JNU_OVERNIGHT_OVERREACTION_G1_V1
2016-04-08,-0.014748584105948703,0.012199188206348497,0.012199188206348497,1,1,1.0,d8dc20191b8dd3a790feb049d9aa911316444894eca7abf2e73f3cc3fbd80e01,JNU_OVERNIGHT_OVERREACTION_G1_V1
2016-04-11,-0.005066508621278727,-0.009890015211875519,-0.009890015211875519,1,0,1.0,d8dc20191b8dd3a790feb049d9aa911316444894eca7abf2e73f3cc3fbd80e01,JNU_OVERNIGHT_OVERREACTION_G1_V1
2016-04-12,-0.000635930069126019,0.012956414457166665,0.012956414457166665,1,1,1.0,d8dc20191b8dd3a790feb049d9aa911316444894eca7abf2e73f3cc3fbd80e01,JNU_OVERNIGHT_OVERREACTION_G1_V1
2016-04-13,0.01340210179936581,0.008017310905728653,-0.008017310905728653,1,0,1.0,d8dc20191b8dd3a790feb049d9aa911316444894eca7abf2e73f3cc3fbd80e01,JNU_OVERNIGHT_OVERREACTION_G1_V1
2016-04-14,0.016339243982958242,0.005686084450577165,-0.005686084450577165,1,0,1.0,d8dc20191b8dd3a790feb049d9aa911316444894eca7abf2e73f3cc3fbd80e01,JNU_OVERNIGHT_OVERREACTION_G1_V1
2016-04-15,-0.011003828503293728,0.009820046180975513,0.009820046180975513,1,1,1.0,d8dc20191b8dd3a790feb049d9aa911316444894eca7abf2e73f3cc3fbd80e01,JNU_OVERNIGHT_OVERREACTION_G1_V1
2016-04-18,-0.030305349495328922,0.005217136277286913,0.005217136277286913,1,1,1.0,d8dc20191b8dd3a790feb049d9aa911316444894eca7abf2e73f3cc3fbd80e01,JNU_OVERNIGHT_OVERREACTION_G1_V1
2016-04-19,0.028179413432343457,0.007145014022734023,-0.007145014022734023,1,0,1.0,d8dc20191b8dd3a790feb049d9aa911316444894eca7abf2e73f3cc3fbd80e01,JNU_OVERNIGHT_OVERREACTION_G1_V1
2016-04-20,0.011803028731350288,-0.005884100530851768,0.005884100530851768,1,1,1.0,d8dc20191b8dd3a790feb049d9aa911316444894eca7abf2e73f3cc3fbd80e01,JNU_OVERNIGHT_OVERREACTION_G1_V1
2016-04-21,0.024902414689885473,-0.0014478068259428688,0.0014478068259428688,1,1,1.0,d8dc20191b8dd3a790feb049d9aa911316444894eca7abf2e73f3cc3fbd80e01,JNU_OVERNIGHT_OVERREACTION_G1_V1
2016-04-22,-0.009259325412796712,0.007241161256559474,0.007241161256559474,1,1,1.0,d8dc20191b8dd3a790feb049d9aa911316444894eca7abf2e73f3cc3fbd80e01,JNU_OVERNIGHT_OVERREACTION_G1_V1
2016-04-25,0.0039784082028082824,-0.011983024985422138,0.011983024985422138,1,1,1.0,d8dc20191b8dd3a790feb049d9aa911316444894eca7abf2e73f3cc3fbd80e01,JNU_OVERNIGHT_OVERREACTION_G1_V1
2016-04-26,-0.0034482792789159327,0.0002878111978421647,0.0002878111978421647,1,1,1.0,d8dc20191b8dd3a790feb049d9aa911316444894eca7abf2e73f3cc3fbd80e01,JNU_OVERNIGHT_OVERREACTION_G1_V1
2016-04-27,0.0040334252319025364,-0.006924436207604395,0.006924436207604395,1,1,1.0,d8dc20191b8dd3a790feb049d9aa911316444894eca7abf2e73f3cc3fbd80e01,JNU_OVERNIGHT_OVERREACTION_G1_V1
2016-04-28,0.01007057856359609,0.004570130776383055,-0.004570130776383055,1,0,1.0,d8dc20191b8dd3a790feb049d9aa911316444894eca7abf2e73f3cc3fbd80e01,JNU_OVERNIGHT_OVERREACTION_G1_V1
2016-05-02,-0.03506972736862418,0.005619746291694585,0.005619746291694585,1,1,1.0,d8dc20191b8dd3a790feb049d9aa911316444894eca7abf2e73f3cc3fbd80e01,JNU_OVERNIGHT_OVERREACTION_G1_V1
2016-05-06,0.001852424117239065,-0.012414808738961378,0.012414808738961378,1,1,1.0,d8dc20191b8dd3a790feb049d9aa911316444894eca7abf2e73f3cc3fbd80e01,JNU_OVERNIGHT_OVERREACTION_G1_V1
2016-05-09,0.008663420522208087,-0.0037037079374844144,0.0037037079374844144,1,1,1.0,d8dc20191b8dd3a790feb049d9aa911316444894eca7abf2e73f3cc3fbd80e01,JNU_OVERNIGHT_OVERREACTION_G1_V1
2016-05-10,0.001844451798647732,0.009475846541788478,-0.009475846541788478,1,0,1.0,d8dc20191b8dd3a790feb049d9aa911316444894eca7abf2e73f3cc3fbd80e01,JNU_OVERNIGHT_OVERREACTION_G1_V1
2016-05-11,0.009307978926806366,-0.0074996601700226635,0.0074996601700226635,1,1,1.0,d8dc20191b8dd3a790feb049d9aa911316444894eca7abf2e73f3cc3fbd80e01,JNU_OVERNIGHT_OVERREACTION_G1_V1
2016-05-12,-0.006366551745541659,0.0,0.0,0,0,1.0,d8dc20191b8dd3a790feb049d9aa911316444894eca7abf2e73f3cc3fbd80e01,JNU_OVERNIGHT_OVERREACTION_G1_V1
2016-05-13,0.0041828564124080595,-0.01714069931142305,0.01714069931142305,1,1,1.0,d8dc20191b8dd3a790feb049d9aa911316444894eca7abf2e73f3cc3fbd80e01,JNU_OVERNIGHT_OVERREACTION_G1_V1
2016-05-16,0.003965233196073127,0.008185584586439502,-0.008185584586439502,1,0,1.0,d8dc20191b8dd3a790feb049d9aa911316444894eca7abf2e73f3cc3fbd80e01,JNU_OVERNIGHT_OVERREACTION_G1_V1
2016-05-17,0.006035021334470078,-0.0012040940648045638,0.0012040940648045638,1,1,1.0,d8dc20191b8dd3a790feb049d9aa911316444894eca7abf2e73f3cc3fbd80e01,JNU_OVERNIGHT_OVERREACTION_G1_V1
2016-05-18,-0.0042042103967797105,0.009285674028559902,0.009285674028559902,1,1,1.0,d8dc20191b8dd3a790feb049d9aa911316444894eca7abf2e73f3cc3fbd80e01,JNU_OVERNIGHT_OVERREACTION_G1_V1
2016-05-19,0.008968669982760316,-0.008068174649510203,0.008068174649510203,1,1,1.0,d8dc20191b8dd3a790feb049d9aa911316444894eca7abf2e73f3cc3fbd80e01,JNU_OVERNIGHT_OVERREACTION_G1_V1
2016-05-20,-0.00210621410794252,0.004507896439189922,0.004507896439189922,1,1,1.0,d8dc20191b8dd3a790feb049d9aa911316444894eca7abf2e73f3cc3fbd80e01,JNU_OVERNIGHT_OVERREACTION_G1_V1
2016-05-23,-0.0032919377326892643,-0.00842870733505539,-0.00842870733505539,1,0,1.0,d8dc20191b8dd3a790feb049d9aa911316444894eca7abf2e73f3cc3fbd80e01,JNU_OVERNIGHT_OVERREACTION_G1_V1
2016-05-24,-0.00210621410794252,-0.003923348928741426,-0.003923348928741426,1,0,1.0,d8dc20191b8dd3a790feb049d9aa911316444894eca7abf2e73f3cc3fbd80e01,JNU_OVERNIGHT_OVERREACTION_G1_V1
2016-05-25,0.01892800988551886,0.0002975747678558542,-0.0002975747678558542,1,0,1.0,d8dc20191b8dd3a790feb049d9aa911316444894eca7abf2e73f3cc3fbd80e01,JNU_OVERNIGHT_OVERREACTION_G1_V1
2016-05-26,0.010974453908267442,-0.005620485140435197,0.005620485140435197,1,1,1.0,d8dc20191b8dd3a790feb049d9aa911316444894eca7abf2e73f3cc3fbd80e01,JNU_OVERNIGHT_OVERREACTION_G1_V1
2016-05-27,0.004460973940625266,-0.00029677993985455795,0.00029677993985455795,1,1,1.0,d8dc20191b8dd3a790feb049d9aa911316444894eca7abf2e73f3cc3fbd80e01,JNU_OVERNIGHT_OVERREACTION_G1_V1
2016-05-30,0.00947032825252694,-0.0011788978671578845,0.0011788978671578845,1,1,1.0,d8dc20191b8dd3a790feb049d9aa911316444894eca7abf2e73f3cc3fbd80e01,JNU_OVERNIGHT_OVERREACTION_G1_V1
2016-05-31,-0.002347418918305008,0.007317462769655668,0.007317462769655668,1,1,1.0,d8dc20191b8dd3a790feb049d9aa911316444894eca7abf2e73f3cc3fbd80e01,JNU_OVERNIGHT_OVERREACTION_G1_V1
2016-06-01,-0.007575793808457656,0.001753361057024307,0.001753361057024307,1,1,1.0,d8dc20191b8dd3a790feb049d9aa911316444894eca7abf2e73f3cc3fbd80e01,JNU_OVERNIGHT_OVERREACTION_G1_V1
2016-06-02,-0.007104825623744683,-0.008652895999377318,-0.008652895999377318,1,0,1.0,d8dc20191b8dd3a790feb049d9aa911316444894eca7abf2e73f3cc3fbd80e01,JNU_OVERNIGHT_OVERREACTION_G1_V1
2016-06-03,0.0018083187567836808,-0.001205182429694169,0.001205182429694169,1,1,1.0,d8dc20191b8dd3a790feb049d9aa911316444894eca7abf2e73f3cc3fbd80e01,JNU_OVERNIGHT_OVERREACTION_G1_V1
2016-06-06,-0.019088596562522736,0.0057953494518599305,0.0057953494518599305,1,1,1.0,d8dc20191b8dd3a790feb049d9aa911316444894eca7abf2e73f3cc3fbd80e01,JNU_OVERNIGHT_OVERREACTION_G1_V1
2016-06-07,0.003615550790058636,-0.00030079711461570197,0.00030079711461570197,1,1,1.0,d8dc20191b8dd3a790feb049d9aa911316444894eca7abf2e73f3cc3fbd80e01,JNU_OVERNIGHT_OVERREACTION_G1_V1
2016-06-08,0.0011983224921087163,-0.006910047023693697,0.006910047023693697,1,1,1.0,d8dc20191b8dd3a790feb049d9aa911316444894eca7abf2e73f3cc3fbd80e01,JNU_OVERNIGHT_OVERREACTION_G1_V1
2016-06-09,-0.006256537614305149,-0.0029931180681319522,-0.0029931180681319522,1,0,1.0,d8dc20191b8dd3a790feb049d9aa911316444894eca7abf2e73f3cc3fbd80e01,JNU_OVERNIGHT_OVERREACTION_G1_V1
2016-06-10,-0.00210621410794252,-0.004528309624747511,-0.004528309624747511,1,0,1.0,d8dc20191b8dd3a790feb049d9aa911316444894eca7abf2e73f3cc3fbd80e01,JNU_OVERNIGHT_OVERREACTION_G1_V1
2016-06-13,-0.017985548067203285,-0.011135283632185553,-0.011135283632185553,1,0,1.0,d8dc20191b8dd3a790feb049d9aa911316444894eca7abf2e73f3cc3fbd80e01,JNU_OVERNIGHT_OVERREACTION_G1_V1
2016-06-14,-0.0015661710327449462,-0.012301054021615613,-0.012301054021615613,1,0,1.0,d8dc20191b8dd3a790feb049d9aa911316444894eca7abf2e73f3cc3fbd80e01,JNU_OVERNIGHT_OVERREACTION_G1_V1
2016-06-15,-0.0019023468007170314,0.007272759329079877,0.007272759329079877,1,1,1.0,d8dc20191b8dd3a790feb049d9aa911316444894eca7abf2e73f3cc3fbd80e01,JNU_OVERNIGHT_OVERREACTION_G1_V1
2016-06-16,-0.00661315589171723,-0.00824877773632302,-0.00824877773632302,1,0,1.0,d8dc20191b8dd3a790feb049d9aa911316444894eca7abf2e73f3cc3fbd80e01,JNU_OVERNIGHT_OVERREACTION_G1_V1
2016-06-17,0.014834196560752104,0.0003200512109253792,-0.0003200512109253792,1,0,1.0,d8dc20191b8dd3a790feb049d9aa911316444894eca7abf2e73f3cc3fbd80e01,JNU_OVERNIGHT_OVERREACTION_G1_V1
2016-06-20,0.014329173687927072,0.004731123791012446,-0.004731123791012446,1,0,1.0,d8dc20191b8dd3a790feb049d9aa911316444894eca7abf2e73f3cc3fbd80e01,JNU_OVERNIGHT_OVERREACTION_G1_V1
2016-06-21,-0.00818902214068837,0.013195290418832424,0.013195290418832424,1,1,1.0,d8dc20191b8dd3a790feb049d9aa911316444894eca7abf2e73f3cc3fbd80e01,JNU_OVERNIGHT_OVERREACTION_G1_V1
2016-06-22,-0.005590076668761288,-0.00405680069561443,-0.00405680069561443,1,0,1.0,d8dc20191b8dd3a790feb049d9aa911316444894eca7abf2e73f3cc3fbd80e01,JNU_OVERNIGHT_OVERREACTION_G1_V1
2016-06-23,0.0034305350967892222,0.0012445552322047017,-0.0012445552322047017,1,0,1.0,d8dc20191b8dd3a790feb049d9aa911316444894eca7abf2e73f3cc3fbd80e01,JNU_OVERNIGHT_OVERREACTION_G1_V1
2016-06-24,0.006464544599981144,-0.013282048538704516,0.013282048538704516,1,1,1.0,d8dc20191b8dd3a790feb049d9aa911316444894eca7abf2e73f3cc3fbd80e01,JNU_OVERNIGHT_OVERREACTION_G1_V1
2016-06-27,0.012306824212233844,0.0009912440923974836,-0.0009912440923974836,1,0,1.0,d8dc20191b8dd3a790feb049d9aa911316444894eca7abf2e73f3cc3fbd80e01,JNU_OVERNIGHT_OVERREACTION_G1_V1
2016-06-28,-0.016126727646334504,0.011873490415016544,0.011873490415016544,1,1,1.0,d8dc20191b8dd3a790feb049d9aa911316444894eca7abf2e73f3cc3fbd80e01,JNU_OVERNIGHT_OVERREACTION_G1_V1
2016-06-29,0.012966145997267283,0.0,-0.0,0,0,1.0,d8dc20191b8dd3a790feb049d9aa911316444894eca7abf2e73f3cc3fbd80e01,JNU_OVERNIGHT_OVERREACTION_G1_V1
2016-06-30,0.0114980506594164,-0.006051937566825739,0.006051937566825739,1,1,1.0,d8dc20191b8dd3a790feb049d9aa911316444894eca7abf2e73f3cc3fbd80e01,JNU_OVERNIGHT_OVERREACTION_G1_V1
2016-07-01,0.011538589556493806,-0.0038314223115559487,0.0038314223115559487,1,1,1.0,d8dc20191b8dd3a790feb049d9aa911316444894eca7abf2e73f3cc3fbd80e01,JNU_OVERNIGHT_OVERREACTION_G1_V1
2016-07-04,-0.005772947399087485,0.011830673559469332,0.011830673559469332,1,1,1.0,d8dc20191b8dd3a790feb049d9aa911316444894eca7abf2e73f3cc3fbd80e01,JNU_OVERNIGHT_OVERREACTION_G1_V1
2016-07-05,-0.006684729651364103,-0.0031989790556263093,-0.0031989790556263093,1,0,1.0,d8dc20191b8dd3a790feb049d9aa911316444894eca7abf2e73f3cc3fbd80e01,JNU_OVERNIGHT_OVERREACTION_G1_V1
2016-07-06,-0.014532792509262111,-0.01145113118174805,-0.01145113118174805,1,0,1.0,d8dc20191b8dd3a790feb049d9aa911316444894eca7abf2e73f3cc3fbd80e01,JNU_OVERNIGHT_OVERREACTION_G1_V1
2016-07-07,0.003919012200735602,-0.0022842235417342765,0.0022842235417342765,1,1,1.0,d8dc20191b8dd3a790feb049d9aa911316444894eca7abf2e73f3cc3fbd80e01,JNU_OVERNIGHT_OVERREACTION_G1_V1
2016-07-08,0.0026186594342338994,0.00032685079552298365,-0.00032685079552298365,1,0,1.0,d8dc20191b8dd3a790feb049d9aa911316444894eca7abf2e73f3cc3fbd80e01,JNU_OVERNIGHT_OVERREACTION_G1_V1
2016-07-11,0.021590632592367452,0.00966191091173689,-0.00966191091173689,1,0,1.0,d8dc20191b8dd3a790feb049d9aa911316444894eca7abf2e73f3cc3fbd80e01,JNU_OVERNIGHT_OVERREACTION_G1_V1
2016-07-12,0.01828550317229542,0.008089652082098798,-0.008089652082098798,1,0,1.0,d8dc20191b8dd3a790feb049d9aa911316444894eca7abf2e73f3cc3fbd80e01,JNU_OVERNIGHT_OVERREACTION_G1_V1
2016-07-13,0.01996074256253815,-0.009163167351495452,0.009163167351495452,1,1,1.0,d8dc20191b8dd3a790feb049d9aa911316444894eca7abf2e73f3cc3fbd80e01,JNU_OVERNIGHT_OVERREACTION_G1_V1
2016-07-14,0.000616142964655554,0.0030750331733876124,-0.0030750331733876124,1,0,1.0,d8dc20191b8dd3a790feb049d9aa911316444894eca7abf2e73f3cc3fbd80e01,JNU_OVERNIGHT_OVERREACTION_G1_V1
2016-07-15,0.0048750858283374224,0.0003039051839223697,-0.0003039051839223697,1,0,1.0,d8dc20191b8dd3a790feb049d9aa911316444894eca7abf2e73f3cc3fbd80e01,JNU_OVERNIGHT_OVERREACTION_G1_V1
2016-07-19,0.00814852856390523,-0.006331997637507187,0.006331997637507187,1,1,1.0,d8dc20191b8dd3a790feb049d9aa911316444894eca7abf2e73f3cc3fbd80e01,JNU_OVERNIGHT_OVERREACTION_G1_V1
2016-07-20,-0.00480770156810312,-0.0009040229634817517,-0.0009040229634817517,1,0,1.0,d8dc20191b8dd3a790feb049d9aa911316444894eca7abf2e73f3cc3fbd80e01,JNU_OVERNIGHT_OVERREACTION_G1_V1
2016-07-21,0.009858182899159029,0.0032645822137915255,-0.0032645822137915255,1,0,1.0,d8dc20191b8dd3a790feb049d9aa911316444894eca7abf2e73f3cc3fbd80e01,JNU_OVERNIGHT_OVERREACTION_G1_V1
2016-07-22,-0.01197619104671565,0.0018055978423386482,0.0018055978423386482,1,1,1.0,d8dc20191b8dd3a790feb049d9aa911316444894eca7abf2e73f3cc3fbd80e01,JNU_OVERNIGHT_OVERREACTION_G1_V1
2016-07-25,0.0024067400305650593,0.0030003022806811912,-0.0030003022806811912,1,0,1.0,d8dc20191b8dd3a790feb049d9aa911316444894eca7abf2e73f3cc3fbd80e01,JNU_OVERNIGHT_OVERREACTION_G1_V1
2016-07-26,-0.003919799983485657,-0.010019819672294006,-0.010019819672294006,1,0,1.0,d8dc20191b8dd3a790feb049d9aa911316444894eca7abf2e73f3cc3fbd80e01,JNU_OVERNIGHT_OVERREACTION_G1_V1
2016-07-27,0.013667638728663835,0.0006031363270895348,-0.0006031363270895348,1,0,1.0,d8dc20191b8dd3a790feb049d9aa911316444894eca7abf2e73f3cc3fbd80e01,JNU_OVERNIGHT_OVERREACTION_G1_V1
2016-07-28,-0.008416040056860643,-0.004234731071314419,-0.004234731071314419,1,0,1.0,d8dc20191b8dd3a790feb049d9aa911316444894eca7abf2e73f3cc3fbd80e01,JNU_OVERNIGHT_OVERREACTION_G1_V1
2016-07-29,0.006374281713467757,-0.006678834784193944,0.006678834784193944,1,1,1.0,d8dc20191b8dd3a790feb049d9aa911316444894eca7abf2e73f3cc3fbd80e01,JNU_OVERNIGHT_OVERREACTION_G1_V1
2016-08-01,-0.015810606026642315,0.013999011328291611,0.013999011328291611,1,1,1.0,d8dc20191b8dd3a790feb049d9aa911316444894eca7abf2e73f3cc3fbd80e01,JNU_OVERNIGHT_OVERREACTION_G1_V1
2016-08-02,-0.010607767297016188,0.002434572109381454,0.002434572109381454,1,1,1.0,d8dc20191b8dd3a790feb049d9aa911316444894eca7abf2e73f3cc3fbd80e01,JNU_OVERNIGHT_OVERREACTION_G1_V1
2016-08-03,-0.012016783025377302,0.005564156550149368,0.005564156550149368,1,1,1.0,d8dc20191b8dd3a790feb049d9aa911316444894eca7abf2e73f3cc3fbd80e01,JNU_OVERNIGHT_OVERREACTION_G1_V1
2016-08-04,0.0056005124606674,-0.007474341865919896,0.007474341865919896,1,1,1.0,d8dc20191b8dd3a790feb049d9aa911316444894eca7abf2e73f3cc3fbd80e01,JNU_OVERNIGHT_OVERREACTION_G1_V1
2016-08-05,-0.0015401204337967482,0.0027705112380480216,0.0027705112380480216,1,1,1.0,d8dc20191b8dd3a790feb049d9aa911316444894eca7abf2e73f3cc3fbd80e01,JNU_OVERNIGHT_OVERREACTION_G1_V1
2016-08-08,0.019560525854493572,0.0018143337302398642,-0.0018143337302398642,1,0,1.0,d8dc20191b8dd3a790feb049d9aa911316444894eca7abf2e73f3cc3fbd80e01,JNU_OVERNIGHT_OVERREACTION_G1_V1
2016-08-09,0.0006016847353602288,0.0024031252177851544,-0.0024031252177851544,1,0,1.0,d8dc20191b8dd3a790feb049d9aa911316444894eca7abf2e73f3cc3fbd80e01,JNU_OVERNIGHT_OVERREACTION_G1_V1
2016-08-10,-0.0044916979245933535,-0.0003001650930536079,-0.0003001650930536079,1,0,1.0,d8dc20191b8dd3a790feb049d9aa911316444894eca7abf2e73f3cc3fbd80e01,JNU_OVERNIGHT_OVERREACTION_G1_V1
2016-08-12,0.0044756154077004095,0.004752013694337521,-0.004752013694337521,1,0,1.0,d8dc20191b8dd3a790feb049d9aa911316444894eca7abf2e73f3cc3fbd80e01,JNU_OVERNIGHT_OVERREACTION_G1_V1
2016-08-15,-0.004449065621451304,0.004449065621451314,0.004449065621451314,1,1,1.0,d8dc20191b8dd3a790feb049d9aa911316444894eca7abf2e73f3cc3fbd80e01,JNU_OVERNIGHT_OVERREACTION_G1_V1
2016-08-16,0.0005936479841901201,-0.0017820022535687523,0.0017820022535687523,1,1,1.0,d8dc20191b8dd3a790feb049d9aa911316444894eca7abf2e73f3cc3fbd80e01,JNU_OVERNIGHT_OVERREACTION_G1_V1
2016-08-17,0.000602591160144514,0.005107416840839801,-0.005107416840839801,1,0,1.0,d8dc20191b8dd3a790feb049d9aa911316444894eca7abf2e73f3cc3fbd80e01,JNU_OVERNIGHT_OVERREACTION_G1_V1
2016-08-18,-0.010817413175660645,0.006324369822571159,0.006324369822571159,1,1,1.0,d8dc20191b8dd3a790feb049d9aa911316444894eca7abf2e73f3cc3fbd80e01,JNU_OVERNIGHT_OVERREACTION_G1_V1
2016-08-19,0.00514295491477723,-0.0015098900648960808,0.0015098900648960808,1,1,1.0,d8dc20191b8dd3a790feb049d9aa911316444894eca7abf2e73f3cc3fbd80e01,JNU_OVERNIGHT_OVERREACTION_G1_V1
2016-08-22,0.0015121732807435214,0.0006042296256341454,-0.0006042296256341454,1,0,1.0,d8dc20191b8dd3a790feb049d9aa911316444894eca7abf2e73f3cc3fbd80e01,JNU_OVERNIGHT_OVERREACTION_G1_V1
2016-08-23,-0.002416189638170091,0.0009067553893158317,0.0009067553893158317,1,1,1.0,d8dc20191b8dd3a790feb049d9aa911316444894eca7abf2e73f3cc3fbd80e01,JNU_OVERNIGHT_OVERREACTION_G1_V1
2016-08-24,0.004536526757926851,-0.0018121418429263138,0.0018121418429263138,1,1,1.0,d8dc20191b8dd3a790feb049d9aa911316444894eca7abf2e73f3cc3fbd80e01,JNU_OVERNIGHT_OVERREACTION_G1_V1
2016-08-25,0.0018110478840769714,-0.002415460111603662,0.002415460111603662,1,1,1.0,d8dc20191b8dd3a790feb049d9aa911316444894eca7abf2e73f3cc3fbd80e01,JNU_OVERNIGHT_OVERREACTION_G1_V1
2016-08-26,-0.003332831444361893,-0.005477798237793014,-0.005477798237793014,1,0,1.0,d8dc20191b8dd3a790feb049d9aa911316444894eca7abf2e73f3cc3fbd80e01,JNU_OVERNIGHT_OVERREACTION_G1_V1
2016-08-29,0.015115160806147082,0.0026966308475993186,-0.0026966308475993186,1,0,1.0,d8dc20191b8dd3a790feb049d9aa911316444894eca7abf2e73f3cc3fbd80e01,JNU_OVERNIGHT_OVERREACTION_G1_V1
2016-08-30,-0.0020936152405805187,0.0023923456386199015,0.0023923456386199015,1,1,1.0,d8dc20191b8dd3a790feb049d9aa911316444894eca7abf2e73f3cc3fbd80e01,JNU_OVERNIGHT_OVERREACTION_G1_V1
2016-08-31,0.007439403452284274,-0.0008898117152427798,0.0008898117152427798,1,1,1.0,d8dc20191b8dd3a790feb049d9aa911316444894eca7abf2e73f3cc3fbd80e01,JNU_OVERNIGHT_OVERREACTION_G1_V1
2016-09-01,-0.0005924170789375202,0.001480385170434203,0.001480385170434203,1,1,1.0,d8dc20191b8dd3a790feb049d9aa911316444894eca7abf2e73f3cc3fbd80e01,JNU_OVERNIGHT_OVERREACTION_G1_V1
2016-09-02,-0.0014781968693108945,0.001773574216016102,0.001773574216016102,1,1,1.0,d8dc20191b8dd3a790feb049d9aa911316444894eca7abf2e73f3cc3fbd80e01,JNU_OVERNIGHT_OVERREACTION_G1_V1
2016-09-05,0.012327717024589787,-0.0005836008336051418,0.0005836008336051418,1,1,1.0,d8dc20191b8dd3a790feb049d9aa911316444894eca7abf2e73f3cc3fbd80e01,JNU_OVERNIGHT_OVERREACTION_G1_V1
2016-09-06,0.000880152616595803,0.001757984630897962,-0.001757984630897962,1,0,1.0,d8dc20191b8dd3a790feb049d9aa911316444894eca7abf2e73f3cc3fbd80e01,JNU_OVERNIGHT_OVERREACTION_G1_V1
2016-09-07,-0.010301783527825945,0.001773574216016102,0.001773574216016102,1,1,1.0,d8dc20191b8dd3a790feb049d9aa911316444894eca7abf2e73f3cc3fbd80e01,JNU_OVERNIGHT_OVERREACTION_G1_V1
2016-09-08,-0.000294160908136706,-0.001472103901944364,-0.001472103901944364,1,0,1.0,d8dc20191b8dd3a790feb049d9aa911316444894eca7abf2e73f3cc3fbd80e01,JNU_OVERNIGHT_OVERREACTION_G1_V1
2016-09-09,-0.005028852485305218,-0.0038627295094532895,-0.0038627295094532895,1,0,1.0,d8dc20191b8dd3a790feb049d9aa911316444894eca7abf2e73f3cc3fbd80e01,JNU_OVERNIGHT_OVERREACTION_G1_V1
2016-09-12,-0.011647137787192414,-0.003008425855050285,-0.003008425855050285,1,0,1.0,d8dc20191b8dd3a790feb049d9aa911316444894eca7abf2e73f3cc3fbd80e01,JNU_OVERNIGHT_OVERREACTION_G1_V1
2016-09-13,0.009627029827164202,-0.0063072742507714885,0.0063072742507714885,1,1,1.0,d8dc20191b8dd3a790feb049d9aa911316444894eca7abf2e73f3cc3fbd80e01,JNU_OVERNIGHT_OVERREACTION_G1_V1
2016-09-14,-0.006953920690612314,0.004842624475787992,0.004842624475787992,1,1,1.0,d8dc20191b8dd3a790feb049d9aa911316444894eca7abf2e73f3cc3fbd80e01,JNU_OVERNIGHT_OVERREACTION_G1_V1
2016-09-15,-0.006695095002378743,-0.006125593426682731,-0.006125593426682731,1,0,1.0,d8dc20191b8dd3a790feb049d9aa911316444894eca7abf2e73f3cc3fbd80e01,JNU_OVERNIGHT_OVERREACTION_G1_V1
2016-09-16,0.0055164099436545355,-0.00152928612156747,0.00152928612156747,1,1,1.0,d8dc20191b8dd3a790feb049d9aa911316444894eca7abf2e73f3cc3fbd80e01,JNU_OVERNIGHT_OVERREACTION_G1_V1
2016-09-20,-0.006740221596000809,0.010397647190867998,0.010397647190867998,1,1,1.0,d8dc20191b8dd3a790feb049d9aa911316444894eca7abf2e73f3cc3fbd80e01,JNU_OVERNIGHT_OVERREACTION_G1_V1
2016-09-21,0.00030604437882342944,-0.003064666817903104,0.003064666817903104,1,1,1.0,d8dc20191b8dd3a790feb049d9aa911316444894eca7abf2e73f3cc3fbd80e01,JNU_OVERNIGHT_OVERREACTION_G1_V1
2016-09-23,-0.0005988024131020102,-0.003600363925177747,-0.003600363925177747,1,0,1.0,d8dc20191b8dd3a790feb049d9aa911316444894eca7abf2e73f3cc3fbd80e01,JNU_OVERNIGHT_OVERREACTION_G1_V1
2016-09-26,0.00030161363522271005,-0.004836768800613994,0.004836768800613994,1,1,1.0,d8dc20191b8dd3a790feb049d9aa911316444894eca7abf2e73f3cc3fbd80e01,JNU_OVERNIGHT_OVERREACTION_G1_V1
2016-09-27,-0.007343974255758506,0.0036787288574625884,0.0036787288574625884,1,1,1.0,d8dc20191b8dd3a790feb049d9aa911316444894eca7abf2e73f3cc3fbd80e01,JNU_OVERNIGHT_OVERREACTION_G1_V1
2016-09-28,-0.009723564912440434,0.0009156112344227426,0.0009156112344227426,1,1,1.0,d8dc20191b8dd3a790feb049d9aa911316444894eca7abf2e73f3cc3fbd80e01,JNU_OVERNIGHT_OVERREACTION_G1_V1
2016-09-29,0.009685305734463679,0.0057065780331202786,-0.0057065780331202786,1,0,1.0,d8dc20191b8dd3a790feb049d9aa911316444894eca7abf2e73f3cc3fbd80e01,JNU_OVERNIGHT_OVERREACTION_G1_V1
2016-09-30,-0.015981042660681018,-0.0018253731870987858,-0.0018253731870987858,1,0,1.0,d8dc20191b8dd3a790feb049d9aa911316444894eca7abf2e73f3cc3fbd80e01,JNU_OVERNIGHT_OVERREACTION_G1_V1
2016-10-03,0.012125034875326434,0.000602409656772046,-0.000602409656772046,1,0,1.0,d8dc20191b8dd3a790feb049d9aa911316444894eca7abf2e73f3cc3fbd80e01,JNU_OVERNIGHT_OVERREACTION_G1_V1
2016-10-04,0.0027104368347688817,0.004501132880791663,-0.004501132880791663,1,0,1.0,d8dc20191b8dd3a790feb049d9aa911316444894eca7abf2e73f3cc3fbd80e01,JNU_OVERNIGHT_OVERREACTION_G1_V1
2016-10-05,0.004177863432893785,-0.00029784065745115326,0.00029784065745115326,1,1,1.0,d8dc20191b8dd3a790feb049d9aa911316444894eca7abf2e73f3cc3fbd80e01,JNU_OVERNIGHT_OVERREACTION_G1_V1
2016-10-06,0.006819893001008168,0.0014764508809373435,-0.0014764508809373435,1,0,1.0,d8dc20191b8dd3a790feb049d9aa911316444894eca7abf2e73f3cc3fbd80e01,JNU_OVERNIGHT_OVERREACTION_G1_V1
2016-10-07,0.0005922416518976694,-0.001777778245999272,0.001777778245999272,1,1,1.0,d8dc20191b8dd3a790feb049d9aa911316444894eca7abf2e73f3cc3fbd80e01,JNU_OVERNIGHT_OVERREACTION_G1_V1
2016-10-11,0.005327032425537544,0.007351893134761934,-0.007351893134761934,1,0,1.0,d8dc20191b8dd3a790feb049d9aa911316444894eca7abf2e73f3cc3fbd80e01,JNU_OVERNIGHT_OVERREACTION_G1_V1
2016-10-12,-0.009741774459204012,0.005030340537884189,0.005030340537884189,1,1,1.0,d8dc20191b8dd3a790feb049d9aa911316444894eca7abf2e73f3cc3fbd80e01,JNU_OVERNIGHT_OVERREACTION_G1_V1
2016-10-13,0.004145697379706566,-0.000295551945405381,0.000295551945405381,1,1,1.0,d8dc20191b8dd3a790feb049d9aa911316444894eca7abf2e73f3cc3fbd80e01,JNU_OVERNIGHT_OVERREACTION_G1_V1
2016-10-14,-0.002681366123131967,0.002086128010319143,0.002086128010319143,1,1,1.0,d8dc20191b8dd3a790feb049d9aa911316444894eca7abf2e73f3cc3fbd80e01,JNU_OVERNIGHT_OVERREACTION_G1_V1
2016-10-17,0.0,0.0,0.0,0,0,1.0,d8dc20191b8dd3a790feb049d9aa911316444894eca7abf2e73f3cc3fbd80e01,JNU_OVERNIGHT_OVERREACTION_G1_V1
2016-10-18,-0.0014808236083763094,0.002072539601972375,0.002072539601972375,1,1,1.0,d8dc20191b8dd3a790feb049d9aa911316444894eca7abf2e73f3cc3fbd80e01,JNU_OVERNIGHT_OVERREACTION_G1_V1
2016-10-19,-0.0008856089139707104,0.0020652020911494477,0.0020652020911494477,1,1,1.0,d8dc20191b8dd3a790feb049d9aa911316444894eca7abf2e73f3cc3fbd80e01,JNU_OVERNIGHT_OVERREACTION_G1_V1
2016-10-20,-0.0008832622390808303,0.009381481881812297,0.009381481881812297,1,1,1.0,d8dc20191b8dd3a790feb049d9aa911316444894eca7abf2e73f3cc3fbd80e01,JNU_OVERNIGHT_OVERREACTION_G1_V1
2016-10-21,0.004349724126465842,-0.0008684325339539295,0.0008684325339539295,1,1,1.0,d8dc20191b8dd3a790feb049d9aa911316444894eca7abf2e73f3cc3fbd80e01,JNU_OVERNIGHT_OVERREACTION_G1_V1
2016-10-24,0.002904445840789123,-0.0040685903261628575,0.0040685903261628575,1,1,1.0,d8dc20191b8dd3a790feb049d9aa911316444894eca7abf2e73f3cc3fbd80e01,JNU_OVERNIGHT_OVERREACTION_G1_V1
2016-10-25,0.005495313901439756,0.0,-0.0,0,0,1.0,d8dc20191b8dd3a790feb049d9aa911316444894eca7abf2e73f3cc3fbd80e01,JNU_OVERNIGHT_OVERREACTION_G1_V1
2016-10-26,-0.0008641798031690897,-0.00028822597115517177,-0.00028822597115517177,1,0,1.0,d8dc20191b8dd3a790feb049d9aa911316444894eca7abf2e73f3cc3fbd80e01,JNU_OVERNIGHT_OVERREACTION_G1_V1
2016-10-27,-0.0011524057743243497,0.0028785281821923515,0.0028785281821923515,1,1,1.0,d8dc20191b8dd3a790feb049d9aa911316444894eca7abf2e73f3cc3fbd80e01,JNU_OVERNIGHT_OVERREACTION_G1_V1
2016-10-28,0.005460568245869225,-0.0011471179921498128,0.0011471179921498128,1,1,1.0,d8dc20191b8dd3a790feb049d9aa911316444894eca7abf2e73f3cc3fbd80e01,JNU_OVERNIGHT_OVERREACTION_G1_V1
2016-10-31,-0.004310970895410373,0.000575871020809439,0.000575871020809439,1,1,1.0,d8dc20191b8dd3a790feb049d9aa911316444894eca7abf2e73f3cc3fbd80e01,JNU_OVERNIGHT_OVERREACTION_G1_V1
2016-11-01,-0.002296871523709173,0.0,0.0,0,0,1.0,d8dc20191b8dd3a790feb049d9aa911316444894eca7abf2e73f3cc3fbd80e01,JNU_OVERNIGHT_OVERREACTION_G1_V1
2016-11-02,-0.010960594296382457,0.0,0.0,0,0,1.0,d8dc20191b8dd3a790feb049d9aa911316444894eca7abf2e73f3cc3fbd80e01,JNU_OVERNIGHT_OVERREACTION_G1_V1
2016-11-04,-0.008805457540345042,-0.0076946221610423235,-0.0076946221610423235,1,0,1.0,d8dc20191b8dd3a790feb049d9aa911316444894eca7abf2e73f3cc3fbd80e01,JNU_OVERNIGHT_OVERREACTION_G1_V1
2016-11-07,0.01673802107185317,-0.0037928564798161983,0.0037928564798161983,1,1,1.0,d8dc20191b8dd3a790feb049d9aa911316444894eca7abf2e73f3cc3fbd80e01,JNU_OVERNIGHT_OVERREACTION_G1_V1
2016-11-08,0.004062686957726025,-0.007850018505927172,0.007850018505927172,1,1,1.0,d8dc20191b8dd3a790feb049d9aa911316444894eca7abf2e73f3cc3fbd80e01,JNU_OVERNIGHT_OVERREACTION_G1_V1
2016-11-09,0.008971265494342224,-0.004620279660016015,0.004620279660016015,1,1,1.0,d8dc20191b8dd3a790feb049d9aa911316444894eca7abf2e73f3cc3fbd80e01,JNU_OVERNIGHT_OVERREACTION_G1_V1
2016-11-10,0.060334808743836864,-0.00232153325392067,0.00232153325392067,1,1,1.0,d8dc20191b8dd3a790feb049d9aa911316444894eca7abf2e73f3cc3fbd80e01,JNU_OVERNIGHT_OVERREACTION_G1_V1
2016-11-11,0.010615506371258672,0.0017108644036293876,-0.0017108644036293876,1,0,1.0,d8dc20191b8dd3a790feb049d9aa911316444894eca7abf2e73f3cc3fbd80e01,JNU_OVERNIGHT_OVERREACTION_G1_V1
2016-11-14,0.005163522660049284,0.009397762458771303,-0.009397762458771303,1,0,1.0,d8dc20191b8dd3a790feb049d9aa911316444894eca7abf2e73f3cc3fbd80e01,JNU_OVERNIGHT_OVERREACTION_G1_V1
2016-11-15,0.002544170983633605,-0.0028272566189282327,0.0028272566189282327,1,1,1.0,d8dc20191b8dd3a790feb049d9aa911316444894eca7abf2e73f3cc3fbd80e01,JNU_OVERNIGHT_OVERREACTION_G1_V1
2016-11-16,0.010707343772557448,-0.0005606952768143081,0.0005606952768143081,1,1,1.0,d8dc20191b8dd3a790feb049d9aa911316444894eca7abf2e73f3cc3fbd80e01,JNU_OVERNIGHT_OVERREACTION_G1_V1
2016-11-17,-0.004206989797629326,0.0016849203649194455,0.0016849203649194455,1,1,1.0,d8dc20191b8dd3a790feb049d9aa911316444894eca7abf2e73f3cc3fbd80e01,JNU_OVERNIGHT_OVERREACTION_G1_V1
2016-11-18,0.01334836282342699,-0.005540180375615356,0.005540180375615356,1,1,1.0,d8dc20191b8dd3a790feb049d9aa911316444894eca7abf2e73f3cc3fbd80e01,JNU_OVERNIGHT_OVERREACTION_G1_V1
2016-11-21,0.0049930755606628525,-0.00193879024863484,0.00193879024863484,1,1,1.0,d8dc20191b8dd3a790feb049d9aa911316444894eca7abf2e73f3cc3fbd80e01,JNU_OVERNIGHT_OVERREACTION_G1_V1
2016-11-22,-0.0011052778135432356,0.0005527916116444348,0.0005527916116444348,1,1,1.0,d8dc20191b8dd3a790feb049d9aa911316444894eca7abf2e73f3cc3fbd80e01,JNU_OVERNIGHT_OVERREACTION_G1_V1
2016-11-24,0.013404659748640899,-0.003538863091650622,0.003538863091650622,1,1,1.0,d8dc20191b8dd3a790feb049d9aa911316444894eca7abf2e73f3cc3fbd80e01,JNU_OVERNIGHT_OVERREACTION_G1_V1
2016-11-25,0.003535975396449452,0.003523516316509464,-0.003523516316509464,1,0,1.0,d8dc20191b8dd3a790feb049d9aa911316444894eca7abf2e73f3cc3fbd80e01,JNU_OVERNIGHT_OVERREACTION_G1_V1
2016-11-28,-0.0038136793702455173,-0.0019123076446396256,-0.0019123076446396256,1,0,1.0,d8dc20191b8dd3a790feb049d9aa911316444894eca7abf2e73f3cc3fbd80e01,JNU_OVERNIGHT_OVERREACTION_G1_V1
2016-11-29,-0.0049153567015517464,0.003279587525469372,0.003279587525469372,1,1,1.0,d8dc20191b8dd3a790feb049d9aa911316444894eca7abf2e73f3cc3fbd80e01,JNU_OVERNIGHT_OVERREACTION_G1_V1
2016-11-30,0.004091100755864189,-0.0013618414197888995,0.0013618414197888995,1,1,1.0,d8dc20191b8dd3a790feb049d9aa911316444894eca7abf2e73f3cc3fbd80e01,JNU_OVERNIGHT_OVERREACTION_G1_V1
2016-12-01,0.01163275663445234,0.004026310633194486,-0.004026310633194486,1,0,1.0,d8dc20191b8dd3a790feb049d9aa911316444894eca7abf2e73f3cc3fbd80e01,JNU_OVERNIGHT_OVERREACTION_G1_V1
2016-12-02,-0.003519700398171264,-0.002443993069878102,-0.002443993069878102,1,0,1.0,d8dc20191b8dd3a790feb049d9aa911316444894eca7abf2e73f3cc3fbd80e01,JNU_OVERNIGHT_OVERREACTION_G1_V1
2016-12-05,-0.004089985251525166,0.0008193363834024275,0.0008193363834024275,1,1,1.0,d8dc20191b8dd3a790feb049d9aa911316444894eca7abf2e73f3cc3fbd80e01,JNU_OVERNIGHT_OVERREACTION_G1_V1
2016-12-06,0.010613788575306406,-0.0027107633839877784,0.0027107633839877784,1,1,1.0,d8dc20191b8dd3a790feb049d9aa911316444894eca7abf2e73f3cc3fbd80e01,JNU_OVERNIGHT_OVERREACTION_G1_V1
2016-12-07,0.0005425936107076204,0.001355197388598209,-0.001355197388598209,1,0,1.0,d8dc20191b8dd3a790feb049d9aa911316444894eca7abf2e73f3cc3fbd80e01,JNU_OVERNIGHT_OVERREACTION_G1_V1
2016-12-08,0.009420066967513619,-0.0008039662767225966,0.0008039662767225966,1,1,1.0,d8dc20191b8dd3a790feb049d9aa911316444894eca7abf2e73f3cc3fbd80e01,JNU_OVERNIGHT_OVERREACTION_G1_V1
2016-12-09,0.0013306721857051724,0.005305052229693098,-0.005305052229693098,1,0,1.0,d8dc20191b8dd3a790feb049d9aa911316444894eca7abf2e73f3cc3fbd80e01,JNU_OVERNIGHT_OVERREACTION_G1_V1
2016-12-12,0.012585378491173277,0.0,-0.0,0,0,1.0,d8dc20191b8dd3a790feb049d9aa911316444894eca7abf2e73f3cc3fbd80e01,JNU_OVERNIGHT_OVERREACTION_G1_V1
2016-12-13,-0.00628274317949518,0.004454350349380375,0.004454350349380375,1,1,1.0,d8dc20191b8dd3a790feb049d9aa911316444894eca7abf2e73f3cc3fbd80e01,JNU_OVERNIGHT_OVERREACTION_G1_V1
2016-12-14,0.00155965719164681,-0.003642991278501092,0.003642991278501092,1,1,1.0,d8dc20191b8dd3a790feb049d9aa911316444894eca7abf2e73f3cc3fbd80e01,JNU_OVERNIGHT_OVERREACTION_G1_V1
2016-12-15,0.005452434642554972,-0.0031120357066298705,0.0031120357066298705,1,1,1.0,d8dc20191b8dd3a790feb049d9aa911316444894eca7abf2e73f3cc3fbd80e01,JNU_OVERNIGHT_OVERREACTION_G1_V1
2016-12-16,0.0077539804369037525,-0.00386947471070256,0.00386947471070256,1,1,1.0,d8dc20191b8dd3a790feb049d9aa911316444894eca7abf2e73f3cc3fbd80e01,JNU_OVERNIGHT_OVERREACTION_G1_V1
2016-12-19,-0.004138650501266835,-0.0005185377352381119,-0.0005185377352381119,1,0,1.0,d8dc20191b8dd3a790feb049d9aa911316444894eca7abf2e73f3cc3fbd80e01,JNU_OVERNIGHT_OVERREACTION_G1_V1
2016-12-20,-0.0005166623726401293,0.0,0.0,0,0,1.0,d8dc20191b8dd3a790feb049d9aa911316444894eca7abf2e73f3cc3fbd80e01,JNU_OVERNIGHT_OVERREACTION_G1_V1
2016-12-21,0.0028215999225273377,0.0,-0.0,0,0,1.0,d8dc20191b8dd3a790feb049d9aa911316444894eca7abf2e73f3cc3fbd80e01,JNU_OVERNIGHT_OVERREACTION_G1_V1
2016-12-22,-0.0015459936086183684,-0.002065049778769669,-0.002065049778769669,1,0,1.0,d8dc20191b8dd3a790feb049d9aa911316444894eca7abf2e73f3cc3fbd80e01,JNU_OVERNIGHT_OVERREACTION_G1_V1
2016-12-26,-0.0015479879252149886,0.000258164452188991,0.000258164452188991,1,1,1.0,d8dc20191b8dd3a790feb049d9aa911316444894eca7abf2e73f3cc3fbd80e01,JNU_OVERNIGHT_OVERREACTION_G1_V1
2016-12-27,0.000258498127327908,0.0038694747107025783,-0.0038694747107025783,1,0,1.0,d8dc20191b8dd3a790feb049d9aa911316444894eca7abf2e73f3cc3fbd80e01,JNU_OVERNIGHT_OVERREACTION_G1_V1
2016-12-28,0.003354409028442553,-0.0012888260580264665,0.0012888260580264665,1,1,1.0,d8dc20191b8dd3a790feb049d9aa911316444894eca7abf2e73f3cc3fbd80e01,JNU_OVERNIGHT_OVERREACTION_G1_V1
2016-12-29,-0.00593933314697918,-0.005974819696591167,-0.005974819696591167,1,0,1.0,d8dc20191b8dd3a790feb049d9aa911316444894eca7abf2e73f3cc3fbd80e01,JNU_OVERNIGHT_OVERREACTION_G1_V1
2016-12-30,-0.005511101732422773,0.0005261773338973572,0.0005261773338973572,1,1,1.0,d8dc20191b8dd3a790feb049d9aa911316444894eca7abf2e73f3cc3fbd80e01,JNU_OVERNIGHT_OVERREACTION_G1_V1
2017-01-04,0.009382398771913738,0.010322672307418738,-0.010322672307418738,1,0,1.0,b34797ee12ca2d0f9e48866ddee9f81b75ce066a515a4cd8dc37dbf54e2ef6fd,JNU_OVERNIGHT_OVERREACTION_G1_V1
2017-01-05,0.0002547446198974788,-0.004339509043451587,0.004339509043451587,1,1,1.0,b34797ee12ca2d0f9e48866ddee9f81b75ce066a515a4cd8dc37dbf54e2ef6fd,JNU_OVERNIGHT_OVERREACTION_G1_V1
2017-01-06,-0.006945365539715318,0.0038644901888061412,0.0038644901888061412,1,1,1.0,b34797ee12ca2d0f9e48866ddee9f81b75ce066a515a4cd8dc37dbf54e2ef6fd,JNU_OVERNIGHT_OVERREACTION_G1_V1
2017-01-10,-0.0015451973200663026,0.0005153311116364386,0.0005153311116364386,1,1,1.0,b34797ee12ca2d0f9e48866ddee9f81b75ce066a515a4cd8dc37dbf54e2ef6fd,JNU_OVERNIGHT_OVERREACTION_G1_V1
2017-01-11,0.0023288922416364703,0.0,-0.0,0,0,1.0,b34797ee12ca2d0f9e48866ddee9f81b75ce066a515a4cd8dc37dbf54e2ef6fd,JNU_OVERNIGHT_OVERREACTION_G1_V1
2017-01-12,-0.004660805951490513,-0.0041612543792051634,-0.0041612543792051634,1,0,1.0,b34797ee12ca2d0f9e48866ddee9f81b75ce066a515a4cd8dc37dbf54e2ef6fd,JNU_OVERNIGHT_OVERREACTION_G1_V1
2017-01-13,0.004699747553897849,0.0005208333451071704,-0.0005208333451071704,1,0,1.0,b34797ee12ca2d0f9e48866ddee9f81b75ce066a515a4cd8dc37dbf54e2ef6fd,JNU_OVERNIGHT_OVERREACTION_G1_V1
2017-01-16,-0.0036392033925391667,-0.0028686941044779785,-0.0028686941044779785,1,0,1.0,b34797ee12ca2d0f9e48866ddee9f81b75ce066a515a4cd8dc37dbf54e2ef6fd,JNU_OVERNIGHT_OVERREACTION_G1_V1
2017-01-17,-0.0005247966533460907,-0.00183896019248704,-0.00183896019248704,1,0,1.0,b34797ee12ca2d0f9e48866ddee9f81b75ce066a515a4cd8dc37dbf54e2ef6fd,JNU_OVERNIGHT_OVERREACTION_G1_V1
2017-01-18,-0.0005326231816994241,-0.0026673795489714756,-0.0026673795489714756,1,0,1.0,b34797ee12ca2d0f9e48866ddee9f81b75ce066a515a4cd8dc37dbf54e2ef6fd,JNU_OVERNIGHT_OVERREACTION_G1_V1
2017-01-19,0.007919787963949303,0.002888278232104658,-0.002888278232104658,1,0,1.0,b34797ee12ca2d0f9e48866ddee9f81b75ce066a515a4cd8dc37dbf54e2ef6fd,JNU_OVERNIGHT_OVERREACTION_G1_V1
2017-01-20,-0.0015743902491084719,0.0010498688628367949,0.0010498688628367949,1,1,1.0,b34797ee12ca2d0f9e48866ddee9f81b75ce066a515a4cd8dc37dbf54e2ef6fd,JNU_OVERNIGHT_OVERREACTION_G1_V1
2017-01-23,-0.008392391245492238,-0.003429630060033383,-0.003429630060033383,1,0,1.0,b34797ee12ca2d0f9e48866ddee9f81b75ce066a515a4cd8dc37dbf54e2ef6fd,JNU_OVERNIGHT_OVERREACTION_G1_V1
2017-01-24,-0.005313508782041409,0.005048502817856278,0.005048502817856278,1,1,1.0,b34797ee12ca2d0f9e48866ddee9f81b75ce066a515a4cd8dc37dbf54e2ef6fd,JNU_OVERNIGHT_OVERREACTION_G1_V1
2017-01-25,0.0142670848006821,-0.001575216917997955,0.001575216917997955,1,1,1.0,b34797ee12ca2d0f9e48866ddee9f81b75ce066a515a4cd8dc37dbf54e2ef6fd,JNU_OVERNIGHT_OVERREACTION_G1_V1
2017-01-26,0.008621869216322981,0.003635423375491381,-0.003635423375491381,1,0,1.0,b34797ee12ca2d0f9e48866ddee9f81b75ce066a515a4cd8dc37dbf54e2ef6fd,JNU_OVERNIGHT_OVERREACTION_G1_V1
2017-01-27,0.0015424167582324966,-0.001028013454708438,0.001028013454708438,1,1,1.0,b34797ee12ca2d0f9e48866ddee9f81b75ce066a515a4cd8dc37dbf54e2ef6fd,JNU_OVERNIGHT_OVERREACTION_G1_V1
2017-01-30,-0.005667197032807657,-0.003363957111973682,-0.003363957111973682,1,0,1.0,b34797ee12ca2d0f9e48866ddee9f81b75ce066a515a4cd8dc37dbf54e2ef6fd,JNU_OVERNIGHT_OVERREACTION_G1_V1
2017-01-31,-0.013262448977027205,0.0028754431000281664,0.0028754431000281664,1,1,1.0,b34797ee12ca2d0f9e48866ddee9f81b75ce066a515a4cd8dc37dbf54e2ef6fd,JNU_OVERNIGHT_OVERREACTION_G1_V1
2017-02-01,-0.0021097054238495955,0.0034260146832799103,0.0034260146832799103,1,1,1.0,b34797ee12ca2d0f9e48866ddee9f81b75ce066a515a4cd8dc37dbf54e2ef6fd,JNU_OVERNIGHT_OVERREACTION_G1_V1
2017-02-02,-0.0010438414308981089,-0.003924138456134258,-0.003924138456134258,1,0,1.0,b34797ee12ca2d0f9e48866ddee9f81b75ce066a515a4cd8dc37dbf54e2ef6fd,JNU_OVERNIGHT_OVERREACTION_G1_V1
2017-02-03,0.008701439213212836,-0.005000668402132059,0.005000668402132059,1,1,1.0,b34797ee12ca2d0f9e48866ddee9f81b75ce066a515a4cd8dc37dbf54e2ef6fd,JNU_OVERNIGHT_OVERREACTION_G1_V1
2017-02-06,0.008156866696628037,-0.007892700798909042,0.007892700798909042,1,1,1.0,b34797ee12ca2d0f9e48866ddee9f81b75ce066a515a4cd8dc37dbf54e2ef6fd,JNU_OVERNIGHT_OVERREACTION_G1_V1
2017-02-07,-0.006880154157814702,0.0005309264791560056,0.0005309264791560056,1,1,1.0,b34797ee12ca2d0f9e48866ddee9f81b75ce066a515a4cd8dc37dbf54e2ef6fd,JNU_OVERNIGHT_OVERREACTION_G1_V1
2017-02-08,0.0015868821103139767,-0.001851607459312031,0.001851607459312031,1,1,1.0,b34797ee12ca2d0f9e48866ddee9f81b75ce066a515a4cd8dc37dbf54e2ef6fd,JNU_OVERNIGHT_OVERREACTION_G1_V1
2017-02-09,-0.0026378279605502935,-0.0002641658977190367,-0.0002641658977190367,1,0,1.0,b34797ee12ca2d0f9e48866ddee9f81b75ce066a515a4cd8dc37dbf54e2ef6fd,JNU_OVERNIGHT_OVERREACTION_G1_V1
2017-02-10,0.015487906387164354,0.007267096606499377,-0.007267096606499377,1,0,1.0,b34797ee12ca2d0f9e48866ddee9f81b75ce066a515a4cd8dc37dbf54e2ef6fd,JNU_OVERNIGHT_OVERREACTION_G1_V1
2017-02-13,0.0038575333935194,-0.0010272214565300254,0.0010272214565300254,1,1,1.0,b34797ee12ca2d0f9e48866ddee9f81b75ce066a515a4cd8dc37dbf54e2ef6fd,JNU_OVERNIGHT_OVERREACTION_G1_V1
2017-02-14,0.00462487977498914,-0.004109946704908642,0.004109946704908642,1,1,1.0,b34797ee12ca2d0f9e48866ddee9f81b75ce066a515a4cd8dc37dbf54e2ef6fd,JNU_OVERNIGHT_OVERREACTION_G1_V1
2017-02-15,0.012396852976828502,-0.0017983306066783826,0.0017983306066783826,1,1,1.0,b34797ee12ca2d0f9e48866ddee9f81b75ce066a515a4cd8dc37dbf54e2ef6fd,JNU_OVERNIGHT_OVERREACTION_G1_V1
2017-02-16,0.0002572347281064462,-0.0028332279094005616,0.0028332279094005616,1,1,1.0,b34797ee12ca2d0f9e48866ddee9f81b75ce066a515a4cd8dc37dbf54e2ef6fd,JNU_OVERNIGHT_OVERREACTION_G1_V1
2017-02-17,-0.005706889678093053,0.0,0.0,0,0,1.0,b34797ee12ca2d0f9e48866ddee9f81b75ce066a515a4cd8dc37dbf54e2ef6fd,JNU_OVERNIGHT_OVERREACTION_G1_V1
2017-02-20,-0.0036496390875493927,0.0007831876134566957,0.0007831876134566957,1,1,1.0,b34797ee12ca2d0f9e48866ddee9f81b75ce066a515a4cd8dc37dbf54e2ef6fd,JNU_OVERNIGHT_OVERREACTION_G1_V1
2017-02-21,-0.0005196154962327548,0.005184044787587919,0.005184044787587919,1,1,1.0,b34797ee12ca2d0f9e48866ddee9f81b75ce066a515a4cd8dc37dbf54e2ef6fd,JNU_OVERNIGHT_OVERREACTION_G1_V1
2017-02-22,0.0038654860655774385,-0.003091192569672858,0.003091192569672858,1,1,1.0,b34797ee12ca2d0f9e48866ddee9f81b75ce066a515a4cd8dc37dbf54e2ef6fd,JNU_OVERNIGHT_OVERREACTION_G1_V1
2017-02-23,-0.0007744933909797853,-0.004140792666031388,-0.004140792666031388,1,0,1.0,b34797ee12ca2d0f9e48866ddee9f81b75ce066a515a4cd8dc37dbf54e2ef6fd,JNU_OVERNIGHT_OVERREACTION_G1_V1
2017-02-24,-0.005181358741997629,0.0051813587419975845,0.0051813587419975845,1,1,1.0,b34797ee12ca2d0f9e48866ddee9f81b75ce066a515a4cd8dc37dbf54e2ef6fd,JNU_OVERNIGHT_OVERREACTION_G1_V1
2017-02-27,-0.0083333815591443,-0.005243850506011036,-0.005243850506011036,1,0,1.0,b34797ee12ca2d0f9e48866ddee9f81b75ce066a515a4cd8dc37dbf54e2ef6fd,JNU_OVERNIGHT_OVERREACTION_G1_V1
2017-02-28,0.003652495581574248,0.0023410077019736667,-0.0023410077019736667,1,0,1.0,b34797ee12ca2d0f9e48866ddee9f81b75ce066a515a4cd8dc37dbf54e2ef6fd,JNU_OVERNIGHT_OVERREACTION_G1_V1
2017-03-01,0.004953731939546207,0.0010397713440016636,-0.0010397713440016636,1,0,1.0,b34797ee12ca2d0f9e48866ddee9f81b75ce066a515a4cd8dc37dbf54e2ef6fd,JNU_OVERNIGHT_OVERREACTION_G1_V1
2017-03-02,0.012301539033809308,0.0,-0.0,0,0,1.0,b34797ee12ca2d0f9e48866ddee9f81b75ce066a515a4cd8dc37dbf54e2ef6fd,JNU_OVERNIGHT_OVERREACTION_G1_V1
2017-03-03,-0.002299732711531209,0.0,0.0,0,0,1.0,b34797ee12ca2d0f9e48866ddee9f81b75ce066a515a4cd8dc37dbf54e2ef6fd,JNU_OVERNIGHT_OVERREACTION_G1_V1
2017-03-06,-0.0012851820301260568,-0.0025753297777325545,-0.0025753297777325545,1,0,1.0,b34797ee12ca2d0f9e48866ddee9f81b75ce066a515a4cd8dc37dbf54e2ef6fd,JNU_OVERNIGHT_OVERREACTION_G1_V1
2017-03-07,-0.0007742934959046684,-0.00025823111828455147,-0.00025823111828455147,1,0,1.0,b34797ee12ca2d0f9e48866ddee9f81b75ce066a515a4cd8dc37dbf54e2ef6fd,JNU_OVERNIGHT_OVERREACTION_G1_V1
2017-03-08,-0.00025843132331455714,-0.005962428551787955,-0.005962428551787955,1,0,1.0,b34797ee12ca2d0f9e48866ddee9f81b75ce066a515a4cd8dc37dbf54e2ef6fd,JNU_OVERNIGHT_OVERREACTION_G1_V1
2017-03-09,0.005953168869431205,-0.002583980765925018,0.002583980765925018,1,1,1.0,b34797ee12ca2d0f9e48866ddee9f81b75ce066a515a4cd8dc37dbf54e2ef6fd,JNU_OVERNIGHT_OVERREACTION_G1_V1
2017-03-10,0.0012934939069035565,0.004127972838030591,-0.004127972838030591,1,0,1.0,b34797ee12ca2d0f9e48866ddee9f81b75ce066a515a4cd8dc37dbf54e2ef6fd,JNU_OVERNIGHT_OVERREACTION_G1_V1
2017-03-13,-0.0025720178787884624,0.00462487977498914,0.00462487977498914,1,1,1.0,b34797ee12ca2d0f9e48866ddee9f81b75ce066a515a4cd8dc37dbf54e2ef6fd,JNU_OVERNIGHT_OVERREACTION_G1_V1
2017-03-14,0.0015380674654770434,-0.0020512827705573607,0.0020512827705573607,1,1,1.0,b34797ee12ca2d0f9e48866ddee9f81b75ce066a515a4cd8dc37dbf54e2ef6fd,JNU_OVERNIGHT_OVERREACTION_G1_V1
2017-03-15,-0.004374122502251475,0.0007732955663091387,0.0007732955663091387,1,1,1.0,b34797ee12ca2d0f9e48866ddee9f81b75ce066a515a4cd8dc37dbf54e2ef6fd,JNU_OVERNIGHT_OVERREACTION_G1_V1
2017-03-16,-0.0064474755909696485,0.0056759698307007255,0.0056759698307007255,1,1,1.0,b34797ee12ca2d0f9e48866ddee9f81b75ce066a515a4cd8dc37dbf54e2ef6fd,JNU_OVERNIGHT_OVERREACTION_G1_V1
2017-03-17,-0.005931674387471043,0.0028412779026530093,0.0028412779026530093,1,1,1.0,b34797ee12ca2d0f9e48866ddee9f81b75ce066a515a4cd8dc37dbf54e2ef6fd,JNU_OVERNIGHT_OVERREACTION_G1_V1
2017-03-21,-0.00543972329581821,0.0051813587419975845,0.0051813587419975845,1,1,1.0,b34797ee12ca2d0f9e48866ddee9f81b75ce066a515a4cd8dc37dbf54e2ef6fd,JNU_OVERNIGHT_OVERREACTION_G1_V1
2017-03-22,-0.018565051440275766,0.0007914523563115516,0.0007914523563115516,1,1,1.0,b34797ee12ca2d0f9e48866ddee9f81b75ce066a515a4cd8dc37dbf54e2ef6fd,JNU_OVERNIGHT_OVERREACTION_G1_V1
2017-03-23,0.0018511178100943332,0.00026416589771899426,-0.00026416589771899426,1,0,1.0,b34797ee12ca2d0f9e48866ddee9f81b75ce066a515a4cd8dc37dbf54e2ef6fd,JNU_OVERNIGHT_OVERREACTION_G1_V1
2017-03-24,-0.0010559663072038442,0.009986942402023757,0.009986942402023757,1,1,1.0,b34797ee12ca2d0f9e48866ddee9f81b75ce066a515a4cd8dc37dbf54e2ef6fd,JNU_OVERNIGHT_OVERREACTION_G1_V1
2017-03-27,-0.011566900781795402,-0.0034432559512673527,-0.0034432559512673527,1,0,1.0,b34797ee12ca2d0f9e48866ddee9f81b75ce066a515a4cd8dc37dbf54e2ef6fd,JNU_OVERNIGHT_OVERREACTION_G1_V1
2017-03-28,0.01135925567722707,-0.0010512484542376597,0.0010512484542376597,1,1,1.0,b34797ee12ca2d0f9e48866ddee9f81b75ce066a515a4cd8dc37dbf54e2ef6fd,JNU_OVERNIGHT_OVERREACTION_G1_V1
2017-03-29,0.00680274732275262,-0.0007825747106054026,0.0007825747106054026,1,1,1.0,b34797ee12ca2d0f9e48866ddee9f81b75ce066a515a4cd8dc37dbf54e2ef6fd,JNU_OVERNIGHT_OVERREACTION_G1_V1
2017-03-30,-0.0020860503001487105,0.0002609943901020881,0.0002609943901020881,1,1,1.0,b34797ee12ca2d0f9e48866ddee9f81b75ce066a515a4cd8dc37dbf54e2ef6fd,JNU_OVERNIGHT_OVERREACTION_G1_V1
2017-03-31,0.0065368254728596946,-0.0007821666413626162,0.0007821666413626162,1,1,1.0,b34797ee12ca2d0f9e48866ddee9f81b75ce066a515a4cd8dc37dbf54e2ef6fd,JNU_OVERNIGHT_OVERREACTION_G1_V1
2017-04-03,0.0034278214183574634,-0.0013170026926660628,0.0013170026926660628,1,1,1.0,b34797ee12ca2d0f9e48866ddee9f81b75ce066a515a4cd8dc37dbf54e2ef6fd,JNU_OVERNIGHT_OVERREACTION_G1_V1
2017-04-04,-0.005267328480702571,-0.0018501392881614773,-0.0018501392881614773,1,0,1.0,b34797ee12ca2d0f9e48866ddee9f81b75ce066a515a4cd8dc37dbf54e2ef6fd,JNU_OVERNIGHT_OVERREACTION_G1_V1
2017-04-05,0.007423151795857482,-0.0034396118049577493,0.0034396118049577493,1,1,1.0,b34797ee12ca2d0f9e48866ddee9f81b75ce066a515a4cd8dc37dbf54e2ef6fd,JNU_OVERNIGHT_OVERREACTION_G1_V1
2017-04-06,-0.004251933060122009,-0.004805134712751267,-0.004805134712751267,1,0,1.0,b34797ee12ca2d0f9e48866ddee9f81b75ce066a515a4cd8dc37dbf54e2ef6fd,JNU_OVERNIGHT_OVERREACTION_G1_V1
2017-04-07,0.008296581779492768,-0.006685410646856838,0.006685410646856838,1,1,1.0,b34797ee12ca2d0f9e48866ddee9f81b75ce066a515a4cd8dc37dbf54e2ef6fd,JNU_OVERNIGHT_OVERREACTION_G1_V1
2017-04-10,0.006391499787612109,-0.003723408557020269,0.003723408557020269,1,1,1.0,b34797ee12ca2d0f9e48866ddee9f81b75ce066a515a4cd8dc37dbf54e2ef6fd,JNU_OVERNIGHT_OVERREACTION_G1_V1
2017-04-11,-0.0037303533799063677,0.0,0.0,0,0,1.0,b34797ee12ca2d0f9e48866ddee9f81b75ce066a515a4cd8dc37dbf54e2ef6fd,JNU_OVERNIGHT_OVERREACTION_G1_V1
2017-04-12,-0.004018759594917744,-0.005113723968354797,-0.005113723968354797,1,0,1.0,b34797ee12ca2d0f9e48866ddee9f81b75ce066a515a4cd8dc37dbf54e2ef6fd,JNU_OVERNIGHT_OVERREACTION_G1_V1
2017-04-13,-0.007845299267574385,-0.002719610052642138,-0.002719610052642138,1,0,1.0,b34797ee12ca2d0f9e48866ddee9f81b75ce066a515a4cd8dc37dbf54e2ef6fd,JNU_OVERNIGHT_OVERREACTION_G1_V1
2017-04-14,-0.004082193721697181,0.0021792435756110584,0.0021792435756110584,1,1,1.0,b34797ee12ca2d0f9e48866ddee9f81b75ce066a515a4cd8dc37dbf54e2ef6fd,JNU_OVERNIGHT_OVERREACTION_G1_V1
2017-04-17,-0.005468977262645837,0.001096190846956703,0.001096190846956703,1,1,1.0,b34797ee12ca2d0f9e48866ddee9f81b75ce066a515a4cd8dc37dbf54e2ef6fd,JNU_OVERNIGHT_OVERREACTION_G1_V1
2017-04-18,0.00842281844082296,-0.003523516316509435,0.003523516316509435,1,1,1.0,b34797ee12ca2d0f9e48866ddee9f81b75ce066a515a4cd8dc37dbf54e2ef6fd,JNU_OVERNIGHT_OVERREACTION_G1_V1
2017-04-19,-0.00599293539761122,0.004089985251525066,0.004089985251525066,1,1,1.0,b34797ee12ca2d0f9e48866ddee9f81b75ce066a515a4cd8dc37dbf54e2ef6fd,JNU_OVERNIGHT_OVERREACTION_G1_V1
2017-04-20,-0.0010863662122208519,0.004067802219325527,0.004067802219325527,1,1,1.0,b34797ee12ca2d0f9e48866ddee9f81b75ce066a515a4cd8dc37dbf54e2ef6fd,JNU_OVERNIGHT_OVERREACTION_G1_V1
2017-04-21,0.006752220117286651,-0.0002692152392084187,0.0002692152392084187,1,1,1.0,b34797ee12ca2d0f9e48866ddee9f81b75ce066a515a4cd8dc37dbf54e2ef6fd,JNU_OVERNIGHT_OVERREACTION_G1_V1
2017-04-24,0.01359114858219636,-0.0018545508030977918,0.0018545508030977918,1,1,1.0,b34797ee12ca2d0f9e48866ddee9f81b75ce066a515a4cd8dc37dbf54e2ef6fd,JNU_OVERNIGHT_OVERREACTION_G1_V1
2017-04-25,-0.0013225765715743833,0.004753111668363672,0.004753111668363672,1,1,1.0,b34797ee12ca2d0f9e48866ddee9f81b75ce066a515a4cd8dc37dbf54e2ef6fd,JNU_OVERNIGHT_OVERREACTION_G1_V1
2017-04-26,0.003922086345521415,0.0015645374768940444,-0.0015645374768940444,1,0,1.0,b34797ee12ca2d0f9e48866ddee9f81b75ce066a515a4cd8dc37dbf54e2ef6fd,JNU_OVERNIGHT_OVERREACTION_G1_V1
2017-04-27,-0.0031185056458097327,0.0018203099552442095,0.0018203099552442095,1,1,1.0,b34797ee12ca2d0f9e48866ddee9f81b75ce066a515a4cd8dc37dbf54e2ef6fd,JNU_OVERNIGHT_OVERREACTION_G1_V1
2017-04-28,-0.0023373598487048154,-0.0007803355838810867,-0.0007803355838810867,1,0,1.0,b34797ee12ca2d0f9e48866ddee9f81b75ce066a515a4cd8dc37dbf54e2ef6fd,JNU_OVERNIGHT_OVERREACTION_G1_V1
2017-05-01,-0.00026058632069288586,0.0046801957504774986,0.0046801957504774986,1,1,1.0,b34797ee12ca2d0f9e48866ddee9f81b75ce066a515a4cd8dc37dbf54e2ef6fd,JNU_OVERNIGHT_OVERREACTION_G1_V1
2017-05-02,0.0018118291484204515,0.005415873973032638,-0.005415873973032638,1,0,1.0,b34797ee12ca2d0f9e48866ddee9f81b75ce066a515a4cd8dc37dbf54e2ef6fd,JNU_OVERNIGHT_OVERREACTION_G1_V1
2017-05-08,0.014285957247476434,0.0017714796483820209,-0.0017714796483820209,1,0,1.0,b34797ee12ca2d0f9e48866ddee9f81b75ce066a515a4cd8dc37dbf54e2ef6fd,JNU_OVERNIGHT_OVERREACTION_G1_V1
2017-05-09,0.0005030181192582624,-0.0015098140764392,0.0015098140764392,1,1,1.0,b34797ee12ca2d0f9e48866ddee9f81b75ce066a515a4cd8dc37dbf54e2ef6fd,JNU_OVERNIGHT_OVERREACTION_G1_V1
2017-05-10,0.003018110942905553,0.00025109855750264024,-0.00025109855750264024,1,0,1.0,b34797ee12ca2d0f9e48866ddee9f81b75ce066a515a4cd8dc37dbf54e2ef6fd,JNU_OVERNIGHT_OVERREACTION_G1_V1
2017-05-11,0.0022581868835918847,-0.0015048911794202768,0.0015048911794202768,1,1,1.0,b34797ee12ca2d0f9e48866ddee9f81b75ce066a515a4cd8dc37dbf54e2ef6fd,JNU_OVERNIGHT_OVERREACTION_G1_V1
2017-05-12,-0.005022612266291332,0.0012580200426274507,0.0012580200426274507,1,1,1.0,b34797ee12ca2d0f9e48866ddee9f81b75ce066a515a4cd8dc37dbf54e2ef6fd,JNU_OVERNIGHT_OVERREACTION_G1_V1
2017-05-15,-0.005297023357870009,0.003786449052503262,0.003786449052503262,1,1,1.0,b34797ee12ca2d0f9e48866ddee9f81b75ce066a515a4cd8dc37dbf54e2ef6fd,JNU_OVERNIGHT_OVERREACTION_G1_V1
2017-05-16,0.0030135633052642587,0.00025072082367765756,-0.00025072082367765756,1,0,1.0,b34797ee12ca2d0f9e48866ddee9f81b75ce066a515a4cd8dc37dbf54e2ef6fd,JNU_OVERNIGHT_OVERREACTION_G1_V1
2017-05-17,-0.004786506178402408,0.0015140048312150113,0.0015140048312150113,1,1,1.0,b34797ee12ca2d0f9e48866ddee9f81b75ce066a515a4cd8dc37dbf54e2ef6fd,JNU_OVERNIGHT_OVERREACTION_G1_V1
2017-05-18,-0.013231745209619592,-0.003335474548429574,-0.003335474548429574,1,0,1.0,b34797ee12ca2d0f9e48866ddee9f81b75ce066a515a4cd8dc37dbf54e2ef6fd,JNU_OVERNIGHT_OVERREACTION_G1_V1
2017-05-19,0.0007663814399884307,-0.0015333506709895397,0.0015333506709895397,1,1,1.0,b34797ee12ca2d0f9e48866ddee9f81b75ce066a515a4cd8dc37dbf54e2ef6fd,JNU_OVERNIGHT_OVERREACTION_G1_V1
2017-05-22,0.004330665283173105,-0.0012717793905446036,0.0012717793905446036,1,1,1.0,b34797ee12ca2d0f9e48866ddee9f81b75ce066a515a4cd8dc37dbf54e2ef6fd,JNU_OVERNIGHT_OVERREACTION_G1_V1
2017-05-23,-0.0017813975954031906,0.0012727505854538443,0.0012727505854538443,1,1,1.0,b34797ee12ca2d0f9e48866ddee9f81b75ce066a515a4cd8dc37dbf54e2ef6fd,JNU_OVERNIGHT_OVERREACTION_G1_V1
2017-05-24,0.0071030232682461735,-0.0035452050299372025,0.0035452050299372025,1,1,1.0,b34797ee12ca2d0f9e48866ddee9f81b75ce066a515a4cd8dc37dbf54e2ef6fd,JNU_OVERNIGHT_OVERREACTION_G1_V1
2017-05-25,-0.0002535175574486354,0.005814704791804136,0.005814704791804136,1,1,1.0,b34797ee12ca2d0f9e48866ddee9f81b75ce066a515a4cd8dc37dbf54e2ef6fd,JNU_OVERNIGHT_OVERREACTION_G1_V1
2017-05-26,-0.0010103562364923173,0.0002526847770868482,0.0002526847770868482,1,1,1.0,b34797ee12ca2d0f9e48866ddee9f81b75ce066a515a4cd8dc37dbf54e2ef6fd,JNU_OVERNIGHT_OVERREACTION_G1_V1
2017-05-29,-0.0002537749030241501,0.0007611315856477852,0.0007611315856477852,1,1,1.0,b34797ee12ca2d0f9e48866ddee9f81b75ce066a515a4cd8dc37dbf54e2ef6fd,JNU_OVERNIGHT_OVERREACTION_G1_V1
2017-05-30,0.0,-0.006113111243049364,0.0,0,0,1.0,b34797ee12ca2d0f9e48866ddee9f81b75ce066a515a4cd8dc37dbf54e2ef6fd,JNU_OVERNIGHT_OVERREACTION_G1_V1
2017-05-31,-0.0025445306349947613,0.0015274952053514273,0.0015274952053514273,1,1,1.0,b34797ee12ca2d0f9e48866ddee9f81b75ce066a515a4cd8dc37dbf54e2ef6fd,JNU_OVERNIGHT_OVERREACTION_G1_V1
2017-06-01,0.0005085176819472895,0.008101310130737007,-0.008101310130737007,1,0,1.0,b34797ee12ca2d0f9e48866ddee9f81b75ce066a515a4cd8dc37dbf54e2ef6fd,JNU_OVERNIGHT_OVERREACTION_G1_V1
2017-06-02,0.004274047989674739,0.007498160598825057,-0.007498160598825057,1,0,1.0,b34797ee12ca2d0f9e48866ddee9f81b75ce066a515a4cd8dc37dbf54e2ef6fd,JNU_OVERNIGHT_OVERREACTION_G1_V1
2017-06-05,-0.0034765369010903236,0.004467617259716052,0.004467617259716052,1,1,1.0,b34797ee12ca2d0f9e48866ddee9f81b75ce066a515a4cd8dc37dbf54e2ef6fd,JNU_OVERNIGHT_OVERREACTION_G1_V1
2017-06-06,-0.0004966476387161251,-0.004730495563592203,-0.004730495563592203,1,0,1.0,b34797ee12ca2d0f9e48866ddee9f81b75ce066a515a4cd8dc37dbf54e2ef6fd,JNU_OVERNIGHT_OVERREACTION_G1_V1
2017-06-07,-0.0017532878630375562,0.0,0.0,0,0,1.0,b34797ee12ca2d0f9e48866ddee9f81b75ce066a515a4cd8dc37dbf54e2ef6fd,JNU_OVERNIGHT_OVERREACTION_G1_V1
2017-06-08,0.0022508450168131603,-0.0002498438488948854,0.0002498438488948854,1,1,1.0,b34797ee12ca2d0f9e48866ddee9f81b75ce066a515a4cd8dc37dbf54e2ef6fd,JNU_OVERNIGHT_OVERREACTION_G1_V1
2017-06-09,0.0015033828940314653,0.003499128788940161,-0.003499128788940161,1,0,1.0,b34797ee12ca2d0f9e48866ddee9f81b75ce066a515a4cd8dc37dbf54e2ef6fd,JNU_OVERNIGHT_OVERREACTION_G1_V1
2017-06-12,-0.0037617599218916845,-0.0010055305020187607,-0.0010055305020187607,1,0,1.0,b34797ee12ca2d0f9e48866ddee9f81b75ce066a515a4cd8dc37dbf54e2ef6fd,JNU_OVERNIGHT_OVERREACTION_G1_V1
2017-06-13,-0.002519527661883598,0.001764335681372928,0.001764335681372928,1,1,1.0,b34797ee12ca2d0f9e48866ddee9f81b75ce066a515a4cd8dc37dbf54e2ef6fd,JNU_OVERNIGHT_OVERREACTION_G1_V1
2017-06-14,0.0027627796048902598,-0.00025084660861495194,0.00025084660861495194,1,1,1.0,b34797ee12ca2d0f9e48866ddee9f81b75ce066a515a4cd8dc37dbf54e2ef6fd,JNU_OVERNIGHT_OVERREACTION_G1_V1
2017-06-15,-0.004538585703007961,-0.002783754802863642,-0.002783754802863642,1,0,1.0,b34797ee12ca2d0f9e48866ddee9f81b75ce066a515a4cd8dc37dbf54e2ef6fd,JNU_OVERNIGHT_OVERREACTION_G1_V1
2017-06-16,0.0032757998299360906,0.0005030181192582624,-0.0005030181192582624,1,0,1.0,b34797ee12ca2d0f9e48866ddee9f81b75ce066a515a4cd8dc37dbf54e2ef6fd,JNU_OVERNIGHT_OVERREACTION_G1_V1
2017-06-19,-0.0002509725198265967,0.005257240797970698,0.005257240797970698,1,1,1.0,b34797ee12ca2d0f9e48866ddee9f81b75ce066a515a4cd8dc37dbf54e2ef6fd,JNU_OVERNIGHT_OVERREACTION_G1_V1
2017-06-20,0.0077105219710399105,0.004449945538445808,-0.004449945538445808,1,0,1.0,b34797ee12ca2d0f9e48866ddee9f81b75ce066a515a4cd8dc37dbf54e2ef6fd,JNU_OVERNIGHT_OVERREACTION_G1_V1
2017-06-21,-0.0034713647554589634,0.00198511231442025,0.00198511231442025,1,1,1.0,b34797ee12ca2d0f9e48866ddee9f81b75ce066a515a4cd8dc37dbf54e2ef6fd,JNU_OVERNIGHT_OVERREACTION_G1_V1
2017-06-22,0.0,0.0,0.0,0,0,1.0,b34797ee12ca2d0f9e48866ddee9f81b75ce066a515a4cd8dc37dbf54e2ef6fd,JNU_OVERNIGHT_OVERREACTION_G1_V1
2017-06-23,0.0009952725379918453,-0.0014932805164119506,0.0014932805164119506,1,1,1.0,b34797ee12ca2d0f9e48866ddee9f81b75ce066a515a4cd8dc37dbf54e2ef6fd,JNU_OVERNIGHT_OVERREACTION_G1_V1
2017-06-26,-0.0004980079784201616,0.0027359798188748455,0.0027359798188748455,1,1,1.0,b34797ee12ca2d0f9e48866ddee9f81b75ce066a515a4cd8dc37dbf54e2ef6fd,JNU_OVERNIGHT_OVERREACTION_G1_V1
2017-06-27,0.004463186183991104,-0.000742482400153471,0.000742482400153471,1,1,1.0,b34797ee12ca2d0f9e48866ddee9f81b75ce066a515a4cd8dc37dbf54e2ef6fd,JNU_OVERNIGHT_OVERREACTION_G1_V1
2017-06-28,-0.001986097971629403,0.003473087093207632,0.003473087093207632,1,1,1.0,b34797ee12ca2d0f9e48866ddee9f81b75ce066a515a4cd8dc37dbf54e2ef6fd,JNU_OVERNIGHT_OVERREACTION_G1_V1
2017-06-29,0.005448255180707033,-0.0014829463913902344,0.0014829463913902344,1,1,1.0,b34797ee12ca2d0f9e48866ddee9f81b75ce066a515a4cd8dc37dbf54e2ef6fd,JNU_OVERNIGHT_OVERREACTION_G1_V1
2017-06-30,-0.011192754580425523,-0.0005003752919012001,-0.0005003752919012001,1,0,1.0,b34797ee12ca2d0f9e48866ddee9f81b75ce066a515a4cd8dc37dbf54e2ef6fd,JNU_OVERNIGHT_OVERREACTION_G1_V1
2017-07-03,0.0027482840533772515,0.0004988775359142117,-0.0004988775359142117,1,0,1.0,b34797ee12ca2d0f9e48866ddee9f81b75ce066a515a4cd8dc37dbf54e2ef6fd,JNU_OVERNIGHT_OVERREACTION_G1_V1
2017-07-04,0.005964232391673371,-0.002977669693924392,0.002977669693924392,1,1,1.0,b34797ee12ca2d0f9e48866ddee9f81b75ce066a515a4cd8dc37dbf54e2ef6fd,JNU_OVERNIGHT_OVERREACTION_G1_V1
2017-07-05,-0.0004996252914325239,-0.0057637047167501294,-0.0057637047167501294,1,0,1.0,b34797ee12ca2d0f9e48866ddee9f81b75ce066a515a4cd8dc37dbf54e2ef6fd,JNU_OVERNIGHT_OVERREACTION_G1_V1
2017-07-06,-0.0004985044968638225,-0.0012473495442893424,-0.0012473495442893424,1,0,1.0,b34797ee12ca2d0f9e48866ddee9f81b75ce066a515a4cd8dc37dbf54e2ef6fd,JNU_OVERNIGHT_OVERREACTION_G1_V1
2017-07-07,-0.005522102385776153,0.0027648628898900175,0.0027648628898900175,1,1,1.0,b34797ee12ca2d0f9e48866ddee9f81b75ce066a515a4cd8dc37dbf54e2ef6fd,JNU_OVERNIGHT_OVERREACTION_G1_V1
2017-07-10,0.005249355886143745,-0.0012473495442893424,0.0012473495442893424,1,1,1.0,b34797ee12ca2d0f9e48866ddee9f81b75ce066a515a4cd8dc37dbf54e2ef6fd,JNU_OVERNIGHT_OVERREACTION_G1_V1
2017-07-11,-0.0022418741485861894,0.002739386596659191,0.002739386596659191,1,1,1.0,b34797ee12ca2d0f9e48866ddee9f81b75ce066a515a4cd8dc37dbf54e2ef6fd,JNU_OVERNIGHT_OVERREACTION_G1_V1
2017-07-12,-0.0032278116168830877,0.0004972650525141866,0.0004972650525141866,1,1,1.0,b34797ee12ca2d0f9e48866ddee9f81b75ce066a515a4cd8dc37dbf54e2ef6fd,JNU_OVERNIGHT_OVERREACTION_G1_V1
2017-07-13,0.003729955835063789,-0.0017389148587498753,0.0017389148587498753,1,1,1.0,b34797ee12ca2d0f9e48866ddee9f81b75ce066a515a4cd8dc37dbf54e2ef6fd,JNU_OVERNIGHT_OVERREACTION_G1_V1
2017-07-14,0.0022379718404546456,-0.0012426993024628043,0.0012426993024628043,1,1,1.0,b34797ee12ca2d0f9e48866ddee9f81b75ce066a515a4cd8dc37dbf54e2ef6fd,JNU_OVERNIGHT_OVERREACTION_G1_V1
2017-07-18,-0.0032382641325732447,-0.004000005333346128,-0.004000005333346128,1,0,1.0,b34797ee12ca2d0f9e48866ddee9f81b75ce066a515a4cd8dc37dbf54e2ef6fd,JNU_OVERNIGHT_OVERREACTION_G1_V1
2017-07-19,-0.0012514079971240161,0.0012514079971240922,0.0012514079971240922,1,1,1.0,b34797ee12ca2d0f9e48866ddee9f81b75ce066a515a4cd8dc37dbf54e2ef6fd,JNU_OVERNIGHT_OVERREACTION_G1_V1
2017-07-20,0.0007497188905459742,0.002993267388288502,-0.002993267388288502,1,0,1.0,b34797ee12ca2d0f9e48866ddee9f81b75ce066a515a4cd8dc37dbf54e2ef6fd,JNU_OVERNIGHT_OVERREACTION_G1_V1
2017-07-21,-0.001991536630357266,0.0007472911046484048,0.0007472911046484048,1,1,1.0,b34797ee12ca2d0f9e48866ddee9f81b75ce066a515a4cd8dc37dbf54e2ef6fd,JNU_OVERNIGHT_OVERREACTION_G1_V1
2017-07-24,-0.006745809466158549,-0.0022587536269232807,-0.0022587536269232807,1,0,1.0,b34797ee12ca2d0f9e48866ddee9f81b75ce066a515a4cd8dc37dbf54e2ef6fd,JNU_OVERNIGHT_OVERREACTION_G1_V1
2017-07-25,0.00025065797850245863,0.0015026298845350965,-0.0015026298845350965,1,0,1.0,b34797ee12ca2d0f9e48866ddee9f81b75ce066a515a4cd8dc37dbf54e2ef6fd,JNU_OVERNIGHT_OVERREACTION_G1_V1
2017-07-26,0.008246954150564364,-0.0007469189940177173,0.0007469189940177173,1,1,1.0,b34797ee12ca2d0f9e48866ddee9f81b75ce066a515a4cd8dc37dbf54e2ef6fd,JNU_OVERNIGHT_OVERREACTION_G1_V1
2017-07-27,-0.00199700515693616,0.002744855123238087,0.002744855123238087,1,1,1.0,b34797ee12ca2d0f9e48866ddee9f81b75ce066a515a4cd8dc37dbf54e2ef6fd,JNU_OVERNIGHT_OVERREACTION_G1_V1
2017-07-28,-0.002246350626374193,-0.0015003753752345652,-0.0015003753752345652,1,0,1.0,b34797ee12ca2d0f9e48866ddee9f81b75ce066a515a4cd8dc37dbf54e2ef6fd,JNU_OVERNIGHT_OVERREACTION_G1_V1
2017-07-31,-0.0002507837003739097,-0.0005017561570396365,-0.0005017561570396365,1,0,1.0,b34797ee12ca2d0f9e48866ddee9f81b75ce066a515a4cd8dc37dbf54e2ef6fd,JNU_OVERNIGHT_OVERREACTION_G1_V1
2017-08-01,-0.00025084660861495194,0.0017546062904813895,0.0017546062904813895,1,1,1.0,b34797ee12ca2d0f9e48866ddee9f81b75ce066a515a4cd8dc37dbf54e2ef6fd,JNU_OVERNIGHT_OVERREACTION_G1_V1
2017-08-02,0.004248413237393559,-0.0007484096644703455,0.0007484096644703455,1,1,1.0,b34797ee12ca2d0f9e48866ddee9f81b75ce066a515a4cd8dc37dbf54e2ef6fd,JNU_OVERNIGHT_OVERREACTION_G1_V1
2017-08-03,-0.0014958865915826911,-0.002248033917882342,-0.002248033917882342,1,0,1.0,b34797ee12ca2d0f9e48866ddee9f81b75ce066a515a4cd8dc37dbf54e2ef6fd,JNU_OVERNIGHT_OVERREACTION_G1_V1
2017-08-04,-0.0032536632382720583,-0.0005015045240516018,-0.0005015045240516018,1,0,1.0,b34797ee12ca2d0f9e48866ddee9f81b75ce066a515a4cd8dc37dbf54e2ef6fd,JNU_OVERNIGHT_OVERREACTION_G1_V1
2017-08-07,0.00574929717641955,-0.00024928331177330584,0.00024928331177330584,1,1,1.0,b34797ee12ca2d0f9e48866ddee9f81b75ce066a515a4cd8dc37dbf54e2ef6fd,JNU_OVERNIGHT_OVERREACTION_G1_V1
2017-08-08,0.0,-0.0017484705341168293,0.0,0,0,1.0,b34797ee12ca2d0f9e48866ddee9f81b75ce066a515a4cd8dc37dbf54e2ef6fd,JNU_OVERNIGHT_OVERREACTION_G1_V1
2017-08-09,-0.0035096551443025135,-0.009081798041580911,-0.009081798041580911,1,0,1.0,b34797ee12ca2d0f9e48866ddee9f81b75ce066a515a4cd8dc37dbf54e2ef6fd,JNU_OVERNIGHT_OVERREACTION_G1_V1
2017-08-10,0.003037977020076801,-0.0017710314559533627,0.0017710314559533627,1,1,1.0,b34797ee12ca2d0f9e48866ddee9f81b75ce066a515a4cd8dc37dbf54e2ef6fd,JNU_OVERNIGHT_OVERREACTION_G1_V1
2017-08-14,-0.013005410900421415,0.0028194302926449148,0.0028194302926449148,1,1,1.0,b34797ee12ca2d0f9e48866ddee9f81b75ce066a515a4cd8dc37dbf54e2ef6fd,JNU_OVERNIGHT_OVERREACTION_G1_V1
2017-08-15,0.005615124503389125,0.007353906604051302,-0.007353906604051302,1,0,1.0,b34797ee12ca2d0f9e48866ddee9f81b75ce066a515a4cd8dc37dbf54e2ef6fd,JNU_OVERNIGHT_OVERREACTION_G1_V1
2017-08-16,-0.0005067139708115235,-0.00025345330258601473,-0.00025345330258601473,1,0,1.0,b34797ee12ca2d0f9e48866ddee9f81b75ce066a515a4cd8dc37dbf54e2ef6fd,JNU_OVERNIGHT_OVERREACTION_G1_V1
2017-08-17,-0.001522456523455238,-0.00025396825533333296,-0.00025396825533333296,1,0,1.0,b34797ee12ca2d0f9e48866ddee9f81b75ce066a515a4cd8dc37dbf54e2ef6fd,JNU_OVERNIGHT_OVERREACTION_G1_V1
2017-08-18,-0.010982105011592507,0.0010266941353610753,0.0010266941353610753,1,1,1.0,b34797ee12ca2d0f9e48866ddee9f81b75ce066a515a4cd8dc37dbf54e2ef6fd,JNU_OVERNIGHT_OVERREACTION_G1_V1
2017-08-21,0.0020544434550142524,-0.005401942396576977,0.005401942396576977,1,1,1.0,b34797ee12ca2d0f9e48866ddee9f81b75ce066a515a4cd8dc37dbf54e2ef6fd,JNU_OVERNIGHT_OVERREACTION_G1_V1
2017-08-22,-0.002066650180150278,0.0018085523596441148,0.0018085523596441148,1,1,1.0,b34797ee12ca2d0f9e48866ddee9f81b75ce066a515a4cd8dc37dbf54e2ef6fd,JNU_OVERNIGHT_OVERREACTION_G1_V1
2017-08-23,0.007976370605408378,-0.0015388564206307972,0.0015388564206307972,1,1,1.0,b34797ee12ca2d0f9e48866ddee9f81b75ce066a515a4cd8dc37dbf54e2ef6fd,JNU_OVERNIGHT_OVERREACTION_G1_V1
2017-08-24,-0.0043842752368723915,0.0018076183101438778,0.0018076183101438778,1,1,1.0,b34797ee12ca2d0f9e48866ddee9f81b75ce066a515a4cd8dc37dbf54e2ef6fd,JNU_OVERNIGHT_OVERREACTION_G1_V1
2017-08-25,0.003872471600630039,-0.0010311936979771525,0.0010311936979771525,1,1,1.0,b34797ee12ca2d0f9e48866ddee9f81b75ce066a515a4cd8dc37dbf54e2ef6fd,JNU_OVERNIGHT_OVERREACTION_G1_V1
2017-08-28,0.0017992550799218996,-0.0023139231303972345,0.0023139231303972345,1,1,1.0,b34797ee12ca2d0f9e48866ddee9f81b75ce066a515a4cd8dc37dbf54e2ef6fd,JNU_OVERNIGHT_OVERREACTION_G1_V1
2017-08-29,-0.008268780963073678,0.0007781092339161731,0.0007781092339161731,1,1,1.0,b34797ee12ca2d0f9e48866ddee9f81b75ce066a515a4cd8dc37dbf54e2ef6fd,JNU_OVERNIGHT_OVERREACTION_G1_V1
2017-08-30,0.006180807727200454,-0.0007705149989529815,0.0007705149989529815,1,1,1.0,b34797ee12ca2d0f9e48866ddee9f81b75ce066a515a4cd8dc37dbf54e2ef6fd,JNU_OVERNIGHT_OVERREACTION_G1_V1
2017-08-31,0.0051190283271221266,0.0030588858926285196,-0.0030588858926285196,1,0,1.0,b34797ee12ca2d0f9e48866ddee9f81b75ce066a515a4cd8dc37dbf54e2ef6fd,JNU_OVERNIGHT_OVERREACTION_G1_V1
2017-09-01,0.002283975107830494,-0.0020299423362370858,0.0020299423362370858,1,1,1.0,b34797ee12ca2d0f9e48866ddee9f81b75ce066a515a4cd8dc37dbf54e2ef6fd,JNU_OVERNIGHT_OVERREACTION_G1_V1
2017-09-04,-0.004580160678574261,-0.005113792785675077,-0.005113792785675077,1,0,1.0,b34797ee12ca2d0f9e48866ddee9f81b75ce066a515a4cd8dc37dbf54e2ef6fd,JNU_OVERNIGHT_OVERREACTION_G1_V1
2017-09-05,0.004611845222563067,-0.005639594542215982,0.005639594542215982,1,1,1.0,b34797ee12ca2d0f9e48866ddee9f81b75ce066a515a4cd8dc37dbf54e2ef6fd,JNU_OVERNIGHT_OVERREACTION_G1_V1
2017-09-06,-0.004646368710145027,-0.0002587656891137463,-0.0002587656891137463,1,0,1.0,b34797ee12ca2d0f9e48866ddee9f81b75ce066a515a4cd8dc37dbf54e2ef6fd,JNU_OVERNIGHT_OVERREACTION_G1_V1
2017-09-07,0.004636793469801304,-0.000514138828806318,0.000514138828806318,1,1,1.0,b34797ee12ca2d0f9e48866ddee9f81b75ce066a515a4cd8dc37dbf54e2ef6fd,JNU_OVERNIGHT_OVERREACTION_G1_V1
2017-09-08,-0.008023855654370055,-0.00260213521795193,-0.00260213521795193,1,0,1.0,b34797ee12ca2d0f9e48866ddee9f81b75ce066a515a4cd8dc37dbf54e2ef6fd,JNU_OVERNIGHT_OVERREACTION_G1_V1
2017-09-11,0.0078105057302380685,0.006462475638470049,-0.006462475638470049,1,0,1.0,b34797ee12ca2d0f9e48866ddee9f81b75ce066a515a4cd8dc37dbf54e2ef6fd,JNU_OVERNIGHT_OVERREACTION_G1_V1
2017-09-12,0.007186889250455958,0.0020439455250746866,-0.0020439455250746866,1,0,1.0,b34797ee12ca2d0f9e48866ddee9f81b75ce066a515a4cd8dc37dbf54e2ef6fd,JNU_OVERNIGHT_OVERREACTION_G1_V1
2017-09-13,0.0063492276786587445,-0.001013171312606925,0.001013171312606925,1,1,1.0,b34797ee12ca2d0f9e48866ddee9f81b75ce066a515a4cd8dc37dbf54e2ef6fd,JNU_OVERNIGHT_OVERREACTION_G1_V1
2017-09-14,0.0,0.003292392489088708,0.0,0,0,1.0,b34797ee12ca2d0f9e48866ddee9f81b75ce066a515a4cd8dc37dbf54e2ef6fd,JNU_OVERNIGHT_OVERREACTION_G1_V1
2017-09-15,-0.0005085176819471595,0.0017786817038487684,0.0017786817038487684,1,1,1.0,b34797ee12ca2d0f9e48866ddee9f81b75ce066a515a4cd8dc37dbf54e2ef6fd,JNU_OVERNIGHT_OVERREACTION_G1_V1
2017-09-19,0.011819576805342224,0.002496880198587146,-0.002496880198587146,1,0,1.0,b34797ee12ca2d0f9e48866ddee9f81b75ce066a515a4cd8dc37dbf54e2ef6fd,JNU_OVERNIGHT_OVERREACTION_G1_V1
2017-09-20,-0.00024816974938141365,0.00024816974938133185,0.00024816974938133185,1,1,1.0,b34797ee12ca2d0f9e48866ddee9f81b75ce066a515a4cd8dc37dbf54e2ef6fd,JNU_OVERNIGHT_OVERREACTION_G1_V1
2017-09-21,0.010373024598187659,-0.001475289178322898,0.001475289178322898,1,1,1.0,b34797ee12ca2d0f9e48866ddee9f81b75ce066a515a4cd8dc37dbf54e2ef6fd,JNU_OVERNIGHT_OVERREACTION_G1_V1
2017-09-22,0.0014833130037351886,-0.0037124160939332783,0.0037124160939332783,1,1,1.0,b34797ee12ca2d0f9e48866ddee9f81b75ce066a515a4cd8dc37dbf54e2ef6fd,JNU_OVERNIGHT_OVERREACTION_G1_V1
2017-09-25,0.0034610664957911816,-0.0004937052679891822,0.0004937052679891822,1,1,1.0,b34797ee12ca2d0f9e48866ddee9f81b75ce066a515a4cd8dc37dbf54e2ef6fd,JNU_OVERNIGHT_OVERREACTION_G1_V1
2017-09-26,-0.002719072247494801,0.00024749412327781153,0.00024749412327781153,1,1,1.0,b34797ee12ca2d0f9e48866ddee9f81b75ce066a515a4cd8dc37dbf54e2ef6fd,JNU_OVERNIGHT_OVERREACTION_G1_V1
2017-09-27,0.0032166302632524067,-0.0004941932396107502,0.0004941932396107502,1,1,1.0,b34797ee12ca2d0f9e48866ddee9f81b75ce066a515a4cd8dc37dbf54e2ef6fd,JNU_OVERNIGHT_OVERREACTION_G1_V1
2017-09-28,0.005160350559309611,-0.0041753714104806215,0.0041753714104806215,1,1,1.0,b34797ee12ca2d0f9e48866ddee9f81b75ce066a515a4cd8dc37dbf54e2ef6fd,JNU_OVERNIGHT_OVERREACTION_G1_V1
2017-09-29,-0.0024564001543234525,-0.0019694738025319435,-0.0019694738025319435,1,0,1.0,b34797ee12ca2d0f9e48866ddee9f81b75ce066a515a4cd8dc37dbf54e2ef6fd,JNU_OVERNIGHT_OVERREACTION_G1_V1
2017-10-02,0.0014723929040418517,0.000735384271405283,-0.000735384271405283,1,0,1.0,b34797ee12ca2d0f9e48866ddee9f81b75ce066a515a4cd8dc37dbf54e2ef6fd,JNU_OVERNIGHT_OVERREACTION_G1_V1
2017-10-03,0.0031804308154291,0.0012205542831026526,-0.0012205542831026526,1,0,1.0,b34797ee12ca2d0f9e48866ddee9f81b75ce066a515a4cd8dc37dbf54e2ef6fd,JNU_OVERNIGHT_OVERREACTION_G1_V1
2017-10-04,0.0026682853914939794,0.000726480235365932,-0.000726480235365932,1,0,1.0,b34797ee12ca2d0f9e48866ddee9f81b75ce066a515a4cd8dc37dbf54e2ef6fd,JNU_OVERNIGHT_OVERREACTION_G1_V1
2017-10-05,0.0007271846157312515,-0.00048473098380049924,0.00048473098380049924,1,1,1.0,b34797ee12ca2d0f9e48866ddee9f81b75ce066a515a4cd8dc37dbf54e2ef6fd,JNU_OVERNIGHT_OVERREACTION_G1_V1
2017-10-06,0.002178386435683319,-0.00048367594655147114,0.00048367594655147114,1,1,1.0,b34797ee12ca2d0f9e48866ddee9f81b75ce066a515a4cd8dc37dbf54e2ef6fd,JNU_OVERNIGHT_OVERREACTION_G1_V1
2017-10-10,-0.0014503265776465246,0.004103807811325126,0.004103807811325126,1,1,1.0,b34797ee12ca2d0f9e48866ddee9f81b75ce066a515a4cd8dc37dbf54e2ef6fd,JNU_OVERNIGHT_OVERREACTION_G1_V1
2017-10-11,-0.0016820861829848262,0.003121625778986975,0.003121625778986975,1,1,1.0,b34797ee12ca2d0f9e48866ddee9f81b75ce066a515a4cd8dc37dbf54e2ef6fd,JNU_OVERNIGHT_OVERREACTION_G1_V1
2017-10-12,0.003586375631227653,-0.0004774409257559293,0.0004774409257559293,1,1,1.0,b34797ee12ca2d0f9e48866ddee9f81b75ce066a515a4cd8dc37dbf54e2ef6fd,JNU_OVERNIGHT_OVERREACTION_G1_V1
2017-10-13,0.0007157342545792204,0.0016680571006970134,-0.0016680571006970134,1,0,1.0,b34797ee12ca2d0f9e48866ddee9f81b75ce066a515a4cd8dc37dbf54e2ef6fd,JNU_OVERNIGHT_OVERREACTION_G1_V1
2017-10-16,0.0037735893836394877,0.0014114328384078085,-0.0014114328384078085,1,0,1.0,b34797ee12ca2d0f9e48866ddee9f81b75ce066a515a4cd8dc37dbf54e2ef6fd,JNU_OVERNIGHT_OVERREACTION_G1_V1
2017-10-17,0.0035198909977796657,-0.0030498557364817265,0.0030498557364817265,1,1,1.0,b34797ee12ca2d0f9e48866ddee9f81b75ce066a515a4cd8dc37dbf54e2ef6fd,JNU_OVERNIGHT_OVERREACTION_G1_V1
2017-10-18,0.0,-0.00023410979856425758,0.0,0,0,1.0,b34797ee12ca2d0f9e48866ddee9f81b75ce066a515a4cd8dc37dbf54e2ef6fd,JNU_OVERNIGHT_OVERREACTION_G1_V1
2017-10-19,0.0051365977986955,-0.0006988934472016229,0.0006988934472016229,1,1,1.0,b34797ee12ca2d0f9e48866ddee9f81b75ce066a515a4cd8dc37dbf54e2ef6fd,JNU_OVERNIGHT_OVERREACTION_G1_V1
2017-10-20,-0.0056074913289450865,0.004908272095236376,0.004908272095236376,1,1,1.0,b34797ee12ca2d0f9e48866ddee9f81b75ce066a515a4cd8dc37dbf54e2ef6fd,JNU_OVERNIGHT_OVERREACTION_G1_V1
2017-10-23,0.01250305706578576,-0.0006905282815530485,0.0006905282815530485,1,1,1.0,b34797ee12ca2d0f9e48866ddee9f81b75ce066a515a4cd8dc37dbf54e2ef6fd,JNU_OVERNIGHT_OVERREACTION_G1_V1
2017-10-24,-0.0023052107949124456,0.0029957390764655633,0.0029957390764655633,1,1,1.0,b34797ee12ca2d0f9e48866ddee9f81b75ce066a515a4cd8dc37dbf54e2ef6fd,JNU_OVERNIGHT_OVERREACTION_G1_V1
2017-10-25,0.004347335527725286,-0.004576667027411867,0.004576667027411867,1,1,1.0,b34797ee12ca2d0f9e48866ddee9f81b75ce066a515a4cd8dc37dbf54e2ef6fd,JNU_OVERNIGHT_OVERREACTION_G1_V1
2017-10-26,-0.0018399269220071826,0.0013802624689584903,0.0013802624689584903,1,1,1.0,b34797ee12ca2d0f9e48866ddee9f81b75ce066a515a4cd8dc37dbf54e2ef6fd,JNU_OVERNIGHT_OVERREACTION_G1_V1
2017-10-27,0.005042412700934659,0.001599086577185335,-0.001599086577185335,1,0,1.0,b34797ee12ca2d0f9e48866ddee9f81b75ce066a515a4cd8dc37dbf54e2ef6fd,JNU_OVERNIGHT_OVERREACTION_G1_V1
2017-10-30,-0.0004538234704619571,-0.0002269889920086054,-0.0002269889920086054,1,0,1.0,b34797ee12ca2d0f9e48866ddee9f81b75ce066a515a4cd8dc37dbf54e2ef6fd,JNU_OVERNIGHT_OVERREACTION_G1_V1
2017-10-31,-0.005235018214868046,0.0006843846508715054,0.0006843846508715054,1,1,1.0,b34797ee12ca2d0f9e48866ddee9f81b75ce066a515a4cd8dc37dbf54e2ef6fd,JNU_OVERNIGHT_OVERREACTION_G1_V1
2017-11-01,0.009508787969027356,0.0049449415215705875,-0.0049449415215705875,1,0,1.0,b34797ee12ca2d0f9e48866ddee9f81b75ce066a515a4cd8dc37dbf54e2ef6fd,JNU_OVERNIGHT_OVERREACTION_G1_V1
2017-11-02,0.0024479816386400372,-0.00333964464912172,0.00333964464912172,1,1,1.0,b34797ee12ca2d0f9e48866ddee9f81b75ce066a515a4cd8dc37dbf54e2ef6fd,JNU_OVERNIGHT_OVERREACTION_G1_V1
2017-11-06,0.004426744723351967,-0.0015471325884137226,0.0015471325884137226,1,1,1.0,b34797ee12ca2d0f9e48866ddee9f81b75ce066a515a4cd8dc37dbf54e2ef6fd,JNU_OVERNIGHT_OVERREACTION_G1_V1
2017-11-07,-0.0011077878611567206,0.004423807258742245,0.004423807258742245,1,1,1.0,b34797ee12ca2d0f9e48866ddee9f81b75ce066a515a4cd8dc37dbf54e2ef6fd,JNU_OVERNIGHT_OVERREACTION_G1_V1
2017-11-08,-0.007423614878825414,0.0028449521322313448,0.0028449521322313448,1,1,1.0,b34797ee12ca2d0f9e48866ddee9f81b75ce066a515a4cd8dc37dbf54e2ef6fd,JNU_OVERNIGHT_OVERREACTION_G1_V1
2017-11-09,0.00239521072595485,0.010169945924812122,-0.010169945924812122,1,0,1.0,b34797ee12ca2d0f9e48866ddee9f81b75ce066a515a4cd8dc37dbf54e2ef6fd,JNU_OVERNIGHT_OVERREACTION_G1_V1
2017-11-10,-0.01340532106046524,0.0033130897229601943,0.0033130897229601943,1,1,1.0,b34797ee12ca2d0f9e48866ddee9f81b75ce066a515a4cd8dc37dbf54e2ef6fd,JNU_OVERNIGHT_OVERREACTION_G1_V1
2017-11-13,-0.001550903157880101,0.0011080333543618645,0.0011080333543618645,1,1,1.0,b34797ee12ca2d0f9e48866ddee9f81b75ce066a515a4cd8dc37dbf54e2ef6fd,JNU_OVERNIGHT_OVERREACTION_G1_V1
2017-11-14,0.004472279368394498,0.002673798384402205,-0.002673798384402205,1,0,1.0,b34797ee12ca2d0f9e48866ddee9f81b75ce066a515a4cd8dc37dbf54e2ef6fd,JNU_OVERNIGHT_OVERREACTION_G1_V1
2017-11-15,-0.005595985504121113,-0.0026972369690012646,-0.0026972369690012646,1,0,1.0,b34797ee12ca2d0f9e48866ddee9f81b75ce066a515a4cd8dc37dbf54e2ef6fd,JNU_OVERNIGHT_OVERREACTION_G1_V1
2017-11-16,-0.0015878420031131587,0.004981894361861175,0.004981894361861175,1,1,1.0,b34797ee12ca2d0f9e48866ddee9f81b75ce066a515a4cd8dc37dbf54e2ef6fd,JNU_OVERNIGHT_OVERREACTION_G1_V1
2017-11-17,0.0075539128358980984,0.004416968311838528,-0.004416968311838528,1,0,1.0,b34797ee12ca2d0f9e48866ddee9f81b75ce066a515a4cd8dc37dbf54e2ef6fd,JNU_OVERNIGHT_OVERREACTION_G1_V1
2017-11-20,-0.006943694602989063,0.004037690546076974,0.004037690546076974,1,1,1.0,b34797ee12ca2d0f9e48866ddee9f81b75ce066a515a4cd8dc37dbf54e2ef6fd,JNU_OVERNIGHT_OVERREACTION_G1_V1
2017-11-21,0.010731155964665538,0.0004446420704649239,-0.0004446420704649239,1,0,1.0,b34797ee12ca2d0f9e48866ddee9f81b75ce066a515a4cd8dc37dbf54e2ef6fd,JNU_OVERNIGHT_OVERREACTION_G1_V1
2017-11-22,0.01108658805634055,-0.0026495930713938166,0.0026495930713938166,1,1,1.0,b34797ee12ca2d0f9e48866ddee9f81b75ce066a515a4cd8dc37dbf54e2ef6fd,JNU_OVERNIGHT_OVERREACTION_G1_V1
2017-11-24,-0.00733907441797029,0.0008924587830197916,0.0008924587830197916,1,1,1.0,b34797ee12ca2d0f9e48866ddee9f81b75ce066a515a4cd8dc37dbf54e2ef6fd,JNU_OVERNIGHT_OVERREACTION_G1_V1
2017-11-27,0.005082322286482798,-0.010190606576225805,0.010190606576225805,1,1,1.0,b34797ee12ca2d0f9e48866ddee9f81b75ce066a515a4cd8dc37dbf54e2ef6fd,JNU_OVERNIGHT_OVERREACTION_G1_V1
2017-11-28,-0.0020015574345988384,0.0015571129828383797,0.0015571129828383797,1,1,1.0,b34797ee12ca2d0f9e48866ddee9f81b75ce066a515a4cd8dc37dbf54e2ef6fd,JNU_OVERNIGHT_OVERREACTION_G1_V1
2017-11-29,0.005096963943078402,-0.0011058278247313823,0.0011058278247313823,1,1,1.0,b34797ee12ca2d0f9e48866ddee9f81b75ce066a515a4cd8dc37dbf54e2ef6fd,JNU_OVERNIGHT_OVERREACTION_G1_V1
2017-11-30,0.0006629101999474445,-0.0028757900584775492,0.0028757900584775492,1,1,1.0,b34797ee12ca2d0f9e48866ddee9f81b75ce066a515a4cd8dc37dbf54e2ef6fd,JNU_OVERNIGHT_OVERREACTION_G1_V1
2017-12-01,0.006570325870100108,-0.0061309585519600035,0.0061309585519600035,1,1,1.0,b34797ee12ca2d0f9e48866ddee9f81b75ce066a515a4cd8dc37dbf54e2ef6fd,JNU_OVERNIGHT_OVERREACTION_G1_V1
2017-12-04,-0.0006573901847355222,-0.0013160782772605449,-0.0013160782772605449,1,0,1.0,b34797ee12ca2d0f9e48866ddee9f81b75ce066a515a4cd8dc37dbf54e2ef6fd,JNU_OVERNIGHT_OVERREACTION_G1_V1
2017-12-05,-0.00617830738453992,-0.00044277175839590495,-0.00044277175839590495,1,0,1.0,b34797ee12ca2d0f9e48866ddee9f81b75ce066a515a4cd8dc37dbf54e2ef6fd,JNU_OVERNIGHT_OVERREACTION_G1_V1
2017-12-06,-0.0044326313712376225,-0.0028917826847454655,-0.0028917826847454655,1,0,1.0,b34797ee12ca2d0f9e48866ddee9f81b75ce066a515a4cd8dc37dbf54e2ef6fd,JNU_OVERNIGHT_OVERREACTION_G1_V1
2017-12-07,0.006962408810181805,0.005357155669242365,-0.005357155669242365,1,0,1.0,b34797ee12ca2d0f9e48866ddee9f81b75ce066a515a4cd8dc37dbf54e2ef6fd,JNU_OVERNIGHT_OVERREACTION_G1_V1
2017-12-08,0.001992694116710297,0.0028713437728692197,-0.0028713437728692197,1,0,1.0,b34797ee12ca2d0f9e48866ddee9f81b75ce066a515a4cd8dc37dbf54e2ef6fd,JNU_OVERNIGHT_OVERREACTION_G1_V1
2017-12-11,0.0035041647770968297,-0.0030654720742947167,0.0030654720742947167,1,1,1.0,b34797ee12ca2d0f9e48866ddee9f81b75ce066a515a4cd8dc37dbf54e2ef6fd,JNU_OVERNIGHT_OVERREACTION_G1_V1
2017-12-12,0.0004368720034533422,0.0013094720334698572,-0.0013094720334698572,1,0,1.0,b34797ee12ca2d0f9e48866ddee9f81b75ce066a515a4cd8dc37dbf54e2ef6fd,JNU_OVERNIGHT_OVERREACTION_G1_V1
2017-12-13,0.0015315613977274802,-0.003504164777096934,0.003504164777096934,1,1,1.0,b34797ee12ca2d0f9e48866ddee9f81b75ce066a515a4cd8dc37dbf54e2ef6fd,JNU_OVERNIGHT_OVERREACTION_G1_V1
2017-12-14,-0.0013218772579158245,0.00022043425637594886,0.00022043425637594886,1,1,1.0,b34797ee12ca2d0f9e48866ddee9f81b75ce066a515a4cd8dc37dbf54e2ef6fd,JNU_OVERNIGHT_OVERREACTION_G1_V1
2017-12-15,-0.0028745182866612203,-0.004660978363831954,-0.004660978363831954,1,0,1.0,b34797ee12ca2d0f9e48866ddee9f81b75ce066a515a4cd8dc37dbf54e2ef6fd,JNU_OVERNIGHT_OVERREACTION_G1_V1
2017-12-18,0.009495489254347816,0.0,-0.0,0,0,1.0,b34797ee12ca2d0f9e48866ddee9f81b75ce066a515a4cd8dc37dbf54e2ef6fd,JNU_OVERNIGHT_OVERREACTION_G1_V1
2017-12-19,0.002182453943529993,-0.0024009615375381503,0.0024009615375381503,1,1,1.0,b34797ee12ca2d0f9e48866ddee9f81b75ce066a515a4cd8dc37dbf54e2ef6fd,JNU_OVERNIGHT_OVERREACTION_G1_V1
2017-12-20,-0.000657678418970823,0.0019717390548396616,0.0019717390548396616,1,1,1.0,b34797ee12ca2d0f9e48866ddee9f81b75ce066a515a4cd8dc37dbf54e2ef6fd,JNU_OVERNIGHT_OVERREACTION_G1_V1
2017-12-21,-0.0015325673497781163,-0.0013155011763366993,-0.0013155011763366993,1,0,1.0,b34797ee12ca2d0f9e48866ddee9f81b75ce066a515a4cd8dc37dbf54e2ef6fd,JNU_OVERNIGHT_OVERREACTION_G1_V1
2017-12-22,-0.00021917808306921952,0.0010954103406656686,0.0010954103406656686,1,1,1.0,b34797ee12ca2d0f9e48866ddee9f81b75ce066a515a4cd8dc37dbf54e2ef6fd,JNU_OVERNIGHT_OVERREACTION_G1_V1
2017-12-25,0.0004374453263108221,-0.00043744532631082787,0.00043744532631082787,1,1,1.0,b34797ee12ca2d0f9e48866ddee9f81b75ce066a515a4cd8dc37dbf54e2ef6fd,JNU_OVERNIGHT_OVERREACTION_G1_V1
2017-12-26,0.00043696745287815736,-0.00043696745287815004,0.00043696745287815004,1,1,1.0,b34797ee12ca2d0f9e48866ddee9f81b75ce066a515a4cd8dc37dbf54e2ef6fd,JNU_OVERNIGHT_OVERREACTION_G1_V1
2017-12-27,0.00043734966802507484,0.001310902525504143,-0.001310902525504143,1,0,1.0,b34797ee12ca2d0f9e48866ddee9f81b75ce066a515a4cd8dc37dbf54e2ef6fd,JNU_OVERNIGHT_OVERREACTION_G1_V1
2017-12-28,0.001964422764207764,-0.000872600404408924,0.000872600404408924,1,1,1.0,b34797ee12ca2d0f9e48866ddee9f81b75ce066a515a4cd8dc37dbf54e2ef6fd,JNU_OVERNIGHT_OVERREACTION_G1_V1
2017-12-29,0.002194908695058541,0.0006575342702659139,-0.0006575342702659139,1,0,1.0,b34797ee12ca2d0f9e48866ddee9f81b75ce066a515a4cd8dc37dbf54e2ef6fd,JNU_OVERNIGHT_OVERREACTION_G1_V1
2018-01-04,0.014828008269617634,0.009693129205659751,-0.009693129205659751,1,0,1.0,339df2f7d1229e397d34f9c8be19d481e01c86be8edf0415213f1f27a125b2ac,JNU_OVERNIGHT_OVERREACTION_G1_V1
2018-01-05,0.008713263074330655,-0.0033912707363896667,0.0033912707363896667,1,1,1.0,339df2f7d1229e397d34f9c8be19d481e01c86be8edf0415213f1f27a125b2ac,JNU_OVERNIGHT_OVERREACTION_G1_V1
2018-01-09,0.009243763299539246,-0.0027222297200457067,0.0027222297200457067,1,1,1.0,339df2f7d1229e397d34f9c8be19d481e01c86be8edf0415213f1f27a125b2ac,JNU_OVERNIGHT_OVERREACTION_G1_V1
2018-01-10,-0.0016796140837151941,-0.0008408661416197577,-0.0008408661416197577,1,0,1.0,339df2f7d1229e397d34f9c8be19d481e01c86be8edf0415213f1f27a125b2ac,JNU_OVERNIGHT_OVERREACTION_G1_V1
2018-01-11,-0.007384778786823295,0.0033826670732726456,0.0033826670732726456,1,1,1.0,339df2f7d1229e397d34f9c8be19d481e01c86be8edf0415213f1f27a125b2ac,JNU_OVERNIGHT_OVERREACTION_G1_V1
2018-01-12,0.004430854384811009,-0.0037966719304095356,0.0037966719304095356,1,1,1.0,339df2f7d1229e397d34f9c8be19d481e01c86be8edf0415213f1f27a125b2ac,JNU_OVERNIGHT_OVERREACTION_G1_V1
2018-01-15,0.006533904581589944,-0.0037886806001148853,0.0037886806001148853,1,1,1.0,339df2f7d1229e397d34f9c8be19d481e01c86be8edf0415213f1f27a125b2ac,JNU_OVERNIGHT_OVERREACTION_G1_V1
2018-01-16,-0.0010545187099730363,0.004421525257877477,0.004421525257877477,1,1,1.0,339df2f7d1229e397d34f9c8be19d481e01c86be8edf0415213f1f27a125b2ac,JNU_OVERNIGHT_OVERREACTION_G1_V1
2018-01-17,-0.009023248714947614,0.00420698979762938,0.00420698979762938,1,1,1.0,339df2f7d1229e397d34f9c8be19d481e01c86be8edf0415213f1f27a125b2ac,JNU_OVERNIGHT_OVERREACTION_G1_V1
2018-01-18,0.01210112826592561,-0.006658368336155434,0.006658368336155434,1,1,1.0,339df2f7d1229e397d34f9c8be19d481e01c86be8edf0415213f1f27a125b2ac,JNU_OVERNIGHT_OVERREACTION_G1_V1
2018-01-19,0.0025204802253349316,-0.0012594460103069487,0.0012594460103069487,1,1,1.0,339df2f7d1229e397d34f9c8be19d481e01c86be8edf0415213f1f27a125b2ac,JNU_OVERNIGHT_OVERREACTION_G1_V1
2018-01-22,-0.0010509722459750043,-0.0010520779508037803,-0.0010520779508037803,1,0,1.0,339df2f7d1229e397d34f9c8be19d481e01c86be8edf0415213f1f27a125b2ac,JNU_OVERNIGHT_OVERREACTION_G1_V1
2018-01-23,0.0048202964548311866,0.005005224213663873,-0.005005224213663873,1,0,1.0,339df2f7d1229e397d34f9c8be19d481e01c86be8edf0415213f1f27a125b2ac,JNU_OVERNIGHT_OVERREACTION_G1_V1
2018-01-24,-0.004362736742196959,-0.0004164931338839909,-0.0004164931338839909,1,0,1.0,339df2f7d1229e397d34f9c8be19d481e01c86be8edf0415213f1f27a125b2ac,JNU_OVERNIGHT_OVERREACTION_G1_V1
2018-01-25,-0.006721302345933551,0.002525785388253299,0.002525785388253299,1,1,1.0,339df2f7d1229e397d34f9c8be19d481e01c86be8edf0415213f1f27a125b2ac,JNU_OVERNIGHT_OVERREACTION_G1_V1
2018-01-26,0.0019005390579741393,-0.0006331117653704004,0.0006331117653704004,1,1,1.0,339df2f7d1229e397d34f9c8be19d481e01c86be8edf0415213f1f27a125b2ac,JNU_OVERNIGHT_OVERREACTION_G1_V1
2018-01-29,0.004011406202472612,-0.00042149631814754725,0.00042149631814754725,1,1,1.0,339df2f7d1229e397d34f9c8be19d481e01c86be8edf0415213f1f27a125b2ac,JNU_OVERNIGHT_OVERREACTION_G1_V1
2018-01-30,-0.0019081952148641158,-0.005533106263681692,-0.005533106263681692,1,0,1.0,339df2f7d1229e397d34f9c8be19d481e01c86be8edf0415213f1f27a125b2ac,JNU_OVERNIGHT_OVERREACTION_G1_V1
2018-01-31,-0.0045156511524400336,0.0015074838646772727,0.0015074838646772727,1,1,1.0,339df2f7d1229e397d34f9c8be19d481e01c86be8edf0415213f1f27a125b2ac,JNU_OVERNIGHT_OVERREACTION_G1_V1
2018-02-01,0.007329198576947807,0.004072452311513608,-0.004072452311513608,1,0,1.0,339df2f7d1229e397d34f9c8be19d481e01c86be8edf0415213f1f27a125b2ac,JNU_OVERNIGHT_OVERREACTION_G1_V1
2018-02-02,-0.007917020062198653,-0.006033200804167809,-0.006033200804167809,1,0,1.0,339df2f7d1229e397d34f9c8be19d481e01c86be8edf0415213f1f27a125b2ac,JNU_OVERNIGHT_OVERREACTION_G1_V1
2018-02-05,-0.020628242039018946,-0.0035164871401257374,-0.0035164871401257374,1,0,1.0,339df2f7d1229e397d34f9c8be19d481e01c86be8edf0415213f1f27a125b2ac,JNU_OVERNIGHT_OVERREACTION_G1_V1
2018-02-06,-0.04218512034150806,-0.0069364439966570985,-0.0069364439966570985,1,0,1.0,339df2f7d1229e397d34f9c8be19d481e01c86be8edf0415213f1f27a125b2ac,JNU_OVERNIGHT_OVERREACTION_G1_V1
2018-02-07,0.033691739456846774,0.004048588526000111,-0.004048588526000111,1,0,1.0,339df2f7d1229e397d34f9c8be19d481e01c86be8edf0415213f1f27a125b2ac,JNU_OVERNIGHT_OVERREACTION_G1_V1
2018-02-08,0.005313631538973061,0.002071585503187842,-0.002071585503187842,1,0,1.0,339df2f7d1229e397d34f9c8be19d481e01c86be8edf0415213f1f27a125b2ac,JNU_OVERNIGHT_OVERREACTION_G1_V1
2018-02-09,-0.03486293109267998,0.007305322933085248,0.007305322933085248,1,1,1.0,339df2f7d1229e397d34f9c8be19d481e01c86be8edf0415213f1f27a125b2ac,JNU_OVERNIGHT_OVERREACTION_G1_V1
2018-02-13,0.013023439886286604,-0.0034718238784742753,0.0034718238784742753,1,1,1.0,339df2f7d1229e397d34f9c8be19d481e01c86be8edf0415213f1f27a125b2ac,JNU_OVERNIGHT_OVERREACTION_G1_V1
2018-02-14,0.0,-0.00047147572773419355,0.0,0,0,1.0,339df2f7d1229e397d34f9c8be19d481e01c86be8edf0415213f1f27a125b2ac,JNU_OVERNIGHT_OVERREACTION_G1_V1
2018-02-15,0.011060237468022975,0.004669632580535698,-0.004669632580535698,1,0,1.0,339df2f7d1229e397d34f9c8be19d481e01c86be8edf0415213f1f27a125b2ac,JNU_OVERNIGHT_OVERREACTION_G1_V1
2018-02-16,0.0020952166901291565,0.008798389705165992,-0.008798389705165992,1,0,1.0,339df2f7d1229e397d34f9c8be19d481e01c86be8edf0415213f1f27a125b2ac,JNU_OVERNIGHT_OVERREACTION_G1_V1
2018-02-19,0.007115833996835708,0.005246960822848216,-0.005246960822848216,1,0,1.0,339df2f7d1229e397d34f9c8be19d481e01c86be8edf0415213f1f27a125b2ac,JNU_OVERNIGHT_OVERREACTION_G1_V1
2018-02-20,-0.006801205087483024,-0.00455997142169483,-0.00455997142169483,1,0,1.0,339df2f7d1229e397d34f9c8be19d481e01c86be8edf0415213f1f27a125b2ac,JNU_OVERNIGHT_OVERREACTION_G1_V1
2018-02-21,-0.0006851661795965015,0.004331478332616638,0.004331478332616638,1,1,1.0,339df2f7d1229e397d34f9c8be19d481e01c86be8edf0415213f1f27a125b2ac,JNU_OVERNIGHT_OVERREACTION_G1_V1
2018-02-22,-0.006398559307642705,-0.007132205546947673,-0.007132205546947673,1,0,1.0,339df2f7d1229e397d34f9c8be19d481e01c86be8edf0415213f1f27a125b2ac,JNU_OVERNIGHT_OVERREACTION_G1_V1
2018-02-23,0.0029957390764655633,0.0009199632663547971,-0.0009199632663547971,1,0,1.0,339df2f7d1229e397d34f9c8be19d481e01c86be8edf0415213f1f27a125b2ac,JNU_OVERNIGHT_OVERREACTION_G1_V1
2018-02-26,0.01089434288376957,-0.0015813851708545172,0.0015813851708545172,1,1,1.0,339df2f7d1229e397d34f9c8be19d481e01c86be8edf0415213f1f27a125b2ac,JNU_OVERNIGHT_OVERREACTION_G1_V1
2018-02-27,0.00964890241502019,0.00334411191145979,-0.00334411191145979,1,0,1.0,339df2f7d1229e397d34f9c8be19d481e01c86be8edf0415213f1f27a125b2ac,JNU_OVERNIGHT_OVERREACTION_G1_V1
2018-02-28,-0.005378766889788988,0.0008984726570270302,0.0008984726570270302,1,1,1.0,339df2f7d1229e397d34f9c8be19d481e01c86be8edf0415213f1f27a125b2ac,JNU_OVERNIGHT_OVERREACTION_G1_V1
2018-03-01,-0.00749918296867501,-0.008705667811476567,-0.008705667811476567,1,0,1.0,339df2f7d1229e397d34f9c8be19d481e01c86be8edf0415213f1f27a125b2ac,JNU_OVERNIGHT_OVERREACTION_G1_V1
2018-03-02,-0.022619595609362782,-0.00449120244350474,-0.00449120244350474,1,0,1.0,339df2f7d1229e397d34f9c8be19d481e01c86be8edf0415213f1f27a125b2ac,JNU_OVERNIGHT_OVERREACTION_G1_V1
2018-03-05,-0.007346875089313056,0.0033246290418781,0.0033246290418781,1,1,1.0,339df2f7d1229e397d34f9c8be19d481e01c86be8edf0415213f1f27a125b2ac,JNU_OVERNIGHT_OVERREACTION_G1_V1
2018-03-06,0.017891249357095153,0.004423240828308846,-0.004423240828308846,1,0,1.0,339df2f7d1229e397d34f9c8be19d481e01c86be8edf0415213f1f27a125b2ac,JNU_OVERNIGHT_OVERREACTION_G1_V1
2018-03-07,-0.005608801803524702,0.003976148379639417,0.003976148379639417,1,1,1.0,339df2f7d1229e397d34f9c8be19d481e01c86be8edf0415213f1f27a125b2ac,JNU_OVERNIGHT_OVERREACTION_G1_V1
2018-03-08,0.013815932207063104,-0.003494470649773589,0.003494470649773589,1,1,1.0,339df2f7d1229e397d34f9c8be19d481e01c86be8edf0415213f1f27a125b2ac,JNU_OVERNIGHT_OVERREACTION_G1_V1
2018-03-09,0.006070529966030429,0.007652211253280015,-0.007652211253280015,1,0,1.0,339df2f7d1229e397d34f9c8be19d481e01c86be8edf0415213f1f27a125b2ac,JNU_OVERNIGHT_OVERREACTION_G1_V1
2018-03-12,0.01950375267185881,-0.0041474713830117575,0.0041474713830117575,1,1,1.0,339df2f7d1229e397d34f9c8be19d481e01c86be8edf0415213f1f27a125b2ac,JNU_OVERNIGHT_OVERREACTION_G1_V1
2018-03-13,-0.004620012837649564,0.0004629629712320226,0.0004629629712320226,1,1,1.0,339df2f7d1229e397d34f9c8be19d481e01c86be8edf0415213f1f27a125b2ac,JNU_OVERNIGHT_OVERREACTION_G1_V1
2018-03-14,-0.010381913528609026,0.002547772078798783,0.002547772078798783,1,1,1.0,339df2f7d1229e397d34f9c8be19d481e01c86be8edf0415213f1f27a125b2ac,JNU_OVERNIGHT_OVERREACTION_G1_V1
2018-03-15,-0.003014495036392829,-0.004888846892428186,-0.004888846892428186,1,0,1.0,339df2f7d1229e397d34f9c8be19d481e01c86be8edf0415213f1f27a125b2ac,JNU_OVERNIGHT_OVERREACTION_G1_V1
2018-03-16,0.0011551347016226668,-0.004628566467492015,0.004628566467492015,1,1,1.0,339df2f7d1229e397d34f9c8be19d481e01c86be8edf0415213f1f27a125b2ac,JNU_OVERNIGHT_OVERREACTION_G1_V1
2018-03-19,-0.003502630551202112,-0.006335818449085783,-0.006335818449085783,1,0,1.0,339df2f7d1229e397d34f9c8be19d481e01c86be8edf0415213f1f27a125b2ac,JNU_OVERNIGHT_OVERREACTION_G1_V1
2018-03-20,-0.010159567598254711,0.004501843878395956,0.004501843878395956,1,1,1.0,339df2f7d1229e397d34f9c8be19d481e01c86be8edf0415213f1f27a125b2ac,JNU_OVERNIGHT_OVERREACTION_G1_V1
2018-03-22,0.0007084662003734174,0.009398565423638785,-0.009398565423638785,1,0,1.0,339df2f7d1229e397d34f9c8be19d481e01c86be8edf0415213f1f27a125b2ac,JNU_OVERNIGHT_OVERREACTION_G1_V1
2018-03-23,-0.03255604140754859,-0.004599935480542715,-0.004599935480542715,1,0,1.0,339df2f7d1229e397d34f9c8be19d481e01c86be8edf0415213f1f27a125b2ac,JNU_OVERNIGHT_OVERREACTION_G1_V1
2018-03-26,-0.005174337034388471,0.0,0.0,0,0,1.0,339df2f7d1229e397d34f9c8be19d481e01c86be8edf0415213f1f27a125b2ac,JNU_OVERNIGHT_OVERREACTION_G1_V1
2018-03-27,0.009680617710723496,0.009587801155153612,-0.009587801155153612,1,0,1.0,339df2f7d1229e397d34f9c8be19d481e01c86be8edf0415213f1f27a125b2ac,JNU_OVERNIGHT_OVERREACTION_G1_V1
2018-03-28,-0.018638532390372473,0.007927969452190516,0.007927969452190516,1,1,1.0,339df2f7d1229e397d34f9c8be19d481e01c86be8edf0415213f1f27a125b2ac,JNU_OVERNIGHT_OVERREACTION_G1_V1
2018-03-29,0.013949865651753853,-0.006123429402289848,0.006123429402289848,1,1,1.0,339df2f7d1229e397d34f9c8be19d481e01c86be8edf0415213f1f27a125b2ac,JNU_OVERNIGHT_OVERREACTION_G1_V1
2018-03-30,0.01173722394572542,-0.003272560190413705,0.003272560190413705,1,1,1.0,339df2f7d1229e397d34f9c8be19d481e01c86be8edf0415213f1f27a125b2ac,JNU_OVERNIGHT_OVERREACTION_G1_V1
2018-04-02,-0.001866542772434553,0.0062856684662099885,0.0062856684662099885,1,1,1.0,339df2f7d1229e397d34f9c8be19d481e01c86be8edf0415213f1f27a125b2ac,JNU_OVERNIGHT_OVERREACTION_G1_V1
2018-04-03,-0.016256689740389744,0.0071006215495763685,0.0071006215495763685,1,1,1.0,339df2f7d1229e397d34f9c8be19d481e01c86be8edf0415213f1f27a125b2ac,JNU_OVERNIGHT_OVERREACTION_G1_V1
2018-04-04,0.006555865203727912,-0.007731091570041594,0.007731091570041594,1,1,1.0,339df2f7d1229e397d34f9c8be19d481e01c86be8edf0415213f1f27a125b2ac,JNU_OVERNIGHT_OVERREACTION_G1_V1
2018-04-05,0.00909203139316784,-0.0006964596915296267,0.0006964596915296267,1,1,1.0,339df2f7d1229e397d34f9c8be19d481e01c86be8edf0415213f1f27a125b2ac,JNU_OVERNIGHT_OVERREACTION_G1_V1
2018-04-06,0.0004621072170957034,-0.0018497115100473704,0.0018497115100473704,1,1,1.0,339df2f7d1229e397d34f9c8be19d481e01c86be8edf0415213f1f27a125b2ac,JNU_OVERNIGHT_OVERREACTION_G1_V1
2018-04-09,-0.003942034090312796,0.0013930812561730908,0.0013930812561730908,1,1,1.0,339df2f7d1229e397d34f9c8be19d481e01c86be8edf0415213f1f27a125b2ac,JNU_OVERNIGHT_OVERREACTION_G1_V1
2018-04-10,-0.00508084233889242,0.00300543516018005,0.00300543516018005,1,1,1.0,339df2f7d1229e397d34f9c8be19d481e01c86be8edf0415213f1f27a125b2ac,JNU_OVERNIGHT_OVERREACTION_G1_V1
2018-04-11,-0.0006870491510383883,-0.002523226479209822,-0.002523226479209822,1,0,1.0,339df2f7d1229e397d34f9c8be19d481e01c86be8edf0415213f1f27a125b2ac,JNU_OVERNIGHT_OVERREACTION_G1_V1
2018-04-12,-0.000692121379572735,0.0,0.0,0,0,1.0,339df2f7d1229e397d34f9c8be19d481e01c86be8edf0415213f1f27a125b2ac,JNU_OVERNIGHT_OVERREACTION_G1_V1
2018-04-13,0.004604059698188382,0.004582959442220386,-0.004582959442220386,1,0,1.0,339df2f7d1229e397d34f9c8be19d481e01c86be8edf0415213f1f27a125b2ac,JNU_OVERNIGHT_OVERREACTION_G1_V1
2018-04-16,-0.0004581901569277869,0.0,0.0,0,0,1.0,339df2f7d1229e397d34f9c8be19d481e01c86be8edf0415213f1f27a125b2ac,JNU_OVERNIGHT_OVERREACTION_G1_V1
2018-04-17,-0.0011450819984744373,-0.0020644576663582668,-0.0020644576663582668,1,0,1.0,339df2f7d1229e397d34f9c8be19d481e01c86be8edf0415213f1f27a125b2ac,JNU_OVERNIGHT_OVERREACTION_G1_V1
2018-04-18,0.0034266167166475134,0.007950070265460303,-0.007950070265460303,1,0,1.0,339df2f7d1229e397d34f9c8be19d481e01c86be8edf0415213f1f27a125b2ac,JNU_OVERNIGHT_OVERREACTION_G1_V1
2018-04-19,0.0018022081922285367,0.004043132192356325,-0.004043132192356325,1,0,1.0,339df2f7d1229e397d34f9c8be19d481e01c86be8edf0415213f1f27a125b2ac,JNU_OVERNIGHT_OVERREACTION_G1_V1
2018-04-20,-0.0022558096640117814,0.0009029345985922825,0.0009029345985922825,1,1,1.0,339df2f7d1229e397d34f9c8be19d481e01c86be8edf0415213f1f27a125b2ac,JNU_OVERNIGHT_OVERREACTION_G1_V1
2018-04-23,-0.00045136538793842185,-0.0006774303070403089,-0.0006774303070403089,1,0,1.0,339df2f7d1229e397d34f9c8be19d481e01c86be8edf0415213f1f27a125b2ac,JNU_OVERNIGHT_OVERREACTION_G1_V1
2018-04-24,0.0063120137428942635,-0.002024519868183667,0.002024519868183667,1,1,1.0,339df2f7d1229e397d34f9c8be19d481e01c86be8edf0415213f1f27a125b2ac,JNU_OVERNIGHT_OVERREACTION_G1_V1
2018-04-25,-0.007882036077487371,0.00112981596020078,0.00112981596020078,1,1,1.0,339df2f7d1229e397d34f9c8be19d481e01c86be8edf0415213f1f27a125b2ac,JNU_OVERNIGHT_OVERREACTION_G1_V1
2018-04-26,0.004714342551078832,0.0008954556228521659,-0.0008954556228521659,1,0,1.0,339df2f7d1229e397d34f9c8be19d481e01c86be8edf0415213f1f27a125b2ac,JNU_OVERNIGHT_OVERREACTION_G1_V1
2018-04-27,0.004695369162961676,-0.00022308979456722082,0.00022308979456722082,1,1,1.0,339df2f7d1229e397d34f9c8be19d481e01c86be8edf0415213f1f27a125b2ac,JNU_OVERNIGHT_OVERREACTION_G1_V1
2018-05-01,-0.0011127184857889025,0.0008902738179826498,0.0008902738179826498,1,1,1.0,339df2f7d1229e397d34f9c8be19d481e01c86be8edf0415213f1f27a125b2ac,JNU_OVERNIGHT_OVERREACTION_G1_V1
2018-05-02,0.003772333331824794,-0.005107149992751969,0.005107149992751969,1,1,1.0,339df2f7d1229e397d34f9c8be19d481e01c86be8edf0415213f1f27a125b2ac,JNU_OVERNIGHT_OVERREACTION_G1_V1
2018-05-07,0.0020011123965175226,-0.006462418033829422,0.006462418033829422,1,1,1.0,339df2f7d1229e397d34f9c8be19d481e01c86be8edf0415213f1f27a125b2ac,JNU_OVERNIGHT_OVERREACTION_G1_V1
2018-05-08,-0.0013368985948415196,0.0037832469737809973,0.0037832469737809973,1,1,1.0,339df2f7d1229e397d34f9c8be19d481e01c86be8edf0415213f1f27a125b2ac,JNU_OVERNIGHT_OVERREACTION_G1_V1
2018-05-09,-0.002223211231411751,-0.0017821345772634346,-0.0017821345772634346,1,0,1.0,339df2f7d1229e397d34f9c8be19d481e01c86be8edf0415213f1f27a125b2ac,JNU_OVERNIGHT_OVERREACTION_G1_V1
2018-05-10,0.0037849316029716284,-0.0031159606782574516,0.0031159606782574516,1,1,1.0,339df2f7d1229e397d34f9c8be19d481e01c86be8edf0415213f1f27a125b2ac,JNU_OVERNIGHT_OVERREACTION_G1_V1
2018-05-11,0.0008882967495055231,0.005754774624699842,-0.005754774624699842,1,0,1.0,339df2f7d1229e397d34f9c8be19d481e01c86be8edf0415213f1f27a125b2ac,JNU_OVERNIGHT_OVERREACTION_G1_V1
2018-05-14,0.00021985269957745947,0.0028536952743293174,-0.0028536952743293174,1,0,1.0,339df2f7d1229e397d34f9c8be19d481e01c86be8edf0415213f1f27a125b2ac,JNU_OVERNIGHT_OVERREACTION_G1_V1
2018-05-15,0.0015305567653917241,-0.00021850759400824548,0.00021850759400824548,1,1,1.0,339df2f7d1229e397d34f9c8be19d481e01c86be8edf0415213f1f27a125b2ac,JNU_OVERNIGHT_OVERREACTION_G1_V1
2018-05-16,-0.00483092726966558,0.0008800880656072492,0.0008800880656072492,1,1,1.0,339df2f7d1229e397d34f9c8be19d481e01c86be8edf0415213f1f27a125b2ac,JNU_OVERNIGHT_OVERREACTION_G1_V1
2018-05-17,0.0032934490193227846,-0.00021922613263293853,0.00021922613263293853,1,1,1.0,339df2f7d1229e397d34f9c8be19d481e01c86be8edf0415213f1f27a125b2ac,JNU_OVERNIGHT_OVERREACTION_G1_V1
2018-05-18,0.003276900802314791,-0.00043630018144113884,0.00043630018144113884,1,1,1.0,339df2f7d1229e397d34f9c8be19d481e01c86be8edf0415213f1f27a125b2ac,JNU_OVERNIGHT_OVERREACTION_G1_V1
2018-05-21,-0.00021812629598977297,0.0043535114471978395,0.0043535114471978395,1,1,1.0,339df2f7d1229e397d34f9c8be19d481e01c86be8edf0415213f1f27a125b2ac,JNU_OVERNIGHT_OVERREACTION_G1_V1
2018-05-22,0.0006519613400549868,-0.0013043480110133952,0.0013043480110133952,1,1,1.0,339df2f7d1229e397d34f9c8be19d481e01c86be8edf0415213f1f27a125b2ac,JNU_OVERNIGHT_OVERREACTION_G1_V1
2018-05-23,-0.0023967763952119654,-0.010305978730611634,-0.010305978730611634,1,0,1.0,339df2f7d1229e397d34f9c8be19d481e01c86be8edf0415213f1f27a125b2ac,JNU_OVERNIGHT_OVERREACTION_G1_V1
2018-05-24,-0.0030877836619925695,-0.010659661228658537,-0.010659661228658537,1,0,1.0,339df2f7d1229e397d34f9c8be19d481e01c86be8edf0415213f1f27a125b2ac,JNU_OVERNIGHT_OVERREACTION_G1_V1
2018-05-25,-0.004691173575880166,0.00647251450561752,0.00647251450561752,1,1,1.0,339df2f7d1229e397d34f9c8be19d481e01c86be8edf0415213f1f27a125b2ac,JNU_OVERNIGHT_OVERREACTION_G1_V1
2018-05-28,0.001780547988775301,-0.0015578060344074104,0.0015578060344074104,1,1,1.0,339df2f7d1229e397d34f9c8be19d481e01c86be8edf0415213f1f27a125b2ac,JNU_OVERNIGHT_OVERREACTION_G1_V1
2018-05-29,-0.0026714174391073726,-0.005140250450883705,-0.005140250450883705,1,0,1.0,339df2f7d1229e397d34f9c8be19d481e01c86be8edf0415213f1f27a125b2ac,JNU_OVERNIGHT_OVERREACTION_G1_V1
2018-05-30,-0.01579455217130856,0.0027254161771274065,0.0027254161771274065,1,1,1.0,339df2f7d1229e397d34f9c8be19d481e01c86be8edf0415213f1f27a125b2ac,JNU_OVERNIGHT_OVERREACTION_G1_V1
2018-05-31,0.003619094653650889,-0.0011295607210275076,0.0011295607210275076,1,1,1.0,339df2f7d1229e397d34f9c8be19d481e01c86be8edf0415213f1f27a125b2ac,JNU_OVERNIGHT_OVERREACTION_G1_V1
2018-06-01,-0.004060461252201969,0.0056350876038709944,0.0056350876038709944,1,1,1.0,339df2f7d1229e397d34f9c8be19d481e01c86be8edf0415213f1f27a125b2ac,JNU_OVERNIGHT_OVERREACTION_G1_V1
2018-06-04,0.005837466060016371,0.005358351735619436,-0.005358351735619436,1,0,1.0,339df2f7d1229e397d34f9c8be19d481e01c86be8edf0415213f1f27a125b2ac,JNU_OVERNIGHT_OVERREACTION_G1_V1
2018-06-05,0.0028860048891348514,-0.0013309673659576543,0.0013309673659576543,1,1,1.0,339df2f7d1229e397d34f9c8be19d481e01c86be8edf0415213f1f27a125b2ac,JNU_OVERNIGHT_OVERREACTION_G1_V1
2018-06-06,0.00022185246901870696,0.001108524667334218,-0.001108524667334218,1,0,1.0,339df2f7d1229e397d34f9c8be19d481e01c86be8edf0415213f1f27a125b2ac,JNU_OVERNIGHT_OVERREACTION_G1_V1
2018-06-07,0.004627087686985257,0.003072873357398426,-0.003072873357398426,1,0,1.0,339df2f7d1229e397d34f9c8be19d481e01c86be8edf0415213f1f27a125b2ac,JNU_OVERNIGHT_OVERREACTION_G1_V1
2018-06-08,-0.007472562244149703,0.004841558753209364,0.004841558753209364,1,1,1.0,339df2f7d1229e397d34f9c8be19d481e01c86be8edf0415213f1f27a125b2ac,JNU_OVERNIGHT_OVERREACTION_G1_V1
2018-06-11,0.0002210677581679447,0.002869442427952739,-0.002869442427952739,1,0,1.0,339df2f7d1229e397d34f9c8be19d481e01c86be8edf0415213f1f27a125b2ac,JNU_OVERNIGHT_OVERREACTION_G1_V1
2018-06-12,0.0076528196821492945,-0.002835643736709997,0.002835643736709997,1,1,1.0,339df2f7d1229e397d34f9c8be19d481e01c86be8edf0415213f1f27a125b2ac,JNU_OVERNIGHT_OVERREACTION_G1_V1
2018-06-13,-0.0006562397698047596,0.0010934938213712896,0.0010934938213712896,1,1,1.0,339df2f7d1229e397d34f9c8be19d481e01c86be8edf0415213f1f27a125b2ac,JNU_OVERNIGHT_OVERREACTION_G1_V1
2018-06-14,-0.005690538446368095,0.0021925025226681434,0.0021925025226681434,1,1,1.0,339df2f7d1229e397d34f9c8be19d481e01c86be8edf0415213f1f27a125b2ac,JNU_OVERNIGHT_OVERREACTION_G1_V1
2018-06-15,0.0070268185484632486,-0.003946508082083541,0.003946508082083541,1,1,1.0,339df2f7d1229e397d34f9c8be19d481e01c86be8edf0415213f1f27a125b2ac,JNU_OVERNIGHT_OVERREACTION_G1_V1
2018-06-18,-0.001973901287907519,-0.005945189811039781,-0.005945189811039781,1,0,1.0,339df2f7d1229e397d34f9c8be19d481e01c86be8edf0415213f1f27a125b2ac,JNU_OVERNIGHT_OVERREACTION_G1_V1
2018-06-19,-0.003098033015587882,-0.00044336068117078705,-0.00044336068117078705,1,0,1.0,339df2f7d1229e397d34f9c8be19d481e01c86be8edf0415213f1f27a125b2ac,JNU_OVERNIGHT_OVERREACTION_G1_V1
2018-06-20,0.003374201829163223,-0.0022482023857939475,0.0022482023857939475,1,1,1.0,339df2f7d1229e397d34f9c8be19d481e01c86be8edf0415213f1f27a125b2ac,JNU_OVERNIGHT_OVERREACTION_G1_V1
2018-06-21,-0.0011122234491010277,0.0044414907568411845,0.0044414907568411845,1,1,1.0,339df2f7d1229e397d34f9c8be19d481e01c86be8edf0415213f1f27a125b2ac,JNU_OVERNIGHT_OVERREACTION_G1_V1
2018-06-22,-0.010213232649815508,0.002006465950157009,0.002006465950157009,1,1,1.0,339df2f7d1229e397d34f9c8be19d481e01c86be8edf0415213f1f27a125b2ac,JNU_OVERNIGHT_OVERREACTION_G1_V1
2018-06-25,0.0006674825033671009,-0.004681760864571305,0.004681760864571305,1,1,1.0,339df2f7d1229e397d34f9c8be19d481e01c86be8edf0415213f1f27a125b2ac,JNU_OVERNIGHT_OVERREACTION_G1_V1
2018-06-26,-0.006299233427987201,0.002254284092612854,0.002254284092612854,1,1,1.0,339df2f7d1229e397d34f9c8be19d481e01c86be8edf0415213f1f27a125b2ac,JNU_OVERNIGHT_OVERREACTION_G1_V1
2018-06-27,-0.0006728720675539447,-0.0031460700106473454,-0.0031460700106473454,1,0,1.0,339df2f7d1229e397d34f9c8be19d481e01c86be8edf0415213f1f27a125b2ac,JNU_OVERNIGHT_OVERREACTION_G1_V1
2018-06-28,-0.002477199780461991,-0.001353790820481672,-0.001353790820481672,1,0,1.0,339df2f7d1229e397d34f9c8be19d481e01c86be8edf0415213f1f27a125b2ac,JNU_OVERNIGHT_OVERREACTION_G1_V1
2018-06-29,0.0015717977862699673,-0.0044974215676463125,0.0044974215676463125,1,1,1.0,339df2f7d1229e397d34f9c8be19d481e01c86be8edf0415213f1f27a125b2ac,JNU_OVERNIGHT_OVERREACTION_G1_V1
2018-07-02,-0.002473857103333139,0.002922992525210646,0.002922992525210646,1,1,1.0,339df2f7d1229e397d34f9c8be19d481e01c86be8edf0415213f1f27a125b2ac,JNU_OVERNIGHT_OVERREACTION_G1_V1
2018-07-03,0.004128446230755849,-0.00504819796264379,0.00504819796264379,1,1,1.0,339df2f7d1229e397d34f9c8be19d481e01c86be8edf0415213f1f27a125b2ac,JNU_OVERNIGHT_OVERREACTION_G1_V1
2018-07-04,-0.0027630687622721833,-0.0011535357144849523,-0.0011535357144849523,1,0,1.0,339df2f7d1229e397d34f9c8be19d481e01c86be8edf0415213f1f27a125b2ac,JNU_OVERNIGHT_OVERREACTION_G1_V1
2018-07-05,-0.0011527378798082853,-0.0004614674747328633,-0.0004614674747328633,1,0,1.0,339df2f7d1229e397d34f9c8be19d481e01c86be8edf0415213f1f27a125b2ac,JNU_OVERNIGHT_OVERREACTION_G1_V1
2018-07-06,0.006947688901309662,0.0027656159595829248,-0.0027656159595829248,1,0,1.0,339df2f7d1229e397d34f9c8be19d481e01c86be8edf0415213f1f27a125b2ac,JNU_OVERNIGHT_OVERREACTION_G1_V1
2018-07-09,0.002520335851243153,0.006386883025070726,-0.006386883025070726,1,0,1.0,339df2f7d1229e397d34f9c8be19d481e01c86be8edf0415213f1f27a125b2ac,JNU_OVERNIGHT_OVERREACTION_G1_V1
2018-07-10,0.006778155187162521,0.0,-0.0,0,0,1.0,339df2f7d1229e397d34f9c8be19d481e01c86be8edf0415213f1f27a125b2ac,JNU_OVERNIGHT_OVERREACTION_G1_V1
2018-07-11,-0.0067873563733999885,-0.009580365246670311,-0.009580365246670311,1,0,1.0,339df2f7d1229e397d34f9c8be19d481e01c86be8edf0415213f1f27a125b2ac,JNU_OVERNIGHT_OVERREACTION_G1_V1
2018-07-12,0.005009117941855372,0.0056618880727736945,-0.0056618880727736945,1,0,1.0,339df2f7d1229e397d34f9c8be19d481e01c86be8edf0415213f1f27a125b2ac,JNU_OVERNIGHT_OVERREACTION_G1_V1
2018-07-13,0.008525965939276632,0.0035682464265178763,-0.0035682464265178763,1,0,1.0,339df2f7d1229e397d34f9c8be19d481e01c86be8edf0415213f1f27a125b2ac,JNU_OVERNIGHT_OVERREACTION_G1_V1
2018-07-17,-0.002657808873520946,0.006410986918702877,0.006410986918702877,1,1,1.0,339df2f7d1229e397d34f9c8be19d481e01c86be8edf0415213f1f27a125b2ac,JNU_OVERNIGHT_OVERREACTION_G1_V1
2018-07-18,0.008777760989678118,0.0013100438554818899,-0.0013100438554818899,1,0,1.0,339df2f7d1229e397d34f9c8be19d481e01c86be8edf0415213f1f27a125b2ac,JNU_OVERNIGHT_OVERREACTION_G1_V1
2018-07-19,0.0028480685261147295,0.0010932547278893552,-0.0010932547278893552,1,0,1.0,339df2f7d1229e397d34f9c8be19d481e01c86be8edf0415213f1f27a125b2ac,JNU_OVERNIGHT_OVERREACTION_G1_V1
2018-07-20,-0.0026391042368309227,-0.005520605828398444,-0.005520605828398444,1,0,1.0,339df2f7d1229e397d34f9c8be19d481e01c86be8edf0415213f1f27a125b2ac,JNU_OVERNIGHT_OVERREACTION_G1_V1
2018-07-23,-0.011517292316019062,-0.0033470967318571933,-0.0033470967318571933,1,0,1.0,339df2f7d1229e397d34f9c8be19d481e01c86be8edf0415213f1f27a125b2ac,JNU_OVERNIGHT_OVERREACTION_G1_V1
2018-07-24,0.004678631682472121,-0.0013345197710123468,0.0013345197710123468,1,1,1.0,339df2f7d1229e397d34f9c8be19d481e01c86be8edf0415213f1f27a125b2ac,JNU_OVERNIGHT_OVERREACTION_G1_V1
2018-07-25,0.002883444384408276,0.00022145941846683556,-0.00022145941846683556,1,0,1.0,339df2f7d1229e397d34f9c8be19d481e01c86be8edf0415213f1f27a125b2ac,JNU_OVERNIGHT_OVERREACTION_G1_V1
2018-07-26,0.00022131238333103072,-0.0008855435601939121,0.0008855435601939121,1,1,1.0,339df2f7d1229e397d34f9c8be19d481e01c86be8edf0415213f1f27a125b2ac,JNU_OVERNIGHT_OVERREACTION_G1_V1
2018-07-27,0.0022128798585300375,0.0008837826470076939,-0.0008837826470076939,1,0,1.0,339df2f7d1229e397d34f9c8be19d481e01c86be8edf0415213f1f27a125b2ac,JNU_OVERNIGHT_OVERREACTION_G1_V1
2018-07-30,-0.0048597400702344445,-0.000664525442551412,-0.000664525442551412,1,0,1.0,339df2f7d1229e397d34f9c8be19d481e01c86be8edf0415213f1f27a125b2ac,JNU_OVERNIGHT_OVERREACTION_G1_V1
2018-07-31,-0.00244580444323784,0.0006676310473868325,0.0006676310473868325,1,1,1.0,339df2f7d1229e397d34f9c8be19d481e01c86be8edf0415213f1f27a125b2ac,JNU_OVERNIGHT_OVERREACTION_G1_V1
2018-08-01,0.005314450063492446,-0.00022087244706027467,0.00022087244706027467,1,1,1.0,339df2f7d1229e397d34f9c8be19d481e01c86be8edf0415213f1f27a125b2ac,JNU_OVERNIGHT_OVERREACTION_G1_V1
2018-08-02,-0.0044052934679163795,0.0002207261900584279,0.0002207261900584279,1,1,1.0,339df2f7d1229e397d34f9c8be19d481e01c86be8edf0415213f1f27a125b2ac,JNU_OVERNIGHT_OVERREACTION_G1_V1
2018-08-03,0.004879140307015855,-0.004434597067865753,0.004434597067865753,1,1,1.0,339df2f7d1229e397d34f9c8be19d481e01c86be8edf0415213f1f27a125b2ac,JNU_OVERNIGHT_OVERREACTION_G1_V1
2018-08-06,0.002220249579911791,-0.0004436557304358815,0.0004436557304358815,1,1,1.0,339df2f7d1229e397d34f9c8be19d481e01c86be8edf0415213f1f27a125b2ac,JNU_OVERNIGHT_OVERREACTION_G1_V1
2018-08-07,0.0015543469322371259,0.0008871147177476788,-0.0008871147177476788,1,0,1.0,339df2f7d1229e397d34f9c8be19d481e01c86be8edf0415213f1f27a125b2ac,JNU_OVERNIGHT_OVERREACTION_G1_V1
2018-08-08,0.0008837826470076939,0.0035273405179684406,-0.0035273405179684406,1,0,1.0,339df2f7d1229e397d34f9c8be19d481e01c86be8edf0415213f1f27a125b2ac,JNU_OVERNIGHT_OVERREACTION_G1_V1
2018-08-09,-0.0026548688160017175,0.0,0.0,0,0,1.0,339df2f7d1229e397d34f9c8be19d481e01c86be8edf0415213f1f27a125b2ac,JNU_OVERNIGHT_OVERREACTION_G1_V1
2018-08-10,-0.0017726572335199954,-0.004000005333346128,-0.004000005333346128,1,0,1.0,339df2f7d1229e397d34f9c8be19d481e01c86be8edf0415213f1f27a125b2ac,JNU_OVERNIGHT_OVERREACTION_G1_V1
2018-08-13,-0.007200751185582209,-0.008163310639160981,-0.008163310639160981,1,0,1.0,339df2f7d1229e397d34f9c8be19d481e01c86be8edf0415213f1f27a125b2ac,JNU_OVERNIGHT_OVERREACTION_G1_V1
2018-08-14,0.007286006730933313,0.0024923542979895176,-0.0024923542979895176,1,0,1.0,339df2f7d1229e397d34f9c8be19d481e01c86be8edf0415213f1f27a125b2ac,JNU_OVERNIGHT_OVERREACTION_G1_V1
2018-08-15,-0.0004479283389563693,-0.002467198739444505,-0.002467198739444505,1,0,1.0,339df2f7d1229e397d34f9c8be19d481e01c86be8edf0415213f1f27a125b2ac,JNU_OVERNIGHT_OVERREACTION_G1_V1
2018-08-16,-0.009740704494478095,0.008387219063401783,0.008387219063401783,1,1,1.0,339df2f7d1229e397d34f9c8be19d481e01c86be8edf0415213f1f27a125b2ac,JNU_OVERNIGHT_OVERREACTION_G1_V1
2018-08-17,0.004947165475556417,-0.0011222086241117512,0.0011222086241117512,1,1,1.0,339df2f7d1229e397d34f9c8be19d481e01c86be8edf0415213f1f27a125b2ac,JNU_OVERNIGHT_OVERREACTION_G1_V1
2018-08-20,-0.000674233085436055,-0.0013498314760455993,-0.0013498314760455993,1,0,1.0,339df2f7d1229e397d34f9c8be19d481e01c86be8edf0415213f1f27a125b2ac,JNU_OVERNIGHT_OVERREACTION_G1_V1
2018-08-21,-0.0031617009174367003,0.001807910096955002,0.001807910096955002,1,1,1.0,339df2f7d1229e397d34f9c8be19d481e01c86be8edf0415213f1f27a125b2ac,JNU_OVERNIGHT_OVERREACTION_G1_V1
2018-08-22,0.0,0.0006748397511757745,0.0,0,0,1.0,339df2f7d1229e397d34f9c8be19d481e01c86be8edf0415213f1f27a125b2ac,JNU_OVERNIGHT_OVERREACTION_G1_V1
2018-08-23,0.0038001610502728504,0.0006691201320241941,-0.0006691201320241941,1,0,1.0,339df2f7d1229e397d34f9c8be19d481e01c86be8edf0415213f1f27a125b2ac,JNU_OVERNIGHT_OVERREACTION_G1_V1
2018-08-24,0.003788305366226885,-0.00022244466780638904,0.00022244466780638904,1,1,1.0,339df2f7d1229e397d34f9c8be19d481e01c86be8edf0415213f1f27a125b2ac,JNU_OVERNIGHT_OVERREACTION_G1_V1
2018-08-27,0.0035359152862451306,0.005499958864780215,-0.005499958864780215,1,0,1.0,339df2f7d1229e397d34f9c8be19d481e01c86be8edf0415213f1f27a125b2ac,JNU_OVERNIGHT_OVERREACTION_G1_V1
2018-08-28,0.0074349784875179905,0.00021784119463113435,-0.00021784119463113435,1,0,1.0,339df2f7d1229e397d34f9c8be19d481e01c86be8edf0415213f1f27a125b2ac,JNU_OVERNIGHT_OVERREACTION_G1_V1
2018-08-29,0.0010956503780404042,0.001969150619880896,-0.001969150619880896,1,0,1.0,339df2f7d1229e397d34f9c8be19d481e01c86be8edf0415213f1f27a125b2ac,JNU_OVERNIGHT_OVERREACTION_G1_V1
2018-08-30,0.00871845103988103,-0.005876608488985042,0.005876608488985042,1,1,1.0,339df2f7d1229e397d34f9c8be19d481e01c86be8edf0415213f1f27a125b2ac,JNU_OVERNIGHT_OVERREACTION_G1_V1
2018-08-31,-0.006799017308634357,0.0037342163107130736,0.0037342163107130736,1,1,1.0,339df2f7d1229e397d34f9c8be19d481e01c86be8edf0415213f1f27a125b2ac,JNU_OVERNIGHT_OVERREACTION_G1_V1
2018-09-03,-0.0006566707032513634,-0.0026310034909402956,-0.0026310034909402956,1,0,1.0,339df2f7d1229e397d34f9c8be19d481e01c86be8edf0415213f1f27a125b2ac,JNU_OVERNIGHT_OVERREACTION_G1_V1
2018-09-04,0.0024189126692783737,-0.002418912669278303,0.002418912669278303,1,1,1.0,339df2f7d1229e397d34f9c8be19d481e01c86be8edf0415213f1f27a125b2ac,JNU_OVERNIGHT_OVERREACTION_G1_V1
2018-09-05,-0.0030823450207670753,-0.0002205314817626826,-0.0002205314817626826,1,0,1.0,339df2f7d1229e397d34f9c8be19d481e01c86be8edf0415213f1f27a125b2ac,JNU_OVERNIGHT_OVERREACTION_G1_V1
2018-09-06,-0.003773170606773572,0.000889086522225356,0.000889086522225356,1,1,1.0,339df2f7d1229e397d34f9c8be19d481e01c86be8edf0415213f1f27a125b2ac,JNU_OVERNIGHT_OVERREACTION_G1_V1
2018-09-07,-0.006472514505617479,-0.002690584582790218,-0.002690584582790218,1,0,1.0,339df2f7d1229e397d34f9c8be19d481e01c86be8edf0415213f1f27a125b2ac,JNU_OVERNIGHT_OVERREACTION_G1_V1
2018-09-10,-0.004929429654639522,0.0024677522338345287,0.0024677522338345287,1,1,1.0,339df2f7d1229e397d34f9c8be19d481e01c86be8edf0415213f1f27a125b2ac,JNU_OVERNIGHT_OVERREACTION_G1_V1
2018-09-11,0.003566655586574392,0.005768820081002314,-0.005768820081002314,1,0,1.0,339df2f7d1229e397d34f9c8be19d481e01c86be8edf0415213f1f27a125b2ac,JNU_OVERNIGHT_OVERREACTION_G1_V1
2018-09-12,0.0011029007404498288,-0.005526707999192063,0.005526707999192063,1,1,1.0,339df2f7d1229e397d34f9c8be19d481e01c86be8edf0415213f1f27a125b2ac,JNU_OVERNIGHT_OVERREACTION_G1_V1
2018-09-13,0.0013253812410687102,0.007915608612661218,-0.007915608612661218,1,0,1.0,339df2f7d1229e397d34f9c8be19d481e01c86be8edf0415213f1f27a125b2ac,JNU_OVERNIGHT_OVERREACTION_G1_V1
2018-09-14,-0.0004383081376328835,0.0,0.0,0,0,1.0,339df2f7d1229e397d34f9c8be19d481e01c86be8edf0415213f1f27a125b2ac,JNU_OVERNIGHT_OVERREACTION_G1_V1
2018-09-18,-0.000654236202596486,0.008904391551950183,0.008904391551950183,1,1,1.0,339df2f7d1229e397d34f9c8be19d481e01c86be8edf0415213f1f27a125b2ac,JNU_OVERNIGHT_OVERREACTION_G1_V1
2018-09-19,0.015137268035685606,-0.0016941977792327841,0.0016941977792327841,1,1,1.0,339df2f7d1229e397d34f9c8be19d481e01c86be8edf0415213f1f27a125b2ac,JNU_OVERNIGHT_OVERREACTION_G1_V1
2018-09-20,0.0031843780225723588,-0.0012725346361977489,0.0012725346361977489,1,1,1.0,339df2f7d1229e397d34f9c8be19d481e01c86be8edf0415213f1f27a125b2ac,JNU_OVERNIGHT_OVERREACTION_G1_V1
2018-09-21,0.010178204915756052,-0.0021119332031435015,0.0021119332031435015,1,1,1.0,339df2f7d1229e397d34f9c8be19d481e01c86be8edf0415213f1f27a125b2ac,JNU_OVERNIGHT_OVERREACTION_G1_V1
2018-09-25,-0.0023194528058069026,0.002740594104935143,0.002740594104935143,1,1,1.0,339df2f7d1229e397d34f9c8be19d481e01c86be8edf0415213f1f27a125b2ac,JNU_OVERNIGHT_OVERREACTION_G1_V1
2018-09-26,0.0037815171113030695,0.0020946802799339495,-0.0020946802799339495,1,0,1.0,339df2f7d1229e397d34f9c8be19d481e01c86be8edf0415213f1f27a125b2ac,JNU_OVERNIGHT_OVERREACTION_G1_V1
2018-09-27,-0.004176243280087334,0.0058418693158023925,0.0058418693158023925,1,1,1.0,339df2f7d1229e397d34f9c8be19d481e01c86be8edf0415213f1f27a125b2ac,JNU_OVERNIGHT_OVERREACTION_G1_V1
2018-09-28,0.0093995470115043,0.0031136506732793536,-0.0031136506732793536,1,0,1.0,339df2f7d1229e397d34f9c8be19d481e01c86be8edf0415213f1f27a125b2ac,JNU_OVERNIGHT_OVERREACTION_G1_V1
2018-10-01,0.003311261303656005,0.002682349694538715,-0.002682349694538715,1,0,1.0,339df2f7d1229e397d34f9c8be19d481e01c86be8edf0415213f1f27a125b2ac,JNU_OVERNIGHT_OVERREACTION_G1_V1
2018-10-02,0.005754228783252099,-0.007197974522326277,0.007197974522326277,1,1,1.0,339df2f7d1229e397d34f9c8be19d481e01c86be8edf0415213f1f27a125b2ac,JNU_OVERNIGHT_OVERREACTION_G1_V1
2018-10-03,-0.002474228066351277,-0.0037228584880058782,-0.0037228584880058782,1,0,1.0,339df2f7d1229e397d34f9c8be19d481e01c86be8edf0415213f1f27a125b2ac,JNU_OVERNIGHT_OVERREACTION_G1_V1
2018-10-04,0.006194527344695795,-0.008267926387301087,0.008267926387301087,1,1,1.0,339df2f7d1229e397d34f9c8be19d481e01c86be8edf0415213f1f27a125b2ac,JNU_OVERNIGHT_OVERREACTION_G1_V1
2018-10-05,-0.00712940742583781,0.004618945856294458,0.004618945856294458,1,1,1.0,339df2f7d1229e397d34f9c8be19d481e01c86be8edf0415213f1f27a125b2ac,JNU_OVERNIGHT_OVERREACTION_G1_V1
2018-10-09,-0.010975205143768135,-0.004253515558056537,-0.004253515558056537,1,0,1.0,339df2f7d1229e397d34f9c8be19d481e01c86be8edf0415213f1f27a125b2ac,JNU_OVERNIGHT_OVERREACTION_G1_V1
2018-10-10,0.0019142832603127368,-0.0010630382631772403,0.0010630382631772403,1,1,1.0,339df2f7d1229e397d34f9c8be19d481e01c86be8edf0415213f1f27a125b2ac,JNU_OVERNIGHT_OVERREACTION_G1_V1
2018-10-11,-0.03371105734231172,-0.003743261004146893,-0.003743261004146893,1,0,1.0,339df2f7d1229e397d34f9c8be19d481e01c86be8edf0415213f1f27a125b2ac,JNU_OVERNIGHT_OVERREACTION_G1_V1
2018-10-12,-0.001549529917124116,-0.002661935910803433,-0.002661935910803433,1,0,1.0,339df2f7d1229e397d34f9c8be19d481e01c86be8edf0415213f1f27a125b2ac,JNU_OVERNIGHT_OVERREACTION_G1_V1
2018-10-15,-0.005093577616432307,-0.006012711578560825,-0.006012711578560825,1,0,1.0,339df2f7d1229e397d34f9c8be19d481e01c86be8edf0415213f1f27a125b2ac,JNU_OVERNIGHT_OVERREACTION_G1_V1
2018-10-16,-0.000898674515660542,0.003365873255105113,0.003365873255105113,1,1,1.0,339df2f7d1229e397d34f9c8be19d481e01c86be8edf0415213f1f27a125b2ac,JNU_OVERNIGHT_OVERREACTION_G1_V1
2018-10-17,0.01654388675821747,0.0008746993778773272,-0.0008746993778773272,1,0,1.0,339df2f7d1229e397d34f9c8be19d481e01c86be8edf0415213f1f27a125b2ac,JNU_OVERNIGHT_OVERREACTION_G1_V1
2018-10-18,0.00043715847690728763,-0.004819286435948883,0.004819286435948883,1,1,1.0,339df2f7d1229e397d34f9c8be19d481e01c86be8edf0415213f1f27a125b2ac,JNU_OVERNIGHT_OVERREACTION_G1_V1
2018-10-19,-0.011797577011176445,0.004022351791947349,0.004022351791947349,1,1,1.0,339df2f7d1229e397d34f9c8be19d481e01c86be8edf0415213f1f27a125b2ac,JNU_OVERNIGHT_OVERREACTION_G1_V1
2018-10-22,-0.005790662060606078,0.0035674508291945067,0.0035674508291945067,1,1,1.0,339df2f7d1229e397d34f9c8be19d481e01c86be8edf0415213f1f27a125b2ac,JNU_OVERNIGHT_OVERREACTION_G1_V1
2018-10-23,-0.007766598454078899,-0.0064811937678224026,-0.0064811937678224026,1,0,1.0,339df2f7d1229e397d34f9c8be19d481e01c86be8edf0415213f1f27a125b2ac,JNU_OVERNIGHT_OVERREACTION_G1_V1
2018-10-24,0.008389120733831579,-0.0024867199431357566,0.0024867199431357566,1,1,1.0,339df2f7d1229e397d34f9c8be19d481e01c86be8edf0415213f1f27a125b2ac,JNU_OVERNIGHT_OVERREACTION_G1_V1
2018-10-25,-0.034323304768931244,0.0009369876534664639,0.0009369876534664639,1,1,1.0,339df2f7d1229e397d34f9c8be19d481e01c86be8edf0415213f1f27a125b2ac,JNU_OVERNIGHT_OVERREACTION_G1_V1
2018-10-26,0.008876489023091419,-0.011460773322863634,0.011460773322863634,1,1,1.0,339df2f7d1229e397d34f9c8be19d481e01c86be8edf0415213f1f27a125b2ac,JNU_OVERNIGHT_OVERREACTION_G1_V1
2018-10-29,0.003994835532409384,-0.002347970085497979,0.002347970085497979,1,1,1.0,339df2f7d1229e397d34f9c8be19d481e01c86be8edf0415213f1f27a125b2ac,JNU_OVERNIGHT_OVERREACTION_G1_V1
2018-10-30,-0.002846301731838806,0.012745039169253321,0.012745039169253321,1,1,1.0,339df2f7d1229e397d34f9c8be19d481e01c86be8edf0415213f1f27a125b2ac,JNU_OVERNIGHT_OVERREACTION_G1_V1
2018-10-31,0.010211274616649611,0.004147471383011842,-0.004147471383011842,1,0,1.0,339df2f7d1229e397d34f9c8be19d481e01c86be8edf0415213f1f27a125b2ac,JNU_OVERNIGHT_OVERREACTION_G1_V1
2018-11-01,-0.004808251965366171,0.0009176417253243341,0.0009176417253243341,1,1,1.0,339df2f7d1229e397d34f9c8be19d481e01c86be8edf0415213f1f27a125b2ac,JNU_OVERNIGHT_OVERREACTION_G1_V1
2018-11-02,0.003929278139889557,0.011011811204166895,-0.011011811204166895,1,0,1.0,339df2f7d1229e397d34f9c8be19d481e01c86be8edf0415213f1f27a125b2ac,JNU_OVERNIGHT_OVERREACTION_G1_V1
2018-11-05,-0.013827716640474289,-0.00022828444340669722,-0.00022828444340669722,1,0,1.0,339df2f7d1229e397d34f9c8be19d481e01c86be8edf0415213f1f27a125b2ac,JNU_OVERNIGHT_OVERREACTION_G1_V1
2018-11-06,0.007743149596037317,0.0029448429934927356,-0.0029448429934927356,1,0,1.0,339df2f7d1229e397d34f9c8be19d481e01c86be8edf0415213f1f27a125b2ac,JNU_OVERNIGHT_OVERREACTION_G1_V1
2018-11-07,0.0015778206812168771,0.003821517520285398,-0.003821517520285398,1,0,1.0,339df2f7d1229e397d34f9c8be19d481e01c86be8edf0415213f1f27a125b2ac,JNU_OVERNIGHT_OVERREACTION_G1_V1
2018-11-08,0.01793770068666725,0.0008884940611152349,-0.0008884940611152349,1,0,1.0,339df2f7d1229e397d34f9c8be19d481e01c86be8edf0415213f1f27a125b2ac,JNU_OVERNIGHT_OVERREACTION_G1_V1
2018-11-09,-0.0022276685532239024,-0.005815270246236337,-0.005815270246236337,1,0,1.0,339df2f7d1229e397d34f9c8be19d481e01c86be8edf0415213f1f27a125b2ac,JNU_OVERNIGHT_OVERREACTION_G1_V1
2018-11-12,-0.0065381813340426986,0.007212111495459223,0.007212111495459223,1,1,1.0,339df2f7d1229e397d34f9c8be19d481e01c86be8edf0415213f1f27a125b2ac,JNU_OVERNIGHT_OVERREACTION_G1_V1
2018-11-13,-0.020193539271825833,-0.011526176475766507,-0.011526176475766507,1,0,1.0,339df2f7d1229e397d34f9c8be19d481e01c86be8edf0415213f1f27a125b2ac,JNU_OVERNIGHT_OVERREACTION_G1_V1
2018-11-14,0.0025209134468706447,0.0009151224614847148,-0.0009151224614847148,1,0,1.0,339df2f7d1229e397d34f9c8be19d481e01c86be8edf0415213f1f27a125b2ac,JNU_OVERNIGHT_OVERREACTION_G1_V1
2018-11-15,-0.0073512851160696165,0.0016127177784050787,0.0016127177784050787,1,1,1.0,339df2f7d1229e397d34f9c8be19d481e01c86be8edf0415213f1f27a125b2ac,JNU_OVERNIGHT_OVERREACTION_G1_V1
2018-11-16,0.0016038495819746207,-0.004819286435948883,0.004819286435948883,1,1,1.0,339df2f7d1229e397d34f9c8be19d481e01c86be8edf0415213f1f27a125b2ac,JNU_OVERNIGHT_OVERREACTION_G1_V1
2018-11-19,0.0004614674747328057,0.005291626289922966,-0.005291626289922966,1,0,1.0,339df2f7d1229e397d34f9c8be19d481e01c86be8edf0415213f1f27a125b2ac,JNU_OVERNIGHT_OVERREACTION_G1_V1
2018-11-20,-0.014070120248058022,0.006252191259050092,0.006252191259050092,1,1,1.0,339df2f7d1229e397d34f9c8be19d481e01c86be8edf0415213f1f27a125b2ac,JNU_OVERNIGHT_OVERREACTION_G1_V1
2018-11-21,-0.016606626521131127,0.010090429389367571,0.010090429389367571,1,1,1.0,339df2f7d1229e397d34f9c8be19d481e01c86be8edf0415213f1f27a125b2ac,JNU_OVERNIGHT_OVERREACTION_G1_V1
2018-11-22,0.004401721458893488,-0.0053308736744044,0.0053308736744044,1,1,1.0,339df2f7d1229e397d34f9c8be19d481e01c86be8edf0415213f1f27a125b2ac,JNU_OVERNIGHT_OVERREACTION_G1_V1
2018-11-26,-0.005084365008794391,0.00853621517427218,0.00853621517427218,1,1,1.0,339df2f7d1229e397d34f9c8be19d481e01c86be8edf0415213f1f27a125b2ac,JNU_OVERNIGHT_OVERREACTION_G1_V1
2018-11-27,0.006620273009388066,-0.006620273009388169,0.006620273009388169,1,1,1.0,339df2f7d1229e397d34f9c8be19d481e01c86be8edf0415213f1f27a125b2ac,JNU_OVERNIGHT_OVERREACTION_G1_V1
2018-11-28,0.004312797514548429,0.0027143196940806412,-0.0027143196940806412,1,0,1.0,339df2f7d1229e397d34f9c8be19d481e01c86be8edf0415213f1f27a125b2ac,JNU_OVERNIGHT_OVERREACTION_G1_V1
2018-11-29,0.008518320954658124,-0.0033538320984314402,0.0033538320984314402,1,1,1.0,339df2f7d1229e397d34f9c8be19d481e01c86be8edf0415213f1f27a125b2ac,JNU_OVERNIGHT_OVERREACTION_G1_V1
2018-11-30,0.0015721508010780607,-0.0015721508010781778,0.0015721508010781778,1,1,1.0,339df2f7d1229e397d34f9c8be19d481e01c86be8edf0415213f1f27a125b2ac,JNU_OVERNIGHT_OVERREACTION_G1_V1
2018-12-03,0.015101330730512471,-0.0015440611868841663,0.0015440611868841663,1,1,1.0,339df2f7d1229e397d34f9c8be19d481e01c86be8edf0415213f1f27a125b2ac,JNU_OVERNIGHT_OVERREACTION_G1_V1
2018-12-04,-0.0015488442082904799,-0.005106016199392702,-0.005106016199392702,1,0,1.0,339df2f7d1229e397d34f9c8be19d481e01c86be8edf0415213f1f27a125b2ac,JNU_OVERNIGHT_OVERREACTION_G1_V1
2018-12-05,-0.013481296373496415,0.005505863874522415,0.005505863874522415,1,1,1.0,339df2f7d1229e397d34f9c8be19d481e01c86be8edf0415213f1f27a125b2ac,JNU_OVERNIGHT_OVERREACTION_G1_V1
2018-12-06,-0.006872879287762064,-0.007615128527252307,-0.007615128527252307,1,0,1.0,339df2f7d1229e397d34f9c8be19d481e01c86be8edf0415213f1f27a125b2ac,JNU_OVERNIGHT_OVERREACTION_G1_V1
2018-12-07,0.004642533872296834,-0.0027829331504443506,0.0027829331504443506,1,1,1.0,339df2f7d1229e397d34f9c8be19d481e01c86be8edf0415213f1f27a125b2ac,JNU_OVERNIGHT_OVERREACTION_G1_V1
2018-12-10,-0.02146105226531874,0.002825525779042861,0.002825525779042861,1,1,1.0,339df2f7d1229e397d34f9c8be19d481e01c86be8edf0415213f1f27a125b2ac,JNU_OVERNIGHT_OVERREACTION_G1_V1
2018-12-11,0.0018850146957714257,0.0007059654370154013,-0.0007059654370154013,1,0,1.0,339df2f7d1229e397d34f9c8be19d481e01c86be8edf0415213f1f27a125b2ac,JNU_OVERNIGHT_OVERREACTION_G1_V1
2018-12-12,0.009887086191172147,0.007932846080637655,-0.007932846080637655,1,0,1.0,339df2f7d1229e397d34f9c8be19d481e01c86be8edf0415213f1f27a125b2ac,JNU_OVERNIGHT_OVERREACTION_G1_V1
2018-12-13,0.0032287850928413237,-0.00046061723522827303,0.00046061723522827303,1,1,1.0,339df2f7d1229e397d34f9c8be19d481e01c86be8edf0415213f1f27a125b2ac,JNU_OVERNIGHT_OVERREACTION_G1_V1
2018-12-14,-0.008739706043580353,-0.012318575297044752,-0.012318575297044752,1,0,1.0,339df2f7d1229e397d34f9c8be19d481e01c86be8edf0415213f1f27a125b2ac,JNU_OVERNIGHT_OVERREACTION_G1_V1
2018-12-17,-0.000705467401392371,0.009598575391798946,0.009598575391798946,1,1,1.0,339df2f7d1229e397d34f9c8be19d481e01c86be8edf0415213f1f27a125b2ac,JNU_OVERNIGHT_OVERREACTION_G1_V1
2018-12-18,-0.01643229462708158,0.004722558954173538,0.004722558954173538,1,1,1.0,339df2f7d1229e397d34f9c8be19d481e01c86be8edf0415213f1f27a125b2ac,JNU_OVERNIGHT_OVERREACTION_G1_V1
2018-12-19,-0.003088255216081531,0.0019015931568109705,0.0019015931568109705,1,1,1.0,339df2f7d1229e397d34f9c8be19d481e01c86be8edf0415213f1f27a125b2ac,JNU_OVERNIGHT_OVERREACTION_G1_V1
2018-12-20,-0.01057193892539878,-0.0007249003579485225,-0.0007249003579485225,1,0,1.0,339df2f7d1229e397d34f9c8be19d481e01c86be8edf0415213f1f27a125b2ac,JNU_OVERNIGHT_OVERREACTION_G1_V1
2018-12-21,0.002709027638778628,-0.012373332816726843,0.012373332816726843,1,1,1.0,339df2f7d1229e397d34f9c8be19d481e01c86be8edf0415213f1f27a125b2ac,JNU_OVERNIGHT_OVERREACTION_G1_V1
2018-12-25,-0.0416198104121695,-0.0067602961570637195,-0.0067602961570637195,1,0,1.0,339df2f7d1229e397d34f9c8be19d481e01c86be8edf0415213f1f27a125b2ac,JNU_OVERNIGHT_OVERREACTION_G1_V1
2018-12-26,0.011494379425735212,0.0051813587419975845,-0.0051813587419975845,1,0,1.0,339df2f7d1229e397d34f9c8be19d481e01c86be8edf0415213f1f27a125b2ac,JNU_OVERNIGHT_OVERREACTION_G1_V1
2018-12-27,0.03247368042316651,-0.0022491575144400707,0.0022491575144400707,1,1,1.0,339df2f7d1229e397d34f9c8be19d481e01c86be8edf0415213f1f27a125b2ac,JNU_OVERNIGHT_OVERREACTION_G1_V1
2018-12-28,-0.007260014364023518,0.0022587536269232404,0.0022587536269232404,1,1,1.0,339df2f7d1229e397d34f9c8be19d481e01c86be8edf0415213f1f27a125b2ac,JNU_OVERNIGHT_OVERREACTION_G1_V1
2019-01-04,-0.020640304657732804,-0.0036110433873880036,-0.0036110433873880036,1,0,1.0,2de8414c0f854a54e54eb3ef922542c3ef19178d5316176307e4e99cae869e3e,JNU_OVERNIGHT_OVERREACTION_G1_V1
2019-01-07,0.032549864855855676,-0.0002482929869987491,0.0002482929869987491,1,1,1.0,2de8414c0f854a54e54eb3ef922542c3ef19178d5316176307e4e99cae869e3e,JNU_OVERNIGHT_OVERREACTION_G1_V1
2019-01-08,0.005719274572753218,-0.0012405410349151762,0.0012405410349151762,1,1,1.0,2de8414c0f854a54e54eb3ef922542c3ef19178d5316176307e4e99cae869e3e,JNU_OVERNIGHT_OVERREACTION_G1_V1
2019-01-09,0.005923018303122071,0.00466430206125799,-0.00466430206125799,1,0,1.0,2de8414c0f854a54e54eb3ef922542c3ef19178d5316176307e4e99cae869e3e,JNU_OVERNIGHT_OVERREACTION_G1_V1
2019-01-10,-0.007131470037231697,-0.007928683755507256,-0.007928683755507256,1,0,1.0,2de8414c0f854a54e54eb3ef922542c3ef19178d5316176307e4e99cae869e3e,JNU_OVERNIGHT_OVERREACTION_G1_V1
2019-01-11,0.009905975010880436,0.0012313756019667673,-0.0012313756019667673,1,0,1.0,2de8414c0f854a54e54eb3ef922542c3ef19178d5316176307e4e99cae869e3e,JNU_OVERNIGHT_OVERREACTION_G1_V1
2019-01-15,-0.007409270744160725,0.015008277773012682,0.015008277773012682,1,1,1.0,2de8414c0f854a54e54eb3ef922542c3ef19178d5316176307e4e99cae869e3e,JNU_OVERNIGHT_OVERREACTION_G1_V1
2019-01-16,0.0009744215143723946,-0.010771217968831792,0.010771217968831792,1,1,1.0,2de8414c0f854a54e54eb3ef922542c3ef19178d5316176307e4e99cae869e3e,JNU_OVERNIGHT_OVERREACTION_G1_V1
2019-01-17,0.005859391763892738,-0.009293292611808175,0.009293292611808175,1,1,1.0,2de8414c0f854a54e54eb3ef922542c3ef19178d5316176307e4e99cae869e3e,JNU_OVERNIGHT_OVERREACTION_G1_V1
2019-01-18,0.005873732012093916,0.006809364832352124,-0.006809364832352124,1,0,1.0,2de8414c0f854a54e54eb3ef922542c3ef19178d5316176307e4e99cae869e3e,JNU_OVERNIGHT_OVERREACTION_G1_V1
2019-01-21,0.010842173430153904,-0.006732413022157226,0.006732413022157226,1,1,1.0,2de8414c0f854a54e54eb3ef922542c3ef19178d5316176307e4e99cae869e3e,JNU_OVERNIGHT_OVERREACTION_G1_V1
2019-01-22,0.0016889858038506946,-0.002413711043929597,0.002413711043929597,1,1,1.0,2de8414c0f854a54e54eb3ef922542c3ef19178d5316176307e4e99cae869e3e,JNU_OVERNIGHT_OVERREACTION_G1_V1
2019-01-23,-0.006343031757433646,0.006829294835335016,0.006829294835335016,1,1,1.0,2de8414c0f854a54e54eb3ef922542c3ef19178d5316176307e4e99cae869e3e,JNU_OVERNIGHT_OVERREACTION_G1_V1
2019-01-24,-0.0029204206689840808,0.0012178786062628049,0.0012178786062628049,1,1,1.0,2de8414c0f854a54e54eb3ef922542c3ef19178d5316176307e4e99cae869e3e,JNU_OVERNIGHT_OVERREACTION_G1_V1
2019-01-25,-0.000486618014468643,0.008240473193992,0.008240473193992,1,1,1.0,2de8414c0f854a54e54eb3ef922542c3ef19178d5316176307e4e99cae869e3e,JNU_OVERNIGHT_OVERREACTION_G1_V1
2019-01-28,-0.0007224563830188452,-0.002653481233678644,-0.002653481233678644,1,0,1.0,2de8414c0f854a54e54eb3ef922542c3ef19178d5316176307e4e99cae869e3e,JNU_OVERNIGHT_OVERREACTION_G1_V1
2019-01-29,-0.002671525571899016,-0.006832627850444837,-0.006832627850444837,1,0,1.0,2de8414c0f854a54e54eb3ef922542c3ef19178d5316176307e4e99cae869e3e,JNU_OVERNIGHT_OVERREACTION_G1_V1
2019-01-30,0.0026611845873338027,-0.008979553116406452,0.008979553116406452,1,1,1.0,2de8414c0f854a54e54eb3ef922542c3ef19178d5316176307e4e99cae869e3e,JNU_OVERNIGHT_OVERREACTION_G1_V1
2019-01-31,0.010622987391287468,-0.005538846189292252,0.005538846189292252,1,1,1.0,2de8414c0f854a54e54eb3ef922542c3ef19178d5316176307e4e99cae869e3e,JNU_OVERNIGHT_OVERREACTION_G1_V1
2019-02-01,0.0012035144069128026,0.0007214140026715261,-0.0007214140026715261,1,0,1.0,2de8414c0f854a54e54eb3ef922542c3ef19178d5316176307e4e99cae869e3e,JNU_OVERNIGHT_OVERREACTION_G1_V1
2019-02-04,0.0014450869566807129,0.003363770591248226,-0.003363770591248226,1,0,1.0,2de8414c0f854a54e54eb3ef922542c3ef19178d5316176307e4e99cae869e3e,JNU_OVERNIGHT_OVERREACTION_G1_V1
2019-02-05,0.002635047638005032,-0.0031148940963485403,0.0031148940963485403,1,1,1.0,2de8414c0f854a54e54eb3ef922542c3ef19178d5316176307e4e99cae869e3e,JNU_OVERNIGHT_OVERREACTION_G1_V1
2019-02-06,0.005747142255568071,-0.00286944242795282,0.00286944242795282,1,1,1.0,2de8414c0f854a54e54eb3ef922542c3ef19178d5316176307e4e99cae869e3e,JNU_OVERNIGHT_OVERREACTION_G1_V1
2019-02-07,0.0,-0.00938748017935435,0.0,0,0,1.0,2de8414c0f854a54e54eb3ef922542c3ef19178d5316176307e4e99cae869e3e,JNU_OVERNIGHT_OVERREACTION_G1_V1
2019-02-08,-0.01091581487699613,-0.0024420036555517443,-0.0024420036555517443,1,0,1.0,2de8414c0f854a54e54eb3ef922542c3ef19178d5316176307e4e99cae869e3e,JNU_OVERNIGHT_OVERREACTION_G1_V1
2019-02-12,0.0046665932654756095,0.013145272051986014,-0.013145272051986014,1,0,1.0,2de8414c0f854a54e54eb3ef922542c3ef19178d5316176307e4e99cae869e3e,JNU_OVERNIGHT_OVERREACTION_G1_V1
2019-02-13,0.002633785791633532,0.009282465793919819,-0.009282465793919819,1,0,1.0,2de8414c0f854a54e54eb3ef922542c3ef19178d5316176307e4e99cae869e3e,JNU_OVERNIGHT_OVERREACTION_G1_V1
2019-02-14,-0.001656609064222697,0.003546522218293396,0.003546522218293396,1,1,1.0,2de8414c0f854a54e54eb3ef922542c3ef19178d5316176307e4e99cae869e3e,JNU_OVERNIGHT_OVERREACTION_G1_V1
2019-02-15,-0.00664296630310655,-0.0052506087214666515,-0.0052506087214666515,1,0,1.0,2de8414c0f854a54e54eb3ef922542c3ef19178d5316176307e4e99cae869e3e,JNU_OVERNIGHT_OVERREACTION_G1_V1
2019-02-18,0.01708631980195143,-0.0004706989966877457,0.0004706989966877457,1,1,1.0,2de8414c0f854a54e54eb3ef922542c3ef19178d5316176307e4e99cae869e3e,JNU_OVERNIGHT_OVERREACTION_G1_V1
2019-02-19,-0.002586107001438775,0.0021164029063776937,0.0021164029063776937,1,1,1.0,2de8414c0f854a54e54eb3ef922542c3ef19178d5316176307e4e99cae869e3e,JNU_OVERNIGHT_OVERREACTION_G1_V1
2019-02-20,0.002814260769245438,0.005604872216056062,-0.005604872216056062,1,0,1.0,2de8414c0f854a54e54eb3ef922542c3ef19178d5316176307e4e99cae869e3e,JNU_OVERNIGHT_OVERREACTION_G1_V1
2019-02-21,-0.0014021970046922203,-0.0021069889569359105,-0.0021069889569359105,1,0,1.0,2de8414c0f854a54e54eb3ef922542c3ef19178d5316176307e4e99cae869e3e,JNU_OVERNIGHT_OVERREACTION_G1_V1
2019-02-22,-0.005843185960228873,0.0016395366127291385,0.0016395366127291385,1,1,1.0,2de8414c0f854a54e54eb3ef922542c3ef19178d5316176307e4e99cae869e3e,JNU_OVERNIGHT_OVERREACTION_G1_V1
2019-02-25,0.006520749700436785,0.001159958371564008,-0.001159958371564008,1,0,1.0,2de8414c0f854a54e54eb3ef922542c3ef19178d5316176307e4e99cae869e3e,JNU_OVERNIGHT_OVERREACTION_G1_V1
2019-02-26,0.00023209933955874233,-0.0009287207540067794,0.0009287207540067794,1,1,1.0,2de8414c0f854a54e54eb3ef922542c3ef19178d5316176307e4e99cae869e3e,JNU_OVERNIGHT_OVERREACTION_G1_V1
2019-02-27,0.002095704574218959,0.0020913217799977484,-0.0020913217799977484,1,0,1.0,2de8414c0f854a54e54eb3ef922542c3ef19178d5316176307e4e99cae869e3e,JNU_OVERNIGHT_OVERREACTION_G1_V1
2019-02-28,-0.00023193784169848254,-0.004650089755609926,-0.004650089755609926,1,0,1.0,2de8414c0f854a54e54eb3ef922542c3ef19178d5316176307e4e99cae869e3e,JNU_OVERNIGHT_OVERREACTION_G1_V1
2019-03-01,0.005128216366919529,0.0025542798050967007,-0.0025542798050967007,1,0,1.0,2de8414c0f854a54e54eb3ef922542c3ef19178d5316176307e4e99cae869e3e,JNU_OVERNIGHT_OVERREACTION_G1_V1
2019-03-04,0.007142064686871335,-0.000688942500553531,0.000688942500553531,1,1,1.0,2de8414c0f854a54e54eb3ef922542c3ef19178d5316176307e4e99cae869e3e,JNU_OVERNIGHT_OVERREACTION_G1_V1
2019-03-05,-0.006662862098741306,0.0016123463126727195,0.0016123463126727195,1,1,1.0,2de8414c0f854a54e54eb3ef922542c3ef19178d5316176307e4e99cae869e3e,JNU_OVERNIGHT_OVERREACTION_G1_V1
2019-03-06,-0.0027630687622721833,-0.004390532760613527,-0.004390532760613527,1,0,1.0,2de8414c0f854a54e54eb3ef922542c3ef19178d5316176307e4e99cae869e3e,JNU_OVERNIGHT_OVERREACTION_G1_V1
2019-03-07,-0.0037105793965356015,-0.0039576352436432516,-0.0039576352436432516,1,0,1.0,2de8414c0f854a54e54eb3ef922542c3ef19178d5316176307e4e99cae869e3e,JNU_OVERNIGHT_OVERREACTION_G1_V1
2019-03-08,-0.016210856583258763,-0.008563325402320843,-0.008563325402320843,1,0,1.0,2de8414c0f854a54e54eb3ef922542c3ef19178d5316176307e4e99cae869e3e,JNU_OVERNIGHT_OVERREACTION_G1_V1
2019-03-11,0.005754031699286731,-0.002153883805052344,0.002153883805052344,1,1,1.0,2de8414c0f854a54e54eb3ef922542c3ef19178d5316176307e4e99cae869e3e,JNU_OVERNIGHT_OVERREACTION_G1_V1
2019-03-12,0.014231739257256324,0.0030570276600121737,-0.0030570276600121737,1,0,1.0,2de8414c0f854a54e54eb3ef922542c3ef19178d5316176307e4e99cae869e3e,JNU_OVERNIGHT_OVERREACTION_G1_V1
2019-03-13,-0.005167970158442561,-0.007802380284184899,-0.007802380284184899,1,0,1.0,2de8414c0f854a54e54eb3ef922542c3ef19178d5316176307e4e99cae869e3e,JNU_OVERNIGHT_OVERREACTION_G1_V1
2019-03-14,0.01156901110148832,-0.00399859406109121,0.00399859406109121,1,1,1.0,2de8414c0f854a54e54eb3ef922542c3ef19178d5316176307e4e99cae869e3e,JNU_OVERNIGHT_OVERREACTION_G1_V1
2019-03-15,0.0016562171063800892,0.006832397882889899,-0.006832397882889899,1,0,1.0,2de8414c0f854a54e54eb3ef922542c3ef19178d5316176307e4e99cae869e3e,JNU_OVERNIGHT_OVERREACTION_G1_V1
2019-03-18,0.004220404857612579,-0.0018735368477970193,0.0018735368477970193,1,1,1.0,2de8414c0f854a54e54eb3ef922542c3ef19178d5316176307e4e99cae869e3e,JNU_OVERNIGHT_OVERREACTION_G1_V1
2019-03-19,-0.00046696241801127936,-0.0014021970046922203,-0.0014021970046922203,1,0,1.0,2de8414c0f854a54e54eb3ef922542c3ef19178d5316176307e4e99cae869e3e,JNU_OVERNIGHT_OVERREACTION_G1_V1
2019-03-20,0.00023405500399416936,-0.0014051524560249314,0.0014051524560249314,1,1,1.0,2de8414c0f854a54e54eb3ef922542c3ef19178d5316176307e4e99cae869e3e,JNU_OVERNIGHT_OVERREACTION_G1_V1
2019-03-22,-0.00046696241801127936,-0.002338088509597344,-0.002338088509597344,1,0,1.0,2de8414c0f854a54e54eb3ef922542c3ef19178d5316176307e4e99cae869e3e,JNU_OVERNIGHT_OVERREACTION_G1_V1
2019-03-25,-0.016302782807421694,-0.011018075534853768,-0.011018075534853768,1,0,1.0,2de8414c0f854a54e54eb3ef922542c3ef19178d5316176307e4e99cae869e3e,JNU_OVERNIGHT_OVERREACTION_G1_V1
2019-03-26,0.012470185576868726,0.007597377473940407,-0.007597377473940407,1,0,1.0,2de8414c0f854a54e54eb3ef922542c3ef19178d5316176307e4e99cae869e3e,JNU_OVERNIGHT_OVERREACTION_G1_V1
2019-03-27,0.0037629395295422892,0.00023471423649596386,-0.00023471423649596386,1,0,1.0,2de8414c0f854a54e54eb3ef922542c3ef19178d5316176307e4e99cae869e3e,JNU_OVERNIGHT_OVERREACTION_G1_V1
2019-03-28,-0.011291580804070674,-0.007122537233199022,-0.007122537233199022,1,0,1.0,2de8414c0f854a54e54eb3ef922542c3ef19178d5316176307e4e99cae869e3e,JNU_OVERNIGHT_OVERREACTION_G1_V1
2019-03-29,0.010647208117969832,-0.003536488420001073,0.003536488420001073,1,1,1.0,2de8414c0f854a54e54eb3ef922542c3ef19178d5316176307e4e99cae869e3e,JNU_OVERNIGHT_OVERREACTION_G1_V1
2019-04-01,0.014287630329016681,0.0053345829859779,-0.0053345829859779,1,0,1.0,2de8414c0f854a54e54eb3ef922542c3ef19178d5316176307e4e99cae869e3e,JNU_OVERNIGHT_OVERREACTION_G1_V1
2019-04-02,0.006952519314881663,-0.0037019940474337892,0.0037019940474337892,1,1,1.0,2de8414c0f854a54e54eb3ef922542c3ef19178d5316176307e4e99cae869e3e,JNU_OVERNIGHT_OVERREACTION_G1_V1
2019-04-03,0.0034847288138379904,0.0039347348531474525,-0.0039347348531474525,1,0,1.0,2de8414c0f854a54e54eb3ef922542c3ef19178d5316176307e4e99cae869e3e,JNU_OVERNIGHT_OVERREACTION_G1_V1
2019-04-04,0.0004602992026036075,0.0011498219043051202,-0.0011498219043051202,1,0,1.0,2de8414c0f854a54e54eb3ef922542c3ef19178d5316176307e4e99cae869e3e,JNU_OVERNIGHT_OVERREACTION_G1_V1
2019-04-05,0.0032213557539469335,0.0006889425005535614,-0.0006889425005535614,1,0,1.0,2de8414c0f854a54e54eb3ef922542c3ef19178d5316176307e4e99cae869e3e,JNU_OVERNIGHT_OVERREACTION_G1_V1
2019-04-08,0.006630869156728302,-0.005484474442159452,0.005484474442159452,1,1,1.0,2de8414c0f854a54e54eb3ef922542c3ef19178d5316176307e4e99cae869e3e,JNU_OVERNIGHT_OVERREACTION_G1_V1
2019-04-09,-0.0006887843229493647,-0.002990226494899198,-0.002990226494899198,1,0,1.0,2de8414c0f854a54e54eb3ef922542c3ef19178d5316176307e4e99cae869e3e,JNU_OVERNIGHT_OVERREACTION_G1_V1
2019-04-10,-0.00969312920565968,0.002547772078798783,0.002547772078798783,1,1,1.0,2de8414c0f854a54e54eb3ef922542c3ef19178d5316176307e4e99cae869e3e,JNU_OVERNIGHT_OVERREACTION_G1_V1
2019-04-11,-0.0011540682181067506,0.001154068218106624,0.001154068218106624,1,1,1.0,2de8414c0f854a54e54eb3ef922542c3ef19178d5316176307e4e99cae869e3e,JNU_OVERNIGHT_OVERREACTION_G1_V1
2019-04-12,0.0018428938641261812,0.002757988417949615,-0.002757988417949615,1,0,1.0,2de8414c0f854a54e54eb3ef922542c3ef19178d5316176307e4e99cae869e3e,JNU_OVERNIGHT_OVERREACTION_G1_V1
2019-04-15,0.011147880208429177,0.002711253355375918,-0.002711253355375918,1,0,1.0,2de8414c0f854a54e54eb3ef922542c3ef19178d5316176307e4e99cae869e3e,JNU_OVERNIGHT_OVERREACTION_G1_V1
2019-04-16,-0.0018054620115388784,0.0031574225599613204,0.0031574225599613204,1,1,1.0,2de8414c0f854a54e54eb3ef922542c3ef19178d5316176307e4e99cae869e3e,JNU_OVERNIGHT_OVERREACTION_G1_V1
2019-04-17,0.0020236094595269924,-0.00044933723514950486,0.00044933723514950486,1,1,1.0,2de8414c0f854a54e54eb3ef922542c3ef19178d5316176307e4e99cae869e3e,JNU_OVERNIGHT_OVERREACTION_G1_V1
2019-04-18,-0.0006734762854175943,-0.003374201829163159,-0.003374201829163159,1,0,1.0,2de8414c0f854a54e54eb3ef922542c3ef19178d5316176307e4e99cae869e3e,JNU_OVERNIGHT_OVERREACTION_G1_V1
2019-04-19,0.006764400088542063,-0.001574272224377467,0.001574272224377467,1,1,1.0,2de8414c0f854a54e54eb3ef922542c3ef19178d5316176307e4e99cae869e3e,JNU_OVERNIGHT_OVERREACTION_G1_V1
2019-04-22,0.00022519986583188482,-0.00045045045806705046,0.00045045045806705046,1,1,1.0,2de8414c0f854a54e54eb3ef922542c3ef19178d5316176307e4e99cae869e3e,JNU_OVERNIGHT_OVERREACTION_G1_V1
2019-04-23,0.0004497414062763093,-0.0031524457541615655,0.0031524457541615655,1,1,1.0,2de8414c0f854a54e54eb3ef922542c3ef19178d5316176307e4e99cae869e3e,JNU_OVERNIGHT_OVERREACTION_G1_V1
2019-04-24,0.004708001073694644,-0.0015668721728337523,0.0015668721728337523,1,1,1.0,2de8414c0f854a54e54eb3ef922542c3ef19178d5316176307e4e99cae869e3e,JNU_OVERNIGHT_OVERREACTION_G1_V1
2019-04-25,0.0018013965690954255,0.0008994828580367626,-0.0008994828580367626,1,0,1.0,2de8414c0f854a54e54eb3ef922542c3ef19178d5316176307e4e99cae869e3e,JNU_OVERNIGHT_OVERREACTION_G1_V1
2019-04-26,-0.008539377733962029,-0.0004514672762913132,-0.0004514672762913132,1,0,1.0,2de8414c0f854a54e54eb3ef922542c3ef19178d5316176307e4e99cae869e3e,JNU_OVERNIGHT_OVERREACTION_G1_V1
2019-05-07,-0.004059545493878616,-0.0038492066092794893,-0.0038492066092794893,1,0,1.0,2de8414c0f854a54e54eb3ef922542c3ef19178d5316176307e4e99cae869e3e,JNU_OVERNIGHT_OVERREACTION_G1_V1
2019-05-08,-0.015618140156964883,-0.0004630701634033685,-0.0004630701634033685,1,0,1.0,2de8414c0f854a54e54eb3ef922542c3ef19178d5316176307e4e99cae869e3e,JNU_OVERNIGHT_OVERREACTION_G1_V1
2019-05-09,-0.003016593539425679,-0.004892263688971499,-0.004892263688971499,1,0,1.0,2de8414c0f854a54e54eb3ef922542c3ef19178d5316176307e4e99cae869e3e,JNU_OVERNIGHT_OVERREACTION_G1_V1
2019-05-10,-0.0035083651937269844,0.009560525194193965,0.009560525194193965,1,1,1.0,2de8414c0f854a54e54eb3ef922542c3ef19178d5316176307e4e99cae869e3e,JNU_OVERNIGHT_OVERREACTION_G1_V1
2019-05-13,-0.006350721097535136,0.0023568240935303002,0.0023568240935303002,1,1,1.0,2de8414c0f854a54e54eb3ef922542c3ef19178d5316176307e4e99cae869e3e,JNU_OVERNIGHT_OVERREACTION_G1_V1
2019-05-14,-0.0193116026500971,0.00767389856988737,0.00767389856988737,1,1,1.0,2de8414c0f854a54e54eb3ef922542c3ef19178d5316176307e4e99cae869e3e,JNU_OVERNIGHT_OVERREACTION_G1_V1
2019-05-15,0.004032741795576545,-0.003082397224169604,0.003082397224169604,1,1,1.0,2de8414c0f854a54e54eb3ef922542c3ef19178d5316176307e4e99cae869e3e,JNU_OVERNIGHT_OVERREACTION_G1_V1
2019-05-16,-0.002838223286544508,-0.005700728027687598,-0.005700728027687598,1,0,1.0,2de8414c0f854a54e54eb3ef922542c3ef19178d5316176307e4e99cae869e3e,JNU_OVERNIGHT_OVERREACTION_G1_V1
2019-05-17,0.009926812785411434,0.0032871595694574,-0.0032871595694574,1,0,1.0,2de8414c0f854a54e54eb3ef922542c3ef19178d5316176307e4e99cae869e3e,JNU_OVERNIGHT_OVERREACTION_G1_V1
2019-05-20,0.0,0.003755872959805486,0.0,0,0,1.0,2de8414c0f854a54e54eb3ef922542c3ef19178d5316176307e4e99cae869e3e,JNU_OVERNIGHT_OVERREACTION_G1_V1
2019-05-21,-0.005881677936965894,0.001650359917203387,0.001650359917203387,1,1,1.0,2de8414c0f854a54e54eb3ef922542c3ef19178d5316176307e4e99cae869e3e,JNU_OVERNIGHT_OVERREACTION_G1_V1
2019-05-22,0.006329876954978219,-0.004215462916904825,0.004215462916904825,1,1,1.0,2de8414c0f854a54e54eb3ef922542c3ef19178d5316176307e4e99cae869e3e,JNU_OVERNIGHT_OVERREACTION_G1_V1
2019-05-23,-0.0037691446270743706,-0.004968660405360996,-0.004968660405360996,1,0,1.0,2de8414c0f854a54e54eb3ef922542c3ef19178d5316176307e4e99cae869e3e,JNU_OVERNIGHT_OVERREACTION_G1_V1
2019-05-24,-0.012150238813280487,0.00930461204126463,0.00930461204126463,1,1,1.0,2de8414c0f854a54e54eb3ef922542c3ef19178d5316176307e4e99cae869e3e,JNU_OVERNIGHT_OVERREACTION_G1_V1
2019-05-27,0.0030743786778887994,-0.0009449563660873428,0.0009449563660873428,1,1,1.0,2de8414c0f854a54e54eb3ef922542c3ef19178d5316176307e4e99cae869e3e,JNU_OVERNIGHT_OVERREACTION_G1_V1
2019-05-28,0.0009429515078703628,0.0014127621845887635,-0.0014127621845887635,1,0,1.0,2de8414c0f854a54e54eb3ef922542c3ef19178d5316176307e4e99cae869e3e,JNU_OVERNIGHT_OVERREACTION_G1_V1
2019-05-29,-0.010411830924933014,-0.002619984826079058,-0.002619984826079058,1,0,1.0,2de8414c0f854a54e54eb3ef922542c3ef19178d5316176307e4e99cae869e3e,JNU_OVERNIGHT_OVERREACTION_G1_V1
2019-05-30,-0.0033444847228472486,-0.002395784567118468,-0.002395784567118468,1,0,1.0,2de8414c0f854a54e54eb3ef922542c3ef19178d5316176307e4e99cae869e3e,JNU_OVERNIGHT_OVERREACTION_G1_V1
2019-05-31,-0.0059887590655636445,-0.00048065369827079654,-0.00048065369827079654,1,0,1.0,2de8414c0f854a54e54eb3ef922542c3ef19178d5316176307e4e99cae869e3e,JNU_OVERNIGHT_OVERREACTION_G1_V1
2019-06-03,-0.01296971563464576,0.003933141746837146,0.003933141746837146,1,1,1.0,2de8414c0f854a54e54eb3ef922542c3ef19178d5316176307e4e99cae869e3e,JNU_OVERNIGHT_OVERREACTION_G1_V1
2019-06-04,0.003182766794998004,-0.007113975789068597,0.007113975789068597,1,1,1.0,2de8414c0f854a54e54eb3ef922542c3ef19178d5316176307e4e99cae869e3e,JNU_OVERNIGHT_OVERREACTION_G1_V1
2019-06-05,0.017019618215017445,0.000963855496306659,-0.000963855496306659,1,0,1.0,2de8414c0f854a54e54eb3ef922542c3ef19178d5316176307e4e99cae869e3e,JNU_OVERNIGHT_OVERREACTION_G1_V1
2019-06-06,0.0004819277201708726,0.0024061609299024806,-0.0024061609299024806,1,0,1.0,2de8414c0f854a54e54eb3ef922542c3ef19178d5316176307e4e99cae869e3e,JNU_OVERNIGHT_OVERREACTION_G1_V1
2019-06-07,0.005284662791421485,-0.0011986097563491751,0.0011986097563491751,1,1,1.0,2de8414c0f854a54e54eb3ef922542c3ef19178d5316176307e4e99cae869e3e,JNU_OVERNIGHT_OVERREACTION_G1_V1
2019-06-10,0.01165431195368665,-0.0023674253481499275,0.0023674253481499275,1,1,1.0,2de8414c0f854a54e54eb3ef922542c3ef19178d5316176307e4e99cae869e3e,JNU_OVERNIGHT_OVERREACTION_G1_V1
2019-06-11,-0.0014204547842911123,0.0035473609387982347,0.0035473609387982347,1,1,1.0,2de8414c0f854a54e54eb3ef922542c3ef19178d5316176307e4e99cae869e3e,JNU_OVERNIGHT_OVERREACTION_G1_V1
2019-06-12,0.0,0.0004716981219535569,0.0,0,0,1.0,2de8414c0f854a54e54eb3ef922542c3ef19178d5316176307e4e99cae869e3e,JNU_OVERNIGHT_OVERREACTION_G1_V1
2019-06-13,-0.004031785373728413,-0.0009510224207040802,-0.0009510224207040802,1,0,1.0,2de8414c0f854a54e54eb3ef922542c3ef19178d5316176307e4e99cae869e3e,JNU_OVERNIGHT_OVERREACTION_G1_V1
2019-06-14,-0.001191185370153118,0.0021431130955353018,0.0021431130955353018,1,1,1.0,2de8414c0f854a54e54eb3ef922542c3ef19178d5316176307e4e99cae869e3e,JNU_OVERNIGHT_OVERREACTION_G1_V1
2019-06-17,-0.001427551991185446,0.0045136078528790705,0.0045136078528790705,1,1,1.0,2de8414c0f854a54e54eb3ef922542c3ef19178d5316176307e4e99cae869e3e,JNU_OVERNIGHT_OVERREACTION_G1_V1
2019-06-18,-0.0009496676877072478,-0.001902045271481426,-0.001902045271481426,1,0,1.0,2de8414c0f854a54e54eb3ef922542c3ef19178d5316176307e4e99cae869e3e,JNU_OVERNIGHT_OVERREACTION_G1_V1
2019-06-19,0.01496287267671232,0.0028248606355548407,-0.0028248606355548407,1,0,1.0,2de8414c0f854a54e54eb3ef922542c3ef19178d5316176307e4e99cae869e3e,JNU_OVERNIGHT_OVERREACTION_G1_V1
2019-06-20,0.00328561666146148,0.0007026584198225292,-0.0007026584198225292,1,0,1.0,2de8414c0f854a54e54eb3ef922542c3ef19178d5316176307e4e99cae869e3e,JNU_OVERNIGHT_OVERREACTION_G1_V1
2019-06-21,0.0023342681000635846,-0.002801776289971861,0.002801776289971861,1,1,1.0,2de8414c0f854a54e54eb3ef922542c3ef19178d5316176307e4e99cae869e3e,JNU_OVERNIGHT_OVERREACTION_G1_V1
2019-06-24,-0.0004721435404044697,0.00023609963514223924,0.00023609963514223924,1,1,1.0,2de8414c0f854a54e54eb3ef922542c3ef19178d5316176307e4e99cae869e3e,JNU_OVERNIGHT_OVERREACTION_G1_V1
2019-06-25,-0.002831526195738452,0.0009447331831616659,0.0009447331831616659,1,1,1.0,2de8414c0f854a54e54eb3ef922542c3ef19178d5316176307e4e99cae869e3e,JNU_OVERNIGHT_OVERREACTION_G1_V1
2019-06-26,-0.0021354854479115554,0.00047494657743897605,0.00047494657743897605,1,1,1.0,2de8414c0f854a54e54eb3ef922542c3ef19178d5316176307e4e99cae869e3e,JNU_OVERNIGHT_OVERREACTION_G1_V1
2019-06-27,0.0023736066211740396,0.0052021871872835815,-0.0052021871872835815,1,0,1.0,2de8414c0f854a54e54eb3ef922542c3ef19178d5316176307e4e99cae869e3e,JNU_OVERNIGHT_OVERREACTION_G1_V1
2019-06-28,-0.003530661546889604,-0.00023582124858721458,-0.00023582124858721458,1,0,1.0,2de8414c0f854a54e54eb3ef922542c3ef19178d5316176307e4e99cae869e3e,JNU_OVERNIGHT_OVERREACTION_G1_V1
2019-07-01,0.019603895022559915,-0.002777136707356484,0.002777136707356484,1,1,1.0,2de8414c0f854a54e54eb3ef922542c3ef19178d5316176307e4e99cae869e3e,JNU_OVERNIGHT_OVERREACTION_G1_V1
2019-07-02,-0.0036849419864253947,0.002764978720070495,0.002764978720070495,1,1,1.0,2de8414c0f854a54e54eb3ef922542c3ef19178d5316176307e4e99cae869e3e,JNU_OVERNIGHT_OVERREACTION_G1_V1
2019-07-03,-0.004150340290057461,-0.0025448249708398905,-0.0025448249708398905,1,0,1.0,2de8414c0f854a54e54eb3ef922542c3ef19178d5316176307e4e99cae869e3e,JNU_OVERNIGHT_OVERREACTION_G1_V1
2019-07-04,0.0062406304466074225,-0.0016142053545411135,0.0016142053545411135,1,1,1.0,2de8414c0f854a54e54eb3ef922542c3ef19178d5316176307e4e99cae869e3e,JNU_OVERNIGHT_OVERREACTION_G1_V1
2019-07-05,0.0,-0.0004616805252827238,0.0,0,0,1.0,2de8414c0f854a54e54eb3ef922542c3ef19178d5316176307e4e99cae869e3e,JNU_OVERNIGHT_OVERREACTION_G1_V1
2019-07-08,-0.0027688065681331494,-0.0050961426020091185,-0.0050961426020091185,1,0,1.0,2de8414c0f854a54e54eb3ef922542c3ef19178d5316176307e4e99cae869e3e,JNU_OVERNIGHT_OVERREACTION_G1_V1
2019-07-09,0.0025519095161941267,-0.0013911432802318324,0.0013911432802318324,1,1,1.0,2de8414c0f854a54e54eb3ef922542c3ef19178d5316176307e4e99cae869e3e,JNU_OVERNIGHT_OVERREACTION_G1_V1
2019-07-10,-0.0016273396593753711,0.001859600721852636,0.001859600721852636,1,1,1.0,2de8414c0f854a54e54eb3ef922542c3ef19178d5316176307e4e99cae869e3e,JNU_OVERNIGHT_OVERREACTION_G1_V1
2019-07-11,0.0011618451405721354,-0.00023226106247717593,0.00023226106247717593,1,1,1.0,2de8414c0f854a54e54eb3ef922542c3ef19178d5316176307e4e99cae869e3e,JNU_OVERNIGHT_OVERREACTION_G1_V1
2019-07-12,-0.000231401134898065,-0.00023145469377711835,-0.00023145469377711835,1,0,1.0,2de8414c0f854a54e54eb3ef922542c3ef19178d5316176307e4e99cae869e3e,JNU_OVERNIGHT_OVERREACTION_G1_V1
2019-07-16,-0.0025448249708398905,-0.003248262716877896,-0.003248262716877896,1,0,1.0,2de8414c0f854a54e54eb3ef922542c3ef19178d5316176307e4e99cae869e3e,JNU_OVERNIGHT_OVERREACTION_G1_V1
2019-07-17,-0.003025720916536956,-0.0025673955052458097,-0.0025673955052458097,1,0,1.0,2de8414c0f854a54e54eb3ef922542c3ef19178d5316176307e4e99cae869e3e,JNU_OVERNIGHT_OVERREACTION_G1_V1
2019-07-18,-0.006555865203727777,-0.005653725307228645,-0.005653725307228645,1,0,1.0,2de8414c0f854a54e54eb3ef922542c3ef19178d5316176307e4e99cae869e3e,JNU_OVERNIGHT_OVERREACTION_G1_V1
2019-07-19,0.007355591356130479,0.009177614717638364,-0.009177614717638364,1,0,1.0,2de8414c0f854a54e54eb3ef922542c3ef19178d5316176307e4e99cae869e3e,JNU_OVERNIGHT_OVERREACTION_G1_V1
2019-07-22,-0.0032740908574089614,0.0016383853869738913,0.0016383853869738913,1,1,1.0,2de8414c0f854a54e54eb3ef922542c3ef19178d5316176307e4e99cae869e3e,JNU_OVERNIGHT_OVERREACTION_G1_V1
2019-07-23,0.0009352350459562626,0.008146210532284943,-0.008146210532284943,1,0,1.0,2de8414c0f854a54e54eb3ef922542c3ef19178d5316176307e4e99cae869e3e,JNU_OVERNIGHT_OVERREACTION_G1_V1
2019-07-24,0.00485045413374948,-0.0004609357076308659,0.0004609357076308659,1,1,1.0,2de8414c0f854a54e54eb3ef922542c3ef19178d5316176307e4e99cae869e3e,JNU_OVERNIGHT_OVERREACTION_G1_V1
2019-07-25,0.004146515961848618,0.0,-0.0,0,0,1.0,2de8414c0f854a54e54eb3ef922542c3ef19178d5316176307e4e99cae869e3e,JNU_OVERNIGHT_OVERREACTION_G1_V1
2019-07-26,-0.004379400799119474,-0.0013869627743488208,-0.0013869627743488208,1,0,1.0,2de8414c0f854a54e54eb3ef922542c3ef19178d5316176307e4e99cae869e3e,JNU_OVERNIGHT_OVERREACTION_G1_V1
2019-07-29,0.0,-0.0032444987905520567,0.0,0,0,1.0,2de8414c0f854a54e54eb3ef922542c3ef19178d5316176307e4e99cae869e3e,JNU_OVERNIGHT_OVERREACTION_G1_V1
2019-07-30,0.004395611473038129,0.003916604476757189,-0.003916604476757189,1,0,1.0,2de8414c0f854a54e54eb3ef922542c3ef19178d5316176307e4e99cae869e3e,JNU_OVERNIGHT_OVERREACTION_G1_V1
2019-07-31,-0.008804505439647068,0.0002326934274605722,0.0002326934274605722,1,1,1.0,2de8414c0f854a54e54eb3ef922542c3ef19178d5316176307e4e99cae869e3e,JNU_OVERNIGHT_OVERREACTION_G1_V1
2019-08-01,-0.008859932053608998,0.006535970979785449,0.006535970979785449,1,1,1.0,2de8414c0f854a54e54eb3ef922542c3ef19178d5316176307e4e99cae869e3e,JNU_OVERNIGHT_OVERREACTION_G1_V1
2019-08-02,-0.021389932911083202,0.0007125044832955,0.0007125044832955,1,1,1.0,2de8414c0f854a54e54eb3ef922542c3ef19178d5316176307e4e99cae869e3e,JNU_OVERNIGHT_OVERREACTION_G1_V1
2019-08-05,-0.008356262065699846,-0.010120568310855034,-0.010120568310855034,1,0,1.0,2de8414c0f854a54e54eb3ef922542c3ef19178d5316176307e4e99cae869e3e,JNU_OVERNIGHT_OVERREACTION_G1_V1
2019-08-06,-0.03174088578406259,0.015873349156290163,0.015873349156290163,1,1,1.0,2de8414c0f854a54e54eb3ef922542c3ef19178d5316176307e4e99cae869e3e,JNU_OVERNIGHT_OVERREACTION_G1_V1
2019-08-07,-0.0009744215143724608,-0.0036625605586457356,-0.0036625605586457356,1,0,1.0,2de8414c0f854a54e54eb3ef922542c3ef19178d5316176307e4e99cae869e3e,JNU_OVERNIGHT_OVERREACTION_G1_V1
2019-08-08,0.00024369440841929649,0.0026767262605648,-0.0026767262605648,1,0,1.0,2de8414c0f854a54e54eb3ef922542c3ef19178d5316176307e4e99cae869e3e,JNU_OVERNIGHT_OVERREACTION_G1_V1
2019-08-09,0.0067911975780017555,0.0,-0.0,0,0,1.0,2de8414c0f854a54e54eb3ef922542c3ef19178d5316176307e4e99cae869e3e,JNU_OVERNIGHT_OVERREACTION_G1_V1
2019-08-13,-0.015613881489539952,0.003681437462565624,0.003681437462565624,1,1,1.0,2de8414c0f854a54e54eb3ef922542c3ef19178d5316176307e4e99cae869e3e,JNU_OVERNIGHT_OVERREACTION_G1_V1
2019-08-14,0.01412246505386466,-0.005090303077094861,0.005090303077094861,1,1,1.0,2de8414c0f854a54e54eb3ef922542c3ef19178d5316176307e4e99cae869e3e,JNU_OVERNIGHT_OVERREACTION_G1_V1
2019-08-15,-0.02156946366335098,0.006913607784818279,0.006913607784818279,1,1,1.0,2de8414c0f854a54e54eb3ef922542c3ef19178d5316176307e4e99cae869e3e,JNU_OVERNIGHT_OVERREACTION_G1_V1
2019-08-16,-0.001474564042066766,0.0,0.0,0,0,1.0,2de8414c0f854a54e54eb3ef922542c3ef19178d5316176307e4e99cae869e3e,JNU_OVERNIGHT_OVERREACTION_G1_V1
2019-08-19,0.011473334695159454,-0.004134749901385953,0.004134749901385953,1,1,1.0,2de8414c0f854a54e54eb3ef922542c3ef19178d5316176307e4e99cae869e3e,JNU_OVERNIGHT_OVERREACTION_G1_V1
2019-08-20,0.002915453960124135,0.00024257125649571412,-0.00024257125649571412,1,0,1.0,2de8414c0f854a54e54eb3ef922542c3ef19178d5316176307e4e99cae869e3e,JNU_OVERNIGHT_OVERREACTION_G1_V1
2019-08-21,-0.00851068966790862,0.0038995906107085984,0.0038995906107085984,1,1,1.0,2de8414c0f854a54e54eb3ef922542c3ef19178d5316176307e4e99cae869e3e,JNU_OVERNIGHT_OVERREACTION_G1_V1
2019-08-22,0.0067813289662316135,-0.002900654680637233,0.002900654680637233,1,1,1.0,2de8414c0f854a54e54eb3ef922542c3ef19178d5316176307e4e99cae869e3e,JNU_OVERNIGHT_OVERREACTION_G1_V1
2019-08-23,-0.0017000611259149047,0.00460774429882986,0.00460774429882986,1,1,1.0,2de8414c0f854a54e54eb3ef922542c3ef19178d5316176307e4e99cae869e3e,JNU_OVERNIGHT_OVERREACTION_G1_V1
2019-08-26,-0.029918857389450236,0.00595683071919139,0.00595683071919139,1,1,1.0,2de8414c0f854a54e54eb3ef922542c3ef19178d5316176307e4e99cae869e3e,JNU_OVERNIGHT_OVERREACTION_G1_V1
2019-08-27,0.01030178352782597,-0.00048816207950132343,0.00048816207950132343,1,1,1.0,2de8414c0f854a54e54eb3ef922542c3ef19178d5316176307e4e99cae869e3e,JNU_OVERNIGHT_OVERREACTION_G1_V1
2019-08-28,0.0014680697522911604,0.0004888780346696394,-0.0004888780346696394,1,0,1.0,2de8414c0f854a54e54eb3ef922542c3ef19178d5316176307e4e99cae869e3e,JNU_OVERNIGHT_OVERREACTION_G1_V1
2019-08-29,0.00024423006593494615,-0.005878047784190945,0.005878047784190945,1,1,1.0,2de8414c0f854a54e54eb3ef922542c3ef19178d5316176307e4e99cae869e3e,JNU_OVERNIGHT_OVERREACTION_G1_V1
2019-08-30,0.009976965590436091,0.0009680542866350526,-0.0009680542866350526,1,0,1.0,2de8414c0f854a54e54eb3ef922542c3ef19178d5316176307e4e99cae869e3e,JNU_OVERNIGHT_OVERREACTION_G1_V1
2019-09-02,-0.0036332848494477483,0.0014548984137645257,0.0014548984137645257,1,1,1.0,2de8414c0f854a54e54eb3ef922542c3ef19178d5316176307e4e99cae869e3e,JNU_OVERNIGHT_OVERREACTION_G1_V1
2019-09-03,-0.001457018227647112,0.0031541940502284073,0.0031541940502284073,1,1,1.0,2de8414c0f854a54e54eb3ef922542c3ef19178d5316176307e4e99cae869e3e,JNU_OVERNIGHT_OVERREACTION_G1_V1
2019-09-04,-0.002668285391493924,0.0014563109369953467,0.0014563109369953467,1,1,1.0,2de8414c0f854a54e54eb3ef922542c3ef19178d5316176307e4e99cae869e3e,JNU_OVERNIGHT_OVERREACTION_G1_V1
2019-09-05,0.005546860960166575,0.012903404835907782,-0.012903404835907782,1,0,1.0,2de8414c0f854a54e54eb3ef922542c3ef19178d5316176307e4e99cae869e3e,JNU_OVERNIGHT_OVERREACTION_G1_V1
2019-09-06,0.004258345682577246,0.0021223920241505117,-0.0021223920241505117,1,0,1.0,2de8414c0f854a54e54eb3ef922542c3ef19178d5316176307e4e99cae869e3e,JNU_OVERNIGHT_OVERREACTION_G1_V1
2019-09-09,0.0011804983073205946,0.006116227017436054,-0.006116227017436054,1,0,1.0,2de8414c0f854a54e54eb3ef922542c3ef19178d5316176307e4e99cae869e3e,JNU_OVERNIGHT_OVERREACTION_G1_V1
2019-09-10,0.001406469992751825,0.002573401817880363,-0.002573401817880363,1,0,1.0,2de8414c0f854a54e54eb3ef922542c3ef19178d5316176307e4e99cae869e3e,JNU_OVERNIGHT_OVERREACTION_G1_V1
2019-09-11,0.0032672141082382175,0.0011642800244060787,-0.0011642800244060787,1,0,1.0,2de8414c0f854a54e54eb3ef922542c3ef19178d5316176307e4e99cae869e3e,JNU_OVERNIGHT_OVERREACTION_G1_V1
2019-09-12,0.009225157674825908,-0.00045924225835836417,0.00045924225835836417,1,1,1.0,2de8414c0f854a54e54eb3ef922542c3ef19178d5316176307e4e99cae869e3e,JNU_OVERNIGHT_OVERREACTION_G1_V1
2019-09-13,-0.005290409118910488,0.004601940933369055,0.004601940933369055,1,1,1.0,2de8414c0f854a54e54eb3ef922542c3ef19178d5316176307e4e99cae869e3e,JNU_OVERNIGHT_OVERREACTION_G1_V1
2019-09-17,0.0013745706631665632,0.00022891152669490757,-0.00022891152669490757,1,0,1.0,2de8414c0f854a54e54eb3ef922542c3ef19178d5316176307e4e99cae869e3e,JNU_OVERNIGHT_OVERREACTION_G1_V1
2019-09-18,0.0018323413280615622,-0.0002288591381999666,0.0002288591381999666,1,1,1.0,2de8414c0f854a54e54eb3ef922542c3ef19178d5316176307e4e99cae869e3e,JNU_OVERNIGHT_OVERREACTION_G1_V1
2019-09-19,0.0045766670274118935,0.004783063440599547,-0.004783063440599547,1,0,1.0,2de8414c0f854a54e54eb3ef922542c3ef19178d5316176307e4e99cae869e3e,JNU_OVERNIGHT_OVERREACTION_G1_V1
2019-09-20,0.0036471433178791183,0.00090971122944234,-0.00090971122944234,1,0,1.0,2de8414c0f854a54e54eb3ef922542c3ef19178d5316176307e4e99cae869e3e,JNU_OVERNIGHT_OVERREACTION_G1_V1
2019-09-24,-0.0002281282090422435,0.0013679892694248104,0.0013679892694248104,1,1,1.0,2de8414c0f854a54e54eb3ef922542c3ef19178d5316176307e4e99cae869e3e,JNU_OVERNIGHT_OVERREACTION_G1_V1
2019-09-25,-0.006629353345154043,0.00045861041849434966,0.00045861041849434966,1,1,1.0,2de8414c0f854a54e54eb3ef922542c3ef19178d5316176307e4e99cae869e3e,JNU_OVERNIGHT_OVERREACTION_G1_V1
2019-09-26,0.004799460704130908,0.0006837607104004059,-0.0006837607104004059,1,0,1.0,2de8414c0f854a54e54eb3ef922542c3ef19178d5316176307e4e99cae869e3e,JNU_OVERNIGHT_OVERREACTION_G1_V1
2019-09-27,0.005018258706356723,-0.007307636995667734,0.007307636995667734,1,1,1.0,2de8414c0f854a54e54eb3ef922542c3ef19178d5316176307e4e99cae869e3e,JNU_OVERNIGHT_OVERREACTION_G1_V1
2019-09-30,-0.005280691871789605,0.002299380180721293,0.002299380180721293,1,1,1.0,2de8414c0f854a54e54eb3ef922542c3ef19178d5316176307e4e99cae869e3e,JNU_OVERNIGHT_OVERREACTION_G1_V1
2019-10-01,0.006885498858192072,0.0027409793314222665,-0.0027409793314222665,1,0,1.0,2de8414c0f854a54e54eb3ef922542c3ef19178d5316176307e4e99cae869e3e,JNU_OVERNIGHT_OVERREACTION_G1_V1
2019-10-02,-0.010308188860298967,0.001610491547907899,0.001610491547907899,1,1,1.0,2de8414c0f854a54e54eb3ef922542c3ef19178d5316176307e4e99cae869e3e,JNU_OVERNIGHT_OVERREACTION_G1_V1
2019-10-03,-0.01622283550688726,-0.005858247568367981,-0.005858247568367981,1,0,1.0,2de8414c0f854a54e54eb3ef922542c3ef19178d5316176307e4e99cae869e3e,JNU_OVERNIGHT_OVERREACTION_G1_V1
2019-10-04,0.0018774940976271387,-0.0016426144723546855,0.0016426144723546855,1,1,1.0,2de8414c0f854a54e54eb3ef922542c3ef19178d5316176307e4e99cae869e3e,JNU_OVERNIGHT_OVERREACTION_G1_V1
2019-10-07,0.003734831605653304,-0.004436668106564172,0.004436668106564172,1,1,1.0,2de8414c0f854a54e54eb3ef922542c3ef19178d5316176307e4e99cae869e3e,JNU_OVERNIGHT_OVERREACTION_G1_V1
2019-10-08,0.0060648658025608685,0.0011621151801772967,-0.0011621151801772967,1,0,1.0,2de8414c0f854a54e54eb3ef922542c3ef19178d5316176307e4e99cae869e3e,JNU_OVERNIGHT_OVERREACTION_G1_V1
2019-10-09,-0.011633449023606832,0.0009356725828836433,0.0009356725828836433,1,1,1.0,2de8414c0f854a54e54eb3ef922542c3ef19178d5316176307e4e99cae869e3e,JNU_OVERNIGHT_OVERREACTION_G1_V1
2019-10-10,-0.001634178022134623,0.006984894521950969,0.006984894521950969,1,1,1.0,2de8414c0f854a54e54eb3ef922542c3ef19178d5316176307e4e99cae869e3e,JNU_OVERNIGHT_OVERREACTION_G1_V1
2019-10-11,0.008796353014614297,0.0018420451904413604,-0.0018420451904413604,1,0,1.0,2de8414c0f854a54e54eb3ef922542c3ef19178d5316176307e4e99cae869e3e,JNU_OVERNIGHT_OVERREACTION_G1_V1
2019-10-15,0.01412645956717865,0.0033879196719360434,-0.0033879196719360434,1,0,1.0,2de8414c0f854a54e54eb3ef922542c3ef19178d5316176307e4e99cae869e3e,JNU_OVERNIGHT_OVERREACTION_G1_V1
2019-10-16,0.01342302033214077,0.00022219753452146847,-0.00022219753452146847,1,0,1.0,2de8414c0f854a54e54eb3ef922542c3ef19178d5316176307e4e99cae869e3e,JNU_OVERNIGHT_OVERREACTION_G1_V1
2019-10-17,0.0013348166609271615,0.0006667407736716463,-0.0006667407736716463,1,0,1.0,2de8414c0f854a54e54eb3ef922542c3ef19178d5316176307e4e99cae869e3e,JNU_OVERNIGHT_OVERREACTION_G1_V1
2019-10-18,0.0024468925566328045,0.001997559203791396,-0.001997559203791396,1,0,1.0,2de8414c0f854a54e54eb3ef922542c3ef19178d5316176307e4e99cae869e3e,JNU_OVERNIGHT_OVERREACTION_G1_V1
2019-10-21,0.0006671856135403962,0.0017769884729286836,-0.0017769884729286836,1,0,1.0,2de8414c0f854a54e54eb3ef922542c3ef19178d5316176307e4e99cae869e3e,JNU_OVERNIGHT_OVERREACTION_G1_V1
2019-10-23,0.007070290168779731,-0.005298025637555161,0.005298025637555161,1,1,1.0,2de8414c0f854a54e54eb3ef922542c3ef19178d5316176307e4e99cae869e3e,JNU_OVERNIGHT_OVERREACTION_G1_V1
2019-10-24,0.005284028146605206,-0.0010985390536808958,0.0010985390536808958,1,1,1.0,2de8414c0f854a54e54eb3ef922542c3ef19178d5316176307e4e99cae869e3e,JNU_OVERNIGHT_OVERREACTION_G1_V1
2019-10-25,0.0013166558847469028,-0.0028549486834212406,0.0028549486834212406,1,1,1.0,2de8414c0f854a54e54eb3ef922542c3ef19178d5316176307e4e99cae869e3e,JNU_OVERNIGHT_OVERREACTION_G1_V1
2019-10-28,0.0026298502993889433,-0.0006568144735306159,0.0006568144735306159,1,1,1.0,2de8414c0f854a54e54eb3ef922542c3ef19178d5316176307e4e99cae869e3e,JNU_OVERNIGHT_OVERREACTION_G1_V1
2019-10-29,0.0043668191663403895,0.0010887317351966558,-0.0010887317351966558,1,0,1.0,2de8414c0f854a54e54eb3ef922542c3ef19178d5316176307e4e99cae869e3e,JNU_OVERNIGHT_OVERREACTION_G1_V1
2019-10-30,-0.0017432996352282693,-0.0019648516309314383,-0.0019648516309314383,1,0,1.0,2de8414c0f854a54e54eb3ef922542c3ef19178d5316176307e4e99cae869e3e,JNU_OVERNIGHT_OVERREACTION_G1_V1
2019-10-31,0.00458866750743111,-0.0010906315837311753,0.0010906315837311753,1,1,1.0,2de8414c0f854a54e54eb3ef922542c3ef19178d5316176307e4e99cae869e3e,JNU_OVERNIGHT_OVERREACTION_G1_V1
2019-11-01,-0.009200503016862467,0.003514942107444592,0.003514942107444592,1,1,1.0,2de8414c0f854a54e54eb3ef922542c3ef19178d5316176307e4e99cae869e3e,JNU_OVERNIGHT_OVERREACTION_G1_V1
2019-11-05,0.014557562896370876,-0.0010790979788903583,0.0010790979788903583,1,1,1.0,2de8414c0f854a54e54eb3ef922542c3ef19178d5316176307e4e99cae869e3e,JNU_OVERNIGHT_OVERREACTION_G1_V1
2019-11-06,0.0008576329856727856,-0.0021454631701015607,0.0021454631701015607,1,1,1.0,2de8414c0f854a54e54eb3ef922542c3ef19178d5316176307e4e99cae869e3e,JNU_OVERNIGHT_OVERREACTION_G1_V1
2019-11-07,-0.0006441224055230209,0.0006441224055230074,0.0006441224055230074,1,1,1.0,2de8414c0f854a54e54eb3ef922542c3ef19178d5316176307e4e99cae869e3e,JNU_OVERNIGHT_OVERREACTION_G1_V1
2019-11-08,0.007674307543128404,-0.005109655571032071,0.005109655571032071,1,1,1.0,2de8414c0f854a54e54eb3ef922542c3ef19178d5316176307e4e99cae869e3e,JNU_OVERNIGHT_OVERREACTION_G1_V1
2019-11-11,0.0036305432296547054,-0.003630543229654759,0.003630543229654759,1,1,1.0,2de8414c0f854a54e54eb3ef922542c3ef19178d5316176307e4e99cae869e3e,JNU_OVERNIGHT_OVERREACTION_G1_V1
2019-11-12,0.001928227699742217,0.0,-0.0,0,0,1.0,2de8414c0f854a54e54eb3ef922542c3ef19178d5316176307e4e99cae869e3e,JNU_OVERNIGHT_OVERREACTION_G1_V1
2019-11-13,-0.004683849312426314,-0.0049203222594200865,-0.0049203222594200865,1,0,1.0,2de8414c0f854a54e54eb3ef922542c3ef19178d5316176307e4e99cae869e3e,JNU_OVERNIGHT_OVERREACTION_G1_V1
2019-11-14,0.0010730766133251355,0.001286173810744085,-0.001286173810744085,1,0,1.0,2de8414c0f854a54e54eb3ef922542c3ef19178d5316176307e4e99cae869e3e,JNU_OVERNIGHT_OVERREACTION_G1_V1
2019-11-15,0.0004322455221827011,0.007534208494753732,-0.007534208494753732,1,0,1.0,2de8414c0f854a54e54eb3ef922542c3ef19178d5316176307e4e99cae869e3e,JNU_OVERNIGHT_OVERREACTION_G1_V1
2019-11-18,-0.0012864495770746449,0.0015006970337057076,0.0015006970337057076,1,1,1.0,2de8414c0f854a54e54eb3ef922542c3ef19178d5316176307e4e99cae869e3e,JNU_OVERNIGHT_OVERREACTION_G1_V1
2019-11-19,-0.0017115964811813807,-0.0010712373814988035,-0.0010712373814988035,1,0,1.0,2de8414c0f854a54e54eb3ef922542c3ef19178d5316176307e4e99cae869e3e,JNU_OVERNIGHT_OVERREACTION_G1_V1
2019-11-20,-0.0038718052239853384,-0.0034542348680875576,-0.0034542348680875576,1,0,1.0,2de8414c0f854a54e54eb3ef922542c3ef19178d5316176307e4e99cae869e3e,JNU_OVERNIGHT_OVERREACTION_G1_V1
2019-11-21,-0.0019469989925588959,-0.01461472189779876,-0.01461472189779876,1,0,1.0,2de8414c0f854a54e54eb3ef922542c3ef19178d5316176307e4e99cae869e3e,JNU_OVERNIGHT_OVERREACTION_G1_V1
2019-11-22,0.001301236357971734,0.0051880790817778995,-0.0051880790817778995,1,0,1.0,2de8414c0f854a54e54eb3ef922542c3ef19178d5316176307e4e99cae869e3e,JNU_OVERNIGHT_OVERREACTION_G1_V1
2019-11-25,0.006464146619889238,0.001931123870170442,-0.001931123870170442,1,0,1.0,2de8414c0f854a54e54eb3ef922542c3ef19178d5316176307e4e99cae869e3e,JNU_OVERNIGHT_OVERREACTION_G1_V1
2019-11-26,0.006202565067584118,0.00149142458667012,-0.00149142458667012,1,0,1.0,2de8414c0f854a54e54eb3ef922542c3ef19178d5316176307e4e99cae869e3e,JNU_OVERNIGHT_OVERREACTION_G1_V1
2019-11-27,0.003843694674562715,0.0004261666376027306,-0.0004261666376027306,1,0,1.0,2de8414c0f854a54e54eb3ef922542c3ef19178d5316176307e4e99cae869e3e,JNU_OVERNIGHT_OVERREACTION_G1_V1
2019-11-28,0.00149142458667012,-0.001065076253629028,0.001065076253629028,1,1,1.0,2de8414c0f854a54e54eb3ef922542c3ef19178d5316176307e4e99cae869e3e,JNU_OVERNIGHT_OVERREACTION_G1_V1
2019-11-29,0.003626670641716185,-0.003626670641716134,0.003626670641716134,1,1,1.0,2de8414c0f854a54e54eb3ef922542c3ef19178d5316176307e4e99cae869e3e,JNU_OVERNIGHT_OVERREACTION_G1_V1
2019-12-02,0.0032144032820065594,0.0063979744796596365,-0.0063979744796596365,1,0,1.0,2de8414c0f854a54e54eb3ef922542c3ef19178d5316176307e4e99cae869e3e,JNU_OVERNIGHT_OVERREACTION_G1_V1
2019-12-03,-0.015404669194986467,0.003228934029171594,0.003228934029171594,1,1,1.0,2de8414c0f854a54e54eb3ef922542c3ef19178d5316176307e4e99cae869e3e,JNU_OVERNIGHT_OVERREACTION_G1_V1
2019-12-04,-0.01098084023233758,0.00043290043966095175,0.00043290043966095175,1,1,1.0,2de8414c0f854a54e54eb3ef922542c3ef19178d5316176307e4e99cae869e3e,JNU_OVERNIGHT_OVERREACTION_G1_V1
2019-12-05,0.009474661747049348,-0.0027900007367267746,0.0027900007367267746,1,1,1.0,2de8414c0f854a54e54eb3ef922542c3ef19178d5316176307e4e99cae869e3e,JNU_OVERNIGHT_OVERREACTION_G1_V1
2019-12-06,0.000857265376118367,0.0010705492939795688,-0.0010705492939795688,1,0,1.0,2de8414c0f854a54e54eb3ef922542c3ef19178d5316176307e4e99cae869e3e,JNU_OVERNIGHT_OVERREACTION_G1_V1
2019-12-09,0.004258950219566847,-0.004685844569699777,0.004685844569699777,1,1,1.0,2de8414c0f854a54e54eb3ef922542c3ef19178d5316176307e4e99cae869e3e,JNU_OVERNIGHT_OVERREACTION_G1_V1
2019-12-10,-0.002563008664889495,0.0,0.0,0,0,1.0,2de8414c0f854a54e54eb3ef922542c3ef19178d5316176307e4e99cae869e3e,JNU_OVERNIGHT_OVERREACTION_G1_V1
2019-12-11,0.0004267121891076239,-0.003418806748785609,0.003418806748785609,1,1,1.0,2de8414c0f854a54e54eb3ef922542c3ef19178d5316176307e4e99cae869e3e,JNU_OVERNIGHT_OVERREACTION_G1_V1
2019-12-12,0.002776889534061084,0.00021328783273766332,-0.00021328783273766332,1,0,1.0,2de8414c0f854a54e54eb3ef922542c3ef19178d5316176307e4e99cae869e3e,JNU_OVERNIGHT_OVERREACTION_G1_V1
2019-12-13,0.014604979680785349,0.003775172268851459,-0.003775172268851459,1,0,1.0,2de8414c0f854a54e54eb3ef922542c3ef19178d5316176307e4e99cae869e3e,JNU_OVERNIGHT_OVERREACTION_G1_V1
2019-12-16,-0.001878718849219938,0.00020892092419033472,0.00020892092419033472,1,1,1.0,2de8414c0f854a54e54eb3ef922542c3ef19178d5316176307e4e99cae869e3e,JNU_OVERNIGHT_OVERREACTION_G1_V1
2019-12-17,0.0066750352140520315,-0.0029148469524019455,0.0029148469524019455,1,1,1.0,2de8414c0f854a54e54eb3ef922542c3ef19178d5316176307e4e99cae869e3e,JNU_OVERNIGHT_OVERREACTION_G1_V1
2019-12-18,-0.0018755866704947225,-0.0012523483164659486,-0.0012523483164659486,1,0,1.0,2de8414c0f854a54e54eb3ef922542c3ef19178d5316176307e4e99cae869e3e,JNU_OVERNIGHT_OVERREACTION_G1_V1
2019-12-19,0.00020970955303874455,-0.0012589174973639367,0.0012589174973639367,1,1,1.0,2de8414c0f854a54e54eb3ef922542c3ef19178d5316176307e4e99cae869e3e,JNU_OVERNIGHT_OVERREACTION_G1_V1
2019-12-20,-0.00041981528744210254,-0.0044187341755096,-0.0044187341755096,1,0,1.0,2de8414c0f854a54e54eb3ef922542c3ef19178d5316176307e4e99cae869e3e,JNU_OVERNIGHT_OVERREACTION_G1_V1
2019-12-23,0.004622828152828302,-0.002518893019483915,0.002518893019483915,1,1,1.0,2de8414c0f854a54e54eb3ef922542c3ef19178d5316176307e4e99cae869e3e,JNU_OVERNIGHT_OVERREACTION_G1_V1
2019-12-24,0.0010514142488935179,-0.0018933423137811995,0.0018933423137811995,1,1,1.0,2de8414c0f854a54e54eb3ef922542c3ef19178d5316176307e4e99cae869e3e,JNU_OVERNIGHT_OVERREACTION_G1_V1
2019-12-25,0.0008417508914524222,-0.0010522993710174106,0.0010522993710174106,1,1,1.0,2de8414c0f854a54e54eb3ef922542c3ef19178d5316176307e4e99cae869e3e,JNU_OVERNIGHT_OVERREACTION_G1_V1
2019-12-26,-0.0010540740935905655,0.0050494531861840644,0.0050494531861840644,1,1,1.0,2de8414c0f854a54e54eb3ef922542c3ef19178d5316176307e4e99cae869e3e,JNU_OVERNIGHT_OVERREACTION_G1_V1
2019-12-27,0.0027222297200455983,-0.0010461346283081568,0.0010461346283081568,1,1,1.0,2de8414c0f854a54e54eb3ef922542c3ef19178d5316176307e4e99cae869e3e,JNU_OVERNIGHT_OVERREACTION_G1_V1
2019-12-30,-0.0035718075582643893,-0.0029510982631695925,-0.0029510982631695925,1,0,1.0,2de8414c0f854a54e54eb3ef922542c3ef19178d5316176307e4e99cae869e3e,JNU_OVERNIGHT_OVERREACTION_G1_V1
2020-01-06,-0.018795939931376147,-0.0008628128231554957,-0.0008628128231554957,1,0,1.0,77ad8d59ebff6aad88b5688701499490f27f817fb77afbebacdbd01baea42b97,JNU_OVERNIGHT_OVERREACTION_G1_V1
2020-01-07,0.00732761899415185,0.0072743153460808774,-0.0072743153460808774,1,0,1.0,77ad8d59ebff6aad88b5688701499490f27f817fb77afbebacdbd01baea42b97,JNU_OVERNIGHT_OVERREACTION_G1_V1
2020-01-08,-0.01715675795682254,-0.0019486852545264818,-0.0019486852545264818,1,0,1.0,77ad8d59ebff6aad88b5688701499490f27f817fb77afbebacdbd01baea42b97,JNU_OVERNIGHT_OVERREACTION_G1_V1
2020-01-09,0.016079240193015324,0.004667948217238071,-0.004667948217238071,1,0,1.0,77ad8d59ebff6aad88b5688701499490f27f817fb77afbebacdbd01baea42b97,JNU_OVERNIGHT_OVERREACTION_G1_V1
2020-01-10,0.0031602259525509656,-0.0016842109244304085,0.0016842109244304085,1,1,1.0,77ad8d59ebff6aad88b5688701499490f27f817fb77afbebacdbd01baea42b97,JNU_OVERNIGHT_OVERREACTION_G1_V1
2020-01-14,0.0056574273472082826,0.002920928427663698,-0.002920928427663698,1,0,1.0,77ad8d59ebff6aad88b5688701499490f27f817fb77afbebacdbd01baea42b97,JNU_OVERNIGHT_OVERREACTION_G1_V1
2020-01-15,-0.0037578332321421006,0.0014630580517603152,0.0014630580517603152,1,1,1.0,77ad8d59ebff6aad88b5688701499490f27f817fb77afbebacdbd01baea42b97,JNU_OVERNIGHT_OVERREACTION_G1_V1
2020-01-16,0.003137749671967165,-0.0018814680997055087,0.0018814680997055087,1,1,1.0,77ad8d59ebff6aad88b5688701499490f27f817fb77afbebacdbd01baea42b97,JNU_OVERNIGHT_OVERREACTION_G1_V1
2020-01-17,0.007078938576327279,-0.0037414302634474457,0.0037414302634474457,1,1,1.0,77ad8d59ebff6aad88b5688701499490f27f817fb77afbebacdbd01baea42b97,JNU_OVERNIGHT_OVERREACTION_G1_V1
2020-01-20,-0.00020800832108281247,0.0010396092006088886,0.0010396092006088886,1,1,1.0,77ad8d59ebff6aad88b5688701499490f27f817fb77afbebacdbd01baea42b97,JNU_OVERNIGHT_OVERREACTION_G1_V1
2020-01-21,-0.0012474014091486444,-0.00772688401157382,-0.00772688401157382,1,0,1.0,77ad8d59ebff6aad88b5688701499490f27f817fb77afbebacdbd01baea42b97,JNU_OVERNIGHT_OVERREACTION_G1_V1
2020-01-22,-0.002099958772544223,0.00398615864015644,0.00398615864015644,1,1,1.0,77ad8d59ebff6aad88b5688701499490f27f817fb77afbebacdbd01baea42b97,JNU_OVERNIGHT_OVERREACTION_G1_V1
2020-01-23,-0.008781156153066077,0.0012591816983776015,0.0012591816983776015,1,1,1.0,77ad8d59ebff6aad88b5688701499490f27f817fb77afbebacdbd01baea42b97,JNU_OVERNIGHT_OVERREACTION_G1_V1
2020-01-24,0.002312625859886844,-0.002102166004327203,0.002102166004327203,1,1,1.0,77ad8d59ebff6aad88b5688701499490f27f817fb77afbebacdbd01baea42b97,JNU_OVERNIGHT_OVERREACTION_G1_V1
2020-01-27,-0.02143773067406713,0.0034268613531452203,0.0034268613531452203,1,1,1.0,77ad8d59ebff6aad88b5688701499490f27f817fb77afbebacdbd01baea42b97,JNU_OVERNIGHT_OVERREACTION_G1_V1
2020-01-28,-0.007322884328307038,-0.0006487188031590464,-0.0006487188031590464,1,0,1.0,77ad8d59ebff6aad88b5688701499490f27f817fb77afbebacdbd01baea42b97,JNU_OVERNIGHT_OVERREACTION_G1_V1
2020-01-29,0.005592615136060208,0.00042890843462583926,-0.00042890843462583926,1,0,1.0,77ad8d59ebff6aad88b5688701499490f27f817fb77afbebacdbd01baea42b97,JNU_OVERNIGHT_OVERREACTION_G1_V1
2020-01-30,-0.004290010869507931,-0.0047403665582752535,-0.0047403665582752535,1,0,1.0,77ad8d59ebff6aad88b5688701499490f27f817fb77afbebacdbd01baea42b97,JNU_OVERNIGHT_OVERREACTION_G1_V1
2020-01-31,0.008680610064305852,0.004957440910529744,-0.004957440910529744,1,0,1.0,77ad8d59ebff6aad88b5688701499490f27f817fb77afbebacdbd01baea42b97,JNU_OVERNIGHT_OVERREACTION_G1_V1
2020-02-03,-0.016115331337211845,0.006782653723790979,0.006782653723790979,1,1,1.0,77ad8d59ebff6aad88b5688701499490f27f817fb77afbebacdbd01baea42b97,JNU_OVERNIGHT_OVERREACTION_G1_V1
2020-02-04,-0.003060780701743197,0.005459124814403306,0.005459124814403306,1,1,1.0,77ad8d59ebff6aad88b5688701499490f27f817fb77afbebacdbd01baea42b97,JNU_OVERNIGHT_OVERREACTION_G1_V1
2020-02-05,0.011421307216116533,-0.0027894020875785254,0.0027894020875785254,1,1,1.0,77ad8d59ebff6aad88b5688701499490f27f817fb77afbebacdbd01baea42b97,JNU_OVERNIGHT_OVERREACTION_G1_V1
2020-02-06,0.014247981592904527,0.0018985344801867312,-0.0018985344801867312,1,0,1.0,77ad8d59ebff6aad88b5688701499490f27f817fb77afbebacdbd01baea42b97,JNU_OVERNIGHT_OVERREACTION_G1_V1
2020-02-07,0.0004180602067577146,-0.004188487798752135,0.004188487798752135,1,1,1.0,77ad8d59ebff6aad88b5688701499490f27f817fb77afbebacdbd01baea42b97,JNU_OVERNIGHT_OVERREACTION_G1_V1
2020-02-10,-0.008438868645864595,0.005282632464427218,0.005282632464427218,1,1,1.0,77ad8d59ebff6aad88b5688701499490f27f817fb77afbebacdbd01baea42b97,JNU_OVERNIGHT_OVERREACTION_G1_V1
2020-02-12,0.010103222121594323,-0.0035665620519276155,0.0035665620519276155,1,1,1.0,77ad8d59ebff6aad88b5688701499490f27f817fb77afbebacdbd01baea42b97,JNU_OVERNIGHT_OVERREACTION_G1_V1
2020-02-13,0.002717677014999111,-0.003136437490130272,0.003136437490130272,1,1,1.0,77ad8d59ebff6aad88b5688701499490f27f817fb77afbebacdbd01baea42b97,JNU_OVERNIGHT_OVERREACTION_G1_V1
2020-02-14,-0.0037902761737808022,-0.0012666246151929424,-0.0012666246151929424,1,0,1.0,77ad8d59ebff6aad88b5688701499490f27f817fb77afbebacdbd01baea42b97,JNU_OVERNIGHT_OVERREACTION_G1_V1
2020-02-17,-0.0025434519858302555,-0.0021244962314078066,-0.0021244962314078066,1,0,1.0,77ad8d59ebff6aad88b5688701499490f27f817fb77afbebacdbd01baea42b97,JNU_OVERNIGHT_OVERREACTION_G1_V1
2020-02-18,-0.0036212628773070587,-0.0079271973771562,-0.0079271973771562,1,0,1.0,77ad8d59ebff6aad88b5688701499490f27f817fb77afbebacdbd01baea42b97,JNU_OVERNIGHT_OVERREACTION_G1_V1
2020-02-19,0.004518566052825399,-0.00042946103301252713,0.00042946103301252713,1,1,1.0,77ad8d59ebff6aad88b5688701499490f27f817fb77afbebacdbd01baea42b97,JNU_OVERNIGHT_OVERREACTION_G1_V1
2020-02-20,0.012118783375490036,0.002743485945750834,-0.002743485945750834,1,0,1.0,77ad8d59ebff6aad88b5688701499490f27f817fb77afbebacdbd01baea42b97,JNU_OVERNIGHT_OVERREACTION_G1_V1
2020-02-21,-0.0010646226918469045,0.00042598509696355105,0.00042598509696355105,1,1,1.0,77ad8d59ebff6aad88b5688701499490f27f817fb77afbebacdbd01baea42b97,JNU_OVERNIGHT_OVERREACTION_G1_V1
2020-02-25,-0.04470507758889743,0.016889290347309308,0.016889290347309308,1,1,1.0,77ad8d59ebff6aad88b5688701499490f27f817fb77afbebacdbd01baea42b97,JNU_OVERNIGHT_OVERREACTION_G1_V1
2020-02-26,-0.018963200707756055,-0.0018034269991506827,-0.0018034269991506827,1,0,1.0,77ad8d59ebff6aad88b5688701499490f27f817fb77afbebacdbd01baea42b97,JNU_OVERNIGHT_OVERREACTION_G1_V1
2020-02-27,-0.00470378289164284,-0.01015466245937526,-0.01015466245937526,1,0,1.0,77ad8d59ebff6aad88b5688701499490f27f817fb77afbebacdbd01baea42b97,JNU_OVERNIGHT_OVERREACTION_G1_V1
2020-02-28,-0.024036285430537766,-0.007513536168535768,-0.007513536168535768,1,0,1.0,77ad8d59ebff6aad88b5688701499490f27f817fb77afbebacdbd01baea42b97,JNU_OVERNIGHT_OVERREACTION_G1_V1
2020-03-02,-0.013371736965889308,0.023049612572843357,0.023049612572843357,1,1,1.0,77ad8d59ebff6aad88b5688701499490f27f817fb77afbebacdbd01baea42b97,JNU_OVERNIGHT_OVERREACTION_G1_V1
2020-03-03,0.013815932207063104,-0.005597029536717908,0.005597029536717908,1,1,1.0,77ad8d59ebff6aad88b5688701499490f27f817fb77afbebacdbd01baea42b97,JNU_OVERNIGHT_OVERREACTION_G1_V1
2020-03-04,-0.007648220838256845,0.015002067286864523,0.015002067286864523,1,1,1.0,77ad8d59ebff6aad88b5688701499490f27f817fb77afbebacdbd01baea42b97,JNU_OVERNIGHT_OVERREACTION_G1_V1
2020-03-05,0.010579621424868324,-0.003279459486373447,0.003279459486373447,1,1,1.0,77ad8d59ebff6aad88b5688701499490f27f817fb77afbebacdbd01baea42b97,JNU_OVERNIGHT_OVERREACTION_G1_V1
2020-03-06,-0.017490400959778756,-0.006698589640947966,-0.006698589640947966,1,0,1.0,77ad8d59ebff6aad88b5688701499490f27f817fb77afbebacdbd01baea42b97,JNU_OVERNIGHT_OVERREACTION_G1_V1
2020-03-09,-0.03772171623324897,-0.013915468061974558,-0.013915468061974558,1,0,1.0,77ad8d59ebff6aad88b5688701499490f27f817fb77afbebacdbd01baea42b97,JNU_OVERNIGHT_OVERREACTION_G1_V1
2020-03-10,-0.00848879695533498,0.01053588057705987,0.01053588057705987,1,1,1.0,77ad8d59ebff6aad88b5688701499490f27f817fb77afbebacdbd01baea42b97,JNU_OVERNIGHT_OVERREACTION_G1_V1
2020-03-11,-0.006346004289748796,-0.004082679822495507,-0.004082679822495507,1,0,1.0,77ad8d59ebff6aad88b5688701499490f27f817fb77afbebacdbd01baea42b97,JNU_OVERNIGHT_OVERREACTION_G1_V1
2020-03-12,-0.01323835037689485,-0.028895317144312885,-0.028895317144312885,1,0,1.0,77ad8d59ebff6aad88b5688701499490f27f817fb77afbebacdbd01baea42b97,JNU_OVERNIGHT_OVERREACTION_G1_V1
2020-03-13,-0.1005412292218774,-0.004517399641203375,-0.004517399641203375,1,0,1.0,77ad8d59ebff6aad88b5688701499490f27f817fb77afbebacdbd01baea42b97,JNU_OVERNIGHT_OVERREACTION_G1_V1
2020-03-16,0.023461486678997966,-0.006105557562485147,0.006105557562485147,1,1,1.0,77ad8d59ebff6aad88b5688701499490f27f817fb77afbebacdbd01baea42b97,JNU_OVERNIGHT_OVERREACTION_G1_V1
2020-03-17,-0.018899617598754907,0.026596517645565348,0.026596517645565348,1,1,1.0,77ad8d59ebff6aad88b5688701499490f27f817fb77afbebacdbd01baea42b97,JNU_OVERNIGHT_OVERREACTION_G1_V1
2020-03-18,0.01520375090203951,0.007662872745569097,-0.007662872745569097,1,0,1.0,77ad8d59ebff6aad88b5688701499490f27f817fb77afbebacdbd01baea42b97,JNU_OVERNIGHT_OVERREACTION_G1_V1
2020-03-19,0.021331738716474466,-0.021331738716474334,0.021331738716474334,1,1,1.0,77ad8d59ebff6aad88b5688701499490f27f817fb77afbebacdbd01baea42b97,JNU_OVERNIGHT_OVERREACTION_G1_V1
2020-03-23,-0.00304044016526682,-0.0009139376112172311,-0.0009139376112172311,1,0,1.0,77ad8d59ebff6aad88b5688701499490f27f817fb77afbebacdbd01baea42b97,JNU_OVERNIGHT_OVERREACTION_G1_V1
2020-03-24,0.03562420498712747,0.011692704156085752,-0.011692704156085752,1,0,1.0,77ad8d59ebff6aad88b5688701499490f27f817fb77afbebacdbd01baea42b97,JNU_OVERNIGHT_OVERREACTION_G1_V1
2020-03-25,0.03945391469346824,0.0026462042432732653,-0.0026462042432732653,1,0,1.0,77ad8d59ebff6aad88b5688701499490f27f817fb77afbebacdbd01baea42b97,JNU_OVERNIGHT_OVERREACTION_G1_V1
2020-03-26,-0.032703336336450534,-0.00026813245904046593,-0.00026813245904046593,1,0,1.0,77ad8d59ebff6aad88b5688701499490f27f817fb77afbebacdbd01baea42b97,JNU_OVERNIGHT_OVERREACTION_G1_V1
2020-03-27,0.04486733835705834,-0.023250717129148373,0.023250717129148373,1,1,1.0,77ad8d59ebff6aad88b5688701499490f27f817fb77afbebacdbd01baea42b97,JNU_OVERNIGHT_OVERREACTION_G1_V1
2020-03-30,-0.02723955274269381,0.0010718114638066545,0.0010718114638066545,1,1,1.0,77ad8d59ebff6aad88b5688701499490f27f817fb77afbebacdbd01baea42b97,JNU_OVERNIGHT_OVERREACTION_G1_V1
2020-03-31,0.015303728755179805,0.0039200363800735005,-0.0039200363800735005,1,0,1.0,77ad8d59ebff6aad88b5688701499490f27f817fb77afbebacdbd01baea42b97,JNU_OVERNIGHT_OVERREACTION_G1_V1
2020-04-01,-0.00698552007732692,0.004572973671942998,0.004572973671942998,1,1,1.0,77ad8d59ebff6aad88b5688701499490f27f817fb77afbebacdbd01baea42b97,JNU_OVERNIGHT_OVERREACTION_G1_V1
2020-04-02,-0.005322886919949633,-0.0005619556202956558,-0.0005619556202956558,1,0,1.0,77ad8d59ebff6aad88b5688701499490f27f817fb77afbebacdbd01baea42b97,JNU_OVERNIGHT_OVERREACTION_G1_V1
2020-04-03,0.0016764463272523522,0.0016736405580296937,-0.0016736405580296937,1,0,1.0,77ad8d59ebff6aad88b5688701499490f27f817fb77afbebacdbd01baea42b97,JNU_OVERNIGHT_OVERREACTION_G1_V1
2020-04-06,0.0025355697483688093,0.019780558574178427,-0.019780558574178427,1,0,1.0,77ad8d59ebff6aad88b5688701499490f27f817fb77afbebacdbd01baea42b97,JNU_OVERNIGHT_OVERREACTION_G1_V1
2020-04-07,0.016511693372310572,0.0023743580604620755,-0.0023743580604620755,1,0,1.0,77ad8d59ebff6aad88b5688701499490f27f817fb77afbebacdbd01baea42b97,JNU_OVERNIGHT_OVERREACTION_G1_V1
2020-04-08,-0.00026277756030863224,0.0013131978249603929,0.0013131978249603929,1,1,1.0,77ad8d59ebff6aad88b5688701499490f27f817fb77afbebacdbd01baea42b97,JNU_OVERNIGHT_OVERREACTION_G1_V1
2020-04-09,0.015682496000617777,-0.002076843944839117,0.002076843944839117,1,1,1.0,77ad8d59ebff6aad88b5688701499490f27f817fb77afbebacdbd01baea42b97,JNU_OVERNIGHT_OVERREACTION_G1_V1
2020-04-10,0.0,-0.008260243146817581,0.0,0,0,1.0,77ad8d59ebff6aad88b5688701499490f27f817fb77afbebacdbd01baea42b97,JNU_OVERNIGHT_OVERREACTION_G1_V1
2020-04-13,-0.005189425242225496,0.004153692368693395,0.004153692368693395,1,1,1.0,77ad8d59ebff6aad88b5688701499490f27f817fb77afbebacdbd01baea42b97,JNU_OVERNIGHT_OVERREACTION_G1_V1
2020-04-14,0.003402699265337948,0.008585977033174355,-0.008585977033174355,1,0,1.0,77ad8d59ebff6aad88b5688701499490f27f817fb77afbebacdbd01baea42b97,JNU_OVERNIGHT_OVERREACTION_G1_V1
2020-04-15,-0.0035796509715029378,0.0005121639036410762,0.0005121639036410762,1,1,1.0,77ad8d59ebff6aad88b5688701499490f27f817fb77afbebacdbd01baea42b97,JNU_OVERNIGHT_OVERREACTION_G1_V1
2020-04-16,-0.017244025281615238,-0.0005193456361862487,-0.0005193456361862487,1,0,1.0,77ad8d59ebff6aad88b5688701499490f27f817fb77afbebacdbd01baea42b97,JNU_OVERNIGHT_OVERREACTION_G1_V1
2020-04-17,0.017499159866492087,0.01090966040592678,-0.01090966040592678,1,0,1.0,77ad8d59ebff6aad88b5688701499490f27f817fb77afbebacdbd01baea42b97,JNU_OVERNIGHT_OVERREACTION_G1_V1
2020-04-20,-0.01119604570508504,0.005359206395786503,0.005359206395786503,1,1,1.0,77ad8d59ebff6aad88b5688701499490f27f817fb77afbebacdbd01baea42b97,JNU_OVERNIGHT_OVERREACTION_G1_V1
2020-04-21,-0.00947388983303055,0.0010285421323305121,0.0010285421323305121,1,1,1.0,77ad8d59ebff6aad88b5688701499490f27f817fb77afbebacdbd01baea42b97,JNU_OVERNIGHT_OVERREACTION_G1_V1
2020-04-22,-0.010162953922534874,-0.005252112913461743,-0.005252112913461743,1,0,1.0,77ad8d59ebff6aad88b5688701499490f27f817fb77afbebacdbd01baea42b97,JNU_OVERNIGHT_OVERREACTION_G1_V1
2020-04-23,0.010189506841039263,0.0023367529781410483,-0.0023367529781410483,1,0,1.0,77ad8d59ebff6aad88b5688701499490f27f817fb77afbebacdbd01baea42b97,JNU_OVERNIGHT_OVERREACTION_G1_V1
2020-04-24,-0.005671580039306999,-0.004664429291355043,-0.004664429291355043,1,0,1.0,77ad8d59ebff6aad88b5688701499490f27f817fb77afbebacdbd01baea42b97,JNU_OVERNIGHT_OVERREACTION_G1_V1
2020-04-27,0.012155846047648126,0.006916897053339363,-0.006916897053339363,1,0,1.0,77ad8d59ebff6aad88b5688701499490f27f817fb77afbebacdbd01baea42b97,JNU_OVERNIGHT_OVERREACTION_G1_V1
2020-04-28,0.0017728255877837505,-0.003294895896852538,0.003294895896852538,1,1,1.0,77ad8d59ebff6aad88b5688701499490f27f817fb77afbebacdbd01baea42b97,JNU_OVERNIGHT_OVERREACTION_G1_V1
2020-04-30,0.026681547872893525,-0.003697773226156747,0.003697773226156747,1,1,1.0,77ad8d59ebff6aad88b5688701499490f27f817fb77afbebacdbd01baea42b97,JNU_OVERNIGHT_OVERREACTION_G1_V1
2020-05-01,-0.005997019472374291,-0.007547205635382966,-0.007547205635382966,1,0,1.0,77ad8d59ebff6aad88b5688701499490f27f817fb77afbebacdbd01baea42b97,JNU_OVERNIGHT_OVERREACTION_G1_V1
2020-05-07,-0.011813183088183212,0.010280224177866028,0.010280224177866028,1,1,1.0,77ad8d59ebff6aad88b5688701499490f27f817fb77afbebacdbd01baea42b97,JNU_OVERNIGHT_OVERREACTION_G1_V1
2020-05-08,0.006069821367075774,0.00653432835161337,-0.00653432835161337,1,0,1.0,77ad8d59ebff6aad88b5688701499490f27f817fb77afbebacdbd01baea42b97,JNU_OVERNIGHT_OVERREACTION_G1_V1
2020-05-11,0.011120836222114726,0.006613618717653685,-0.006613618717653685,1,0,1.0,77ad8d59ebff6aad88b5688701499490f27f817fb77afbebacdbd01baea42b97,JNU_OVERNIGHT_OVERREACTION_G1_V1
2020-05-12,0.002935422851444752,-0.0048971694344837665,0.0048971694344837665,1,1,1.0,77ad8d59ebff6aad88b5688701499490f27f817fb77afbebacdbd01baea42b97,JNU_OVERNIGHT_OVERREACTION_G1_V1
2020-05-13,-0.012115366388623185,0.0017397792383873202,0.0017397792383873202,1,1,1.0,77ad8d59ebff6aad88b5688701499490f27f817fb77afbebacdbd01baea42b97,JNU_OVERNIGHT_OVERREACTION_G1_V1
2020-05-14,-0.0071667179350932975,-0.0024832394186071792,-0.0024832394186071792,1,0,1.0,77ad8d59ebff6aad88b5688701499490f27f817fb77afbebacdbd01baea42b97,JNU_OVERNIGHT_OVERREACTION_G1_V1
2020-05-15,0.013527260380252735,-0.01050534924151051,0.01050534924151051,1,1,1.0,77ad8d59ebff6aad88b5688701499490f27f817fb77afbebacdbd01baea42b97,JNU_OVERNIGHT_OVERREACTION_G1_V1
2020-05-18,0.003743920509465061,0.0017423775409906614,-0.0017423775409906614,1,0,1.0,77ad8d59ebff6aad88b5688701499490f27f817fb77afbebacdbd01baea42b97,JNU_OVERNIGHT_OVERREACTION_G1_V1
2020-05-19,0.021321724283909653,-0.006568567589979501,0.006568567589979501,1,1,1.0,77ad8d59ebff6aad88b5688701499490f27f817fb77afbebacdbd01baea42b97,JNU_OVERNIGHT_OVERREACTION_G1_V1
2020-05-20,-0.0024420036555517443,0.006336847917092836,0.006336847917092836,1,1,1.0,77ad8d59ebff6aad88b5688701499490f27f817fb77afbebacdbd01baea42b97,JNU_OVERNIGHT_OVERREACTION_G1_V1
2020-05-21,0.005085372383279431,-0.002660540933269866,0.002660540933269866,1,1,1.0,77ad8d59ebff6aad88b5688701499490f27f817fb77afbebacdbd01baea42b97,JNU_OVERNIGHT_OVERREACTION_G1_V1
2020-05-22,-0.0031595602903684815,-0.0031695747612790672,-0.0031695747612790672,1,0,1.0,77ad8d59ebff6aad88b5688701499490f27f817fb77afbebacdbd01baea42b97,JNU_OVERNIGHT_OVERREACTION_G1_V1
2020-05-25,0.014136233452777987,-0.0019379851026785772,0.0019379851026785772,1,1,1.0,77ad8d59ebff6aad88b5688701499490f27f817fb77afbebacdbd01baea42b97,JNU_OVERNIGHT_OVERREACTION_G1_V1
2020-05-26,0.010300725885434308,0.00807030252413579,-0.00807030252413579,1,0,1.0,77ad8d59ebff6aad88b5688701499490f27f817fb77afbebacdbd01baea42b97,JNU_OVERNIGHT_OVERREACTION_G1_V1
2020-05-27,-0.001647252990432091,0.005636463959468933,0.005636463959468933,1,1,1.0,77ad8d59ebff6aad88b5688701499490f27f817fb77afbebacdbd01baea42b97,JNU_OVERNIGHT_OVERREACTION_G1_V1
2020-05-28,0.008119752301756832,0.011486457556490888,-0.011486457556490888,1,0,1.0,77ad8d59ebff6aad88b5688701499490f27f817fb77afbebacdbd01baea42b97,JNU_OVERNIGHT_OVERREACTION_G1_V1
2020-05-29,-0.007304300907107564,-0.0011461319306225722,-0.0011461319306225722,1,0,1.0,77ad8d59ebff6aad88b5688701499490f27f817fb77afbebacdbd01baea42b97,JNU_OVERNIGHT_OVERREACTION_G1_V1
2020-06-01,0.0018306641268240238,0.01023550389402671,-0.01023550389402671,1,0,1.0,77ad8d59ebff6aad88b5688701499490f27f817fb77afbebacdbd01baea42b97,JNU_OVERNIGHT_OVERREACTION_G1_V1
2020-06-02,0.0038379096662959676,0.005841400568607633,-0.005841400568607633,1,0,1.0,77ad8d59ebff6aad88b5688701499490f27f817fb77afbebacdbd01baea42b97,JNU_OVERNIGHT_OVERREACTION_G1_V1
2020-06-03,0.015975489525422725,-0.0011012004196163047,0.0011012004196163047,1,1,1.0,77ad8d59ebff6aad88b5688701499490f27f817fb77afbebacdbd01baea42b97,JNU_OVERNIGHT_OVERREACTION_G1_V1
2020-06-04,0.012485103585079602,-0.00984367567903948,0.00984367567903948,1,1,1.0,77ad8d59ebff6aad88b5688701499490f27f817fb77afbebacdbd01baea42b97,JNU_OVERNIGHT_OVERREACTION_G1_V1
2020-06-05,-0.003521130398578825,-0.0033123581129827994,-0.0033123581129827994,1,0,1.0,77ad8d59ebff6aad88b5688701499490f27f817fb77afbebacdbd01baea42b97,JNU_OVERNIGHT_OVERREACTION_G1_V1
2020-06-08,0.014750809758148218,-0.007999177881865138,0.007999177881865138,1,1,1.0,77ad8d59ebff6aad88b5688701499490f27f817fb77afbebacdbd01baea42b97,JNU_OVERNIGHT_OVERREACTION_G1_V1
2020-06-09,0.00021572645968675986,-0.005624068468948108,0.005624068468948108,1,1,1.0,77ad8d59ebff6aad88b5688701499490f27f817fb77afbebacdbd01baea42b97,JNU_OVERNIGHT_OVERREACTION_G1_V1
2020-06-10,-0.011726518740319207,0.007399380876437699,0.007399380876437699,1,1,1.0,77ad8d59ebff6aad88b5688701499490f27f817fb77afbebacdbd01baea42b97,JNU_OVERNIGHT_OVERREACTION_G1_V1
2020-06-11,-0.014404439366948496,0.0070098863167380255,0.0070098863167380255,1,1,1.0,77ad8d59ebff6aad88b5688701499490f27f817fb77afbebacdbd01baea42b97,JNU_OVERNIGHT_OVERREACTION_G1_V1
2020-06-12,-0.031118632709637162,0.005481968959327845,0.005481968959327845,1,1,1.0,77ad8d59ebff6aad88b5688701499490f27f817fb77afbebacdbd01baea42b97,JNU_OVERNIGHT_OVERREACTION_G1_V1
2020-06-15,-0.008148528563905168,0.004761373919890774,0.004761373919890774,1,1,1.0,77ad8d59ebff6aad88b5688701499490f27f817fb77afbebacdbd01baea42b97,JNU_OVERNIGHT_OVERREACTION_G1_V1
2020-06-16,0.030403078687814607,0.004301081899390702,-0.004301081899390702,1,0,1.0,77ad8d59ebff6aad88b5688701499490f27f817fb77afbebacdbd01baea42b97,JNU_OVERNIGHT_OVERREACTION_G1_V1
2020-06-17,0.00044682753200985323,0.0,-0.0,0,0,1.0,77ad8d59ebff6aad88b5688701499490f27f817fb77afbebacdbd01baea42b97,JNU_OVERNIGHT_OVERREACTION_G1_V1
2020-06-18,-0.007585935530572904,-0.010808481714072957,-0.010808481714072957,1,0,1.0,77ad8d59ebff6aad88b5688701499490f27f817fb77afbebacdbd01baea42b97,JNU_OVERNIGHT_OVERREACTION_G1_V1
2020-06-19,0.010302442748159425,-0.004242498269080775,0.004242498269080775,1,1,1.0,77ad8d59ebff6aad88b5688701499490f27f817fb77afbebacdbd01baea42b97,JNU_OVERNIGHT_OVERREACTION_G1_V1
2020-06-22,-0.008491671138154482,0.0069328243688634725,0.0069328243688634725,1,1,1.0,77ad8d59ebff6aad88b5688701499490f27f817fb77afbebacdbd01baea42b97,JNU_OVERNIGHT_OVERREACTION_G1_V1
2020-06-23,0.014920664289455146,-0.017841686476490447,0.017841686476490447,1,1,1.0,77ad8d59ebff6aad88b5688701499490f27f817fb77afbebacdbd01baea42b97,JNU_OVERNIGHT_OVERREACTION_G1_V1
2020-06-24,-0.0008871147177476266,0.0,0.0,0,0,1.0,77ad8d59ebff6aad88b5688701499490f27f817fb77afbebacdbd01baea42b97,JNU_OVERNIGHT_OVERREACTION_G1_V1
2020-06-25,-0.0127532772271587,-0.0011265068218446182,-0.0011265068218446182,1,0,1.0,77ad8d59ebff6aad88b5688701499490f27f817fb77afbebacdbd01baea42b97,JNU_OVERNIGHT_OVERREACTION_G1_V1
2020-06-26,0.009622990225603485,-0.002229655327269092,0.002229655327269092,1,1,1.0,77ad8d59ebff6aad88b5688701499490f27f817fb77afbebacdbd01baea42b97,JNU_OVERNIGHT_OVERREACTION_G1_V1
2020-06-29,-0.009398144805881662,-0.0020254310963830767,-0.0020254310963830767,1,0,1.0,77ad8d59ebff6aad88b5688701499490f27f817fb77afbebacdbd01baea42b97,JNU_OVERNIGHT_OVERREACTION_G1_V1
2020-06-30,0.015298386102360376,-0.000670016775484218,0.000670016775484218,1,1,1.0,77ad8d59ebff6aad88b5688701499490f27f817fb77afbebacdbd01baea42b97,JNU_OVERNIGHT_OVERREACTION_G1_V1
2020-07-01,0.0026929998321919054,-0.0008968610466636148,0.0008968610466636148,1,1,1.0,77ad8d59ebff6aad88b5688701499490f27f817fb77afbebacdbd01baea42b97,JNU_OVERNIGHT_OVERREACTION_G1_V1
2020-07-02,0.006331997637507326,-0.0009021200431379089,0.0009021200431379089,1,1,1.0,77ad8d59ebff6aad88b5688701499490f27f817fb77afbebacdbd01baea42b97,JNU_OVERNIGHT_OVERREACTION_G1_V1
2020-07-03,0.00652200670114512,-0.004943830294229501,0.004943830294229501,1,1,1.0,77ad8d59ebff6aad88b5688701499490f27f817fb77afbebacdbd01baea42b97,JNU_OVERNIGHT_OVERREACTION_G1_V1
2020-07-06,-0.0006736275094742761,0.013608687431565727,0.013608687431565727,1,1,1.0,77ad8d59ebff6aad88b5688701499490f27f817fb77afbebacdbd01baea42b97,JNU_OVERNIGHT_OVERREACTION_G1_V1
2020-07-07,0.0006624710411210125,-0.005534048434641443,0.005534048434641443,1,1,1.0,77ad8d59ebff6aad88b5688701499490f27f817fb77afbebacdbd01baea42b97,JNU_OVERNIGHT_OVERREACTION_G1_V1
2020-07-08,-0.0037790419543483485,0.0071016721016150955,0.0071016721016150955,1,1,1.0,77ad8d59ebff6aad88b5688701499490f27f817fb77afbebacdbd01baea42b97,JNU_OVERNIGHT_OVERREACTION_G1_V1
2020-07-09,0.004677589551110997,-0.0006668889877037677,0.0006668889877037677,1,1,1.0,77ad8d59ebff6aad88b5688701499490f27f817fb77afbebacdbd01baea42b97,JNU_OVERNIGHT_OVERREACTION_G1_V1
2020-07-10,-0.003333706832314514,-0.0011137098823505022,-0.0011137098823505022,1,0,1.0,77ad8d59ebff6aad88b5688701499490f27f817fb77afbebacdbd01baea42b97,JNU_OVERNIGHT_OVERREACTION_G1_V1
2020-07-13,0.012461220437812033,-0.0013277275683625024,0.0013277275683625024,1,1,1.0,77ad8d59ebff6aad88b5688701499490f27f817fb77afbebacdbd01baea42b97,JNU_OVERNIGHT_OVERREACTION_G1_V1
2020-07-14,-0.004410150477552729,-0.001326846722746836,-0.001326846722746836,1,0,1.0,77ad8d59ebff6aad88b5688701499490f27f817fb77afbebacdbd01baea42b97,JNU_OVERNIGHT_OVERREACTION_G1_V1
2020-07-15,0.009921809978628309,0.0035041647770968297,-0.0035041647770968297,1,0,1.0,77ad8d59ebff6aad88b5688701499490f27f817fb77afbebacdbd01baea42b97,JNU_OVERNIGHT_OVERREACTION_G1_V1
2020-07-16,-0.001091107582334568,-0.0008737440485967723,-0.0008737440485967723,1,0,1.0,77ad8d59ebff6aad88b5688701499490f27f817fb77afbebacdbd01baea42b97,JNU_OVERNIGHT_OVERREACTION_G1_V1
2020-07-17,0.0017566978606335054,-0.0026362053931410128,0.0026362053931410128,1,1,1.0,77ad8d59ebff6aad88b5688701499490f27f817fb77afbebacdbd01baea42b97,JNU_OVERNIGHT_OVERREACTION_G1_V1
2020-07-20,0.0030837028841613546,-0.005955680998733697,0.005955680998733697,1,1,1.0,77ad8d59ebff6aad88b5688701499490f27f817fb77afbebacdbd01baea42b97,JNU_OVERNIGHT_OVERREACTION_G1_V1
2020-07-21,0.0057180714409573894,0.0017528488274143868,-0.0017528488274143868,1,0,1.0,77ad8d59ebff6aad88b5688701499490f27f817fb77afbebacdbd01baea42b97,JNU_OVERNIGHT_OVERREACTION_G1_V1
2020-07-22,-0.00438404910853443,0.0006588338878917722,0.0006588338878917722,1,1,1.0,77ad8d59ebff6aad88b5688701499490f27f817fb77afbebacdbd01baea42b97,JNU_OVERNIGHT_OVERREACTION_G1_V1
2020-07-27,-0.010605490478318555,0.003768987944602123,0.003768987944602123,1,1,1.0,77ad8d59ebff6aad88b5688701499490f27f817fb77afbebacdbd01baea42b97,JNU_OVERNIGHT_OVERREACTION_G1_V1
2020-07-28,-0.001543380308568641,0.00506218754616173,0.00506218754616173,1,1,1.0,77ad8d59ebff6aad88b5688701499490f27f817fb77afbebacdbd01baea42b97,JNU_OVERNIGHT_OVERREACTION_G1_V1
2020-07-29,-0.004649626443768792,-0.0035571402558897546,-0.0035571402558897546,1,0,1.0,77ad8d59ebff6aad88b5688701499490f27f817fb77afbebacdbd01baea42b97,JNU_OVERNIGHT_OVERREACTION_G1_V1
2020-07-30,0.006905027992363428,-0.004226454962284622,0.004226454962284622,1,1,1.0,77ad8d59ebff6aad88b5688701499490f27f817fb77afbebacdbd01baea42b97,JNU_OVERNIGHT_OVERREACTION_G1_V1
2020-07-31,-0.0017921151749815767,-0.012635547171539117,-0.012635547171539117,1,0,1.0,77ad8d59ebff6aad88b5688701499490f27f817fb77afbebacdbd01baea42b97,JNU_OVERNIGHT_OVERREACTION_G1_V1
2020-08-03,0.009611057964079106,0.008391023266809967,-0.008391023266809967,1,0,1.0,77ad8d59ebff6aad88b5688701499490f27f817fb77afbebacdbd01baea42b97,JNU_OVERNIGHT_OVERREACTION_G1_V1
2020-08-04,0.011469821008691936,0.005129932070785552,-0.005129932070785552,1,0,1.0,77ad8d59ebff6aad88b5688701499490f27f817fb77afbebacdbd01baea42b97,JNU_OVERNIGHT_OVERREACTION_G1_V1
2020-08-05,-0.0035555593013330954,-0.0040151738082588985,-0.0040151738082588985,1,0,1.0,77ad8d59ebff6aad88b5688701499490f27f817fb77afbebacdbd01baea42b97,JNU_OVERNIGHT_OVERREACTION_G1_V1
2020-08-06,-0.0013333335308642164,0.0031083506376885176,0.0031083506376885176,1,1,1.0,77ad8d59ebff6aad88b5688701499490f27f817fb77afbebacdbd01baea42b97,JNU_OVERNIGHT_OVERREACTION_G1_V1
2020-08-07,0.0004462293692965067,-0.004919509027174781,0.004919509027174781,1,1,1.0,77ad8d59ebff6aad88b5688701499490f27f817fb77afbebacdbd01baea42b97,JNU_OVERNIGHT_OVERREACTION_G1_V1
2020-08-11,0.00803396421190243,0.0066460147150415,-0.0066460147150415,1,0,1.0,77ad8d59ebff6aad88b5688701499490f27f817fb77afbebacdbd01baea42b97,JNU_OVERNIGHT_OVERREACTION_G1_V1
2020-08-12,0.0015393076156546806,0.001317523247240681,-0.001317523247240681,1,0,1.0,77ad8d59ebff6aad88b5688701499490f27f817fb77afbebacdbd01baea42b97,JNU_OVERNIGHT_OVERREACTION_G1_V1
2020-08-13,0.010857869972049086,0.0025884397541026064,-0.0025884397541026064,1,0,1.0,77ad8d59ebff6aad88b5688701499490f27f817fb77afbebacdbd01baea42b97,JNU_OVERNIGHT_OVERREACTION_G1_V1
2020-08-14,0.0019356926142981162,-0.0006448146381400675,0.0006448146381400675,1,1,1.0,77ad8d59ebff6aad88b5688701499490f27f817fb77afbebacdbd01baea42b97,JNU_OVERNIGHT_OVERREACTION_G1_V1
2020-08-17,-0.005392011338371389,-0.0006489994819470397,-0.0006489994819470397,1,0,1.0,77ad8d59ebff6aad88b5688701499490f27f817fb77afbebacdbd01baea42b97,JNU_OVERNIGHT_OVERREACTION_G1_V1
2020-08-18,0.0012978587156000124,-0.007812539736793625,0.007812539736793625,1,1,1.0,77ad8d59ebff6aad88b5688701499490f27f817fb77afbebacdbd01baea42b97,JNU_OVERNIGHT_OVERREACTION_G1_V1
2020-08-19,-0.0015186031771900162,0.001952066556322016,0.001952066556322016,1,1,1.0,77ad8d59ebff6aad88b5688701499490f27f817fb77afbebacdbd01baea42b97,JNU_OVERNIGHT_OVERREACTION_G1_V1
2020-08-20,-0.0039037134804732923,-0.002393126346089105,-0.002393126346089105,1,0,1.0,77ad8d59ebff6aad88b5688701499490f27f817fb77afbebacdbd01baea42b97,JNU_OVERNIGHT_OVERREACTION_G1_V1
2020-08-21,0.0058830107576075385,-0.0021748594914479838,0.0021748594914479838,1,1,1.0,77ad8d59ebff6aad88b5688701499490f27f817fb77afbebacdbd01baea42b97,JNU_OVERNIGHT_OVERREACTION_G1_V1
2020-08-24,0.0026183737411914765,0.0017417814113944343,-0.0017417814113944343,1,0,1.0,77ad8d59ebff6aad88b5688701499490f27f817fb77afbebacdbd01baea42b97,JNU_OVERNIGHT_OVERREACTION_G1_V1
2020-08-25,0.008237636003787593,0.006455800342871293,-0.006455800342871293,1,0,1.0,77ad8d59ebff6aad88b5688701499490f27f817fb77afbebacdbd01baea42b97,JNU_OVERNIGHT_OVERREACTION_G1_V1
2020-08-26,-0.00021456925304942485,-0.002363305429106768,-0.002363305429106768,1,0,1.0,77ad8d59ebff6aad88b5688701499490f27f817fb77afbebacdbd01baea42b97,JNU_OVERNIGHT_OVERREACTION_G1_V1
2020-08-27,0.0019348603262953669,-0.004736284418952219,0.004736284418952219,1,1,1.0,77ad8d59ebff6aad88b5688701499490f27f817fb77afbebacdbd01baea42b97,JNU_OVERNIGHT_OVERREACTION_G1_V1
2020-08-28,0.0017230243332346724,0.0006453694964236529,-0.0006453694964236529,1,0,1.0,77ad8d59ebff6aad88b5688701499490f27f817fb77afbebacdbd01baea42b97,JNU_OVERNIGHT_OVERREACTION_G1_V1
2020-08-31,0.010432609292883498,0.007968169649176881,-0.007968169649176881,1,0,1.0,77ad8d59ebff6aad88b5688701499490f27f817fb77afbebacdbd01baea42b97,JNU_OVERNIGHT_OVERREACTION_G1_V1
2020-09-01,-0.0015126961285385988,0.0,0.0,0,0,1.0,77ad8d59ebff6aad88b5688701499490f27f817fb77afbebacdbd01baea42b97,JNU_OVERNIGHT_OVERREACTION_G1_V1
2020-09-02,0.004312210218179906,-0.0010763105118254464,0.0010763105118254464,1,1,1.0,77ad8d59ebff6aad88b5688701499490f27f817fb77afbebacdbd01baea42b97,JNU_OVERNIGHT_OVERREACTION_G1_V1
2020-09-03,0.01429052793429085,-0.0048827185426425475,0.0048827185426425475,1,1,1.0,77ad8d59ebff6aad88b5688701499490f27f817fb77afbebacdbd01baea42b97,JNU_OVERNIGHT_OVERREACTION_G1_V1
2020-09-04,-0.017623495022019188,0.00669910663097206,0.00669910663097206,1,1,1.0,77ad8d59ebff6aad88b5688701499490f27f817fb77afbebacdbd01baea42b97,JNU_OVERNIGHT_OVERREACTION_G1_V1
2020-09-07,0.0004313133558346762,0.00043112740482406615,-0.00043112740482406615,1,0,1.0,77ad8d59ebff6aad88b5688701499490f27f817fb77afbebacdbd01baea42b97,JNU_OVERNIGHT_OVERREACTION_G1_V1
2020-09-08,0.007555351644449403,-0.00344679358908046,0.00344679358908046,1,1,1.0,77ad8d59ebff6aad88b5688701499490f27f817fb77afbebacdbd01baea42b97,JNU_OVERNIGHT_OVERREACTION_G1_V1
2020-09-09,-0.013841051411871355,-0.001961853490278315,-0.001961853490278315,1,0,1.0,77ad8d59ebff6aad88b5688701499490f27f817fb77afbebacdbd01baea42b97,JNU_OVERNIGHT_OVERREACTION_G1_V1
2020-09-10,0.009096878846830652,-0.0009491350641344443,0.0009491350641344443,1,1,1.0,77ad8d59ebff6aad88b5688701499490f27f817fb77afbebacdbd01baea42b97,JNU_OVERNIGHT_OVERREACTION_G1_V1
2020-09-11,-0.00907329620567483,0.003466207976486329,0.003466207976486329,1,1,1.0,77ad8d59ebff6aad88b5688701499490f27f817fb77afbebacdbd01baea42b97,JNU_OVERNIGHT_OVERREACTION_G1_V1
2020-09-14,0.004085587878515731,0.003855220024432832,-0.003855220024432832,1,0,1.0,77ad8d59ebff6aad88b5688701499490f27f817fb77afbebacdbd01baea42b97,JNU_OVERNIGHT_OVERREACTION_G1_V1
2020-09-15,-0.004926645929315194,-0.0030107549624555007,-0.0030107549624555007,1,0,1.0,77ad8d59ebff6aad88b5688701499490f27f817fb77afbebacdbd01baea42b97,JNU_OVERNIGHT_OVERREACTION_G1_V1
2020-09-16,-0.0010739985996377802,0.0019323677510538603,0.0019323677510538603,1,1,1.0,77ad8d59ebff6aad88b5688701499490f27f817fb77afbebacdbd01baea42b97,JNU_OVERNIGHT_OVERREACTION_G1_V1
2020-09-17,-0.0017178445280924082,-0.0017208005967095737,-0.0017208005967095737,1,0,1.0,77ad8d59ebff6aad88b5688701499490f27f817fb77afbebacdbd01baea42b97,JNU_OVERNIGHT_OVERREACTION_G1_V1
2020-09-18,0.003451999112922214,-0.0023719687670905477,0.0023719687670905477,1,1,1.0,77ad8d59ebff6aad88b5688701499490f27f817fb77afbebacdbd01baea42b97,JNU_OVERNIGHT_OVERREACTION_G1_V1
2020-09-23,-0.007785506453751852,0.0,0.0,0,0,1.0,77ad8d59ebff6aad88b5688701499490f27f817fb77afbebacdbd01baea42b97,JNU_OVERNIGHT_OVERREACTION_G1_V1
2020-09-24,-0.006273682015733646,0.0010844811820933322,0.0010844811820933322,1,1,1.0,77ad8d59ebff6aad88b5688701499490f27f817fb77afbebacdbd01baea42b97,JNU_OVERNIGHT_OVERREACTION_G1_V1
2020-09-25,0.004999466994116068,0.0015166290416557843,-0.0015166290416557843,1,0,1.0,77ad8d59ebff6aad88b5688701499490f27f817fb77afbebacdbd01baea42b97,JNU_OVERNIGHT_OVERREACTION_G1_V1
2020-09-28,0.005619206486601915,0.0006463427996206841,-0.0006463427996206841,1,0,1.0,77ad8d59ebff6aad88b5688701499490f27f817fb77afbebacdbd01baea42b97,JNU_OVERNIGHT_OVERREACTION_G1_V1
2020-09-29,0.0034261275484219113,-0.0010694044436982179,0.0010694044436982179,1,1,1.0,77ad8d59ebff6aad88b5688701499490f27f817fb77afbebacdbd01baea42b97,JNU_OVERNIGHT_OVERREACTION_G1_V1
2020-09-30,-0.004469518986706041,0.0012790451541203815,0.0012790451541203815,1,1,1.0,77ad8d59ebff6aad88b5688701499490f27f817fb77afbebacdbd01baea42b97,JNU_OVERNIGHT_OVERREACTION_G1_V1
2020-10-01,0.009466507871558472,-0.0006426047131273913,0.0006426047131273913,1,1,1.0,77ad8d59ebff6aad88b5688701499490f27f817fb77afbebacdbd01baea42b97,JNU_OVERNIGHT_OVERREACTION_G1_V1
2020-10-02,0.0006432936857417202,-0.004081199951089723,0.004081199951089723,1,1,1.0,77ad8d59ebff6aad88b5688701499490f27f817fb77afbebacdbd01baea42b97,JNU_OVERNIGHT_OVERREACTION_G1_V1
2020-10-05,0.011675808315428218,0.0019327827341859992,-0.0019327827341859992,1,0,1.0,77ad8d59ebff6aad88b5688701499490f27f817fb77afbebacdbd01baea42b97,JNU_OVERNIGHT_OVERREACTION_G1_V1
2020-10-06,0.005357347003979208,-0.000855249143428956,0.000855249143428956,1,1,1.0,77ad8d59ebff6aad88b5688701499490f27f817fb77afbebacdbd01baea42b97,JNU_OVERNIGHT_OVERREACTION_G1_V1
2020-10-07,-0.005568658639582331,0.001502307397047103,0.001502307397047103,1,1,1.0,77ad8d59ebff6aad88b5688701499490f27f817fb77afbebacdbd01baea42b97,JNU_OVERNIGHT_OVERREACTION_G1_V1
2020-10-08,0.00405420378204615,0.0034013638234902605,-0.0034013638234902605,1,0,1.0,77ad8d59ebff6aad88b5688701499490f27f817fb77afbebacdbd01baea42b97,JNU_OVERNIGHT_OVERREACTION_G1_V1
2020-10-09,-0.00021130480797062023,-0.001692047781024449,-0.001692047781024449,1,0,1.0,77ad8d59ebff6aad88b5688701499490f27f817fb77afbebacdbd01baea42b97,JNU_OVERNIGHT_OVERREACTION_G1_V1
2020-10-12,-0.001060108230311137,-0.0002121565723455766,-0.0002121565723455766,1,0,1.0,77ad8d59ebff6aad88b5688701499490f27f817fb77afbebacdbd01baea42b97,JNU_OVERNIGHT_OVERREACTION_G1_V1
2020-10-13,0.003817608029945147,-0.004455295372204939,0.004455295372204939,1,1,1.0,77ad8d59ebff6aad88b5688701499490f27f817fb77afbebacdbd01baea42b97,JNU_OVERNIGHT_OVERREACTION_G1_V1
2020-10-14,-0.0025466906803125237,0.0006372809562467905,0.0006372809562467905,1,1,1.0,77ad8d59ebff6aad88b5688701499490f27f817fb77afbebacdbd01baea42b97,JNU_OVERNIGHT_OVERREACTION_G1_V1
2020-10-15,-0.0023327335358232816,-0.0008496177231556403,-0.0008496177231556403,1,0,1.0,77ad8d59ebff6aad88b5688701499490f27f817fb77afbebacdbd01baea42b97,JNU_OVERNIGHT_OVERREACTION_G1_V1
2020-10-16,0.0010634904756471413,-0.0006379585543322953,0.0006379585543322953,1,1,1.0,77ad8d59ebff6aad88b5688701499490f27f817fb77afbebacdbd01baea42b97,JNU_OVERNIGHT_OVERREACTION_G1_V1
2020-10-19,0.006391159377338332,0.005294939830374622,-0.005294939830374622,1,0,1.0,77ad8d59ebff6aad88b5688701499490f27f817fb77afbebacdbd01baea42b97,JNU_OVERNIGHT_OVERREACTION_G1_V1
2020-10-20,-0.0033883979899021776,0.0004241781611851257,0.0004241781611851257,1,1,1.0,77ad8d59ebff6aad88b5688701499490f27f817fb77afbebacdbd01baea42b97,JNU_OVERNIGHT_OVERREACTION_G1_V1
2020-10-21,0.0019094097240656817,0.0014825799602228961,-0.0014825799602228961,1,0,1.0,77ad8d59ebff6aad88b5688701499490f27f817fb77afbebacdbd01baea42b97,JNU_OVERNIGHT_OVERREACTION_G1_V1
2020-10-22,-0.004665968168390289,-0.002128113167493986,-0.002128113167493986,1,0,1.0,77ad8d59ebff6aad88b5688701499490f27f817fb77afbebacdbd01baea42b97,JNU_OVERNIGHT_OVERREACTION_G1_V1
2020-10-23,0.0033999182772183746,-0.0036127974690813537,0.0036127974690813537,1,1,1.0,77ad8d59ebff6aad88b5688701499490f27f817fb77afbebacdbd01baea42b97,JNU_OVERNIGHT_OVERREACTION_G1_V1
2020-10-26,0.0008503401872929663,-0.0012757815891578427,0.0012757815891578427,1,1,1.0,77ad8d59ebff6aad88b5688701499490f27f817fb77afbebacdbd01baea42b97,JNU_OVERNIGHT_OVERREACTION_G1_V1
2020-10-27,-0.00362589711530267,0.0008543358059155359,0.0008543358059155359,1,1,1.0,77ad8d59ebff6aad88b5688701499490f27f817fb77afbebacdbd01baea42b97,JNU_OVERNIGHT_OVERREACTION_G1_V1
2020-10-28,-0.005553196671426235,0.002566846329133587,0.002566846329133587,1,1,1.0,77ad8d59ebff6aad88b5688701499490f27f817fb77afbebacdbd01baea42b97,JNU_OVERNIGHT_OVERREACTION_G1_V1
2020-10-29,-0.01354422510775726,0.005611929254569937,0.005611929254569937,1,1,1.0,77ad8d59ebff6aad88b5688701499490f27f817fb77afbebacdbd01baea42b97,JNU_OVERNIGHT_OVERREACTION_G1_V1
2020-10-30,-0.003865984196465906,-0.003880988053707779,-0.003880988053707779,1,0,1.0,77ad8d59ebff6aad88b5688701499490f27f817fb77afbebacdbd01baea42b97,JNU_OVERNIGHT_OVERREACTION_G1_V1
2020-11-02,0.005868944136526966,0.010563858074621943,-0.010563858074621943,1,0,1.0,77ad8d59ebff6aad88b5688701499490f27f817fb77afbebacdbd01baea42b97,JNU_OVERNIGHT_OVERREACTION_G1_V1
2020-11-04,0.02295043358691071,-0.006322465739487014,0.006322465739487014,1,1,1.0,77ad8d59ebff6aad88b5688701499490f27f817fb77afbebacdbd01baea42b97,JNU_OVERNIGHT_OVERREACTION_G1_V1
2020-11-05,0.007773964983636593,0.00438551397249079,-0.00438551397249079,1,0,1.0,77ad8d59ebff6aad88b5688701499490f27f817fb77afbebacdbd01baea42b97,JNU_OVERNIGHT_OVERREACTION_G1_V1
2020-11-06,-0.00041450777795566516,0.007229195998881602,0.007229195998881602,1,1,1.0,77ad8d59ebff6aad88b5688701499490f27f817fb77afbebacdbd01baea42b97,JNU_OVERNIGHT_OVERREACTION_G1_V1
2020-11-09,0.011045315809856831,0.008507241909210449,-0.008507241909210449,1,0,1.0,77ad8d59ebff6aad88b5688701499490f27f817fb77afbebacdbd01baea42b97,JNU_OVERNIGHT_OVERREACTION_G1_V1
2020-11-10,0.02070137620367658,-0.010894432799572825,0.010894432799572825,1,1,1.0,77ad8d59ebff6aad88b5688701499490f27f817fb77afbebacdbd01baea42b97,JNU_OVERNIGHT_OVERREACTION_G1_V1
2020-11-11,0.013134517180646763,-0.003565066164496146,0.003565066164496146,1,1,1.0,77ad8d59ebff6aad88b5688701499490f27f817fb77afbebacdbd01baea42b97,JNU_OVERNIGHT_OVERREACTION_G1_V1
2020-11-12,0.004716989878138867,0.00019605921050945804,-0.00019605921050945804,1,0,1.0,77ad8d59ebff6aad88b5688701499490f27f817fb77afbebacdbd01baea42b97,JNU_OVERNIGHT_OVERREACTION_G1_V1
2020-11-13,-0.004911118799347665,-0.004341826437930396,-0.004341826437930396,1,0,1.0,77ad8d59ebff6aad88b5688701499490f27f817fb77afbebacdbd01baea42b97,JNU_OVERNIGHT_OVERREACTION_G1_V1
2020-11-16,0.012726554539222673,0.0033019356017481437,-0.0033019356017481437,1,0,1.0,77ad8d59ebff6aad88b5688701499490f27f817fb77afbebacdbd01baea42b97,JNU_OVERNIGHT_OVERREACTION_G1_V1
2020-11-17,0.009223739490583761,-0.008258954080484831,0.008258954080484831,1,1,1.0,77ad8d59ebff6aad88b5688701499490f27f817fb77afbebacdbd01baea42b97,JNU_OVERNIGHT_OVERREACTION_G1_V1
2020-11-18,-0.0048100140837849205,-0.004252035783978593,-0.004252035783978593,1,0,1.0,77ad8d59ebff6aad88b5688701499490f27f817fb77afbebacdbd01baea42b97,JNU_OVERNIGHT_OVERREACTION_G1_V1
2020-11-19,-0.002334631410603714,-0.0029259749735024505,-0.0029259749735024505,1,0,1.0,77ad8d59ebff6aad88b5688701499490f27f817fb77afbebacdbd01baea42b97,JNU_OVERNIGHT_OVERREACTION_G1_V1
2020-11-20,-0.0035259585991326884,0.0007846214604179258,0.0007846214604179258,1,1,1.0,77ad8d59ebff6aad88b5688701499490f27f817fb77afbebacdbd01baea42b97,JNU_OVERNIGHT_OVERREACTION_G1_V1
2020-11-24,0.019026005867762017,0.0074720148387010564,-0.0074720148387010564,1,0,1.0,77ad8d59ebff6aad88b5688701499490f27f817fb77afbebacdbd01baea42b97,JNU_OVERNIGHT_OVERREACTION_G1_V1
2020-11-25,0.010059874152155113,0.007338446706452852,-0.007338446706452852,1,0,1.0,77ad8d59ebff6aad88b5688701499490f27f817fb77afbebacdbd01baea42b97,JNU_OVERNIGHT_OVERREACTION_G1_V1
2020-11-26,-0.0024670284834263046,0.004549770881671296,0.004549770881671296,1,1,1.0,77ad8d59ebff6aad88b5688701499490f27f817fb77afbebacdbd01baea42b97,JNU_OVERNIGHT_OVERREACTION_G1_V1
2020-11-27,-0.00415016630392471,0.006218808320412317,0.006218808320412317,1,1,1.0,77ad8d59ebff6aad88b5688701499490f27f817fb77afbebacdbd01baea42b97,JNU_OVERNIGHT_OVERREACTION_G1_V1
2020-11-30,0.010095430665350935,-0.00821820090438621,0.00821820090438621,1,1,1.0,77ad8d59ebff6aad88b5688701499490f27f817fb77afbebacdbd01baea42b97,JNU_OVERNIGHT_OVERREACTION_G1_V1
2020-12-01,0.0018857256200831844,0.009002311358964999,-0.009002311358964999,1,0,1.0,77ad8d59ebff6aad88b5688701499490f27f817fb77afbebacdbd01baea42b97,JNU_OVERNIGHT_OVERREACTION_G1_V1
2020-12-02,0.0016783220722747098,-0.003920475477964581,0.003920475477964581,1,1,1.0,77ad8d59ebff6aad88b5688701499490f27f817fb77afbebacdbd01baea42b97,JNU_OVERNIGHT_OVERREACTION_G1_V1
2020-12-03,0.0003730647310568948,-0.0016798884025232724,0.0016798884025232724,1,1,1.0,77ad8d59ebff6aad88b5688701499490f27f817fb77afbebacdbd01baea42b97,JNU_OVERNIGHT_OVERREACTION_G1_V1
2020-12-04,-0.0031725322867766728,-0.0018709079358117313,-0.0018709079358117313,1,0,1.0,77ad8d59ebff6aad88b5688701499490f27f817fb77afbebacdbd01baea42b97,JNU_OVERNIGHT_OVERREACTION_G1_V1
2020-12-07,0.004287451809604287,-0.007843177461025893,0.007843177461025893,1,1,1.0,77ad8d59ebff6aad88b5688701499490f27f817fb77afbebacdbd01baea42b97,JNU_OVERNIGHT_OVERREACTION_G1_V1
2020-12-08,-0.003960401216096905,0.0013218772579158475,0.0013218772579158475,1,1,1.0,77ad8d59ebff6aad88b5688701499490f27f817fb77afbebacdbd01baea42b97,JNU_OVERNIGHT_OVERREACTION_G1_V1
2020-12-09,0.0011310086031272148,0.007881444437954023,-0.007881444437954023,1,0,1.0,77ad8d59ebff6aad88b5688701499490f27f817fb77afbebacdbd01baea42b97,JNU_OVERNIGHT_OVERREACTION_G1_V1
2020-12-10,-0.006728997352918471,0.0020608906591720938,0.0020608906591720938,1,1,1.0,77ad8d59ebff6aad88b5688701499490f27f817fb77afbebacdbd01baea42b97,JNU_OVERNIGHT_OVERREACTION_G1_V1
2020-12-11,-0.0005612197322499227,-0.005817788765538473,-0.005817788765538473,1,0,1.0,77ad8d59ebff6aad88b5688701499490f27f817fb77afbebacdbd01baea42b97,JNU_OVERNIGHT_OVERREACTION_G1_V1
2020-12-14,0.00018830618641457335,0.008250562459449926,-0.008250562459449926,1,0,1.0,77ad8d59ebff6aad88b5688701499490f27f817fb77afbebacdbd01baea42b97,JNU_OVERNIGHT_OVERREACTION_G1_V1
2020-12-15,-0.0020639842208514825,-0.0009395847726847023,-0.0009395847726847023,1,0,1.0,77ad8d59ebff6aad88b5688701499490f27f817fb77afbebacdbd01baea42b97,JNU_OVERNIGHT_OVERREACTION_G1_V1
2020-12-16,0.004123717183862156,-0.000748503028958129,0.000748503028958129,1,1,1.0,77ad8d59ebff6aad88b5688701499490f27f817fb77afbebacdbd01baea42b97,JNU_OVERNIGHT_OVERREACTION_G1_V1
2020-12-17,0.0005615348767112589,-0.0003743215465754723,0.0003743215465754723,1,1,1.0,77ad8d59ebff6aad88b5688701499490f27f817fb77afbebacdbd01baea42b97,JNU_OVERNIGHT_OVERREACTION_G1_V1
2020-12-18,-0.0005612197322499227,0.00018710824266405471,0.00018710824266405471,1,1,1.0,77ad8d59ebff6aad88b5688701499490f27f817fb77afbebacdbd01baea42b97,JNU_OVERNIGHT_OVERREACTION_G1_V1
2020-12-21,0.0011233852520121156,-0.0077017380793516915,0.0077017380793516915,1,1,1.0,77ad8d59ebff6aad88b5688701499490f27f817fb77afbebacdbd01baea42b97,JNU_OVERNIGHT_OVERREACTION_G1_V1
2020-12-22,-0.00678224152153252,0.0032084579755499985,0.0032084579755499985,1,1,1.0,77ad8d59ebff6aad88b5688701499490f27f817fb77afbebacdbd01baea42b97,JNU_OVERNIGHT_OVERREACTION_G1_V1
2020-12-23,0.008504256110472928,-0.005283031155524336,0.005283031155524336,1,1,1.0,77ad8d59ebff6aad88b5688701499490f27f817fb77afbebacdbd01baea42b97,JNU_OVERNIGHT_OVERREACTION_G1_V1
2020-12-24,0.004709436979525071,0.00018791694126521632,-0.00018791694126521632,1,0,1.0,77ad8d59ebff6aad88b5688701499490f27f817fb77afbebacdbd01baea42b97,JNU_OVERNIGHT_OVERREACTION_G1_V1
2020-12-25,0.0,-0.0005636449186329068,0.0,0,0,1.0,77ad8d59ebff6aad88b5688701499490f27f817fb77afbebacdbd01baea42b97,JNU_OVERNIGHT_OVERREACTION_G1_V1
2020-12-28,-0.0007510327052227691,0.002251408080457428,0.002251408080457428,1,1,1.0,77ad8d59ebff6aad88b5688701499490f27f817fb77afbebacdbd01baea42b97,JNU_OVERNIGHT_OVERREACTION_G1_V1
2020-12-29,0.003167212708135318,0.013487502380112893,-0.013487502380112893,1,0,1.0,77ad8d59ebff6aad88b5688701499490f27f817fb77afbebacdbd01baea42b97,JNU_OVERNIGHT_OVERREACTION_G1_V1
2020-12-30,0.00036343812865973467,-0.0047350297901561575,0.0047350297901561575,1,1,1.0,77ad8d59ebff6aad88b5688701499490f27f817fb77afbebacdbd01baea42b97,JNU_OVERNIGHT_OVERREACTION_G1_V1
2021-01-04,0.005267471992268292,-0.014231219927949365,0.014231219927949365,1,1,1.0,88fae8021f134c4169ad854abe5e64d5837adefe63ff8cf2e03cf3b6f384df97,JNU_OVERNIGHT_OVERREACTION_G1_V1
2021-01-05,-0.007722046093910278,0.0035006945008803332,0.0035006945008803332,1,1,1.0,88fae8021f134c4169ad854abe5e64d5837adefe63ff8cf2e03cf3b6f384df97,JNU_OVERNIGHT_OVERREACTION_G1_V1
2021-01-06,-0.0005535566152977091,-0.002217295808647557,-0.002217295808647557,1,0,1.0,88fae8021f134c4169ad854abe5e64d5837adefe63ff8cf2e03cf3b6f384df97,JNU_OVERNIGHT_OVERREACTION_G1_V1
2021-01-07,0.01012061265164551,0.009656629653952635,-0.009656629653952635,1,0,1.0,88fae8021f134c4169ad854abe5e64d5837adefe63ff8cf2e03cf3b6f384df97,JNU_OVERNIGHT_OVERREACTION_G1_V1
2021-01-08,0.006532412995312588,0.007926541231603482,-0.007926541231603482,1,0,1.0,88fae8021f134c4169ad854abe5e64d5837adefe63ff8cf2e03cf3b6f384df97,JNU_OVERNIGHT_OVERREACTION_G1_V1
2021-01-12,-0.0017774622525435406,0.00035574529012669543,0.00035574529012669543,1,1,1.0,88fae8021f134c4169ad854abe5e64d5837adefe63ff8cf2e03cf3b6f384df97,JNU_OVERNIGHT_OVERREACTION_G1_V1
2021-01-13,-0.0023088545910742264,0.0017765149458171805,0.0017765149458171805,1,1,1.0,88fae8021f134c4169ad854abe5e64d5837adefe63ff8cf2e03cf3b6f384df97,JNU_OVERNIGHT_OVERREACTION_G1_V1
2021-01-14,-0.0022861172358848436,0.013812615791475295,0.013812615791475295,1,1,1.0,88fae8021f134c4169ad854abe5e64d5837adefe63ff8cf2e03cf3b6f384df97,JNU_OVERNIGHT_OVERREACTION_G1_V1
2021-01-15,0.0027772973935958926,-0.007481548598829045,0.007481548598829045,1,1,1.0,88fae8021f134c4169ad854abe5e64d5837adefe63ff8cf2e03cf3b6f384df97,JNU_OVERNIGHT_OVERREACTION_G1_V1
2021-01-18,-0.008462673918733654,0.001768972688434591,0.001768972688434591,1,1,1.0,88fae8021f134c4169ad854abe5e64d5837adefe63ff8cf2e03cf3b6f384df97,JNU_OVERNIGHT_OVERREACTION_G1_V1
2021-01-19,0.006364943694738782,0.007724757513460375,-0.007724757513460375,1,0,1.0,88fae8021f134c4169ad854abe5e64d5837adefe63ff8cf2e03cf3b6f384df97,JNU_OVERNIGHT_OVERREACTION_G1_V1
2021-01-20,0.004008021397538868,-0.010138174581653081,0.010138174581653081,1,1,1.0,88fae8021f134c4169ad854abe5e64d5837adefe63ff8cf2e03cf3b6f384df97,JNU_OVERNIGHT_OVERREACTION_G1_V1
2021-01-21,0.008912247718519981,-0.0003480076596807178,0.0003480076596807178,1,1,1.0,88fae8021f134c4169ad854abe5e64d5837adefe63ff8cf2e03cf3b6f384df97,JNU_OVERNIGHT_OVERREACTION_G1_V1
2021-01-22,-0.00575465883149712,0.001572739511600106,0.001572739511600106,1,1,1.0,88fae8021f134c4169ad854abe5e64d5837adefe63ff8cf2e03cf3b6f384df97,JNU_OVERNIGHT_OVERREACTION_G1_V1
2021-01-25,0.0010473032900021688,0.0020913217799977484,-0.0020913217799977484,1,0,1.0,88fae8021f134c4169ad854abe5e64d5837adefe63ff8cf2e03cf3b6f384df97,JNU_OVERNIGHT_OVERREACTION_G1_V1
2021-01-26,-0.0012168623839675053,-0.004707532013235377,-0.004707532013235377,1,0,1.0,88fae8021f134c4169ad854abe5e64d5837adefe63ff8cf2e03cf3b6f384df97,JNU_OVERNIGHT_OVERREACTION_G1_V1
2021-01-27,0.0066398985868773635,-0.001743071732946779,0.001743071732946779,1,1,1.0,88fae8021f134c4169ad854abe5e64d5837adefe63ff8cf2e03cf3b6f384df97,JNU_OVERNIGHT_OVERREACTION_G1_V1
2021-01-28,-0.020823056943634382,0.009053048428097845,0.009053048428097845,1,1,1.0,88fae8021f134c4169ad854abe5e64d5837adefe63ff8cf2e03cf3b6f384df97,JNU_OVERNIGHT_OVERREACTION_G1_V1
2021-01-29,0.007980888331012832,-0.00229905486358187,0.00229905486358187,1,1,1.0,88fae8021f134c4169ad854abe5e64d5837adefe63ff8cf2e03cf3b6f384df97,JNU_OVERNIGHT_OVERREACTION_G1_V1
2021-02-01,0.0019896904456837747,0.009352586158250907,-0.009352586158250907,1,0,1.0,88fae8021f134c4169ad854abe5e64d5837adefe63ff8cf2e03cf3b6f384df97,JNU_OVERNIGHT_OVERREACTION_G1_V1
2021-02-02,0.007626178664795865,-0.0008837826470077952,0.0008837826470077952,1,1,1.0,88fae8021f134c4169ad854abe5e64d5837adefe63ff8cf2e03cf3b6f384df97,JNU_OVERNIGHT_OVERREACTION_G1_V1
2021-02-03,0.0063380493860088,0.0012277472383223377,-0.0012277472383223377,1,0,1.0,88fae8021f134c4169ad854abe5e64d5837adefe63ff8cf2e03cf3b6f384df97,JNU_OVERNIGHT_OVERREACTION_G1_V1
2021-02-04,-0.0033242966489951302,-0.0012275319384457007,-0.0012275319384457007,1,0,1.0,88fae8021f134c4169ad854abe5e64d5837adefe63ff8cf2e03cf3b6f384df97,JNU_OVERNIGHT_OVERREACTION_G1_V1
2021-02-05,0.011063419544255354,-0.0006988120480047944,0.0006988120480047944,1,1,1.0,88fae8021f134c4169ad854abe5e64d5837adefe63ff8cf2e03cf3b6f384df97,JNU_OVERNIGHT_OVERREACTION_G1_V1
2021-02-08,0.0019082319954728771,0.017182553319996963,-0.017182553319996963,1,0,1.0,88fae8021f134c4169ad854abe5e64d5837adefe63ff8cf2e03cf3b6f384df97,JNU_OVERNIGHT_OVERREACTION_G1_V1
2021-02-09,0.0023785264356584374,0.0,-0.0,0,0,1.0,88fae8021f134c4169ad854abe5e64d5837adefe63ff8cf2e03cf3b6f384df97,JNU_OVERNIGHT_OVERREACTION_G1_V1
2021-02-10,-0.002546906886563785,0.0015289224077470096,0.0015289224077470096,1,1,1.0,88fae8021f134c4169ad854abe5e64d5837adefe63ff8cf2e03cf3b6f384df97,JNU_OVERNIGHT_OVERREACTION_G1_V1
2021-02-12,-0.0020338990062279193,-0.001698081576311869,-0.001698081576311869,1,0,1.0,88fae8021f134c4169ad854abe5e64d5837adefe63ff8cf2e03cf3b6f384df97,JNU_OVERNIGHT_OVERREACTION_G1_V1
2021-02-15,0.008455994914992907,0.0036981047356902308,-0.0036981047356902308,1,0,1.0,88fae8021f134c4169ad854abe5e64d5837adefe63ff8cf2e03cf3b6f384df97,JNU_OVERNIGHT_OVERREACTION_G1_V1
2021-02-16,0.004306781545157637,0.006589809679055583,-0.006589809679055583,1,0,1.0,88fae8021f134c4169ad854abe5e64d5837adefe63ff8cf2e03cf3b6f384df97,JNU_OVERNIGHT_OVERREACTION_G1_V1
2021-02-17,-0.00345026219215267,-0.004453615608749186,-0.004453615608749186,1,0,1.0,88fae8021f134c4169ad854abe5e64d5837adefe63ff8cf2e03cf3b6f384df97,JNU_OVERNIGHT_OVERREACTION_G1_V1
2021-02-18,0.0013183917532582322,-0.0037950709685516094,0.0037950709685516094,1,1,1.0,88fae8021f134c4169ad854abe5e64d5837adefe63ff8cf2e03cf3b6f384df97,JNU_OVERNIGHT_OVERREACTION_G1_V1
2021-02-19,-0.007465816510803229,-0.003336116522010369,-0.003336116522010369,1,0,1.0,88fae8021f134c4169ad854abe5e64d5837adefe63ff8cf2e03cf3b6f384df97,JNU_OVERNIGHT_OVERREACTION_G1_V1
2021-02-22,0.0074682946075257444,0.0036309661941749333,-0.0036309661941749333,1,0,1.0,88fae8021f134c4169ad854abe5e64d5837adefe63ff8cf2e03cf3b6f384df97,JNU_OVERNIGHT_OVERREACTION_G1_V1
2021-02-24,-0.004981743946264687,-0.0009993338606485783,-0.0009993338606485783,1,0,1.0,88fae8021f134c4169ad854abe5e64d5837adefe63ff8cf2e03cf3b6f384df97,JNU_OVERNIGHT_OVERREACTION_G1_V1
2021-02-25,0.018892144263452086,-0.0008284318260223962,0.0008284318260223962,1,1,1.0,88fae8021f134c4169ad854abe5e64d5837adefe63ff8cf2e03cf3b6f384df97,JNU_OVERNIGHT_OVERREACTION_G1_V1
2021-02-26,-0.01855154733197834,-0.00898082796356312,-0.00898082796356312,1,0,1.0,88fae8021f134c4169ad854abe5e64d5837adefe63ff8cf2e03cf3b6f384df97,JNU_OVERNIGHT_OVERREACTION_G1_V1
2021-03-01,0.015140205849298413,-0.0008445233168101765,0.0008445233168101765,1,1,1.0,88fae8021f134c4169ad854abe5e64d5837adefe63ff8cf2e03cf3b6f384df97,JNU_OVERNIGHT_OVERREACTION_G1_V1
2021-03-02,0.009055906262278745,-0.010404524133572199,0.010404524133572199,1,1,1.0,88fae8021f134c4169ad854abe5e64d5837adefe63ff8cf2e03cf3b6f384df97,JNU_OVERNIGHT_OVERREACTION_G1_V1
2021-03-03,0.0038940199886836374,-0.005761751238826771,0.005761751238826771,1,1,1.0,88fae8021f134c4169ad854abe5e64d5837adefe63ff8cf2e03cf3b6f384df97,JNU_OVERNIGHT_OVERREACTION_G1_V1
2021-03-04,-0.009008304310361592,-0.0058219342526623025,-0.0058219342526623025,1,0,1.0,88fae8021f134c4169ad854abe5e64d5837adefe63ff8cf2e03cf3b6f384df97,JNU_OVERNIGHT_OVERREACTION_G1_V1
2021-03-05,-0.006571007561936666,-0.012921429999036088,-0.012921429999036088,1,0,1.0,88fae8021f134c4169ad854abe5e64d5837adefe63ff8cf2e03cf3b6f384df97,JNU_OVERNIGHT_OVERREACTION_G1_V1
2021-03-08,0.020792913386000294,-0.010428336236002674,0.010428336236002674,1,1,1.0,88fae8021f134c4169ad854abe5e64d5837adefe63ff8cf2e03cf3b6f384df97,JNU_OVERNIGHT_OVERREACTION_G1_V1
2021-03-09,0.003985795069618988,-0.008859608024553937,0.008859608024553937,1,1,1.0,88fae8021f134c4169ad854abe5e64d5837adefe63ff8cf2e03cf3b6f384df97,JNU_OVERNIGHT_OVERREACTION_G1_V1
2021-03-10,0.005143162374467581,-0.007724697239006192,0.007724697239006192,1,1,1.0,88fae8021f134c4169ad854abe5e64d5837adefe63ff8cf2e03cf3b6f384df97,JNU_OVERNIGHT_OVERREACTION_G1_V1
2021-03-11,0.002407567800936445,-0.0008591803948070046,0.0008591803948070046,1,1,1.0,88fae8021f134c4169ad854abe5e64d5837adefe63ff8cf2e03cf3b6f384df97,JNU_OVERNIGHT_OVERREACTION_G1_V1
2021-03-12,0.0006839945547109872,-0.0008550663197333875,0.0008550663197333875,1,1,1.0,88fae8021f134c4169ad854abe5e64d5837adefe63ff8cf2e03cf3b6f384df97,JNU_OVERNIGHT_OVERREACTION_G1_V1
2021-03-15,0.0006762468558641761,0.0015198854568164379,-0.0015198854568164379,1,0,1.0,88fae8021f134c4169ad854abe5e64d5837adefe63ff8cf2e03cf3b6f384df97,JNU_OVERNIGHT_OVERREACTION_G1_V1
2021-03-16,0.002026001030673646,0.005214916352027706,-0.005214916352027706,1,0,1.0,88fae8021f134c4169ad854abe5e64d5837adefe63ff8cf2e03cf3b6f384df97,JNU_OVERNIGHT_OVERREACTION_G1_V1
2021-03-17,-0.002861232281032235,0.004204867014584432,0.004204867014584432,1,1,1.0,88fae8021f134c4169ad854abe5e64d5837adefe63ff8cf2e03cf3b6f384df97,JNU_OVERNIGHT_OVERREACTION_G1_V1
2021-03-18,0.0058700378197951136,0.011637704080209829,-0.011637704080209829,1,0,1.0,88fae8021f134c4169ad854abe5e64d5837adefe63ff8cf2e03cf3b6f384df97,JNU_OVERNIGHT_OVERREACTION_G1_V1
2021-03-19,-0.008868124712167635,0.002182490583430402,0.002182490583430402,1,1,1.0,88fae8021f134c4169ad854abe5e64d5837adefe63ff8cf2e03cf3b6f384df97,JNU_OVERNIGHT_OVERREACTION_G1_V1
2021-03-22,-0.009189989797663535,-0.008412788908515056,-0.008412788908515056,1,0,1.0,88fae8021f134c4169ad854abe5e64d5837adefe63ff8cf2e03cf3b6f384df97,JNU_OVERNIGHT_OVERREACTION_G1_V1
2021-03-23,0.004819286435948922,0.0018869548441345098,-0.0018869548441345098,1,0,1.0,88fae8021f134c4169ad854abe5e64d5837adefe63ff8cf2e03cf3b6f384df97,JNU_OVERNIGHT_OVERREACTION_G1_V1
2021-03-24,-0.005576870501437645,-0.004554220518243854,-0.004554220518243854,1,0,1.0,88fae8021f134c4169ad854abe5e64d5837adefe63ff8cf2e03cf3b6f384df97,JNU_OVERNIGHT_OVERREACTION_G1_V1
2021-03-25,0.007079675588061768,-0.0007057163313359158,0.0007057163313359158,1,1,1.0,88fae8021f134c4169ad854abe5e64d5837adefe63ff8cf2e03cf3b6f384df97,JNU_OVERNIGHT_OVERREACTION_G1_V1
2021-03-26,0.014598799421152631,-0.002418380864281638,0.002418380864281638,1,1,1.0,88fae8021f134c4169ad854abe5e64d5837adefe63ff8cf2e03cf3b6f384df97,JNU_OVERNIGHT_OVERREACTION_G1_V1
2021-03-29,0.012137938575555828,-0.006307018264762685,0.006307018264762685,1,1,1.0,88fae8021f134c4169ad854abe5e64d5837adefe63ff8cf2e03cf3b6f384df97,JNU_OVERNIGHT_OVERREACTION_G1_V1
2021-03-30,0.008371108933312919,-0.0017027077159903752,0.0017027077159903752,1,1,1.0,88fae8021f134c4169ad854abe5e64d5837adefe63ff8cf2e03cf3b6f384df97,JNU_OVERNIGHT_OVERREACTION_G1_V1
2021-03-31,-0.0035711286995452046,-0.005123836999869395,-0.005123836999869395,1,0,1.0,88fae8021f134c4169ad854abe5e64d5837adefe63ff8cf2e03cf3b6f384df97,JNU_OVERNIGHT_OVERREACTION_G1_V1
2021-04-01,0.007674634753108666,0.003053437486890248,-0.003053437486890248,1,0,1.0,88fae8021f134c4169ad854abe5e64d5837adefe63ff8cf2e03cf3b6f384df97,JNU_OVERNIGHT_OVERREACTION_G1_V1
2021-04-02,0.009642297492234693,0.0015140048312150113,-0.0015140048312150113,1,0,1.0,88fae8021f134c4169ad854abe5e64d5837adefe63ff8cf2e03cf3b6f384df97,JNU_OVERNIGHT_OVERREACTION_G1_V1
2021-04-05,0.006334410245313041,-0.0009975063171254136,0.0009975063171254136,1,1,1.0,88fae8021f134c4169ad854abe5e64d5837adefe63ff8cf2e03cf3b6f384df97,JNU_OVERNIGHT_OVERREACTION_G1_V1
2021-04-06,0.0053032938348965665,-0.009299303148278636,0.009299303148278636,1,1,1.0,88fae8021f134c4169ad854abe5e64d5837adefe63ff8cf2e03cf3b6f384df97,JNU_OVERNIGHT_OVERREACTION_G1_V1
2021-04-07,-0.00016822272728713185,-0.0030328582640845657,-0.0030328582640845657,1,0,1.0,88fae8021f134c4169ad854abe5e64d5837adefe63ff8cf2e03cf3b6f384df97,JNU_OVERNIGHT_OVERREACTION_G1_V1
2021-04-08,-0.0008416800429554835,-0.0015168116163373619,-0.0015168116163373619,1,0,1.0,88fae8021f134c4169ad854abe5e64d5837adefe63ff8cf2e03cf3b6f384df97,JNU_OVERNIGHT_OVERREACTION_G1_V1
2021-04-09,0.005376357036380496,0.0010048568924584122,-0.0010048568924584122,1,0,1.0,88fae8021f134c4169ad854abe5e64d5837adefe63ff8cf2e03cf3b6f384df97,JNU_OVERNIGHT_OVERREACTION_G1_V1
2021-04-12,0.005360146836922544,-0.005864136767792138,0.005864136767792138,1,1,1.0,88fae8021f134c4169ad854abe5e64d5837adefe63ff8cf2e03cf3b6f384df97,JNU_OVERNIGHT_OVERREACTION_G1_V1
2021-04-13,0.002700879427132241,0.0055476312741938065,-0.0055476312741938065,1,0,1.0,88fae8021f134c4169ad854abe5e64d5837adefe63ff8cf2e03cf3b6f384df97,JNU_OVERNIGHT_OVERREACTION_G1_V1
2021-04-14,0.0,-0.004545079787883521,0.0,0,0,1.0,88fae8021f134c4169ad854abe5e64d5837adefe63ff8cf2e03cf3b6f384df97,JNU_OVERNIGHT_OVERREACTION_G1_V1
2021-04-15,-0.0020277127596517158,0.004724949728653004,0.004724949728653004,1,1,1.0,88fae8021f134c4169ad854abe5e64d5837adefe63ff8cf2e03cf3b6f384df97,JNU_OVERNIGHT_OVERREACTION_G1_V1
2021-04-16,0.004379323151986043,-0.0021872642689999733,0.0021872642689999733,1,1,1.0,88fae8021f134c4169ad854abe5e64d5837adefe63ff8cf2e03cf3b6f384df97,JNU_OVERNIGHT_OVERREACTION_G1_V1
2021-04-19,0.0008415383817349052,-0.0016837855468279784,0.0016837855468279784,1,1,1.0,88fae8021f134c4169ad854abe5e64d5837adefe63ff8cf2e03cf3b6f384df97,JNU_OVERNIGHT_OVERREACTION_G1_V1
2021-04-20,-0.008636070946053951,-0.009397762458771273,-0.009397762458771273,1,0,1.0,88fae8021f134c4169ad854abe5e64d5837adefe63ff8cf2e03cf3b6f384df97,JNU_OVERNIGHT_OVERREACTION_G1_V1
2021-04-21,-0.014383750281595735,-0.0027967156841152497,-0.0027967156841152497,1,0,1.0,88fae8021f134c4169ad854abe5e64d5837adefe63ff8cf2e03cf3b6f384df97,JNU_OVERNIGHT_OVERREACTION_G1_V1
2021-04-22,0.012210163906931337,0.005704916501279375,-0.005704916501279375,1,0,1.0,88fae8021f134c4169ad854abe5e64d5837adefe63ff8cf2e03cf3b6f384df97,JNU_OVERNIGHT_OVERREACTION_G1_V1
2021-04-23,-0.00913563192510121,0.004492060076070097,0.004492060076070097,1,1,1.0,88fae8021f134c4169ad854abe5e64d5837adefe63ff8cf2e03cf3b6f384df97,JNU_OVERNIGHT_OVERREACTION_G1_V1
2021-04-26,0.005162634078806906,-0.00034334764285801625,0.00034334764285801625,1,1,1.0,88fae8021f134c4169ad854abe5e64d5837adefe63ff8cf2e03cf3b6f384df97,JNU_OVERNIGHT_OVERREACTION_G1_V1
2021-04-27,0.003938024094465143,-0.00599881822925338,0.00599881822925338,1,1,1.0,88fae8021f134c4169ad854abe5e64d5837adefe63ff8cf2e03cf3b6f384df97,JNU_OVERNIGHT_OVERREACTION_G1_V1
2021-04-28,-0.0010339480500645224,0.0018947555405947622,0.0018947555405947622,1,1,1.0,88fae8021f134c4169ad854abe5e64d5837adefe63ff8cf2e03cf3b6f384df97,JNU_OVERNIGHT_OVERREACTION_G1_V1
2021-04-30,-0.005521063023750381,0.00121033990741569,0.00121033990741569,1,1,1.0,88fae8021f134c4169ad854abe5e64d5837adefe63ff8cf2e03cf3b6f384df97,JNU_OVERNIGHT_OVERREACTION_G1_V1
2021-05-06,0.0058701826025381555,0.011808128986330086,-0.011808128986330086,1,0,1.0,88fae8021f134c4169ad854abe5e64d5837adefe63ff8cf2e03cf3b6f384df97,JNU_OVERNIGHT_OVERREACTION_G1_V1
2021-05-07,-0.0005116398167380603,0.003235973189118186,0.003235973189118186,1,1,1.0,88fae8021f134c4169ad854abe5e64d5837adefe63ff8cf2e03cf3b6f384df97,JNU_OVERNIGHT_OVERREACTION_G1_V1
2021-05-10,-0.00034042553520250666,0.009657000080161252,0.009657000080161252,1,1,1.0,88fae8021f134c4169ad854abe5e64d5837adefe63ff8cf2e03cf3b6f384df97,JNU_OVERNIGHT_OVERREACTION_G1_V1
2021-05-11,-0.011224607645159392,-0.017250729667929,-0.017250729667929,1,0,1.0,88fae8021f134c4169ad854abe5e64d5837adefe63ff8cf2e03cf3b6f384df97,JNU_OVERNIGHT_OVERREACTION_G1_V1
2021-05-12,-0.0020957045742188815,-0.0057859370670438875,-0.0057859370670438875,1,0,1.0,88fae8021f134c4169ad854abe5e64d5837adefe63ff8cf2e03cf3b6f384df97,JNU_OVERNIGHT_OVERREACTION_G1_V1
2021-05-13,-0.011800601805174135,-0.0050486944599792225,-0.0050486944599792225,1,0,1.0,88fae8021f134c4169ad854abe5e64d5837adefe63ff8cf2e03cf3b6f384df97,JNU_OVERNIGHT_OVERREACTION_G1_V1
2021-05-14,0.010838256383283496,-0.0005391320105429027,0.0005391320105429027,1,1,1.0,88fae8021f134c4169ad854abe5e64d5837adefe63ff8cf2e03cf3b6f384df97,JNU_OVERNIGHT_OVERREACTION_G1_V1
2021-05-17,0.010832033462012556,-0.012440181758198726,0.012440181758198726,1,1,1.0,88fae8021f134c4169ad854abe5e64d5837adefe63ff8cf2e03cf3b6f384df97,JNU_OVERNIGHT_OVERREACTION_G1_V1
2021-05-18,0.00323102058144654,0.019169916107720123,-0.019169916107720123,1,0,1.0,88fae8021f134c4169ad854abe5e64d5837adefe63ff8cf2e03cf3b6f384df97,JNU_OVERNIGHT_OVERREACTION_G1_V1
2021-05-19,-0.013988718592373602,0.0003565698023159604,0.0003565698023159604,1,1,1.0,88fae8021f134c4169ad854abe5e64d5837adefe63ff8cf2e03cf3b6f384df97,JNU_OVERNIGHT_OVERREACTION_G1_V1
2021-05-20,-0.00626736763654602,0.007159507940164658,0.007159507940164658,1,1,1.0,88fae8021f134c4169ad854abe5e64d5837adefe63ff8cf2e03cf3b6f384df97,JNU_OVERNIGHT_OVERREACTION_G1_V1
2021-05-21,0.00798513691931327,0.0008833142522924001,-0.0008833142522924001,1,0,1.0,88fae8021f134c4169ad854abe5e64d5837adefe63ff8cf2e03cf3b6f384df97,JNU_OVERNIGHT_OVERREACTION_G1_V1
2021-05-24,-0.001942605467415314,0.006343633607926262,0.006343633607926262,1,1,1.0,88fae8021f134c4169ad854abe5e64d5837adefe63ff8cf2e03cf3b6f384df97,JNU_OVERNIGHT_OVERREACTION_G1_V1
2021-05-25,0.00614846030045248,-0.000700770876610586,0.000700770876610586,1,1,1.0,88fae8021f134c4169ad854abe5e64d5837adefe63ff8cf2e03cf3b6f384df97,JNU_OVERNIGHT_OVERREACTION_G1_V1
2021-05-26,-0.005087284017965961,0.008057496737117274,0.008057496737117274,1,1,1.0,88fae8021f134c4169ad854abe5e64d5837adefe63ff8cf2e03cf3b6f384df97,JNU_OVERNIGHT_OVERREACTION_G1_V1
2021-05-27,-0.0014000702322011969,-0.004387896465419491,-0.004387896465419491,1,0,1.0,88fae8021f134c4169ad854abe5e64d5837adefe63ff8cf2e03cf3b6f384df97,JNU_OVERNIGHT_OVERREACTION_G1_V1
2021-05-28,0.013572506939353444,0.006374386301039482,-0.006374386301039482,1,0,1.0,88fae8021f134c4169ad854abe5e64d5837adefe63ff8cf2e03cf3b6f384df97,JNU_OVERNIGHT_OVERREACTION_G1_V1
2021-05-31,-0.005328762072288295,-0.0029343250535724184,-0.0029343250535724184,1,0,1.0,88fae8021f134c4169ad854abe5e64d5837adefe63ff8cf2e03cf3b6f384df97,JNU_OVERNIGHT_OVERREACTION_G1_V1
2021-06-01,0.0037990030149261203,-0.009350717482433794,0.009350717482433794,1,1,1.0,88fae8021f134c4169ad854abe5e64d5837adefe63ff8cf2e03cf3b6f384df97,JNU_OVERNIGHT_OVERREACTION_G1_V1
2021-06-02,-0.0015650816167481455,0.006937245996845552,0.006937245996845552,1,1,1.0,88fae8021f134c4169ad854abe5e64d5837adefe63ff8cf2e03cf3b6f384df97,JNU_OVERNIGHT_OVERREACTION_G1_V1
2021-06-03,-0.0029399070029094234,0.008965577296499425,0.008965577296499425,1,1,1.0,88fae8021f134c4169ad854abe5e64d5837adefe63ff8cf2e03cf3b6f384df97,JNU_OVERNIGHT_OVERREACTION_G1_V1
2021-06-04,-0.004828428073573626,-0.0012107586015963404,-0.0012107586015963404,1,0,1.0,88fae8021f134c4169ad854abe5e64d5837adefe63ff8cf2e03cf3b6f384df97,JNU_OVERNIGHT_OVERREACTION_G1_V1
2021-06-07,0.009970857919816712,-0.006521389166559224,0.006521389166559224,1,1,1.0,88fae8021f134c4169ad854abe5e64d5837adefe63ff8cf2e03cf3b6f384df97,JNU_OVERNIGHT_OVERREACTION_G1_V1
2021-06-08,0.00395427318310367,0.0012346527393203449,-0.0012346527393203449,1,0,1.0,88fae8021f134c4169ad854abe5e64d5837adefe63ff8cf2e03cf3b6f384df97,JNU_OVERNIGHT_OVERREACTION_G1_V1
2021-06-09,-0.0025850940721048456,-0.0027648194560740626,-0.0027648194560740626,1,0,1.0,88fae8021f134c4169ad854abe5e64d5837adefe63ff8cf2e03cf3b6f384df97,JNU_OVERNIGHT_OVERREACTION_G1_V1
2021-06-10,0.0,0.004840949979455474,0.0,0,0,1.0,88fae8021f134c4169ad854abe5e64d5837adefe63ff8cf2e03cf3b6f384df97,JNU_OVERNIGHT_OVERREACTION_G1_V1
2021-06-11,-0.0013812156891985076,0.0015537335883583508,0.0015537335883583508,1,1,1.0,88fae8021f134c4169ad854abe5e64d5837adefe63ff8cf2e03cf3b6f384df97,JNU_OVERNIGHT_OVERREACTION_G1_V1
2021-06-14,0.006205846498451621,-0.0025810906525914647,0.0025810906525914647,1,1,1.0,88fae8021f134c4169ad854abe5e64d5837adefe63ff8cf2e03cf3b6f384df97,JNU_OVERNIGHT_OVERREACTION_G1_V1
2021-06-15,0.004965338512437776,0.002558636790324504,-0.002558636790324504,1,0,1.0,88fae8021f134c4169ad854abe5e64d5837adefe63ff8cf2e03cf3b6f384df97,JNU_OVERNIGHT_OVERREACTION_G1_V1
2021-06-16,-0.005111614469497009,0.0020477822855651914,0.0020477822855651914,1,1,1.0,88fae8021f134c4169ad854abe5e64d5837adefe63ff8cf2e03cf3b6f384df97,JNU_OVERNIGHT_OVERREACTION_G1_V1
2021-06-17,-0.003424660881364103,-0.008613317678114947,-0.008613317678114947,1,0,1.0,88fae8021f134c4169ad854abe5e64d5837adefe63ff8cf2e03cf3b6f384df97,JNU_OVERNIGHT_OVERREACTION_G1_V1
2021-06-18,0.007225216362114354,-0.0037781257374931683,0.0037781257374931683,1,1,1.0,88fae8021f134c4169ad854abe5e64d5837adefe63ff8cf2e03cf3b6f384df97,JNU_OVERNIGHT_OVERREACTION_G1_V1
2021-06-21,-0.015506887957318045,-0.018251591967636347,-0.018251591967636347,1,0,1.0,88fae8021f134c4169ad854abe5e64d5837adefe63ff8cf2e03cf3b6f384df97,JNU_OVERNIGHT_OVERREACTION_G1_V1
2021-06-22,0.025407153528240307,-0.002092780673130609,0.002092780673130609,1,1,1.0,88fae8021f134c4169ad854abe5e64d5837adefe63ff8cf2e03cf3b6f384df97,JNU_OVERNIGHT_OVERREACTION_G1_V1
2021-06-23,0.003121209400540968,-0.0012126463157726818,0.0012126463157726818,1,1,1.0,88fae8021f134c4169ad854abe5e64d5837adefe63ff8cf2e03cf3b6f384df97,JNU_OVERNIGHT_OVERREACTION_G1_V1
2021-06-24,-0.001736413007919514,0.0036429912785010087,0.0036429912785010087,1,1,1.0,88fae8021f134c4169ad854abe5e64d5837adefe63ff8cf2e03cf3b6f384df97,JNU_OVERNIGHT_OVERREACTION_G1_V1
2021-06-25,0.0074349784875179905,-0.0012065846503910233,0.0012065846503910233,1,1,1.0,88fae8021f134c4169ad854abe5e64d5837adefe63ff8cf2e03cf3b6f384df97,JNU_OVERNIGHT_OVERREACTION_G1_V1
2021-06-28,-0.0006892986659275521,0.0,0.0,0,0,1.0,88fae8021f134c4169ad854abe5e64d5837adefe63ff8cf2e03cf3b6f384df97,JNU_OVERNIGHT_OVERREACTION_G1_V1
2021-06-29,-0.0020739723991291485,-0.003987176990613557,-0.003987176990613557,1,0,1.0,88fae8021f134c4169ad854abe5e64d5837adefe63ff8cf2e03cf3b6f384df97,JNU_OVERNIGHT_OVERREACTION_G1_V1
2021-06-30,0.002083695839866058,-0.0003469812664930351,0.0003469812664930351,1,1,1.0,88fae8021f134c4169ad854abe5e64d5837adefe63ff8cf2e03cf3b6f384df97,JNU_OVERNIGHT_OVERREACTION_G1_V1
2021-07-01,0.002605298911763173,-0.005566199794776712,0.005566199794776712,1,1,1.0,88fae8021f134c4169ad854abe5e64d5837adefe63ff8cf2e03cf3b6f384df97,JNU_OVERNIGHT_OVERREACTION_G1_V1
2021-07-02,0.002787943956004162,0.000869640893141175,-0.000869640893141175,1,0,1.0,88fae8021f134c4169ad854abe5e64d5837adefe63ff8cf2e03cf3b6f384df97,JNU_OVERNIGHT_OVERREACTION_G1_V1
2021-07-05,-0.000695894252161316,-0.0036614111167945027,-0.0036614111167945027,1,0,1.0,88fae8021f134c4169ad854abe5e64d5837adefe63ff8cf2e03cf3b6f384df97,JNU_OVERNIGHT_OVERREACTION_G1_V1
2021-07-06,0.002796226918066868,-0.000523697314927982,0.000523697314927982,1,1,1.0,88fae8021f134c4169ad854abe5e64d5837adefe63ff8cf2e03cf3b6f384df97,JNU_OVERNIGHT_OVERREACTION_G1_V1
2021-07-07,-0.014247009074298007,0.0056527265869638025,0.0056527265869638025,1,1,1.0,88fae8021f134c4169ad854abe5e64d5837adefe63ff8cf2e03cf3b6f384df97,JNU_OVERNIGHT_OVERREACTION_G1_V1
2021-07-08,-0.0010606329436930182,-0.0007077141130490322,-0.0007077141130490322,1,0,1.0,88fae8021f134c4169ad854abe5e64d5837adefe63ff8cf2e03cf3b6f384df97,JNU_OVERNIGHT_OVERREACTION_G1_V1
2021-07-09,-0.01395621149379944,-0.008322827127300631,-0.008322827127300631,1,0,1.0,88fae8021f134c4169ad854abe5e64d5837adefe63ff8cf2e03cf3b6f384df97,JNU_OVERNIGHT_OVERREACTION_G1_V1
2021-07-12,0.015389000963653674,0.000877269992221737,-0.000877269992221737,1,0,1.0,88fae8021f134c4169ad854abe5e64d5837adefe63ff8cf2e03cf3b6f384df97,JNU_OVERNIGHT_OVERREACTION_G1_V1
2021-07-13,0.0047190509667440214,0.00330751454802218,-0.00330751454802218,1,0,1.0,88fae8021f134c4169ad854abe5e64d5837adefe63ff8cf2e03cf3b6f384df97,JNU_OVERNIGHT_OVERREACTION_G1_V1
2021-07-14,-0.0064679886357452785,0.004724004935960418,0.004724004935960418,1,1,1.0,88fae8021f134c4169ad854abe5e64d5837adefe63ff8cf2e03cf3b6f384df97,JNU_OVERNIGHT_OVERREACTION_G1_V1
2021-07-15,-0.0021045255049153867,-0.0031651160588952406,-0.0031651160588952406,1,0,1.0,88fae8021f134c4169ad854abe5e64d5837adefe63ff8cf2e03cf3b6f384df97,JNU_OVERNIGHT_OVERREACTION_G1_V1
2021-07-16,-0.010860963167714574,0.0021459235702766762,0.0021459235702766762,1,1,1.0,88fae8021f134c4169ad854abe5e64d5837adefe63ff8cf2e03cf3b6f384df97,JNU_OVERNIGHT_OVERREACTION_G1_V1
2021-07-19,-0.011902755493939763,0.000725426219698026,0.000725426219698026,1,1,1.0,88fae8021f134c4169ad854abe5e64d5837adefe63ff8cf2e03cf3b6f384df97,JNU_OVERNIGHT_OVERREACTION_G1_V1
2021-07-20,-0.00983256282886239,0.004746266668233745,0.004746266668233745,1,1,1.0,88fae8021f134c4169ad854abe5e64d5837adefe63ff8cf2e03cf3b6f384df97,JNU_OVERNIGHT_OVERREACTION_G1_V1
2021-07-21,0.012327929877749189,-0.0003604253057579828,0.0003604253057579828,1,1,1.0,88fae8021f134c4169ad854abe5e64d5837adefe63ff8cf2e03cf3b6f384df97,JNU_OVERNIGHT_OVERREACTION_G1_V1
2021-07-26,0.02085656327455726,-0.00750137470030255,0.00750137470030255,1,1,1.0,88fae8021f134c4169ad854abe5e64d5837adefe63ff8cf2e03cf3b6f384df97,JNU_OVERNIGHT_OVERREACTION_G1_V1
2021-07-27,0.004840887983311813,0.0007151797193803151,-0.0007151797193803151,1,0,1.0,88fae8021f134c4169ad854abe5e64d5837adefe63ff8cf2e03cf3b6f384df97,JNU_OVERNIGHT_OVERREACTION_G1_V1
2021-07-28,-0.012068956726069733,0.003076090365505956,0.003076090365505956,1,1,1.0,88fae8021f134c4169ad854abe5e64d5837adefe63ff8cf2e03cf3b6f384df97,JNU_OVERNIGHT_OVERREACTION_G1_V1
2021-07-29,0.01011569319478798,-0.0039618276204098435,0.0039618276204098435,1,1,1.0,88fae8021f134c4169ad854abe5e64d5837adefe63ff8cf2e03cf3b6f384df97,JNU_OVERNIGHT_OVERREACTION_G1_V1
2021-07-30,-0.003966113004943515,-0.01272513080949219,-0.01272513080949219,1,0,1.0,88fae8021f134c4169ad854abe5e64d5837adefe63ff8cf2e03cf3b6f384df97,JNU_OVERNIGHT_OVERREACTION_G1_V1
2021-08-02,0.004746266668233745,0.009966558896850646,-0.009966558896850646,1,0,1.0,88fae8021f134c4169ad854abe5e64d5837adefe63ff8cf2e03cf3b6f384df97,JNU_OVERNIGHT_OVERREACTION_G1_V1
2021-08-03,-0.008319816484087757,0.00036317414599290886,0.00036317414599290886,1,1,1.0,88fae8021f134c4169ad854abe5e64d5837adefe63ff8cf2e03cf3b6f384df97,JNU_OVERNIGHT_OVERREACTION_G1_V1
2021-08-04,-0.0005435275068132606,-0.0023587056204510976,-0.0023587056204510976,1,0,1.0,88fae8021f134c4169ad854abe5e64d5837adefe63ff8cf2e03cf3b6f384df97,JNU_OVERNIGHT_OVERREACTION_G1_V1
2021-08-05,-0.0027255399810500454,0.0059864124357477885,0.0059864124357477885,1,1,1.0,88fae8021f134c4169ad854abe5e64d5837adefe63ff8cf2e03cf3b6f384df97,JNU_OVERNIGHT_OVERREACTION_G1_V1
2021-08-06,0.003966113004943583,-0.0014404035619688465,0.0014404035619688465,1,1,1.0,88fae8021f134c4169ad854abe5e64d5837adefe63ff8cf2e03cf3b6f384df97,JNU_OVERNIGHT_OVERREACTION_G1_V1
2021-08-10,0.003410828187792665,0.006430890330290331,-0.006430890330290331,1,0,1.0,88fae8021f134c4169ad854abe5e64d5837adefe63ff8cf2e03cf3b6f384df97,JNU_OVERNIGHT_OVERREACTION_G1_V1
2021-08-11,0.004296462033505332,0.0016064260482737947,-0.0016064260482737947,1,0,1.0,88fae8021f134c4169ad854abe5e64d5837adefe63ff8cf2e03cf3b6f384df97,JNU_OVERNIGHT_OVERREACTION_G1_V1
2021-08-12,0.00408853115974726,-0.0019532990317728924,0.0019532990317728924,1,1,1.0,88fae8021f134c4169ad854abe5e64d5837adefe63ff8cf2e03cf3b6f384df97,JNU_OVERNIGHT_OVERREACTION_G1_V1
2021-08-13,0.003386510677904456,-0.003386510677904459,0.003386510677904459,1,1,1.0,88fae8021f134c4169ad854abe5e64d5837adefe63ff8cf2e03cf3b6f384df97,JNU_OVERNIGHT_OVERREACTION_G1_V1
2021-08-16,-0.006632631646731496,-0.009759701542075443,-0.009759701542075443,1,0,1.0,88fae8021f134c4169ad854abe5e64d5837adefe63ff8cf2e03cf3b6f384df97,JNU_OVERNIGHT_OVERREACTION_G1_V1
2021-08-17,0.007976837075688034,-0.003799190458476345,0.003799190458476345,1,1,1.0,88fae8021f134c4169ad854abe5e64d5837adefe63ff8cf2e03cf3b6f384df97,JNU_OVERNIGHT_OVERREACTION_G1_V1
2021-08-18,0.0007303268537140945,0.0036436549693988876,-0.0036436549693988876,1,0,1.0,88fae8021f134c4169ad854abe5e64d5837adefe63ff8cf2e03cf3b6f384df97,JNU_OVERNIGHT_OVERREACTION_G1_V1
2021-08-19,-0.008007322128512614,0.003829675511301117,0.003829675511301117,1,1,1.0,88fae8021f134c4169ad854abe5e64d5837adefe63ff8cf2e03cf3b6f384df97,JNU_OVERNIGHT_OVERREACTION_G1_V1
2021-08-20,0.0001836378666439823,-0.007186983851700056,0.007186983851700056,1,1,1.0,88fae8021f134c4169ad854abe5e64d5837adefe63ff8cf2e03cf3b6f384df97,JNU_OVERNIGHT_OVERREACTION_G1_V1
2021-08-23,0.010150497782036232,0.006406171812411507,-0.006406171812411507,1,0,1.0,88fae8021f134c4169ad854abe5e64d5837adefe63ff8cf2e03cf3b6f384df97,JNU_OVERNIGHT_OVERREACTION_G1_V1
2021-08-24,0.005621558008565828,0.005230420437088953,-0.005230420437088953,1,0,1.0,88fae8021f134c4169ad854abe5e64d5837adefe63ff8cf2e03cf3b6f384df97,JNU_OVERNIGHT_OVERREACTION_G1_V1
2021-08-25,0.0014404035619688185,0.0008991997728441658,-0.0008991997728441658,1,0,1.0,88fae8021f134c4169ad854abe5e64d5837adefe63ff8cf2e03cf3b6f384df97,JNU_OVERNIGHT_OVERREACTION_G1_V1
2021-08-26,0.002161384126725774,-0.002702460882644394,0.002702460882644394,1,1,1.0,88fae8021f134c4169ad854abe5e64d5837adefe63ff8cf2e03cf3b6f384df97,JNU_OVERNIGHT_OVERREACTION_G1_V1
2021-08-27,-0.003976867135760093,-0.0003623188445433193,-0.0003623188445433193,1,0,1.0,88fae8021f134c4169ad854abe5e64d5837adefe63ff8cf2e03cf3b6f384df97,JNU_OVERNIGHT_OVERREACTION_G1_V1
2021-08-30,0.01008654084617397,-0.008820145380678648,0.008820145380678648,1,1,1.0,88fae8021f134c4169ad854abe5e64d5837adefe63ff8cf2e03cf3b6f384df97,JNU_OVERNIGHT_OVERREACTION_G1_V1
2021-08-31,-0.0034274408947359337,0.0034274408947360213,0.0034274408947360213,1,1,1.0,88fae8021f134c4169ad854abe5e64d5837adefe63ff8cf2e03cf3b6f384df97,JNU_OVERNIGHT_OVERREACTION_G1_V1
2021-09-01,-0.001955382366881739,0.008151737502725197,0.008151737502725197,1,1,1.0,88fae8021f134c4169ad854abe5e64d5837adefe63ff8cf2e03cf3b6f384df97,JNU_OVERNIGHT_OVERREACTION_G1_V1
2021-09-02,0.0010528163808055475,-0.0015796405215354656,0.0015796405215354656,1,1,1.0,88fae8021f134c4169ad854abe5e64d5837adefe63ff8cf2e03cf3b6f384df97,JNU_OVERNIGHT_OVERREACTION_G1_V1
2021-09-03,0.0036767965784737606,0.0005241548123849202,-0.0005241548123849202,1,0,1.0,88fae8021f134c4169ad854abe5e64d5837adefe63ff8cf2e03cf3b6f384df97,JNU_OVERNIGHT_OVERREACTION_G1_V1
2021-09-06,0.017373967936053017,0.001349983330234491,-0.001349983330234491,1,0,1.0,88fae8021f134c4169ad854abe5e64d5837adefe63ff8cf2e03cf3b6f384df97,JNU_OVERNIGHT_OVERREACTION_G1_V1
2021-09-07,0.00820156911341771,-0.0038413408404398084,0.0038413408404398084,1,1,1.0,88fae8021f134c4169ad854abe5e64d5837adefe63ff8cf2e03cf3b6f384df97,JNU_OVERNIGHT_OVERREACTION_G1_V1
2021-09-08,-0.0008353521494872248,0.0043362309438961695,0.0043362309438961695,1,1,1.0,88fae8021f134c4169ad854abe5e64d5837adefe63ff8cf2e03cf3b6f384df97,JNU_OVERNIGHT_OVERREACTION_G1_V1
2021-09-09,-0.007491918835092386,0.004169104679614749,0.004169104679614749,1,1,1.0,88fae8021f134c4169ad854abe5e64d5837adefe63ff8cf2e03cf3b6f384df97,JNU_OVERNIGHT_OVERREACTION_G1_V1
2021-09-10,-0.0023360597975477754,0.0013355594639642174,0.0013355594639642174,1,1,1.0,88fae8021f134c4169ad854abe5e64d5837adefe63ff8cf2e03cf3b6f384df97,JNU_OVERNIGHT_OVERREACTION_G1_V1
2021-09-13,-0.001991371384925287,0.0009961813873799064,0.0009961813873799064,1,1,1.0,88fae8021f134c4169ad854abe5e64d5837adefe63ff8cf2e03cf3b6f384df97,JNU_OVERNIGHT_OVERREACTION_G1_V1
2021-09-14,0.0032948958968524846,0.0034479961916396742,-0.0034479961916396742,1,0,1.0,88fae8021f134c4169ad854abe5e64d5837adefe63ff8cf2e03cf3b6f384df97,JNU_OVERNIGHT_OVERREACTION_G1_V1
2021-09-15,-0.00576940527226928,-0.00016533024754528797,-0.00016533024754528797,1,0,1.0,88fae8021f134c4169ad854abe5e64d5837adefe63ff8cf2e03cf3b6f384df97,JNU_OVERNIGHT_OVERREACTION_G1_V1
2021-09-16,0.003127832001032911,-0.003952574315823358,0.003952574315823358,1,1,1.0,88fae8021f134c4169ad854abe5e64d5837adefe63ff8cf2e03cf3b6f384df97,JNU_OVERNIGHT_OVERREACTION_G1_V1
2021-09-17,0.0009917356184742773,0.0008256956954953885,-0.0008256956954953885,1,0,1.0,88fae8021f134c4169ad854abe5e64d5837adefe63ff8cf2e03cf3b6f384df97,JNU_OVERNIGHT_OVERREACTION_G1_V1
2021-09-21,-0.024511439742744695,0.004547376257162647,0.004547376257162647,1,1,1.0,88fae8021f134c4169ad854abe5e64d5837adefe63ff8cf2e03cf3b6f384df97,JNU_OVERNIGHT_OVERREACTION_G1_V1
2021-09-22,0.0010106115059234598,-0.002359684223180039,0.002359684223180039,1,1,1.0,88fae8021f134c4169ad854abe5e64d5837adefe63ff8cf2e03cf3b6f384df97,JNU_OVERNIGHT_OVERREACTION_G1_V1
2021-09-24,0.021138180104508016,-0.003492146227886402,0.003492146227886402,1,1,1.0,88fae8021f134c4169ad854abe5e64d5837adefe63ff8cf2e03cf3b6f384df97,JNU_OVERNIGHT_OVERREACTION_G1_V1
2021-09-27,-0.0009971747543923177,0.0026569261727566896,0.0026569261727566896,1,1,1.0,88fae8021f134c4169ad854abe5e64d5837adefe63ff8cf2e03cf3b6f384df97,JNU_OVERNIGHT_OVERREACTION_G1_V1
2021-09-28,-0.0013297874300015773,-0.007345608989268301,-0.007345608989268301,1,0,1.0,88fae8021f134c4169ad854abe5e64d5837adefe63ff8cf2e03cf3b6f384df97,JNU_OVERNIGHT_OVERREACTION_G1_V1
2021-09-29,-0.015139061215684266,-0.00033904051858926044,-0.00033904051858926044,1,0,1.0,88fae8021f134c4169ad854abe5e64d5837adefe63ff8cf2e03cf3b6f384df97,JNU_OVERNIGHT_OVERREACTION_G1_V1
2021-09-30,0.004728141195945896,-0.011692075921356505,0.011692075921356505,1,1,1.0,88fae8021f134c4169ad854abe5e64d5837adefe63ff8cf2e03cf3b6f384df97,JNU_OVERNIGHT_OVERREACTION_G1_V1
2021-10-01,-0.010858606862672834,-0.01218585404504792,-0.01218585404504792,1,0,1.0,88fae8021f134c4169ad854abe5e64d5837adefe63ff8cf2e03cf3b6f384df97,JNU_OVERNIGHT_OVERREACTION_G1_V1
2021-10-04,0.009655247421333998,-0.023436538364013607,0.023436538364013607,1,1,1.0,88fae8021f134c4169ad854abe5e64d5837adefe63ff8cf2e03cf3b6f384df97,JNU_OVERNIGHT_OVERREACTION_G1_V1
2021-10-05,-0.01456767634494533,-0.015146340763672881,-0.015146340763672881,1,0,1.0,88fae8021f134c4169ad854abe5e64d5837adefe63ff8cf2e03cf3b6f384df97,JNU_OVERNIGHT_OVERREACTION_G1_V1
2021-10-06,0.011459391290825457,-0.018507400948690668,0.018507400948690668,1,1,1.0,88fae8021f134c4169ad854abe5e64d5837adefe63ff8cf2e03cf3b6f384df97,JNU_OVERNIGHT_OVERREACTION_G1_V1
2021-10-07,0.008170721807049844,0.011864241268991405,-0.011864241268991405,1,0,1.0,88fae8021f134c4169ad854abe5e64d5837adefe63ff8cf2e03cf3b6f384df97,JNU_OVERNIGHT_OVERREACTION_G1_V1
2021-10-08,0.008240820552790825,0.009234659836895327,-0.009234659836895327,1,0,1.0,88fae8021f134c4169ad854abe5e64d5837adefe63ff8cf2e03cf3b6f384df97,JNU_OVERNIGHT_OVERREACTION_G1_V1
2021-10-11,0.00017807853310347374,0.016249032891080078,-0.016249032891080078,1,0,1.0,88fae8021f134c4169ad854abe5e64d5837adefe63ff8cf2e03cf3b6f384df97,JNU_OVERNIGHT_OVERREACTION_G1_V1
2021-10-12,-0.0038705185547152966,-0.0045936476537305005,-0.0045936476537305005,1,0,1.0,88fae8021f134c4169ad854abe5e64d5837adefe63ff8cf2e03cf3b6f384df97,JNU_OVERNIGHT_OVERREACTION_G1_V1
2021-10-13,-0.000711111141077245,0.0030187361999027933,0.0030187361999027933,1,1,1.0,88fae8021f134c4169ad854abe5e64d5837adefe63ff8cf2e03cf3b6f384df97,JNU_OVERNIGHT_OVERREACTION_G1_V1
2021-10-14,0.006551594926435279,0.003347725794174578,-0.003347725794174578,1,0,1.0,88fae8021f134c4169ad854abe5e64d5837adefe63ff8cf2e03cf3b6f384df97,JNU_OVERNIGHT_OVERREACTION_G1_V1
2021-10-15,0.009419221916491558,0.0010411245084105101,-0.0010411245084105101,1,0,1.0,88fae8021f134c4169ad854abe5e64d5837adefe63ff8cf2e03cf3b6f384df97,JNU_OVERNIGHT_OVERREACTION_G1_V1
2021-10-18,0.0012014075074181262,-0.006884708777497144,0.006884708777497144,1,1,1.0,88fae8021f134c4169ad854abe5e64d5837adefe63ff8cf2e03cf3b6f384df97,JNU_OVERNIGHT_OVERREACTION_G1_V1
2021-10-19,0.0034459027895256066,0.0032626456348163694,-0.0032626456348163694,1,0,1.0,88fae8021f134c4169ad854abe5e64d5837adefe63ff8cf2e03cf3b6f384df97,JNU_OVERNIGHT_OVERREACTION_G1_V1
2021-10-20,0.0047732787526575905,-0.00034019391380990917,0.00034019391380990917,1,1,1.0,88fae8021f134c4169ad854abe5e64d5837adefe63ff8cf2e03cf3b6f384df97,JNU_OVERNIGHT_OVERREACTION_G1_V1
2021-10-21,-0.002734576990351562,-0.0017129158007994064,-0.0017129158007994064,1,0,1.0,88fae8021f134c4169ad854abe5e64d5837adefe63ff8cf2e03cf3b6f384df97,JNU_OVERNIGHT_OVERREACTION_G1_V1
2021-10-22,-0.007514233696478299,0.015145210719792536,0.015145210719792536,1,1,1.0,88fae8021f134c4169ad854abe5e64d5837adefe63ff8cf2e03cf3b6f384df97,JNU_OVERNIGHT_OVERREACTION_G1_V1
2021-10-25,-0.013783695501223445,0.004907125164100696,0.004907125164100696,1,1,1.0,88fae8021f134c4169ad854abe5e64d5837adefe63ff8cf2e03cf3b6f384df97,JNU_OVERNIGHT_OVERREACTION_G1_V1
2021-10-26,0.009406096174066627,0.009318445340783636,-0.009318445340783636,1,0,1.0,88fae8021f134c4169ad854abe5e64d5837adefe63ff8cf2e03cf3b6f384df97,JNU_OVERNIGHT_OVERREACTION_G1_V1
2021-10-27,-0.004817628037779134,-0.002763386905309459,-0.002763386905309459,1,0,1.0,88fae8021f134c4169ad854abe5e64d5837adefe63ff8cf2e03cf3b6f384df97,JNU_OVERNIGHT_OVERREACTION_G1_V1
2021-10-28,-0.00986764693307636,0.0034734317658693574,0.0034734317658693574,1,1,1.0,88fae8021f134c4169ad854abe5e64d5837adefe63ff8cf2e03cf3b6f384df97,JNU_OVERNIGHT_OVERREACTION_G1_V1
2021-10-29,0.001216650884413489,-0.005573956253369207,0.005573956253369207,1,1,1.0,88fae8021f134c4169ad854abe5e64d5837adefe63ff8cf2e03cf3b6f384df97,JNU_OVERNIGHT_OVERREACTION_G1_V1
2021-11-01,0.021129361174518944,0.0037326137670066132,-0.0037326137670066132,1,0,1.0,88fae8021f134c4169ad854abe5e64d5837adefe63ff8cf2e03cf3b6f384df97,JNU_OVERNIGHT_OVERREACTION_G1_V1
2021-11-02,-0.004228336109521064,0.002031832734226852,0.002031832734226852,1,1,1.0,88fae8021f134c4169ad854abe5e64d5837adefe63ff8cf2e03cf3b6f384df97,JNU_OVERNIGHT_OVERREACTION_G1_V1
2021-11-04,0.011964082383572525,-0.002179928757960277,0.002179928757960277,1,1,1.0,88fae8021f134c4169ad854abe5e64d5837adefe63ff8cf2e03cf3b6f384df97,JNU_OVERNIGHT_OVERREACTION_G1_V1
2021-11-05,-0.0016778527426159757,-0.006063687098675431,-0.006063687098675431,1,0,1.0,88fae8021f134c4169ad854abe5e64d5837adefe63ff8cf2e03cf3b6f384df97,JNU_OVERNIGHT_OVERREACTION_G1_V1
2021-11-08,0.0072360433528529415,-0.007911833207935008,0.007911833207935008,1,1,1.0,88fae8021f134c4169ad854abe5e64d5837adefe63ff8cf2e03cf3b6f384df97,JNU_OVERNIGHT_OVERREACTION_G1_V1
2021-11-09,0.006583969086352184,-0.006245273062792608,0.006245273062792608,1,1,1.0,88fae8021f134c4169ad854abe5e64d5837adefe63ff8cf2e03cf3b6f384df97,JNU_OVERNIGHT_OVERREACTION_G1_V1
2021-11-10,-0.0020481317963549034,-0.0013677553850521488,-0.0013677553850521488,1,0,1.0,88fae8021f134c4169ad854abe5e64d5837adefe63ff8cf2e03cf3b6f384df97,JNU_OVERNIGHT_OVERREACTION_G1_V1
2021-11-11,-0.0017196908795265883,0.006519151583657531,0.006519151583657531,1,1,1.0,88fae8021f134c4169ad854abe5e64d5837adefe63ff8cf2e03cf3b6f384df97,JNU_OVERNIGHT_OVERREACTION_G1_V1
2021-11-12,0.005449604767564685,0.006095514978977331,-0.006095514978977331,1,0,1.0,88fae8021f134c4169ad854abe5e64d5837adefe63ff8cf2e03cf3b6f384df97,JNU_OVERNIGHT_OVERREACTION_G1_V1
2021-11-15,0.00605960447001372,-0.0013434091021268786,0.0013434091021268786,1,1,1.0,88fae8021f134c4169ad854abe5e64d5837adefe63ff8cf2e03cf3b6f384df97,JNU_OVERNIGHT_OVERREACTION_G1_V1
2021-11-16,-0.002186160796699534,0.0018501392881613734,0.0018501392881613734,1,1,1.0,88fae8021f134c4169ad854abe5e64d5837adefe63ff8cf2e03cf3b6f384df97,JNU_OVERNIGHT_OVERREACTION_G1_V1
2021-11-17,0.003352333008753671,-0.008064559836730408,0.008064559836730408,1,1,1.0,88fae8021f134c4169ad854abe5e64d5837adefe63ff8cf2e03cf3b6f384df97,JNU_OVERNIGHT_OVERREACTION_G1_V1
2021-11-18,-0.003713084434793845,-0.0011843331051872795,-0.0011843331051872795,1,0,1.0,88fae8021f134c4169ad854abe5e64d5837adefe63ff8cf2e03cf3b6f384df97,JNU_OVERNIGHT_OVERREACTION_G1_V1
2021-11-19,0.0005069708600345262,0.002362471567918207,-0.002362471567918207,1,0,1.0,88fae8021f134c4169ad854abe5e64d5837adefe63ff8cf2e03cf3b6f384df97,JNU_OVERNIGHT_OVERREACTION_G1_V1
2021-11-22,-0.004041770406164857,0.0011805381251326105,0.0011805381251326105,1,1,1.0,88fae8021f134c4169ad854abe5e64d5837adefe63ff8cf2e03cf3b6f384df97,JNU_OVERNIGHT_OVERREACTION_G1_V1
2021-11-24,-0.003700592953132533,-0.003883500026397633,-0.003883500026397633,1,0,1.0,88fae8021f134c4169ad854abe5e64d5837adefe63ff8cf2e03cf3b6f384df97,JNU_OVERNIGHT_OVERREACTION_G1_V1
2021-11-25,0.005102919731152583,0.0005088627028641828,-0.0005088627028641828,1,0,1.0,88fae8021f134c4169ad854abe5e64d5837adefe63ff8cf2e03cf3b6f384df97,JNU_OVERNIGHT_OVERREACTION_G1_V1
2021-11-26,-0.004409776481218604,-0.0209557651320728,-0.0209557651320728,1,0,1.0,88fae8021f134c4169ad854abe5e64d5837adefe63ff8cf2e03cf3b6f384df97,JNU_OVERNIGHT_OVERREACTION_G1_V1
2021-11-29,-0.01385136549074088,0.011585174335229473,0.011585174335229473,1,1,1.0,88fae8021f134c4169ad854abe5e64d5837adefe63ff8cf2e03cf3b6f384df97,JNU_OVERNIGHT_OVERREACTION_G1_V1
2021-11-30,0.011959340569425448,0.0005243380352587081,-0.0005243380352587081,1,0,1.0,88fae8021f134c4169ad854abe5e64d5837adefe63ff8cf2e03cf3b6f384df97,JNU_OVERNIGHT_OVERREACTION_G1_V1
2021-12-01,0.010119349091357428,0.0034102159945233828,-0.0034102159945233828,1,0,1.0,88fae8021f134c4169ad854abe5e64d5837adefe63ff8cf2e03cf3b6f384df97,JNU_OVERNIGHT_OVERREACTION_G1_V1
2021-12-02,-0.015816289443285007,0.008119124438504191,0.008119124438504191,1,1,1.0,88fae8021f134c4169ad854abe5e64d5837adefe63ff8cf2e03cf3b6f384df97,JNU_OVERNIGHT_OVERREACTION_G1_V1
2021-12-03,0.006118428300564111,-0.00810596170396059,0.00810596170396059,1,1,1.0,88fae8021f134c4169ad854abe5e64d5837adefe63ff8cf2e03cf3b6f384df97,JNU_OVERNIGHT_OVERREACTION_G1_V1
2021-12-06,-0.0037530202214324723,-0.005206007629066714,-0.005206007629066714,1,0,1.0,88fae8021f134c4169ad854abe5e64d5837adefe63ff8cf2e03cf3b6f384df97,JNU_OVERNIGHT_OVERREACTION_G1_V1
2021-12-07,0.008035040104767546,0.006911857379643144,-0.006911857379643144,1,0,1.0,88fae8021f134c4169ad854abe5e64d5837adefe63ff8cf2e03cf3b6f384df97,JNU_OVERNIGHT_OVERREACTION_G1_V1
2021-12-08,0.010471299867295437,-0.0027816429618768026,0.0027816429618768026,1,1,1.0,88fae8021f134c4169ad854abe5e64d5837adefe63ff8cf2e03cf3b6f384df97,JNU_OVERNIGHT_OVERREACTION_G1_V1
2021-12-09,-0.0008652765098139528,-0.0015593869572495611,-0.0015593869572495611,1,0,1.0,88fae8021f134c4169ad854abe5e64d5837adefe63ff8cf2e03cf3b6f384df97,JNU_OVERNIGHT_OVERREACTION_G1_V1
2021-12-10,-0.0076735639878380835,-0.0019276269878384421,-0.0019276269878384421,1,0,1.0,88fae8021f134c4169ad854abe5e64d5837adefe63ff8cf2e03cf3b6f384df97,JNU_OVERNIGHT_OVERREACTION_G1_V1
2021-12-13,0.0077220460939103185,0.0024445620694715734,-0.0024445620694715734,1,0,1.0,88fae8021f134c4169ad854abe5e64d5837adefe63ff8cf2e03cf3b6f384df97,JNU_OVERNIGHT_OVERREACTION_G1_V1
2021-12-14,-0.005076597336003732,-0.0010535558481106634,-0.0010535558481106634,1,0,1.0,88fae8021f134c4169ad854abe5e64d5837adefe63ff8cf2e03cf3b6f384df97,JNU_OVERNIGHT_OVERREACTION_G1_V1
2021-12-15,-0.0037099238735413594,0.005471728416640219,0.005471728416640219,1,1,1.0,88fae8021f134c4169ad854abe5e64d5837adefe63ff8cf2e03cf3b6f384df97,JNU_OVERNIGHT_OVERREACTION_G1_V1
2021-12-16,0.013439420361661146,0.0006932409289764863,-0.0006932409289764863,1,0,1.0,88fae8021f134c4169ad854abe5e64d5837adefe63ff8cf2e03cf3b6f384df97,JNU_OVERNIGHT_OVERREACTION_G1_V1
2021-12-17,-0.009002830889953177,-0.00034788659248055,-0.00034788659248055,1,0,1.0,88fae8021f134c4169ad854abe5e64d5837adefe63ff8cf2e03cf3b6f384df97,JNU_OVERNIGHT_OVERREACTION_G1_V1
2021-12-20,-0.008269599339479503,-0.0012375145219378025,-0.0012375145219378025,1,0,1.0,88fae8021f134c4169ad854abe5e64d5837adefe63ff8cf2e03cf3b6f384df97,JNU_OVERNIGHT_OVERREACTION_G1_V1
2021-12-21,0.013881696486155818,0.0028238635072842452,-0.0028238635072842452,1,0,1.0,88fae8021f134c4169ad854abe5e64d5837adefe63ff8cf2e03cf3b6f384df97,JNU_OVERNIGHT_OVERREACTION_G1_V1
2021-12-22,0.0035026305512020745,-0.0038535693159899662,0.0038535693159899662,1,1,1.0,88fae8021f134c4169ad854abe5e64d5837adefe63ff8cf2e03cf3b6f384df97,JNU_OVERNIGHT_OVERREACTION_G1_V1
2021-12-23,0.007870613432329688,-0.003490404939768491,0.003490404939768491,1,1,1.0,88fae8021f134c4169ad854abe5e64d5837adefe63ff8cf2e03cf3b6f384df97,JNU_OVERNIGHT_OVERREACTION_G1_V1
2021-12-24,0.003127717580177783,-0.0013888891121542938,0.0013888891121542938,1,1,1.0,88fae8021f134c4169ad854abe5e64d5837adefe63ff8cf2e03cf3b6f384df97,JNU_OVERNIGHT_OVERREACTION_G1_V1
2021-12-27,0.0,-0.002089864919459242,0.0,0,0,1.0,88fae8021f134c4169ad854abe5e64d5837adefe63ff8cf2e03cf3b6f384df97,JNU_OVERNIGHT_OVERREACTION_G1_V1
2021-12-28,0.010073027165261027,0.00017278617753562175,-0.00017278617753562175,1,0,1.0,88fae8021f134c4169ad854abe5e64d5837adefe63ff8cf2e03cf3b6f384df97,JNU_OVERNIGHT_OVERREACTION_G1_V1
2021-12-29,-0.0010360905779212089,-0.004328636314708154,-0.004328636314708154,1,0,1.0,88fae8021f134c4169ad854abe5e64d5837adefe63ff8cf2e03cf3b6f384df97,JNU_OVERNIGHT_OVERREACTION_G1_V1
2021-12-30,-0.001735207792663822,0.0027748890507592393,0.0027748890507592393,1,1,1.0,88fae8021f134c4169ad854abe5e64d5837adefe63ff8cf2e03cf3b6f384df97,JNU_OVERNIGHT_OVERREACTION_G1_V1
2022-01-04,0.00691087753984701,0.0056657375356773,-0.0056657375356773,1,0,1.0,cec6b4217abffaf0aaf1af9fe03b250f7865bc5751088936be3ba698d5f3d62b,JNU_OVERNIGHT_OVERREACTION_G1_V1
2022-01-05,-0.001538593345662375,0.002904247364668936,0.002904247364668936,1,1,1.0,cec6b4217abffaf0aaf1af9fe03b250f7865bc5751088936be3ba698d5f3d62b,JNU_OVERNIGHT_OVERREACTION_G1_V1
2022-01-06,-0.009602268566979799,-0.005355458943144908,-0.005355458943144908,1,0,1.0,cec6b4217abffaf0aaf1af9fe03b250f7865bc5751088936be3ba698d5f3d62b,JNU_OVERNIGHT_OVERREACTION_G1_V1
2022-01-07,0.007863736460214451,-0.007162228188724235,0.007162228188724235,1,1,1.0,cec6b4217abffaf0aaf1af9fe03b250f7865bc5751088936be3ba698d5f3d62b,JNU_OVERNIGHT_OVERREACTION_G1_V1
2022-01-11,-0.003880075414602999,-0.0037178054684659347,-0.0037178054684659347,1,0,1.0,cec6b4217abffaf0aaf1af9fe03b250f7865bc5751088936be3ba698d5f3d62b,JNU_OVERNIGHT_OVERREACTION_G1_V1
2022-01-12,0.010958045317368357,0.005609129517881361,-0.005609129517881361,1,0,1.0,cec6b4217abffaf0aaf1af9fe03b250f7865bc5751088936be3ba698d5f3d62b,JNU_OVERNIGHT_OVERREACTION_G1_V1
2022-01-13,-0.004011516672800492,-0.0033260424535166673,-0.0033260424535166673,1,0,1.0,cec6b4217abffaf0aaf1af9fe03b250f7865bc5751088936be3ba698d5f3d62b,JNU_OVERNIGHT_OVERREACTION_G1_V1
2022-01-14,-0.007741066101600385,-0.013334716212696121,-0.013334716212696121,1,0,1.0,cec6b4217abffaf0aaf1af9fe03b250f7865bc5751088936be3ba698d5f3d62b,JNU_OVERNIGHT_OVERREACTION_G1_V1
2022-01-17,0.008329689278263571,0.00017647577915739558,-0.00017647577915739558,1,0,1.0,cec6b4217abffaf0aaf1af9fe03b250f7865bc5751088936be3ba698d5f3d62b,JNU_OVERNIGHT_OVERREACTION_G1_V1
2022-01-18,0.0026443382530904236,0.004567020058248322,-0.004567020058248322,1,0,1.0,cec6b4217abffaf0aaf1af9fe03b250f7865bc5751088936be3ba698d5f3d62b,JNU_OVERNIGHT_OVERREACTION_G1_V1
2022-01-19,-0.015866274543890422,-0.0032397436544106344,-0.0032397436544106344,1,0,1.0,cec6b4217abffaf0aaf1af9fe03b250f7865bc5751088936be3ba698d5f3d62b,JNU_OVERNIGHT_OVERREACTION_G1_V1
2022-01-20,0.0005458018874691897,-0.0005458018874692703,0.0005458018874692703,1,1,1.0,cec6b4217abffaf0aaf1af9fe03b250f7865bc5751088936be3ba698d5f3d62b,JNU_OVERNIGHT_OVERREACTION_G1_V1
2022-01-21,-0.014524583590882028,-0.0025636344383063218,-0.0025636344383063218,1,0,1.0,cec6b4217abffaf0aaf1af9fe03b250f7865bc5751088936be3ba698d5f3d62b,JNU_OVERNIGHT_OVERREACTION_G1_V1
2022-01-24,-0.008395741961221826,0.0007328692156526977,0.0007328692156526977,1,1,1.0,cec6b4217abffaf0aaf1af9fe03b250f7865bc5751088936be3ba698d5f3d62b,JNU_OVERNIGHT_OVERREACTION_G1_V1
2022-01-25,-0.008383500896334179,-0.011041702170536558,-0.011041702170536558,1,0,1.0,cec6b4217abffaf0aaf1af9fe03b250f7865bc5751088936be3ba698d5f3d62b,JNU_OVERNIGHT_OVERREACTION_G1_V1
2022-01-26,0.0036859606789233345,-0.011843217627906123,0.011843217627906123,1,1,1.0,cec6b4217abffaf0aaf1af9fe03b250f7865bc5751088936be3ba698d5f3d62b,JNU_OVERNIGHT_OVERREACTION_G1_V1
2022-01-27,0.0014795637986694955,-0.022237672407888924,0.022237672407888924,1,1,1.0,cec6b4217abffaf0aaf1af9fe03b250f7865bc5751088936be3ba698d5f3d62b,JNU_OVERNIGHT_OVERREACTION_G1_V1
2022-01-28,0.012888730352632811,0.0022573373016498643,-0.0022573373016498643,1,0,1.0,cec6b4217abffaf0aaf1af9fe03b250f7865bc5751088936be3ba698d5f3d62b,JNU_OVERNIGHT_OVERREACTION_G1_V1
2022-01-31,-0.0026261504494672415,0.011206691809561424,0.011206691809561424,1,1,1.0,cec6b4217abffaf0aaf1af9fe03b250f7865bc5751088936be3ba698d5f3d62b,JNU_OVERNIGHT_OVERREACTION_G1_V1
2022-02-01,0.00901984946343187,-0.0003665689190607453,0.0003665689190607453,1,1,1.0,cec6b4217abffaf0aaf1af9fe03b250f7865bc5751088936be3ba698d5f3d62b,JNU_OVERNIGHT_OVERREACTION_G1_V1
2022-02-02,0.008830079448271995,0.007844608320808046,-0.007844608320808046,1,0,1.0,cec6b4217abffaf0aaf1af9fe03b250f7865bc5751088936be3ba698d5f3d62b,JNU_OVERNIGHT_OVERREACTION_G1_V1
2022-02-03,-0.009674256340357136,0.0010999084518604864,0.0010999084518604864,1,1,1.0,cec6b4217abffaf0aaf1af9fe03b250f7865bc5751088936be3ba698d5f3d62b,JNU_OVERNIGHT_OVERREACTION_G1_V1
2022-02-04,-0.004237684830849874,0.0016603638165493008,0.0016603638165493008,1,1,1.0,cec6b4217abffaf0aaf1af9fe03b250f7865bc5751088936be3ba698d5f3d62b,JNU_OVERNIGHT_OVERREACTION_G1_V1
2022-02-07,-0.004207451555852257,-0.002569751781245902,-0.002569751781245902,1,0,1.0,cec6b4217abffaf0aaf1af9fe03b250f7865bc5751088936be3ba698d5f3d62b,JNU_OVERNIGHT_OVERREACTION_G1_V1
2022-02-08,0.0003673094623482428,0.005310881450996738,-0.005310881450996738,1,0,1.0,cec6b4217abffaf0aaf1af9fe03b250f7865bc5751088936be3ba698d5f3d62b,JNU_OVERNIGHT_OVERREACTION_G1_V1
2022-02-09,0.005664702219489164,0.0014566644964641641,-0.0014566644964641641,1,0,1.0,cec6b4217abffaf0aaf1af9fe03b250f7865bc5751088936be3ba698d5f3d62b,JNU_OVERNIGHT_OVERREACTION_G1_V1
2022-02-10,0.007945148331435574,-0.005952935411365093,0.005952935411365093,1,1,1.0,cec6b4217abffaf0aaf1af9fe03b250f7865bc5751088936be3ba698d5f3d62b,JNU_OVERNIGHT_OVERREACTION_G1_V1
2022-02-14,-0.024128386749658573,-0.0018518523810736596,-0.0018518523810736596,1,0,1.0,cec6b4217abffaf0aaf1af9fe03b250f7865bc5751088936be3ba698d5f3d62b,JNU_OVERNIGHT_OVERREACTION_G1_V1
2022-02-15,0.0,-0.004444451760424018,0.0,0,0,1.0,cec6b4217abffaf0aaf1af9fe03b250f7865bc5751088936be3ba698d5f3d62b,JNU_OVERNIGHT_OVERREACTION_G1_V1
2022-02-16,0.020284671171505717,-0.0007304602223990312,0.0007304602223990312,1,1,1.0,cec6b4217abffaf0aaf1af9fe03b250f7865bc5751088936be3ba698d5f3d62b,JNU_OVERNIGHT_OVERREACTION_G1_V1
2022-02-17,0.00182182597301421,-0.004926567760219939,0.004926567760219939,1,1,1.0,cec6b4217abffaf0aaf1af9fe03b250f7865bc5751088936be3ba698d5f3d62b,JNU_OVERNIGHT_OVERREACTION_G1_V1
2022-02-18,-0.011092737149718122,0.005931435369492736,0.005931435369492736,1,1,1.0,cec6b4217abffaf0aaf1af9fe03b250f7865bc5751088936be3ba698d5f3d62b,JNU_OVERNIGHT_OVERREACTION_G1_V1
2022-02-21,-0.01468018559043201,0.00913078178176264,0.00913078178176264,1,1,1.0,cec6b4217abffaf0aaf1af9fe03b250f7865bc5751088936be3ba698d5f3d62b,JNU_OVERNIGHT_OVERREACTION_G1_V1
2022-02-22,-0.020828222677256897,0.0009475979103843344,0.0009475979103843344,1,1,1.0,cec6b4217abffaf0aaf1af9fe03b250f7865bc5751088936be3ba698d5f3d62b,JNU_OVERNIGHT_OVERREACTION_G1_V1
2022-02-24,-0.0036056590918607393,-0.005528562361144483,-0.005528562361144483,1,0,1.0,cec6b4217abffaf0aaf1af9fe03b250f7865bc5751088936be3ba698d5f3d62b,JNU_OVERNIGHT_OVERREACTION_G1_V1
2022-02-25,0.005949542547229986,0.008004616782613818,-0.008004616782613818,1,0,1.0,cec6b4217abffaf0aaf1af9fe03b250f7865bc5751088936be3ba698d5f3d62b,JNU_OVERNIGHT_OVERREACTION_G1_V1
2022-02-28,0.0003777148297975776,0.0003775722151708866,-0.0003775722151708866,1,0,1.0,cec6b4217abffaf0aaf1af9fe03b250f7865bc5751088936be3ba698d5f3d62b,JNU_OVERNIGHT_OVERREACTION_G1_V1
2022-03-01,0.006947732388586771,0.010609685376409465,-0.010609685376409465,1,0,1.0,cec6b4217abffaf0aaf1af9fe03b250f7865bc5751088936be3ba698d5f3d62b,JNU_OVERNIGHT_OVERREACTION_G1_V1
2022-03-02,-0.017623253253969382,-0.0009461633783727242,-0.0009461633783727242,1,0,1.0,cec6b4217abffaf0aaf1af9fe03b250f7865bc5751088936be3ba698d5f3d62b,JNU_OVERNIGHT_OVERREACTION_G1_V1
2022-03-03,0.01037647268975526,-0.002066698715886627,0.002066698715886627,1,1,1.0,cec6b4217abffaf0aaf1af9fe03b250f7865bc5751088936be3ba698d5f3d62b,JNU_OVERNIGHT_OVERREACTION_G1_V1
2022-03-04,-0.008300368349141104,-0.019317804512133243,-0.019317804512133243,1,0,1.0,cec6b4217abffaf0aaf1af9fe03b250f7865bc5751088936be3ba698d5f3d62b,JNU_OVERNIGHT_OVERREACTION_G1_V1
2022-03-07,-0.02053142040873873,-0.021361571760185733,-0.021361571760185733,1,0,1.0,cec6b4217abffaf0aaf1af9fe03b250f7865bc5751088936be3ba698d5f3d62b,JNU_OVERNIGHT_OVERREACTION_G1_V1
2022-03-08,-0.01577351261872851,0.014385862480310211,0.014385862480310211,1,1,1.0,cec6b4217abffaf0aaf1af9fe03b250f7865bc5751088936be3ba698d5f3d62b,JNU_OVERNIGHT_OVERREACTION_G1_V1
2022-03-09,0.0030220633456396243,0.00821400992128636,-0.00821400992128636,1,0,1.0,cec6b4217abffaf0aaf1af9fe03b250f7865bc5751088936be3ba698d5f3d62b,JNU_OVERNIGHT_OVERREACTION_G1_V1
2022-03-10,0.028502178507471252,0.005096051796894288,-0.005096051796894288,1,0,1.0,cec6b4217abffaf0aaf1af9fe03b250f7865bc5751088936be3ba698d5f3d62b,JNU_OVERNIGHT_OVERREACTION_G1_V1
2022-03-11,-0.02123138527914461,-0.011188927917805852,-0.011188927917805852,1,0,1.0,cec6b4217abffaf0aaf1af9fe03b250f7865bc5751088936be3ba698d5f3d62b,JNU_OVERNIGHT_OVERREACTION_G1_V1
2022-03-14,-0.0003988831325324749,0.005173111417094764,0.005173111417094764,1,1,1.0,cec6b4217abffaf0aaf1af9fe03b250f7865bc5751088936be3ba698d5f3d62b,JNU_OVERNIGHT_OVERREACTION_G1_V1
2022-03-15,0.0007984032360245593,0.0017940800187465935,-0.0017940800187465935,1,0,1.0,cec6b4217abffaf0aaf1af9fe03b250f7865bc5751088936be3ba698d5f3d62b,JNU_OVERNIGHT_OVERREACTION_G1_V1
2022-03-16,0.013061733296290142,-0.00019663749940464358,0.00019663749940464358,1,1,1.0,cec6b4217abffaf0aaf1af9fe03b250f7865bc5751088936be3ba698d5f3d62b,JNU_OVERNIGHT_OVERREACTION_G1_V1
2022-03-17,0.021289753201703454,0.0066800515603737875,-0.0066800515603737875,1,0,1.0,cec6b4217abffaf0aaf1af9fe03b250f7865bc5751088936be3ba698d5f3d62b,JNU_OVERNIGHT_OVERREACTION_G1_V1
2022-03-18,-0.002652521449131117,0.004165095002780572,0.004165095002780572,1,1,1.0,cec6b4217abffaf0aaf1af9fe03b250f7865bc5751088936be3ba698d5f3d62b,JNU_OVERNIGHT_OVERREACTION_G1_V1
2022-03-22,0.012672551253766366,0.000555401291700105,-0.000555401291700105,1,0,1.0,cec6b4217abffaf0aaf1af9fe03b250f7865bc5751088936be3ba698d5f3d62b,JNU_OVERNIGHT_OVERREACTION_G1_V1
2022-03-23,0.014320053774748471,0.009434032233358714,-0.009434032233358714,1,0,1.0,cec6b4217abffaf0aaf1af9fe03b250f7865bc5751088936be3ba698d5f3d62b,JNU_OVERNIGHT_OVERREACTION_G1_V1
2022-03-24,-0.0139457118405796,0.004730722068668174,0.004730722068668174,1,1,1.0,cec6b4217abffaf0aaf1af9fe03b250f7865bc5751088936be3ba698d5f3d62b,JNU_OVERNIGHT_OVERREACTION_G1_V1
2022-03-25,0.0067990957930962985,-0.006081220672532484,0.006081220672532484,1,1,1.0,cec6b4217abffaf0aaf1af9fe03b250f7865bc5751088936be3ba698d5f3d62b,JNU_OVERNIGHT_OVERREACTION_G1_V1
2022-03-28,-0.0005374899350038387,-0.008097210232619362,-0.008097210232619362,1,0,1.0,cec6b4217abffaf0aaf1af9fe03b250f7865bc5751088936be3ba698d5f3d62b,JNU_OVERNIGHT_OVERREACTION_G1_V1
2022-03-29,0.012027790633930363,-0.002143623543251453,0.002143623543251453,1,1,1.0,cec6b4217abffaf0aaf1af9fe03b250f7865bc5751088936be3ba698d5f3d62b,JNU_OVERNIGHT_OVERREACTION_G1_V1
2022-03-30,0.011739729280522733,-0.007811152799248867,0.007811152799248867,1,1,1.0,cec6b4217abffaf0aaf1af9fe03b250f7865bc5751088936be3ba698d5f3d62b,JNU_OVERNIGHT_OVERREACTION_G1_V1
2022-03-31,-0.007539077173165975,0.010574522767856614,0.010574522767856614,1,1,1.0,cec6b4217abffaf0aaf1af9fe03b250f7865bc5751088936be3ba698d5f3d62b,JNU_OVERNIGHT_OVERREACTION_G1_V1
2022-04-01,-0.005772021797122289,-0.0021731265343133497,-0.0021731265343133497,1,0,1.0,cec6b4217abffaf0aaf1af9fe03b250f7865bc5751088936be3ba698d5f3d62b,JNU_OVERNIGHT_OVERREACTION_G1_V1
2022-04-04,-0.000723981932075371,0.0019896904456837747,0.0019896904456837747,1,1,1.0,cec6b4217abffaf0aaf1af9fe03b250f7865bc5751088936be3ba698d5f3d62b,JNU_OVERNIGHT_OVERREACTION_G1_V1
2022-04-05,0.006106340813139902,-0.007909442635951391,0.007909442635951391,1,1,1.0,cec6b4217abffaf0aaf1af9fe03b250f7865bc5751088936be3ba698d5f3d62b,JNU_OVERNIGHT_OVERREACTION_G1_V1
2022-04-06,-0.009033485097667944,-0.008566533751242538,-0.008566533751242538,1,0,1.0,cec6b4217abffaf0aaf1af9fe03b250f7865bc5751088936be3ba698d5f3d62b,JNU_OVERNIGHT_OVERREACTION_G1_V1
2022-04-07,-0.01304805794732844,-0.00575087384052936,-0.00575087384052936,1,0,1.0,cec6b4217abffaf0aaf1af9fe03b250f7865bc5751088936be3ba698d5f3d62b,JNU_OVERNIGHT_OVERREACTION_G1_V1
2022-04-08,0.0064821043710476586,-0.009273063481070036,0.009273063481070036,1,1,1.0,cec6b4217abffaf0aaf1af9fe03b250f7865bc5751088936be3ba698d5f3d62b,JNU_OVERNIGHT_OVERREACTION_G1_V1
2022-04-11,-0.003524069306039999,-0.0013014782909876203,-0.0013014782909876203,1,0,1.0,cec6b4217abffaf0aaf1af9fe03b250f7865bc5751088936be3ba698d5f3d62b,JNU_OVERNIGHT_OVERREACTION_G1_V1
2022-04-12,-0.005991405303334501,-0.006027518719638359,-0.006027518719638359,1,0,1.0,cec6b4217abffaf0aaf1af9fe03b250f7865bc5751088936be3ba698d5f3d62b,JNU_OVERNIGHT_OVERREACTION_G1_V1
2022-04-13,0.0022792032658626345,0.013005555099033722,-0.013005555099033722,1,0,1.0,cec6b4217abffaf0aaf1af9fe03b250f7865bc5751088936be3ba698d5f3d62b,JNU_OVERNIGHT_OVERREACTION_G1_V1
2022-04-14,0.00167551002615659,0.00870456463807519,-0.00870456463807519,1,0,1.0,cec6b4217abffaf0aaf1af9fe03b250f7865bc5751088936be3ba698d5f3d62b,JNU_OVERNIGHT_OVERREACTION_G1_V1
2022-04-15,-0.011098893068048803,0.007782140442054949,0.007782140442054949,1,1,1.0,cec6b4217abffaf0aaf1af9fe03b250f7865bc5751088936be3ba698d5f3d62b,JNU_OVERNIGHT_OVERREACTION_G1_V1
2022-04-18,-0.00946291503352182,-0.008424649659251578,-0.008424649659251578,1,0,1.0,cec6b4217abffaf0aaf1af9fe03b250f7865bc5751088936be3ba698d5f3d62b,JNU_OVERNIGHT_OVERREACTION_G1_V1
2022-04-19,0.008374479016341776,-0.004271526598824978,0.004271526598824978,1,1,1.0,cec6b4217abffaf0aaf1af9fe03b250f7865bc5751088936be3ba698d5f3d62b,JNU_OVERNIGHT_OVERREACTION_G1_V1
2022-04-20,0.008659657984191337,-0.005887781498166703,0.005887781498166703,1,1,1.0,cec6b4217abffaf0aaf1af9fe03b250f7865bc5751088936be3ba698d5f3d62b,JNU_OVERNIGHT_OVERREACTION_G1_V1
2022-04-21,0.003854276589341475,0.007300634726057189,-0.007300634726057189,1,0,1.0,cec6b4217abffaf0aaf1af9fe03b250f7865bc5751088936be3ba698d5f3d62b,JNU_OVERNIGHT_OVERREACTION_G1_V1
2022-04-22,-0.016468807713268252,-0.005921556903437321,-0.005921556903437321,1,0,1.0,cec6b4217abffaf0aaf1af9fe03b250f7865bc5751088936be3ba698d5f3d62b,JNU_OVERNIGHT_OVERREACTION_G1_V1
2022-04-25,-0.01881750914070192,-0.00018809367120251297,-0.00018809367120251297,1,0,1.0,cec6b4217abffaf0aaf1af9fe03b250f7865bc5751088936be3ba698d5f3d62b,JNU_OVERNIGHT_OVERREACTION_G1_V1
2022-04-26,0.009737904665810582,-0.003173124454319382,0.003173124454319382,1,1,1.0,cec6b4217abffaf0aaf1af9fe03b250f7865bc5751088936be3ba698d5f3d62b,JNU_OVERNIGHT_OVERREACTION_G1_V1
2022-04-27,-0.021987239045285892,0.006875504548811409,0.006875504548811409,1,1,1.0,cec6b4217abffaf0aaf1af9fe03b250f7865bc5751088936be3ba698d5f3d62b,JNU_OVERNIGHT_OVERREACTION_G1_V1
2022-04-28,0.0024632887870091476,0.0032120953455901874,-0.0032120953455901874,1,0,1.0,cec6b4217abffaf0aaf1af9fe03b250f7865bc5751088936be3ba698d5f3d62b,JNU_OVERNIGHT_OVERREACTION_G1_V1
2022-05-02,-0.008975378128125924,0.0024387968189424907,0.0024387968189424907,1,1,1.0,cec6b4217abffaf0aaf1af9fe03b250f7865bc5751088936be3ba698d5f3d62b,JNU_OVERNIGHT_OVERREACTION_G1_V1
2022-05-06,-0.005604348687048306,0.0022455099255828236,0.0022455099255828236,1,1,1.0,cec6b4217abffaf0aaf1af9fe03b250f7865bc5751088936be3ba698d5f3d62b,JNU_OVERNIGHT_OVERREACTION_G1_V1
2022-05-09,-0.013198444218609384,-0.009778189981635358,-0.009778189981635358,1,0,1.0,cec6b4217abffaf0aaf1af9fe03b250f7865bc5751088936be3ba698d5f3d62b,JNU_OVERNIGHT_OVERREACTION_G1_V1
2022-05-10,-0.010864492647593527,-0.00924149819419893,-0.00924149819419893,1,0,1.0,cec6b4217abffaf0aaf1af9fe03b250f7865bc5751088936be3ba698d5f3d62b,JNU_OVERNIGHT_OVERREACTION_G1_V1
2022-05-11,-0.006130287397394663,0.006321254647091682,0.006321254647091682,1,1,1.0,cec6b4217abffaf0aaf1af9fe03b250f7865bc5751088936be3ba698d5f3d62b,JNU_OVERNIGHT_OVERREACTION_G1_V1
2022-05-12,-0.012851428433183019,0.002121300573700243,0.002121300573700243,1,1,1.0,cec6b4217abffaf0aaf1af9fe03b250f7865bc5751088936be3ba698d5f3d62b,JNU_OVERNIGHT_OVERREACTION_G1_V1
2022-05-13,0.0036775421297774373,0.017808034028549198,-0.017808034028549198,1,0,1.0,cec6b4217abffaf0aaf1af9fe03b250f7865bc5751088936be3ba698d5f3d62b,JNU_OVERNIGHT_OVERREACTION_G1_V1
2022-05-16,0.014107259256681617,-0.002618292126057339,0.002618292126057339,1,1,1.0,cec6b4217abffaf0aaf1af9fe03b250f7865bc5751088936be3ba698d5f3d62b,JNU_OVERNIGHT_OVERREACTION_G1_V1
2022-05-17,-0.0022641519106383844,0.007152298511552815,0.007152298511552815,1,1,1.0,cec6b4217abffaf0aaf1af9fe03b250f7865bc5751088936be3ba698d5f3d62b,JNU_OVERNIGHT_OVERREACTION_G1_V1
2022-05-18,0.008784282258437442,-0.004475949285384284,0.004475949285384284,1,1,1.0,cec6b4217abffaf0aaf1af9fe03b250f7865bc5751088936be3ba698d5f3d62b,JNU_OVERNIGHT_OVERREACTION_G1_V1
2022-05-19,-0.025050749630452725,0.0005720278542862049,0.0005720278542862049,1,1,1.0,cec6b4217abffaf0aaf1af9fe03b250f7865bc5751088936be3ba698d5f3d62b,JNU_OVERNIGHT_OVERREACTION_G1_V1
2022-05-20,0.0024595604112300886,0.008280062360613303,-0.008280062360613303,1,0,1.0,cec6b4217abffaf0aaf1af9fe03b250f7865bc5751088936be3ba698d5f3d62b,JNU_OVERNIGHT_OVERREACTION_G1_V1
2022-05-23,0.006893366840294176,0.0007423905314986735,-0.0007423905314986735,1,0,1.0,cec6b4217abffaf0aaf1af9fe03b250f7865bc5751088936be3ba698d5f3d62b,JNU_OVERNIGHT_OVERREACTION_G1_V1
2022-05-24,-0.0009254975209429212,-0.0022246950221111624,-0.0022246950221111624,1,0,1.0,cec6b4217abffaf0aaf1af9fe03b250f7865bc5751088936be3ba698d5f3d62b,JNU_OVERNIGHT_OVERREACTION_G1_V1
2022-05-25,0.0005602764176818537,-0.0035537304771183146,0.0035537304771183146,1,1,1.0,cec6b4217abffaf0aaf1af9fe03b250f7865bc5751088936be3ba698d5f3d62b,JNU_OVERNIGHT_OVERREACTION_G1_V1
2022-05-26,0.004303496210460829,-0.0031790583108769165,0.0031790583108769165,1,1,1.0,cec6b4217abffaf0aaf1af9fe03b250f7865bc5751088936be3ba698d5f3d62b,JNU_OVERNIGHT_OVERREACTION_G1_V1
2022-05-27,0.01362596910330603,-0.005950184903770634,0.005950184903770634,1,1,1.0,cec6b4217abffaf0aaf1af9fe03b250f7865bc5751088936be3ba698d5f3d62b,JNU_OVERNIGHT_OVERREACTION_G1_V1
2022-05-30,0.015555869238637566,0.0033021493957590318,-0.0033021493957590318,1,0,1.0,cec6b4217abffaf0aaf1af9fe03b250f7865bc5751088936be3ba698d5f3d62b,JNU_OVERNIGHT_OVERREACTION_G1_V1
2022-05-31,-0.0029261176693887907,0.0020126253248751898,0.0020126253248751898,1,1,1.0,cec6b4217abffaf0aaf1af9fe03b250f7865bc5751088936be3ba698d5f3d62b,JNU_OVERNIGHT_OVERREACTION_G1_V1
2022-06-01,-0.0005498030011126224,0.0060312711385498855,0.0060312711385498855,1,1,1.0,cec6b4217abffaf0aaf1af9fe03b250f7865bc5751088936be3ba698d5f3d62b,JNU_OVERNIGHT_OVERREACTION_G1_V1
2022-06-02,-0.004192114040489414,0.0007303268537140945,0.0007303268537140945,1,1,1.0,cec6b4217abffaf0aaf1af9fe03b250f7865bc5751088936be3ba698d5f3d62b,JNU_OVERNIGHT_OVERREACTION_G1_V1
2022-06-03,0.009784459287861785,-0.0007215007527996543,0.0007215007527996543,1,1,1.0,cec6b4217abffaf0aaf1af9fe03b250f7865bc5751088936be3ba698d5f3d62b,JNU_OVERNIGHT_OVERREACTION_G1_V1
2022-06-06,-0.007401423805126776,0.005601243300978874,0.005601243300978874,1,1,1.0,cec6b4217abffaf0aaf1af9fe03b250f7865bc5751088936be3ba698d5f3d62b,JNU_OVERNIGHT_OVERREACTION_G1_V1
2022-06-07,0.00178858928024962,0.0017853959393619018,-0.0017853959393619018,1,0,1.0,cec6b4217abffaf0aaf1af9fe03b250f7865bc5751088936be3ba698d5f3d62b,JNU_OVERNIGHT_OVERREACTION_G1_V1
2022-06-08,0.004634589400842103,0.003727704680502919,-0.003727704680502919,1,0,1.0,cec6b4217abffaf0aaf1af9fe03b250f7865bc5751088936be3ba698d5f3d62b,JNU_OVERNIGHT_OVERREACTION_G1_V1
2022-06-09,0.0010632643213300838,0.00035417035964327735,-0.00035417035964327735,1,0,1.0,cec6b4217abffaf0aaf1af9fe03b250f7865bc5751088936be3ba698d5f3d62b,JNU_OVERNIGHT_OVERREACTION_G1_V1
2022-06-10,-0.010837807067124988,-0.005553081891891092,-0.005553081891891092,1,0,1.0,cec6b4217abffaf0aaf1af9fe03b250f7865bc5751088936be3ba698d5f3d62b,JNU_OVERNIGHT_OVERREACTION_G1_V1
2022-06-13,-0.02235440655740819,-0.008119623867282492,-0.008119623867282492,1,0,1.0,cec6b4217abffaf0aaf1af9fe03b250f7865bc5751088936be3ba698d5f3d62b,JNU_OVERNIGHT_OVERREACTION_G1_V1
2022-06-14,-0.018586848797317642,-0.0017069705424961501,-0.0017069705424961501,1,0,1.0,cec6b4217abffaf0aaf1af9fe03b250f7865bc5751088936be3ba698d5f3d62b,JNU_OVERNIGHT_OVERREACTION_G1_V1
2022-06-15,-0.006400624261275449,-0.0013228765039846131,-0.0013228765039846131,1,0,1.0,cec6b4217abffaf0aaf1af9fe03b250f7865bc5751088936be3ba698d5f3d62b,JNU_OVERNIGHT_OVERREACTION_G1_V1
2022-06-16,0.01735237805738733,0.0005608000894707812,-0.0005608000894707812,1,0,1.0,cec6b4217abffaf0aaf1af9fe03b250f7865bc5751088936be3ba698d5f3d62b,JNU_OVERNIGHT_OVERREACTION_G1_V1
2022-06-17,-0.025497403506533945,0.0009704027932785145,0.0009704027932785145,1,1,1.0,cec6b4217abffaf0aaf1af9fe03b250f7865bc5751088936be3ba698d5f3d62b,JNU_OVERNIGHT_OVERREACTION_G1_V1
2022-06-20,0.010220897000085735,-0.018590775546002383,0.018590775546002383,1,1,1.0,cec6b4217abffaf0aaf1af9fe03b250f7865bc5751088936be3ba698d5f3d62b,JNU_OVERNIGHT_OVERREACTION_G1_V1
2022-06-21,0.012156444927861762,0.0,-0.0,0,0,1.0,cec6b4217abffaf0aaf1af9fe03b250f7865bc5751088936be3ba698d5f3d62b,JNU_OVERNIGHT_OVERREACTION_G1_V1
2022-06-22,0.004371383944800346,-0.010102058653785412,0.010102058653785412,1,1,1.0,cec6b4217abffaf0aaf1af9fe03b250f7865bc5751088936be3ba698d5f3d62b,JNU_OVERNIGHT_OVERREACTION_G1_V1
2022-06-23,-0.002682507835822082,0.005166981163483934,0.005166981163483934,1,1,1.0,cec6b4217abffaf0aaf1af9fe03b250f7865bc5751088936be3ba698d5f3d62b,JNU_OVERNIGHT_OVERREACTION_G1_V1
2022-06-24,0.0038240964384034758,0.004759647252988134,-0.004759647252988134,1,0,1.0,cec6b4217abffaf0aaf1af9fe03b250f7865bc5751088936be3ba698d5f3d62b,JNU_OVERNIGHT_OVERREACTION_G1_V1
2022-06-27,0.011845583654601964,-0.0020581913898660314,0.0020581913898660314,1,1,1.0,cec6b4217abffaf0aaf1af9fe03b250f7865bc5751088936be3ba698d5f3d62b,JNU_OVERNIGHT_OVERREACTION_G1_V1
2022-06-28,-0.004862549322888046,0.008772804747460061,0.008772804747460061,1,1,1.0,cec6b4217abffaf0aaf1af9fe03b250f7865bc5751088936be3ba698d5f3d62b,JNU_OVERNIGHT_OVERREACTION_G1_V1
2022-06-29,-0.009658321735973146,-0.001681143573303965,-0.001681143573303965,1,0,1.0,cec6b4217abffaf0aaf1af9fe03b250f7865bc5751088936be3ba698d5f3d62b,JNU_OVERNIGHT_OVERREACTION_G1_V1
2022-06-30,-0.00018735363052455945,-0.004695285177675084,-0.004695285177675084,1,0,1.0,cec6b4217abffaf0aaf1af9fe03b250f7865bc5751088936be3ba698d5f3d62b,JNU_OVERNIGHT_OVERREACTION_G1_V1
2022-07-01,-0.00019016829951766466,-0.006104559209268771,-0.006104559209268771,1,0,1.0,cec6b4217abffaf0aaf1af9fe03b250f7865bc5751088936be3ba698d5f3d62b,JNU_OVERNIGHT_OVERREACTION_G1_V1
2022-07-04,0.012105057026275397,-0.004018759594917744,0.004018759594917744,1,1,1.0,cec6b4217abffaf0aaf1af9fe03b250f7865bc5751088936be3ba698d5f3d62b,JNU_OVERNIGHT_OVERREACTION_G1_V1
2022-07-05,0.009132483563272472,0.0011357184639274286,-0.0011357184639274286,1,0,1.0,cec6b4217abffaf0aaf1af9fe03b250f7865bc5751088936be3ba698d5f3d62b,JNU_OVERNIGHT_OVERREACTION_G1_V1
2022-07-06,-0.008577199253018792,-0.003259517793367915,-0.003259517793367915,1,0,1.0,cec6b4217abffaf0aaf1af9fe03b250f7865bc5751088936be3ba698d5f3d62b,JNU_OVERNIGHT_OVERREACTION_G1_V1
2022-07-07,0.009377161812597005,-0.004964684629402418,0.004964684629402418,1,1,1.0,cec6b4217abffaf0aaf1af9fe03b250f7865bc5751088936be3ba698d5f3d62b,JNU_OVERNIGHT_OVERREACTION_G1_V1
2022-07-08,0.00225903710528016,0.008985459182604225,-0.008985459182604225,1,0,1.0,cec6b4217abffaf0aaf1af9fe03b250f7865bc5751088936be3ba698d5f3d62b,JNU_OVERNIGHT_OVERREACTION_G1_V1
2022-07-11,0.009531891625359553,0.0009296272864341836,-0.0009296272864341836,1,0,1.0,cec6b4217abffaf0aaf1af9fe03b250f7865bc5751088936be3ba698d5f3d62b,JNU_OVERNIGHT_OVERREACTION_G1_V1
2022-07-12,-0.004309140157372511,-0.011139546890488235,-0.011139546890488235,1,0,1.0,cec6b4217abffaf0aaf1af9fe03b250f7865bc5751088936be3ba698d5f3d62b,JNU_OVERNIGHT_OVERREACTION_G1_V1
2022-07-13,0.006070972924398616,-0.0017037391721808131,0.0017037391721808131,1,1,1.0,cec6b4217abffaf0aaf1af9fe03b250f7865bc5751088936be3ba698d5f3d62b,JNU_OVERNIGHT_OVERREACTION_G1_V1
2022-07-14,-0.0035974667217886025,0.011316605116256238,0.011316605116256238,1,1,1.0,cec6b4217abffaf0aaf1af9fe03b250f7865bc5751088936be3ba698d5f3d62b,JNU_OVERNIGHT_OVERREACTION_G1_V1
2022-07-15,0.002431953307878256,-0.0029940142126047777,0.0029940142126047777,1,1,1.0,cec6b4217abffaf0aaf1af9fe03b250f7865bc5751088936be3ba698d5f3d62b,JNU_OVERNIGHT_OVERREACTION_G1_V1
2022-07-19,0.004844429075532207,0.003525377062456831,-0.003525377062456831,1,0,1.0,cec6b4217abffaf0aaf1af9fe03b250f7865bc5751088936be3ba698d5f3d62b,JNU_OVERNIGHT_OVERREACTION_G1_V1
2022-07-20,0.015452846123348211,0.006187462870470927,-0.006187462870470927,1,0,1.0,cec6b4217abffaf0aaf1af9fe03b250f7865bc5751088936be3ba698d5f3d62b,JNU_OVERNIGHT_OVERREACTION_G1_V1
2022-07-21,-0.004526942995777069,0.0014508526302713187,0.0014508526302713187,1,1,1.0,cec6b4217abffaf0aaf1af9fe03b250f7865bc5751088936be3ba698d5f3d62b,JNU_OVERNIGHT_OVERREACTION_G1_V1
2022-07-22,-0.00035997120619091195,0.004131866113703837,0.004131866113703837,1,1,1.0,cec6b4217abffaf0aaf1af9fe03b250f7865bc5751088936be3ba698d5f3d62b,JNU_OVERNIGHT_OVERREACTION_G1_V1
2022-07-25,-0.009359319579887013,0.0003615982682684424,0.0003615982682684424,1,1,1.0,cec6b4217abffaf0aaf1af9fe03b250f7865bc5751088936be3ba698d5f3d62b,JNU_OVERNIGHT_OVERREACTION_G1_V1
2022-07-26,-0.0023506022937844224,0.0007238509183230779,0.0007238509183230779,1,1,1.0,cec6b4217abffaf0aaf1af9fe03b250f7865bc5751088936be3ba698d5f3d62b,JNU_OVERNIGHT_OVERREACTION_G1_V1
2022-07-27,-0.0041678052538989966,0.0018142240099493928,0.0018142240099493928,1,1,1.0,cec6b4217abffaf0aaf1af9fe03b250f7865bc5751088936be3ba698d5f3d62b,JNU_OVERNIGHT_OVERREACTION_G1_V1
2022-07-28,0.008617647586181618,-0.010783713415033837,0.010783713415033837,1,1,1.0,cec6b4217abffaf0aaf1af9fe03b250f7865bc5751088936be3ba698d5f3d62b,JNU_OVERNIGHT_OVERREACTION_G1_V1
2022-07-29,0.005557063686611781,-0.00250581838654838,0.00250581838654838,1,1,1.0,cec6b4217abffaf0aaf1af9fe03b250f7865bc5751088936be3ba698d5f3d62b,JNU_OVERNIGHT_OVERREACTION_G1_V1
2022-08-01,0.005386976575463497,-0.001971856872672027,0.001971856872672027,1,1,1.0,cec6b4217abffaf0aaf1af9fe03b250f7865bc5751088936be3ba698d5f3d62b,JNU_OVERNIGHT_OVERREACTION_G1_V1
2022-08-02,-0.004300311231919387,-0.010106564999985055,-0.010106564999985055,1,0,1.0,cec6b4217abffaf0aaf1af9fe03b250f7865bc5751088936be3ba698d5f3d62b,JNU_OVERNIGHT_OVERREACTION_G1_V1
2022-08-03,0.003973275951360364,0.0,-0.0,0,0,1.0,cec6b4217abffaf0aaf1af9fe03b250f7865bc5751088936be3ba698d5f3d62b,JNU_OVERNIGHT_OVERREACTION_G1_V1
2022-08-04,0.008437353706670465,-0.003043597372351351,0.003043597372351351,1,1,1.0,cec6b4217abffaf0aaf1af9fe03b250f7865bc5751088936be3ba698d5f3d62b,JNU_OVERNIGHT_OVERREACTION_G1_V1
2022-08-05,-0.0012536940837921905,0.007142887512380204,0.007142887512380204,1,1,1.0,cec6b4217abffaf0aaf1af9fe03b250f7865bc5751088936be3ba698d5f3d62b,JNU_OVERNIGHT_OVERREACTION_G1_V1
2022-08-08,-0.0037363267378765067,0.0049786731573157605,0.0049786731573157605,1,1,1.0,cec6b4217abffaf0aaf1af9fe03b250f7865bc5751088936be3ba698d5f3d62b,JNU_OVERNIGHT_OVERREACTION_G1_V1
2022-08-09,-0.002659811834958312,-0.006055227762479452,-0.006055227762479452,1,0,1.0,cec6b4217abffaf0aaf1af9fe03b250f7865bc5751088936be3ba698d5f3d62b,JNU_OVERNIGHT_OVERREACTION_G1_V1
2022-08-10,-0.005199473838352975,0.0,0.0,0,0,1.0,cec6b4217abffaf0aaf1af9fe03b250f7865bc5751088936be3ba698d5f3d62b,JNU_OVERNIGHT_OVERREACTION_G1_V1
2022-08-12,0.01180482318805186,0.009908078224696297,-0.009908078224696297,1,0,1.0,cec6b4217abffaf0aaf1af9fe03b250f7865bc5751088936be3ba698d5f3d62b,JNU_OVERNIGHT_OVERREACTION_G1_V1
2022-08-15,0.006291527219480251,0.0046928043018004935,-0.0046928043018004935,1,0,1.0,cec6b4217abffaf0aaf1af9fe03b250f7865bc5751088936be3ba698d5f3d62b,JNU_OVERNIGHT_OVERREACTION_G1_V1
2022-08-16,-0.0012132768625860494,-0.0006939625538736565,-0.0006939625538736565,1,0,1.0,cec6b4217abffaf0aaf1af9fe03b250f7865bc5751088936be3ba698d5f3d62b,JNU_OVERNIGHT_OVERREACTION_G1_V1
2022-08-17,0.00259538168007721,0.005342537481308099,-0.005342537481308099,1,0,1.0,cec6b4217abffaf0aaf1af9fe03b250f7865bc5751088936be3ba698d5f3d62b,JNU_OVERNIGHT_OVERREACTION_G1_V1
2022-08-18,-0.009977719109085665,0.0005185377352381531,0.0005185377352381531,1,1,1.0,cec6b4217abffaf0aaf1af9fe03b250f7865bc5751088936be3ba698d5f3d62b,JNU_OVERNIGHT_OVERREACTION_G1_V1
2022-08-19,0.004657991687738565,-0.0034482792789159327,0.0034482792789159327,1,1,1.0,cec6b4217abffaf0aaf1af9fe03b250f7865bc5751088936be3ba698d5f3d62b,JNU_OVERNIGHT_OVERREACTION_G1_V1
2022-08-22,-0.009030974890538114,0.00243945059117248,0.00243945059117248,1,1,1.0,cec6b4217abffaf0aaf1af9fe03b250f7865bc5751088936be3ba698d5f3d62b,JNU_OVERNIGHT_OVERREACTION_G1_V1
2022-08-23,-0.008393124983014026,-0.0022853134671493064,-0.0022853134671493064,1,0,1.0,cec6b4217abffaf0aaf1af9fe03b250f7865bc5751088936be3ba698d5f3d62b,JNU_OVERNIGHT_OVERREACTION_G1_V1
2022-08-24,0.002987962500726749,-0.006514681021193642,0.006514681021193642,1,1,1.0,cec6b4217abffaf0aaf1af9fe03b250f7865bc5751088936be3ba698d5f3d62b,JNU_OVERNIGHT_OVERREACTION_G1_V1
2022-08-25,0.004405681634954796,0.0008788119029434234,-0.0008788119029434234,1,0,1.0,cec6b4217abffaf0aaf1af9fe03b250f7865bc5751088936be3ba698d5f3d62b,JNU_OVERNIGHT_OVERREACTION_G1_V1
2022-08-26,0.006124789467666933,0.002265401334793684,-0.002265401334793684,1,0,1.0,cec6b4217abffaf0aaf1af9fe03b250f7865bc5751088936be3ba698d5f3d62b,JNU_OVERNIGHT_OVERREACTION_G1_V1
2022-08-29,-0.026210106698992354,-0.002695177267087382,-0.002695177267087382,1,0,1.0,cec6b4217abffaf0aaf1af9fe03b250f7865bc5751088936be3ba698d5f3d62b,JNU_OVERNIGHT_OVERREACTION_G1_V1
2022-08-30,0.005003584420474427,0.0024924349737587836,-0.0024924349737587836,1,0,1.0,cec6b4217abffaf0aaf1af9fe03b250f7865bc5751088936be3ba698d5f3d62b,JNU_OVERNIGHT_OVERREACTION_G1_V1
2022-08-31,-0.011410357350422376,0.006612480532274166,0.006612480532274166,1,1,1.0,cec6b4217abffaf0aaf1af9fe03b250f7865bc5751088936be3ba698d5f3d62b,JNU_OVERNIGHT_OVERREACTION_G1_V1
2022-09-01,-0.01253373614725658,-0.0041527549072172,-0.0041527549072172,1,0,1.0,cec6b4217abffaf0aaf1af9fe03b250f7865bc5751088936be3ba698d5f3d62b,JNU_OVERNIGHT_OVERREACTION_G1_V1
2022-09-02,0.007217642303810408,-0.005769940277529689,0.005769940277529689,1,1,1.0,cec6b4217abffaf0aaf1af9fe03b250f7865bc5751088936be3ba698d5f3d62b,JNU_OVERNIGHT_OVERREACTION_G1_V1
2022-09-05,-0.005077994226943583,0.001998002662673058,0.001998002662673058,1,1,1.0,cec6b4217abffaf0aaf1af9fe03b250f7865bc5751088936be3ba698d5f3d62b,JNU_OVERNIGHT_OVERREACTION_G1_V1
2022-09-06,0.003250860728217511,-0.0021660658288521137,0.0021660658288521137,1,1,1.0,cec6b4217abffaf0aaf1af9fe03b250f7865bc5751088936be3ba698d5f3d62b,JNU_OVERNIGHT_OVERREACTION_G1_V1
2022-09-07,-0.0005434290505984567,-0.011297496253269375,-0.011297496253269375,1,0,1.0,cec6b4217abffaf0aaf1af9fe03b250f7865bc5751088936be3ba698d5f3d62b,JNU_OVERNIGHT_OVERREACTION_G1_V1
2022-09-08,0.009793331808374339,0.010055750024009996,-0.010055750024009996,1,0,1.0,cec6b4217abffaf0aaf1af9fe03b250f7865bc5751088936be3ba698d5f3d62b,JNU_OVERNIGHT_OVERREACTION_G1_V1
2022-09-09,-0.0030354455946907137,-0.0014316394714377388,-0.0014316394714377388,1,0,1.0,cec6b4217abffaf0aaf1af9fe03b250f7865bc5751088936be3ba698d5f3d62b,JNU_OVERNIGHT_OVERREACTION_G1_V1
2022-09-12,0.00906753479159341,0.00265134932162,-0.00265134932162,1,0,1.0,cec6b4217abffaf0aaf1af9fe03b250f7865bc5751088936be3ba698d5f3d62b,JNU_OVERNIGHT_OVERREACTION_G1_V1
2022-09-13,0.002471316350450921,0.0010572688209531233,-0.0010572688209531233,1,0,1.0,cec6b4217abffaf0aaf1af9fe03b250f7865bc5751088936be3ba698d5f3d62b,JNU_OVERNIGHT_OVERREACTION_G1_V1
2022-09-14,-0.030215939560200016,0.00795520376889056,0.00795520376889056,1,1,1.0,cec6b4217abffaf0aaf1af9fe03b250f7865bc5751088936be3ba698d5f3d62b,JNU_OVERNIGHT_OVERREACTION_G1_V1
2022-09-15,0.0025311892017244974,-0.0018073382834013082,0.0018073382834013082,1,1,1.0,cec6b4217abffaf0aaf1af9fe03b250f7865bc5751088936be3ba698d5f3d62b,JNU_OVERNIGHT_OVERREACTION_G1_V1
2022-09-16,-0.01036090337246232,-0.0016457898932921247,-0.0016457898932921247,1,0,1.0,cec6b4217abffaf0aaf1af9fe03b250f7865bc5751088936be3ba698d5f3d62b,JNU_OVERNIGHT_OVERREACTION_G1_V1
2022-09-20,0.006920442844573757,-0.004547529437629518,0.004547529437629518,1,1,1.0,cec6b4217abffaf0aaf1af9fe03b250f7865bc5751088936be3ba698d5f3d62b,JNU_OVERNIGHT_OVERREACTION_G1_V1
2022-09-21,-0.008040978997929464,-0.0058888650122493605,-0.0058888650122493605,1,0,1.0,cec6b4217abffaf0aaf1af9fe03b250f7865bc5751088936be3ba698d5f3d62b,JNU_OVERNIGHT_OVERREACTION_G1_V1
2022-09-22,-0.009636842555700409,-0.0041052492810766264,-0.0041052492810766264,1,0,1.0,cec6b4217abffaf0aaf1af9fe03b250f7865bc5751088936be3ba698d5f3d62b,JNU_OVERNIGHT_OVERREACTION_G1_V1
2022-09-23,-0.005385842715376657,-0.00391828097166024,-0.00391828097166024,1,0,1.0,cec6b4217abffaf0aaf1af9fe03b250f7865bc5751088936be3ba698d5f3d62b,JNU_OVERNIGHT_OVERREACTION_G1_V1
2022-09-26,-0.01185226930651566,-0.0026530241068078923,-0.0026530241068078923,1,0,1.0,cec6b4217abffaf0aaf1af9fe03b250f7865bc5751088936be3ba698d5f3d62b,JNU_OVERNIGHT_OVERREACTION_G1_V1
2022-09-27,0.003424009432329731,0.0015180268569772544,-0.0015180268569772544,1,0,1.0,cec6b4217abffaf0aaf1af9fe03b250f7865bc5751088936be3ba698d5f3d62b,JNU_OVERNIGHT_OVERREACTION_G1_V1
2022-09-28,-0.0017098892738274963,-0.014363935557233537,-0.014363935557233537,1,0,1.0,cec6b4217abffaf0aaf1af9fe03b250f7865bc5751088936be3ba698d5f3d62b,JNU_OVERNIGHT_OVERREACTION_G1_V1
2022-09-29,0.017949689482281515,0.0015128595926304088,-0.0015128595926304088,1,0,1.0,cec6b4217abffaf0aaf1af9fe03b250f7865bc5751088936be3ba698d5f3d62b,JNU_OVERNIGHT_OVERREACTION_G1_V1
2022-09-30,-0.005513846082834431,-0.008039859540093994,-0.008039859540093994,1,0,1.0,cec6b4217abffaf0aaf1af9fe03b250f7865bc5751088936be3ba698d5f3d62b,JNU_OVERNIGHT_OVERREACTION_G1_V1
2022-10-03,-0.004631424720218908,0.006554872129921159,0.006554872129921159,1,1,1.0,cec6b4217abffaf0aaf1af9fe03b250f7865bc5751088936be3ba698d5f3d62b,JNU_OVERNIGHT_OVERREACTION_G1_V1
2022-10-04,0.015322346490180265,0.010271824369851914,-0.010271824369851914,1,0,1.0,cec6b4217abffaf0aaf1af9fe03b250f7865bc5751088936be3ba698d5f3d62b,JNU_OVERNIGHT_OVERREACTION_G1_V1
2022-10-05,0.007210903021263112,-0.0038763315727548702,0.0038763315727548702,1,1,1.0,cec6b4217abffaf0aaf1af9fe03b250f7865bc5751088936be3ba698d5f3d62b,JNU_OVERNIGHT_OVERREACTION_G1_V1
2022-10-06,0.002028585296860961,0.006976345533253649,-0.006976345533253649,1,0,1.0,cec6b4217abffaf0aaf1af9fe03b250f7865bc5751088936be3ba698d5f3d62b,JNU_OVERNIGHT_OVERREACTION_G1_V1
2022-10-07,-0.013269638130607476,0.007762005335489109,0.007762005335489109,1,1,1.0,cec6b4217abffaf0aaf1af9fe03b250f7865bc5751088936be3ba698d5f3d62b,JNU_OVERNIGHT_OVERREACTION_G1_V1
2022-10-10,-0.017696279995741603,-0.0007520210920307922,-0.0007520210920307922,1,0,1.0,cec6b4217abffaf0aaf1af9fe03b250f7865bc5751088936be3ba698d5f3d62b,JNU_OVERNIGHT_OVERREACTION_G1_V1
2022-10-11,0.006010536502142323,-0.004880805634481654,0.004880805634481654,1,1,1.0,cec6b4217abffaf0aaf1af9fe03b250f7865bc5751088936be3ba698d5f3d62b,JNU_OVERNIGHT_OVERREACTION_G1_V1
2022-10-12,-0.0022744513216695493,0.0005690979950616985,0.0005690979950616985,1,1,1.0,cec6b4217abffaf0aaf1af9fe03b250f7865bc5751088936be3ba698d5f3d62b,JNU_OVERNIGHT_OVERREACTION_G1_V1
2022-10-13,-0.0003787161567703379,-0.0047460933892556805,-0.0047460933892556805,1,0,1.0,cec6b4217abffaf0aaf1af9fe03b250f7865bc5751088936be3ba698d5f3d62b,JNU_OVERNIGHT_OVERREACTION_G1_V1
2022-10-14,0.020529961090517544,0.009278225772677416,-0.009278225772677416,1,0,1.0,cec6b4217abffaf0aaf1af9fe03b250f7865bc5751088936be3ba698d5f3d62b,JNU_OVERNIGHT_OVERREACTION_G1_V1
2022-10-17,-0.01357781484273736,0.0018709079358116025,0.0018709079358116025,1,1,1.0,cec6b4217abffaf0aaf1af9fe03b250f7865bc5751088936be3ba698d5f3d62b,JNU_OVERNIGHT_OVERREACTION_G1_V1
2022-10-18,0.01761098439446005,-0.00997238181293695,0.00997238181293695,1,1,1.0,cec6b4217abffaf0aaf1af9fe03b250f7865bc5751088936be3ba698d5f3d62b,JNU_OVERNIGHT_OVERREACTION_G1_V1
2022-10-19,0.0020233613083463367,0.004949144003581212,-0.004949144003581212,1,0,1.0,cec6b4217abffaf0aaf1af9fe03b250f7865bc5751088936be3ba698d5f3d62b,JNU_OVERNIGHT_OVERREACTION_G1_V1
2022-10-20,-0.011624819534026321,-0.0014858843744245515,-0.0014858843744245515,1,0,1.0,cec6b4217abffaf0aaf1af9fe03b250f7865bc5751088936be3ba698d5f3d62b,JNU_OVERNIGHT_OVERREACTION_G1_V1
2022-10-21,-0.0025949968223063138,-0.0005569479397656545,-0.0005569479397656545,1,0,1.0,cec6b4217abffaf0aaf1af9fe03b250f7865bc5751088936be3ba698d5f3d62b,JNU_OVERNIGHT_OVERREACTION_G1_V1
2022-10-24,0.014396704912989293,-0.0011001101219510491,0.0011001101219510491,1,1,1.0,cec6b4217abffaf0aaf1af9fe03b250f7865bc5751088936be3ba698d5f3d62b,JNU_OVERNIGHT_OVERREACTION_G1_V1
2022-10-25,0.0070188688592880515,0.000919878640893014,-0.000919878640893014,1,0,1.0,cec6b4217abffaf0aaf1af9fe03b250f7865bc5751088936be3ba698d5f3d62b,JNU_OVERNIGHT_OVERREACTION_G1_V1
2022-10-26,0.006762339577514726,0.002728514653203914,-0.002728514653203914,1,0,1.0,cec6b4217abffaf0aaf1af9fe03b250f7865bc5751088936be3ba698d5f3d62b,JNU_OVERNIGHT_OVERREACTION_G1_V1
2022-10-27,-0.00018219914416809692,-0.0012763243596047896,-0.0012763243596047896,1,0,1.0,cec6b4217abffaf0aaf1af9fe03b250f7865bc5751088936be3ba698d5f3d62b,JNU_OVERNIGHT_OVERREACTION_G1_V1
2022-10-28,-0.008460598564704203,0.0064439144088518675,0.0064439144088518675,1,1,1.0,cec6b4217abffaf0aaf1af9fe03b250f7865bc5751088936be3ba698d5f3d62b,JNU_OVERNIGHT_OVERREACTION_G1_V1
2022-10-31,0.015956322030758294,-0.0010922993986089273,0.0010922993986089273,1,1,1.0,cec6b4217abffaf0aaf1af9fe03b250f7865bc5751088936be3ba698d5f3d62b,JNU_OVERNIGHT_OVERREACTION_G1_V1
2022-11-01,0.0025376123822225126,-0.0012680012567519933,0.0012680012567519933,1,1,1.0,cec6b4217abffaf0aaf1af9fe03b250f7865bc5751088936be3ba698d5f3d62b,JNU_OVERNIGHT_OVERREACTION_G1_V1
2022-11-02,-0.003436740291405917,0.002894881703235958,0.002894881703235958,1,1,1.0,cec6b4217abffaf0aaf1af9fe03b250f7865bc5751088936be3ba698d5f3d62b,JNU_OVERNIGHT_OVERREACTION_G1_V1
2022-11-03,-0.013469442808446084,0.002379428229794847,0.002379428229794847,1,1,1.0,cec6b4217abffaf0aaf1af9fe03b250f7865bc5751088936be3ba698d5f3d62b,JNU_OVERNIGHT_OVERREACTION_G1_V1
2022-11-04,-0.004028571645096634,-0.005704312091175535,-0.005704312091175535,1,0,1.0,cec6b4217abffaf0aaf1af9fe03b250f7865bc5751088936be3ba698d5f3d62b,JNU_OVERNIGHT_OVERREACTION_G1_V1
2022-11-07,0.009341582723037513,0.004184487139214918,-0.004184487139214918,1,0,1.0,cec6b4217abffaf0aaf1af9fe03b250f7865bc5751088936be3ba698d5f3d62b,JNU_OVERNIGHT_OVERREACTION_G1_V1
2022-11-08,0.005795018028354508,0.0066588925974123015,-0.0066588925974123015,1,0,1.0,cec6b4217abffaf0aaf1af9fe03b250f7865bc5751088936be3ba698d5f3d62b,JNU_OVERNIGHT_OVERREACTION_G1_V1
2022-11-09,0.001791152189418123,-0.005563047096931204,0.005563047096931204,1,1,1.0,cec6b4217abffaf0aaf1af9fe03b250f7865bc5751088936be3ba698d5f3d62b,JNU_OVERNIGHT_OVERREACTION_G1_V1
2022-11-10,-0.007071011240551979,-0.0012744653522960663,-0.0012744653522960663,1,0,1.0,cec6b4217abffaf0aaf1af9fe03b250f7865bc5751088936be3ba698d5f3d62b,JNU_OVERNIGHT_OVERREACTION_G1_V1
2022-11-11,0.023806354212556193,0.004977788056210036,-0.004977788056210036,1,0,1.0,cec6b4217abffaf0aaf1af9fe03b250f7865bc5751088936be3ba698d5f3d62b,JNU_OVERNIGHT_OVERREACTION_G1_V1
2022-11-14,-0.0065608888594374725,0.00035574529012669543,0.00035574529012669543,1,1,1.0,cec6b4217abffaf0aaf1af9fe03b250f7865bc5751088936be3ba698d5f3d62b,JNU_OVERNIGHT_OVERREACTION_G1_V1
2022-11-15,0.0007146686028675765,-0.002145539889744498,0.002145539889744498,1,1,1.0,cec6b4217abffaf0aaf1af9fe03b250f7865bc5751088936be3ba698d5f3d62b,JNU_OVERNIGHT_OVERREACTION_G1_V1
2022-11-16,-0.0016084356965952423,-0.005380213839081341,-0.005380213839081341,1,0,1.0,cec6b4217abffaf0aaf1af9fe03b250f7865bc5751088936be3ba698d5f3d62b,JNU_OVERNIGHT_OVERREACTION_G1_V1
2022-11-17,-0.005003584420474533,0.0037550334690170852,0.0037550334690170852,1,1,1.0,cec6b4217abffaf0aaf1af9fe03b250f7865bc5751088936be3ba698d5f3d62b,JNU_OVERNIGHT_OVERREACTION_G1_V1
2022-11-18,-0.0012523483164659486,0.0005369127645760014,0.0005369127645760014,1,1,1.0,cec6b4217abffaf0aaf1af9fe03b250f7865bc5751088936be3ba698d5f3d62b,JNU_OVERNIGHT_OVERREACTION_G1_V1
2022-11-21,0.0030435973723514035,-0.002147459665637559,0.002147459665637559,1,1,1.0,cec6b4217abffaf0aaf1af9fe03b250f7865bc5751088936be3ba698d5f3d62b,JNU_OVERNIGHT_OVERREACTION_G1_V1
2022-11-22,0.003214862565281174,0.005335242959631754,-0.005335242959631754,1,0,1.0,cec6b4217abffaf0aaf1af9fe03b250f7865bc5751088936be3ba698d5f3d62b,JNU_OVERNIGHT_OVERREACTION_G1_V1
2022-11-23,0.0067292621561821165,0.001234676936105416,-0.001234676936105416,1,0,1.0,cec6b4217abffaf0aaf1af9fe03b250f7865bc5751088936be3ba698d5f3d62b,JNU_OVERNIGHT_OVERREACTION_G1_V1
2022-11-24,0.0,0.003694260512485874,0.0,0,0,1.0,cec6b4217abffaf0aaf1af9fe03b250f7865bc5751088936be3ba698d5f3d62b,JNU_OVERNIGHT_OVERREACTION_G1_V1
2022-11-25,0.0001761028445161196,-0.0022917594869706756,0.0022917594869706756,1,1,1.0,cec6b4217abffaf0aaf1af9fe03b250f7865bc5751088936be3ba698d5f3d62b,JNU_OVERNIGHT_OVERREACTION_G1_V1
2022-11-28,-0.0015916530020372046,-0.006926588389514605,-0.006926588389514605,1,0,1.0,cec6b4217abffaf0aaf1af9fe03b250f7865bc5751088936be3ba698d5f3d62b,JNU_OVERNIGHT_OVERREACTION_G1_V1
2022-11-29,-0.003381086947284587,-0.0003565698023159898,-0.0003565698023159898,1,0,1.0,cec6b4217abffaf0aaf1af9fe03b250f7865bc5751088936be3ba698d5f3d62b,JNU_OVERNIGHT_OVERREACTION_G1_V1
2022-11-30,-0.0042887842722175926,-0.002151309542512133,-0.002151309542512133,1,0,1.0,cec6b4217abffaf0aaf1af9fe03b250f7865bc5751088936be3ba698d5f3d62b,JNU_OVERNIGHT_OVERREACTION_G1_V1
2022-12-01,0.014710057007158916,-0.005822689587147927,0.005822689587147927,1,1,1.0,cec6b4217abffaf0aaf1af9fe03b250f7865bc5751088936be3ba698d5f3d62b,JNU_OVERNIGHT_OVERREACTION_G1_V1
2022-12-02,-0.007995067905109779,-0.012204027993826397,-0.012204027993826397,1,0,1.0,cec6b4217abffaf0aaf1af9fe03b250f7865bc5751088936be3ba698d5f3d62b,JNU_OVERNIGHT_OVERREACTION_G1_V1
2022-12-05,0.0,0.002700028640570963,0.0,0,0,1.0,cec6b4217abffaf0aaf1af9fe03b250f7865bc5751088936be3ba698d5f3d62b,JNU_OVERNIGHT_OVERREACTION_G1_V1
2022-12-06,-0.006304623242797398,0.006663689673944336,0.006663689673944336,1,1,1.0,cec6b4217abffaf0aaf1af9fe03b250f7865bc5751088936be3ba698d5f3d62b,JNU_OVERNIGHT_OVERREACTION_G1_V1
2022-12-07,-0.009183462398022521,0.005052338426728493,0.005052338426728493,1,1,1.0,cec6b4217abffaf0aaf1af9fe03b250f7865bc5751088936be3ba698d5f3d62b,JNU_OVERNIGHT_OVERREACTION_G1_V1
2022-12-08,-0.0025348556031880663,-0.004724704409616153,-0.004724704409616153,1,0,1.0,cec6b4217abffaf0aaf1af9fe03b250f7865bc5751088936be3ba698d5f3d62b,JNU_OVERNIGHT_OVERREACTION_G1_V1
2022-12-09,0.0032602818228860734,0.006309169193264756,-0.006309169193264756,1,0,1.0,cec6b4217abffaf0aaf1af9fe03b250f7865bc5751088936be3ba698d5f3d62b,JNU_OVERNIGHT_OVERREACTION_G1_V1
2022-12-12,-0.004680476591331877,0.0016226452672375047,0.0016226452672375047,1,1,1.0,cec6b4217abffaf0aaf1af9fe03b250f7865bc5751088936be3ba698d5f3d62b,JNU_OVERNIGHT_OVERREACTION_G1_V1
2022-12-13,0.008429787162252962,-0.004654501779356914,0.004654501779356914,1,1,1.0,cec6b4217abffaf0aaf1af9fe03b250f7865bc5751088936be3ba698d5f3d62b,JNU_OVERNIGHT_OVERREACTION_G1_V1
2022-12-14,0.004113392189928001,0.0023174981403624824,-0.0023174981403624824,1,0,1.0,cec6b4217abffaf0aaf1af9fe03b250f7865bc5751088936be3ba698d5f3d62b,JNU_OVERNIGHT_OVERREACTION_G1_V1
2022-12-15,-0.006247231384435627,0.0033961959535965523,0.0033961959535965523,1,1,1.0,cec6b4217abffaf0aaf1af9fe03b250f7865bc5751088936be3ba698d5f3d62b,JNU_OVERNIGHT_OVERREACTION_G1_V1
2022-12-16,-0.015487433638411664,-0.00036304229841473064,-0.00036304229841473064,1,0,1.0,cec6b4217abffaf0aaf1af9fe03b250f7865bc5751088936be3ba698d5f3d62b,JNU_OVERNIGHT_OVERREACTION_G1_V1
2022-12-19,-0.009152544213305105,-0.0014722122644348753,-0.0014722122644348753,1,0,1.0,cec6b4217abffaf0aaf1af9fe03b250f7865bc5751088936be3ba698d5f3d62b,JNU_OVERNIGHT_OVERREACTION_G1_V1
2022-12-20,-0.0014722122644348753,0.0036764747293086273,0.0036764747293086273,1,1,1.0,cec6b4217abffaf0aaf1af9fe03b250f7865bc5751088936be3ba698d5f3d62b,JNU_OVERNIGHT_OVERREACTION_G1_V1
2022-12-21,-0.00340136382349029,0.0032127023758973367,0.0032127023758973367,1,1,1.0,cec6b4217abffaf0aaf1af9fe03b250f7865bc5751088936be3ba698d5f3d62b,JNU_OVERNIGHT_OVERREACTION_G1_V1
2022-12-22,0.008523586029522884,-0.006623167365581465,0.006623167365581465,1,1,1.0,cec6b4217abffaf0aaf1af9fe03b250f7865bc5751088936be3ba698d5f3d62b,JNU_OVERNIGHT_OVERREACTION_G1_V1
2022-12-23,-0.011989866727935733,0.00038284839671311004,0.00038284839671311004,1,1,1.0,cec6b4217abffaf0aaf1af9fe03b250f7865bc5751088936be3ba698d5f3d62b,JNU_OVERNIGHT_OVERREACTION_G1_V1
2022-12-26,0.0038226346242775924,0.002667176281094817,-0.002667176281094817,1,0,1.0,cec6b4217abffaf0aaf1af9fe03b250f7865bc5751088936be3ba698d5f3d62b,JNU_OVERNIGHT_OVERREACTION_G1_V1
2022-12-27,0.0034103860261643477,-0.00018916107121569033,0.00018916107121569033,1,1,1.0,cec6b4217abffaf0aaf1af9fe03b250f7865bc5751088936be3ba698d5f3d62b,JNU_OVERNIGHT_OVERREACTION_G1_V1
2022-12-28,-0.004561878278170011,-0.0013344773689481658,-0.0013344773689481658,1,0,1.0,cec6b4217abffaf0aaf1af9fe03b250f7865bc5751088936be3ba698d5f3d62b,JNU_OVERNIGHT_OVERREACTION_G1_V1
2022-12-29,-0.007272759329079809,-0.0032708061867710737,-0.0032708061867710737,1,0,1.0,cec6b4217abffaf0aaf1af9fe03b250f7865bc5751088936be3ba698d5f3d62b,JNU_OVERNIGHT_OVERREACTION_G1_V1
2022-12-30,0.007664341024504032,-0.004016453711545929,0.004016453711545929,1,1,1.0,cec6b4217abffaf0aaf1af9fe03b250f7865bc5751088936be3ba698d5f3d62b,JNU_OVERNIGHT_OVERREACTION_G1_V1
2023-01-03,-0.006170478506121996,-0.00835199571877423,-0.00835199571877423,1,0,1.0,6f49c51a794ccd72f7c5f3f07acad8e0604da64184ec5fda14a14a8bb42e9a84,JNU_OVERNIGHT_OVERREACTION_G1_V1
2023-01-04,0.0009717229411011341,0.00019423133012411804,-0.00019423133012411804,1,0,1.0,6f49c51a794ccd72f7c5f3f07acad8e0604da64184ec5fda14a14a8bb42e9a84,JNU_OVERNIGHT_OVERREACTION_G1_V1
2023-01-05,0.008728597751179724,-0.00077279756550856,0.00077279756550856,1,1,1.0,6f49c51a794ccd72f7c5f3f07acad8e0604da64184ec5fda14a14a8bb42e9a84,JNU_OVERNIGHT_OVERREACTION_G1_V1
2023-01-06,-0.0034958279920792997,0.0085238795828998,0.0085238795828998,1,1,1.0,6f49c51a794ccd72f7c5f3f07acad8e0604da64184ec5fda14a14a8bb42e9a84,JNU_OVERNIGHT_OVERREACTION_G1_V1
2023-01-10,0.010551656651460142,-0.0015278841780531757,0.0015278841780531757,1,1,1.0,6f49c51a794ccd72f7c5f3f07acad8e0604da64184ec5fda14a14a8bb42e9a84,JNU_OVERNIGHT_OVERREACTION_G1_V1
2023-01-11,0.006293527018833649,0.004552359910460476,-0.004552359910460476,1,0,1.0,6f49c51a794ccd72f7c5f3f07acad8e0604da64184ec5fda14a14a8bb42e9a84,JNU_OVERNIGHT_OVERREACTION_G1_V1
2023-01-12,0.003402006683135724,-0.004728141195946012,0.004728141195946012,1,1,1.0,6f49c51a794ccd72f7c5f3f07acad8e0604da64184ec5fda14a14a8bb42e9a84,JNU_OVERNIGHT_OVERREACTION_G1_V1
2023-01-13,-0.007225739748181582,-0.0036325439045355344,-0.0036325439045355344,1,0,1.0,6f49c51a794ccd72f7c5f3f07acad8e0604da64184ec5fda14a14a8bb42e9a84,JNU_OVERNIGHT_OVERREACTION_G1_V1
2023-01-16,-0.010990180993582743,0.0007751938372689901,0.0007751938372689901,1,1,1.0,6f49c51a794ccd72f7c5f3f07acad8e0604da64184ec5fda14a14a8bb42e9a84,JNU_OVERNIGHT_OVERREACTION_G1_V1
2023-01-17,0.0060036977078740785,0.00826848283518269,-0.00826848283518269,1,0,1.0,6f49c51a794ccd72f7c5f3f07acad8e0604da64184ec5fda14a14a8bb42e9a84,JNU_OVERNIGHT_OVERREACTION_G1_V1
2023-01-18,0.003249548878789214,0.0030487828493585096,-0.0030487828493585096,1,0,1.0,6f49c51a794ccd72f7c5f3f07acad8e0604da64184ec5fda14a14a8bb42e9a84,JNU_OVERNIGHT_OVERREACTION_G1_V1
2023-01-19,-0.011269841293251192,0.00151000406192434,0.00151000406192434,1,1,1.0,6f49c51a794ccd72f7c5f3f07acad8e0604da64184ec5fda14a14a8bb42e9a84,JNU_OVERNIGHT_OVERREACTION_G1_V1
2023-01-20,-0.001328903850053752,0.002466560400514633,0.002466560400514633,1,1,1.0,6f49c51a794ccd72f7c5f3f07acad8e0604da64184ec5fda14a14a8bb42e9a84,JNU_OVERNIGHT_OVERREACTION_G1_V1
2023-01-23,0.013480825761594657,-0.0016751981581603229,0.0016751981581603229,1,1,1.0,6f49c51a794ccd72f7c5f3f07acad8e0604da64184ec5fda14a14a8bb42e9a84,JNU_OVERNIGHT_OVERREACTION_G1_V1
2023-01-24,0.009987136830462949,0.00532257840942461,-0.00532257840942461,1,0,1.0,6f49c51a794ccd72f7c5f3f07acad8e0604da64184ec5fda14a14a8bb42e9a84,JNU_OVERNIGHT_OVERREACTION_G1_V1
2023-01-25,-0.005327467362832734,0.0058769682467025046,0.0058769682467025046,1,1,1.0,6f49c51a794ccd72f7c5f3f07acad8e0604da64184ec5fda14a14a8bb42e9a84,JNU_OVERNIGHT_OVERREACTION_G1_V1
2023-01-26,0.0007309941845975213,-0.0027439878188667563,0.0027439878188667563,1,1,1.0,6f49c51a794ccd72f7c5f3f07acad8e0604da64184ec5fda14a14a8bb42e9a84,JNU_OVERNIGHT_OVERREACTION_G1_V1
2023-01-27,0.0012777221780295334,-0.0029229103747177953,0.0029229103747177953,1,1,1.0,6f49c51a794ccd72f7c5f3f07acad8e0604da64184ec5fda14a14a8bb42e9a84,JNU_OVERNIGHT_OVERREACTION_G1_V1
2023-01-30,-0.0010962909923125797,0.00310304164294844,0.00310304164294844,1,1,1.0,6f49c51a794ccd72f7c5f3f07acad8e0604da64184ec5fda14a14a8bb42e9a84,JNU_OVERNIGHT_OVERREACTION_G1_V1
2023-01-31,0.0001824318166147805,-0.0009124920790098173,0.0009124920790098173,1,1,1.0,6f49c51a794ccd72f7c5f3f07acad8e0604da64184ec5fda14a14a8bb42e9a84,JNU_OVERNIGHT_OVERREACTION_G1_V1
2023-02-01,0.005113232469925996,-0.0012758590995278248,0.0012758590995278248,1,1,1.0,6f49c51a794ccd72f7c5f3f07acad8e0604da64184ec5fda14a14a8bb42e9a84,JNU_OVERNIGHT_OVERREACTION_G1_V1
2023-02-02,0.0034725430124661985,0.0,-0.0,0,0,1.0,6f49c51a794ccd72f7c5f3f07acad8e0604da64184ec5fda14a14a8bb42e9a84,JNU_OVERNIGHT_OVERREACTION_G1_V1
2023-02-03,0.0030979523637696075,0.0025440682447749182,-0.0025440682447749182,1,0,1.0,6f49c51a794ccd72f7c5f3f07acad8e0604da64184ec5fda14a14a8bb42e9a84,JNU_OVERNIGHT_OVERREACTION_G1_V1
2023-02-06,0.010128500404463215,-0.0014406629540200159,0.0014406629540200159,1,1,1.0,6f49c51a794ccd72f7c5f3f07acad8e0604da64184ec5fda14a14a8bb42e9a84,JNU_OVERNIGHT_OVERREACTION_G1_V1
2023-02-07,0.0014443042770675007,-0.00018042399688093292,0.00018042399688093292,1,1,1.0,6f49c51a794ccd72f7c5f3f07acad8e0604da64184ec5fda14a14a8bb42e9a84,JNU_OVERNIGHT_OVERREACTION_G1_V1
2023-02-08,0.0007235890330186378,-0.006167260614195201,0.006167260614195201,1,1,1.0,6f49c51a794ccd72f7c5f3f07acad8e0604da64184ec5fda14a14a8bb42e9a84,JNU_OVERNIGHT_OVERREACTION_G1_V1
2023-02-09,-0.006000563509143926,0.0012758590995278472,0.0012758590995278472,1,1,1.0,6f49c51a794ccd72f7c5f3f07acad8e0604da64184ec5fda14a14a8bb42e9a84,JNU_OVERNIGHT_OVERREACTION_G1_V1
2023-02-10,-0.0005446128844787142,0.008498378604263453,0.008498378604263453,1,1,1.0,6f49c51a794ccd72f7c5f3f07acad8e0604da64184ec5fda14a14a8bb42e9a84,JNU_OVERNIGHT_OVERREACTION_G1_V1
2023-02-13,-0.004711007082096196,-0.00893921851632067,-0.00893921851632067,1,0,1.0,6f49c51a794ccd72f7c5f3f07acad8e0604da64184ec5fda14a14a8bb42e9a84,JNU_OVERNIGHT_OVERREACTION_G1_V1
2023-02-14,0.009079415921917681,-0.003440474194965219,0.003440474194965219,1,1,1.0,6f49c51a794ccd72f7c5f3f07acad8e0604da64184ec5fda14a14a8bb42e9a84,JNU_OVERNIGHT_OVERREACTION_G1_V1
2023-02-15,0.0046990869045823065,-0.005605294488120465,0.005605294488120465,1,1,1.0,6f49c51a794ccd72f7c5f3f07acad8e0604da64184ec5fda14a14a8bb42e9a84,JNU_OVERNIGHT_OVERREACTION_G1_V1
2023-02-16,0.005263647691460967,0.0018086458176885646,-0.0018086458176885646,1,0,1.0,6f49c51a794ccd72f7c5f3f07acad8e0604da64184ec5fda14a14a8bb42e9a84,JNU_OVERNIGHT_OVERREACTION_G1_V1
2023-02-17,-0.0074322829207818675,0.002181025946360146,0.002181025946360146,1,1,1.0,6f49c51a794ccd72f7c5f3f07acad8e0604da64184ec5fda14a14a8bb42e9a84,JNU_OVERNIGHT_OVERREACTION_G1_V1
2023-02-20,0.0003639672469661882,0.0003638348230058196,-0.0003638348230058196,1,0,1.0,6f49c51a794ccd72f7c5f3f07acad8e0604da64184ec5fda14a14a8bb42e9a84,JNU_OVERNIGHT_OVERREACTION_G1_V1
2023-02-21,-0.0023660034697369553,0.000546497873151375,0.000546497873151375,1,1,1.0,6f49c51a794ccd72f7c5f3f07acad8e0604da64184ec5fda14a14a8bb42e9a84,JNU_OVERNIGHT_OVERREACTION_G1_V1
2023-02-22,-0.0073139839667908215,-0.00755276686029837,-0.00755276686029837,1,0,1.0,6f49c51a794ccd72f7c5f3f07acad8e0604da64184ec5fda14a14a8bb42e9a84,JNU_OVERNIGHT_OVERREACTION_G1_V1
2023-02-23,-0.0005539654836524144,0.0009231053918677175,0.0009231053918677175,1,1,1.0,6f49c51a794ccd72f7c5f3f07acad8e0604da64184ec5fda14a14a8bb42e9a84,JNU_OVERNIGHT_OVERREACTION_G1_V1
2023-02-24,0.002393446783755637,0.007876219853700291,-0.007876219853700291,1,0,1.0,6f49c51a794ccd72f7c5f3f07acad8e0604da64184ec5fda14a14a8bb42e9a84,JNU_OVERNIGHT_OVERREACTION_G1_V1
2023-02-27,-0.0034725430124660597,0.0036549748290807824,0.0036549748290807824,1,1,1.0,6f49c51a794ccd72f7c5f3f07acad8e0604da64184ec5fda14a14a8bb42e9a84,JNU_OVERNIGHT_OVERREACTION_G1_V1
2023-02-28,0.004729861464755238,-0.000181504674243651,0.000181504674243651,1,1,1.0,6f49c51a794ccd72f7c5f3f07acad8e0604da64184ec5fda14a14a8bb42e9a84,JNU_OVERNIGHT_OVERREACTION_G1_V1
2023-03-01,-0.002005287336811386,0.000182465104055152,0.000182465104055152,1,1,1.0,6f49c51a794ccd72f7c5f3f07acad8e0604da64184ec5fda14a14a8bb42e9a84,JNU_OVERNIGHT_OVERREACTION_G1_V1
2023-03-02,-0.00145401697736165,-0.002184997227642534,-0.002184997227642534,1,0,1.0,6f49c51a794ccd72f7c5f3f07acad8e0604da64184ec5fda14a14a8bb42e9a84,JNU_OVERNIGHT_OVERREACTION_G1_V1
2023-03-03,0.004892643627868453,0.007742903543670689,-0.007742903543670689,1,0,1.0,6f49c51a794ccd72f7c5f3f07acad8e0604da64184ec5fda14a14a8bb42e9a84,JNU_OVERNIGHT_OVERREACTION_G1_V1
2023-03-06,0.010336930395837036,0.0015944728331574547,-0.0015944728331574547,1,0,1.0,6f49c51a794ccd72f7c5f3f07acad8e0604da64184ec5fda14a14a8bb42e9a84,JNU_OVERNIGHT_OVERREACTION_G1_V1
2023-03-07,-0.0010625111677819573,0.004948755239258827,0.004948755239258827,1,1,1.0,6f49c51a794ccd72f7c5f3f07acad8e0604da64184ec5fda14a14a8bb42e9a84,JNU_OVERNIGHT_OVERREACTION_G1_V1
2023-03-08,-0.0038896795858568223,0.0070609296008739275,0.0070609296008739275,1,1,1.0,6f49c51a794ccd72f7c5f3f07acad8e0604da64184ec5fda14a14a8bb42e9a84,JNU_OVERNIGHT_OVERREACTION_G1_V1
2023-03-09,0.008576231790662601,-0.0034916236590529443,0.0034916236590529443,1,1,1.0,6f49c51a794ccd72f7c5f3f07acad8e0604da64184ec5fda14a14a8bb42e9a84,JNU_OVERNIGHT_OVERREACTION_G1_V1
2023-03-10,-0.022075951699199847,0.0012492194004318981,0.0012492194004318981,1,1,1.0,6f49c51a794ccd72f7c5f3f07acad8e0604da64184ec5fda14a14a8bb42e9a84,JNU_OVERNIGHT_OVERREACTION_G1_V1
2023-03-13,-0.007026422926651649,-0.008898633131946958,-0.008898633131946958,1,0,1.0,6f49c51a794ccd72f7c5f3f07acad8e0604da64184ec5fda14a14a8bb42e9a84,JNU_OVERNIGHT_OVERREACTION_G1_V1
2023-03-14,-0.014241613720776411,-0.01090886291917342,-0.01090886291917342,1,0,1.0,6f49c51a794ccd72f7c5f3f07acad8e0604da64184ec5fda14a14a8bb42e9a84,JNU_OVERNIGHT_OVERREACTION_G1_V1
2023-03-15,0.012002729268391079,-0.009961344129673042,0.009961344129673042,1,1,1.0,6f49c51a794ccd72f7c5f3f07acad8e0604da64184ec5fda14a14a8bb42e9a84,JNU_OVERNIGHT_OVERREACTION_G1_V1
2023-03-16,-0.019980125022456056,0.007141545105269709,0.007141545105269709,1,1,1.0,6f49c51a794ccd72f7c5f3f07acad8e0604da64184ec5fda14a14a8bb42e9a84,JNU_OVERNIGHT_OVERREACTION_G1_V1
2023-03-17,0.00913078178176264,-0.0014850568907114584,0.0014850568907114584,1,1,1.0,6f49c51a794ccd72f7c5f3f07acad8e0604da64184ec5fda14a14a8bb42e9a84,JNU_OVERNIGHT_OVERREACTION_G1_V1
2023-03-20,-0.0037064534648487027,-0.002230484196107733,-0.002230484196107733,1,0,1.0,6f49c51a794ccd72f7c5f3f07acad8e0604da64184ec5fda14a14a8bb42e9a84,JNU_OVERNIGHT_OVERREACTION_G1_V1
2023-03-21,0.007094876661918809,-0.0003721622670420677,0.0003721622670420677,1,1,1.0,6f49c51a794ccd72f7c5f3f07acad8e0604da64184ec5fda14a14a8bb42e9a84,JNU_OVERNIGHT_OVERREACTION_G1_V1
2023-03-22,0.009262756112239132,0.002946052581900175,-0.002946052581900175,1,0,1.0,6f49c51a794ccd72f7c5f3f07acad8e0604da64184ec5fda14a14a8bb42e9a84,JNU_OVERNIGHT_OVERREACTION_G1_V1
2023-03-23,-0.00645580034287122,0.001848771094157055,0.001848771094157055,1,1,1.0,6f49c51a794ccd72f7c5f3f07acad8e0604da64184ec5fda14a14a8bb42e9a84,JNU_OVERNIGHT_OVERREACTION_G1_V1
2023-03-24,-0.0031368233120245095,-0.00036968577130829373,-0.00036968577130829373,1,0,1.0,6f49c51a794ccd72f7c5f3f07acad8e0604da64184ec5fda14a14a8bb42e9a84,JNU_OVERNIGHT_OVERREACTION_G1_V1
2023-03-27,0.0025768466311113067,0.0,-0.0,0,0,1.0,6f49c51a794ccd72f7c5f3f07acad8e0604da64184ec5fda14a14a8bb42e9a84,JNU_OVERNIGHT_OVERREACTION_G1_V1
2023-03-28,0.003479538351746096,-0.0038465108329285122,0.0038465108329285122,1,1,1.0,6f49c51a794ccd72f7c5f3f07acad8e0604da64184ec5fda14a14a8bb42e9a84,JNU_OVERNIGHT_OVERREACTION_G1_V1
2023-03-29,0.0,0.0031115610352150983,0.0,0,0,1.0,6f49c51a794ccd72f7c5f3f07acad8e0604da64184ec5fda14a14a8bb42e9a84,JNU_OVERNIGHT_OVERREACTION_G1_V1
2023-03-30,0.005785588367631671,-0.0018044032322673577,0.0018044032322673577,1,1,1.0,6f49c51a794ccd72f7c5f3f07acad8e0604da64184ec5fda14a14a8bb42e9a84,JNU_OVERNIGHT_OVERREACTION_G1_V1
2023-03-31,0.00682106396250434,0.004462301023398686,-0.004462301023398686,1,0,1.0,6f49c51a794ccd72f7c5f3f07acad8e0604da64184ec5fda14a14a8bb42e9a84,JNU_OVERNIGHT_OVERREACTION_G1_V1
2023-04-03,0.005863035361410808,-0.0017730501098856923,0.0017730501098856923,1,1,1.0,6f49c51a794ccd72f7c5f3f07acad8e0604da64184ec5fda14a14a8bb42e9a84,JNU_OVERNIGHT_OVERREACTION_G1_V1
2023-04-04,-0.0024827109755563284,0.003544845966539831,0.003544845966539831,1,1,1.0,6f49c51a794ccd72f7c5f3f07acad8e0604da64184ec5fda14a14a8bb42e9a84,JNU_OVERNIGHT_OVERREACTION_G1_V1
2023-04-05,-0.005675786787058413,-0.006245002007328404,-0.006245002007328404,1,0,1.0,6f49c51a794ccd72f7c5f3f07acad8e0604da64184ec5fda14a14a8bb42e9a84,JNU_OVERNIGHT_OVERREACTION_G1_V1
2023-04-06,-0.005768900080615241,-0.004348620732196484,-0.004348620732196484,1,0,1.0,6f49c51a794ccd72f7c5f3f07acad8e0604da64184ec5fda14a14a8bb42e9a84,JNU_OVERNIGHT_OVERREACTION_G1_V1
2023-04-07,0.0021774641156504767,-0.0018142240099492959,0.0018142240099492959,1,1,1.0,6f49c51a794ccd72f7c5f3f07acad8e0604da64184ec5fda14a14a8bb42e9a84,JNU_OVERNIGHT_OVERREACTION_G1_V1
2023-04-10,0.004714423962985914,-0.0007238509183231099,0.0007238509183231099,1,1,1.0,6f49c51a794ccd72f7c5f3f07acad8e0604da64184ec5fda14a14a8bb42e9a84,JNU_OVERNIGHT_OVERREACTION_G1_V1
2023-04-11,0.008647144495056595,0.002150153130829307,-0.002150153130829307,1,0,1.0,6f49c51a794ccd72f7c5f3f07acad8e0604da64184ec5fda14a14a8bb42e9a84,JNU_OVERNIGHT_OVERREACTION_G1_V1
2023-04-12,0.003751679255277253,0.0005348070365460542,-0.0005348070365460542,1,0,1.0,6f49c51a794ccd72f7c5f3f07acad8e0604da64184ec5fda14a14a8bb42e9a84,JNU_OVERNIGHT_OVERREACTION_G1_V1
2023-04-13,-0.006426298445528404,0.005358112479619472,0.005358112479619472,1,1,1.0,6f49c51a794ccd72f7c5f3f07acad8e0604da64184ec5fda14a14a8bb42e9a84,JNU_OVERNIGHT_OVERREACTION_G1_V1
2023-04-14,0.006010270876692168,0.0038698377230151075,-0.0038698377230151075,1,0,1.0,6f49c51a794ccd72f7c5f3f07acad8e0604da64184ec5fda14a14a8bb42e9a84,JNU_OVERNIGHT_OVERREACTION_G1_V1
2023-04-17,0.002983767022797816,-0.002105263935462427,0.002105263935462427,1,1,1.0,6f49c51a794ccd72f7c5f3f07acad8e0604da64184ec5fda14a14a8bb42e9a84,JNU_OVERNIGHT_OVERREACTION_G1_V1
2023-04-18,0.001576320494542422,0.004017121811152682,-0.004017121811152682,1,0,1.0,6f49c51a794ccd72f7c5f3f07acad8e0604da64184ec5fda14a14a8bb42e9a84,JNU_OVERNIGHT_OVERREACTION_G1_V1
2023-04-19,-0.00034904014315969737,-0.0031468557437148914,-0.0031468557437148914,1,0,1.0,6f49c51a794ccd72f7c5f3f07acad8e0604da64184ec5fda14a14a8bb42e9a84,JNU_OVERNIGHT_OVERREACTION_G1_V1
2023-04-20,-0.004729797728773103,0.005603236512574745,0.005603236512574745,1,1,1.0,6f49c51a794ccd72f7c5f3f07acad8e0604da64184ec5fda14a14a8bb42e9a84,JNU_OVERNIGHT_OVERREACTION_G1_V1
2023-04-21,-0.0020986366569212492,0.0020986366569212054,0.0020986366569212054,1,1,1.0,6f49c51a794ccd72f7c5f3f07acad8e0604da64184ec5fda14a14a8bb42e9a84,JNU_OVERNIGHT_OVERREACTION_G1_V1
2023-04-24,0.002622608374436982,0.0008726765542051645,-0.0008726765542051645,1,0,1.0,6f49c51a794ccd72f7c5f3f07acad8e0604da64184ec5fda14a14a8bb42e9a84,JNU_OVERNIGHT_OVERREACTION_G1_V1
2023-04-25,0.004017121811152682,0.0017415539058704102,-0.0017415539058704102,1,0,1.0,6f49c51a794ccd72f7c5f3f07acad8e0604da64184ec5fda14a14a8bb42e9a84,JNU_OVERNIGHT_OVERREACTION_G1_V1
2023-04-26,-0.0057798567069784765,0.001755002205456967,0.001755002205456967,1,1,1.0,6f49c51a794ccd72f7c5f3f07acad8e0604da64184ec5fda14a14a8bb42e9a84,JNU_OVERNIGHT_OVERREACTION_G1_V1
2023-04-27,-0.003351859890392674,0.000706588971281186,0.000706588971281186,1,1,1.0,6f49c51a794ccd72f7c5f3f07acad8e0604da64184ec5fda14a14a8bb42e9a84,JNU_OVERNIGHT_OVERREACTION_G1_V1
2023-04-28,0.010324704543423775,-0.004361866812743912,0.004361866812743912,1,1,1.0,6f49c51a794ccd72f7c5f3f07acad8e0604da64184ec5fda14a14a8bb42e9a84,JNU_OVERNIGHT_OVERREACTION_G1_V1
2023-05-01,0.006219785082430036,0.00034441192005689816,-0.00034441192005689816,1,0,1.0,6f49c51a794ccd72f7c5f3f07acad8e0604da64184ec5fda14a14a8bb42e9a84,JNU_OVERNIGHT_OVERREACTION_G1_V1
2023-05-02,0.003936002343323571,-0.003936002343323627,0.003936002343323627,1,1,1.0,6f49c51a794ccd72f7c5f3f07acad8e0604da64184ec5fda14a14a8bb42e9a84,JNU_OVERNIGHT_OVERREACTION_G1_V1
2023-05-03,-0.01295466774219156,0.0029511348560068698,0.0029511348560068698,1,1,1.0,6f49c51a794ccd72f7c5f3f07acad8e0604da64184ec5fda14a14a8bb42e9a84,JNU_OVERNIGHT_OVERREACTION_G1_V1
2023-05-04,-0.008353685892089673,0.00418556592917936,0.00418556592917936,1,1,1.0,6f49c51a794ccd72f7c5f3f07acad8e0604da64184ec5fda14a14a8bb42e9a84,JNU_OVERNIGHT_OVERREACTION_G1_V1
2023-05-05,-0.002265006630852125,0.002960900883013353,0.002960900883013353,1,1,1.0,6f49c51a794ccd72f7c5f3f07acad8e0604da64184ec5fda14a14a8bb42e9a84,JNU_OVERNIGHT_OVERREACTION_G1_V1
2023-05-08,0.010895049405066982,-0.0032733253449691376,0.0032733253449691376,1,1,1.0,6f49c51a794ccd72f7c5f3f07acad8e0604da64184ec5fda14a14a8bb42e9a84,JNU_OVERNIGHT_OVERREACTION_G1_V1
2023-05-09,0.002586431306497643,0.0032665721473301235,-0.0032665721473301235,1,0,1.0,6f49c51a794ccd72f7c5f3f07acad8e0604da64184ec5fda14a14a8bb42e9a84,JNU_OVERNIGHT_OVERREACTION_G1_V1
2023-05-10,0.00017104250447921341,-0.004284863870101946,0.004284863870101946,1,1,1.0,6f49c51a794ccd72f7c5f3f07acad8e0604da64184ec5fda14a14a8bb42e9a84,JNU_OVERNIGHT_OVERREACTION_G1_V1
2023-05-11,-0.0029217172971172352,0.0005162178553935903,0.0005162178553935903,1,1,1.0,6f49c51a794ccd72f7c5f3f07acad8e0604da64184ec5fda14a14a8bb42e9a84,JNU_OVERNIGHT_OVERREACTION_G1_V1
2023-05-12,0.0003433476428581242,0.00905602088287502,-0.00905602088287502,1,0,1.0,6f49c51a794ccd72f7c5f3f07acad8e0604da64184ec5fda14a14a8bb42e9a84,JNU_OVERNIGHT_OVERREACTION_G1_V1
2023-05-15,0.00423909070576672,-0.0011851351594545604,0.0011851351594545604,1,1,1.0,6f49c51a794ccd72f7c5f3f07acad8e0604da64184ec5fda14a14a8bb42e9a84,JNU_OVERNIGHT_OVERREACTION_G1_V1
2023-05-16,0.0065562981762291445,-0.0006704659989676872,0.0006704659989676872,1,1,1.0,6f49c51a794ccd72f7c5f3f07acad8e0604da64184ec5fda14a14a8bb42e9a84,JNU_OVERNIGHT_OVERREACTION_G1_V1
2023-05-17,0.002511512412660994,0.004671346499293293,-0.004671346499293293,1,0,1.0,6f49c51a794ccd72f7c5f3f07acad8e0604da64184ec5fda14a14a8bb42e9a84,JNU_OVERNIGHT_OVERREACTION_G1_V1
2023-05-18,0.014690368996020482,-0.0014757729988406365,0.0014757729988406365,1,1,1.0,6f49c51a794ccd72f7c5f3f07acad8e0604da64184ec5fda14a14a8bb42e9a84,JNU_OVERNIGHT_OVERREACTION_G1_V1
2023-05-19,0.010406597981212757,-0.002267207448896163,0.002267207448896163,1,1,1.0,6f49c51a794ccd72f7c5f3f07acad8e0604da64184ec5fda14a14a8bb42e9a84,JNU_OVERNIGHT_OVERREACTION_G1_V1
2023-05-22,-0.0032441228776241135,0.0009743423960168483,0.0009743423960168483,1,1,1.0,6f49c51a794ccd72f7c5f3f07acad8e0604da64184ec5fda14a14a8bb42e9a84,JNU_OVERNIGHT_OVERREACTION_G1_V1
2023-05-23,0.006096601588374485,0.0014385042039433073,-0.0014385042039433073,1,0,1.0,6f49c51a794ccd72f7c5f3f07acad8e0604da64184ec5fda14a14a8bb42e9a84,JNU_OVERNIGHT_OVERREACTION_G1_V1
2023-05-24,-0.006331703919791386,-0.0011407155152044419,-0.0011407155152044419,1,0,1.0,6f49c51a794ccd72f7c5f3f07acad8e0604da64184ec5fda14a14a8bb42e9a84,JNU_OVERNIGHT_OVERREACTION_G1_V1
2023-05-25,-0.00032610468249206294,0.0032562711937752136,0.0032562711937752136,1,1,1.0,6f49c51a794ccd72f7c5f3f07acad8e0604da64184ec5fda14a14a8bb42e9a84,JNU_OVERNIGHT_OVERREACTION_G1_V1
2023-05-26,0.005985620070939756,0.0003225286272112579,-0.0003225286272112579,1,0,1.0,6f49c51a794ccd72f7c5f3f07acad8e0604da64184ec5fda14a14a8bb42e9a84,JNU_OVERNIGHT_OVERREACTION_G1_V1
2023-05-29,0.022217808334605446,-0.009210800389682758,0.009210800389682758,1,1,1.0,6f49c51a794ccd72f7c5f3f07acad8e0604da64184ec5fda14a14a8bb42e9a84,JNU_OVERNIGHT_OVERREACTION_G1_V1
2023-05-30,0.0,-0.005772021797122289,0.0,0,0,1.0,6f49c51a794ccd72f7c5f3f07acad8e0604da64184ec5fda14a14a8bb42e9a84,JNU_OVERNIGHT_OVERREACTION_G1_V1
2023-05-31,-0.007520637095189784,-0.002412158442250446,-0.002412158442250446,1,0,1.0,6f49c51a794ccd72f7c5f3f07acad8e0604da64184ec5fda14a14a8bb42e9a84,JNU_OVERNIGHT_OVERREACTION_G1_V1
2023-06-01,-0.0008110958348796023,0.004856736112949754,0.004856736112949754,1,1,1.0,6f49c51a794ccd72f7c5f3f07acad8e0604da64184ec5fda14a14a8bb42e9a84,JNU_OVERNIGHT_OVERREACTION_G1_V1
2023-06-02,0.006402070522022409,0.00031903015105494496,-0.00031903015105494496,1,0,1.0,6f49c51a794ccd72f7c5f3f07acad8e0604da64184ec5fda14a14a8bb42e9a84,JNU_OVERNIGHT_OVERREACTION_G1_V1
2023-06-05,0.013387080782459279,0.0009382330633528094,-0.0009382330633528094,1,0,1.0,6f49c51a794ccd72f7c5f3f07acad8e0604da64184ec5fda14a14a8bb42e9a84,JNU_OVERNIGHT_OVERREACTION_G1_V1
2023-06-06,-0.008557033932979618,0.00917651668470955,0.00917651668470955,1,1,1.0,6f49c51a794ccd72f7c5f3f07acad8e0604da64184ec5fda14a14a8bb42e9a84,JNU_OVERNIGHT_OVERREACTION_G1_V1
2023-06-07,0.006310140214589766,-0.012504987344890988,0.012504987344890988,1,1,1.0,6f49c51a794ccd72f7c5f3f07acad8e0604da64184ec5fda14a14a8bb42e9a84,JNU_OVERNIGHT_OVERREACTION_G1_V1
2023-06-08,0.0,0.0007844983535628845,0.0,0,0,1.0,6f49c51a794ccd72f7c5f3f07acad8e0604da64184ec5fda14a14a8bb42e9a84,JNU_OVERNIGHT_OVERREACTION_G1_V1
2023-06-09,0.008486613877318725,0.0051510298862119195,-0.0051510298862119195,1,0,1.0,6f49c51a794ccd72f7c5f3f07acad8e0604da64184ec5fda14a14a8bb42e9a84,JNU_OVERNIGHT_OVERREACTION_G1_V1
2023-06-12,0.006044187327327155,0.002623255882840749,-0.002623255882840749,1,0,1.0,6f49c51a794ccd72f7c5f3f07acad8e0604da64184ec5fda14a14a8bb42e9a84,JNU_OVERNIGHT_OVERREACTION_G1_V1
2023-06-13,0.007844383837691597,0.008543148832659176,-0.008543148832659176,1,0,1.0,6f49c51a794ccd72f7c5f3f07acad8e0604da64184ec5fda14a14a8bb42e9a84,JNU_OVERNIGHT_OVERREACTION_G1_V1
2023-06-14,0.010841846901443202,-0.002549300323434033,0.002549300323434033,1,1,1.0,6f49c51a794ccd72f7c5f3f07acad8e0604da64184ec5fda14a14a8bb42e9a84,JNU_OVERNIGHT_OVERREACTION_G1_V1
2023-06-15,0.002085506491021361,-0.004324814734378324,0.004324814734378324,1,1,1.0,6f49c51a794ccd72f7c5f3f07acad8e0604da64184ec5fda14a14a8bb42e9a84,JNU_OVERNIGHT_OVERREACTION_G1_V1
2023-06-16,-0.0010478258574155353,-0.006310117091560896,-0.006310117091560896,1,0,1.0,6f49c51a794ccd72f7c5f3f07acad8e0604da64184ec5fda14a14a8bb42e9a84,JNU_OVERNIGHT_OVERREACTION_G1_V1
2023-06-19,0.005342844410495446,-0.007428350901516842,0.007428350901516842,1,1,1.0,6f49c51a794ccd72f7c5f3f07acad8e0604da64184ec5fda14a14a8bb42e9a84,JNU_OVERNIGHT_OVERREACTION_G1_V1
2023-06-20,-0.0008996851708976849,-0.0009004953332502063,-0.0009004953332502063,1,0,1.0,6f49c51a794ccd72f7c5f3f07acad8e0604da64184ec5fda14a14a8bb42e9a84,JNU_OVERNIGHT_OVERREACTION_G1_V1
2023-06-21,-0.007833724905763777,0.009033485097667826,0.009033485097667826,1,1,1.0,6f49c51a794ccd72f7c5f3f07acad8e0604da64184ec5fda14a14a8bb42e9a84,JNU_OVERNIGHT_OVERREACTION_G1_V1
2023-06-22,-0.00343514638445295,-0.00014962220421421143,-0.00014962220421421143,1,0,1.0,6f49c51a794ccd72f7c5f3f07acad8e0604da64184ec5fda14a14a8bb42e9a84,JNU_OVERNIGHT_OVERREACTION_G1_V1
2023-06-23,0.00674918197492833,-0.020843527589368773,0.020843527589368773,1,1,1.0,6f49c51a794ccd72f7c5f3f07acad8e0604da64184ec5fda14a14a8bb42e9a84,JNU_OVERNIGHT_OVERREACTION_G1_V1
2023-06-26,-0.004594188785054846,0.0065784678456481584,0.0065784678456481584,1,1,1.0,6f49c51a794ccd72f7c5f3f07acad8e0604da64184ec5fda14a14a8bb42e9a84,JNU_OVERNIGHT_OVERREACTION_G1_V1
2023-06-27,-0.005217136277286959,-0.004626068388782191,-0.004626068388782191,1,0,1.0,6f49c51a794ccd72f7c5f3f07acad8e0604da64184ec5fda14a14a8bb42e9a84,JNU_OVERNIGHT_OVERREACTION_G1_V1
2023-06-28,0.0032181469808933833,0.00015298707289079037,-0.00015298707289079037,1,0,1.0,6f49c51a794ccd72f7c5f3f07acad8e0604da64184ec5fda14a14a8bb42e9a84,JNU_OVERNIGHT_OVERREACTION_G1_V1
2023-06-29,0.0061742534821254465,0.005390041496870731,-0.005390041496870731,1,0,1.0,6f49c51a794ccd72f7c5f3f07acad8e0604da64184ec5fda14a14a8bb42e9a84,JNU_OVERNIGHT_OVERREACTION_G1_V1
2023-06-30,-0.003772735177421204,-0.00196746185296732,-0.00196746185296732,1,0,1.0,6f49c51a794ccd72f7c5f3f07acad8e0604da64184ec5fda14a14a8bb42e9a84,JNU_OVERNIGHT_OVERREACTION_G1_V1
2023-07-03,0.009455980402404253,0.006848322135080893,-0.006848322135080893,1,0,1.0,6f49c51a794ccd72f7c5f3f07acad8e0604da64184ec5fda14a14a8bb42e9a84,JNU_OVERNIGHT_OVERREACTION_G1_V1
2023-07-04,-0.004612073934485992,-0.004933114122567309,-0.004933114122567309,1,0,1.0,6f49c51a794ccd72f7c5f3f07acad8e0604da64184ec5fda14a14a8bb42e9a84,JNU_OVERNIGHT_OVERREACTION_G1_V1
2023-07-05,-0.004361893055539408,0.003310762994046696,0.003310762994046696,1,1,1.0,6f49c51a794ccd72f7c5f3f07acad8e0604da64184ec5fda14a14a8bb42e9a84,JNU_OVERNIGHT_OVERREACTION_G1_V1
2023-07-06,-0.008295047940398878,-0.0022742788970404712,-0.0022742788970404712,1,0,1.0,6f49c51a794ccd72f7c5f3f07acad8e0604da64184ec5fda14a14a8bb42e9a84,JNU_OVERNIGHT_OVERREACTION_G1_V1
2023-07-07,-0.012139987744093889,0.0057041702496082565,0.0057041702496082565,1,1,1.0,6f49c51a794ccd72f7c5f3f07acad8e0604da64184ec5fda14a14a8bb42e9a84,JNU_OVERNIGHT_OVERREACTION_G1_V1
2023-07-10,-0.0029296143071741595,-0.008840693485747588,-0.008840693485747588,1,0,1.0,6f49c51a794ccd72f7c5f3f07acad8e0604da64184ec5fda14a14a8bb42e9a84,JNU_OVERNIGHT_OVERREACTION_G1_V1
2023-07-11,0.0057333387081006,-0.0009275004529492059,0.0009275004529492059,1,1,1.0,6f49c51a794ccd72f7c5f3f07acad8e0604da64184ec5fda14a14a8bb42e9a84,JNU_OVERNIGHT_OVERREACTION_G1_V1
2023-07-12,0.003715174551863378,-0.016199731214108632,0.016199731214108632,1,1,1.0,6f49c51a794ccd72f7c5f3f07acad8e0604da64184ec5fda14a14a8bb42e9a84,JNU_OVERNIGHT_OVERREACTION_G1_V1
2023-07-13,0.0068621604273911355,0.002793731446127911,-0.002793731446127911,1,0,1.0,6f49c51a794ccd72f7c5f3f07acad8e0604da64184ec5fda14a14a8bb42e9a84,JNU_OVERNIGHT_OVERREACTION_G1_V1
2023-07-14,0.00857323071048831,-0.015825789311667775,0.015825789311667775,1,1,1.0,6f49c51a794ccd72f7c5f3f07acad8e0604da64184ec5fda14a14a8bb42e9a84,JNU_OVERNIGHT_OVERREACTION_G1_V1
2023-07-17,-0.0037140246963714815,-0.001551590691418833,-0.001551590691418833,1,0,1.0,6f49c51a794ccd72f7c5f3f07acad8e0604da64184ec5fda14a14a8bb42e9a84,JNU_OVERNIGHT_OVERREACTION_G1_V1
2023-07-18,0.0060385721930911,0.0024668529315165872,-0.0024668529315165872,1,0,1.0,6f49c51a794ccd72f7c5f3f07acad8e0604da64184ec5fda14a14a8bb42e9a84,JNU_OVERNIGHT_OVERREACTION_G1_V1
2023-07-19,0.013028002489479901,-0.002134147151475779,0.002134147151475779,1,1,1.0,6f49c51a794ccd72f7c5f3f07acad8e0604da64184ec5fda14a14a8bb42e9a84,JNU_OVERNIGHT_OVERREACTION_G1_V1
2023-07-20,-0.00547529884968019,-0.0033608342052970867,-0.0033608342052970867,1,0,1.0,6f49c51a794ccd72f7c5f3f07acad8e0604da64184ec5fda14a14a8bb42e9a84,JNU_OVERNIGHT_OVERREACTION_G1_V1
2023-07-21,-0.00494744361046727,0.00340399524109029,0.00340399524109029,1,1,1.0,6f49c51a794ccd72f7c5f3f07acad8e0604da64184ec5fda14a14a8bb42e9a84,JNU_OVERNIGHT_OVERREACTION_G1_V1
