trading_date,fx_observation_date,fx_overnight_return,day_session_return,signal_payoff,accuracy_denominator,correct,day_session_minute_coverage,source_file_sha256,transform_version
2018-08-01,2018-07-31,0.004299540840575204,0.004846892061977272,-0.004846892061977272,1,0,1.0,339df2f7d1229e397d34f9c8be19d481e01c86be8edf0415213f1f27a125b2ac,PRIOR_NIGHT_USDJPY_TO_JNU_DAY_G1_V1
2018-08-02,2018-08-01,-0.0035739852196115603,-0.0070890859578187256,-0.0070890859578187256,1,0,1.0,339df2f7d1229e397d34f9c8be19d481e01c86be8edf0415213f1f27a125b2ac,PRIOR_NIGHT_USDJPY_TO_JNU_DAY_G1_V1
2018-08-03,2018-08-02,-0.0011654490538760614,-0.004656843985104527,-0.004656843985104527,1,0,1.0,339df2f7d1229e397d34f9c8be19d481e01c86be8edf0415213f1f27a125b2ac,PRIOR_NIGHT_USDJPY_TO_JNU_DAY_G1_V1
2018-08-06,2018-08-03,-0.006726784412750775,-0.0019980026626731087,-0.0019980026626731087,1,0,1.0,339df2f7d1229e397d34f9c8be19d481e01c86be8edf0415213f1f27a125b2ac,PRIOR_NIGHT_USDJPY_TO_JNU_DAY_G1_V1
2018-08-07,2018-08-06,0.0014369108893535281,0.003764814545362739,-0.003764814545362739,1,0,1.0,339df2f7d1229e397d34f9c8be19d481e01c86be8edf0415213f1f27a125b2ac,PRIOR_NIGHT_USDJPY_TO_JNU_DAY_G1_V1
2018-08-08,2018-08-07,-0.0015277468709517248,-0.00044179368953618103,-0.00044179368953618103,1,0,1.0,339df2f7d1229e397d34f9c8be19d481e01c86be8edf0415213f1f27a125b2ac,PRIOR_NIGHT_USDJPY_TO_JNU_DAY_G1_V1
2018-08-09,2018-08-08,9.012662797303892e-05,0.0006643782771231264,-0.0006643782771231264,1,0,1.0,339df2f7d1229e397d34f9c8be19d481e01c86be8edf0415213f1f27a125b2ac,PRIOR_NIGHT_USDJPY_TO_JNU_DAY_G1_V1
2018-08-10,2018-08-09,-0.0013516559841149688,-0.010926633406974421,-0.010926633406974421,1,0,1.0,339df2f7d1229e397d34f9c8be19d481e01c86be8edf0415213f1f27a125b2ac,PRIOR_NIGHT_USDJPY_TO_JNU_DAY_G1_V1
2018-08-13,2018-08-10,-9.036280673032335e-05,-0.011812949726710353,-0.011812949726710353,1,0,1.0,339df2f7d1229e397d34f9c8be19d481e01c86be8edf0415213f1f27a125b2ac,PRIOR_NIGHT_USDJPY_TO_JNU_DAY_G1_V1
2018-08-14,2018-08-13,0.004165917997373073,0.0130720815673527,-0.0130720815673527,1,0,1.0,339df2f7d1229e397d34f9c8be19d481e01c86be8edf0415213f1f27a125b2ac,PRIOR_NIGHT_USDJPY_TO_JNU_DAY_G1_V1
2018-08-15,2018-08-14,-0.0017114808483399812,-0.0062921555908892444,-0.0062921555908892444,1,0,1.0,339df2f7d1229e397d34f9c8be19d481e01c86be8edf0415213f1f27a125b2ac,PRIOR_NIGHT_USDJPY_TO_JNU_DAY_G1_V1
2018-08-16,2018-08-15,-0.00648767818882972,0.00974070449447818,0.00974070449447818,1,1,1.0,339df2f7d1229e397d34f9c8be19d481e01c86be8edf0415213f1f27a125b2ac,PRIOR_NIGHT_USDJPY_TO_JNU_DAY_G1_V1
2018-08-17,2018-08-16,0.0009924663601666008,-0.001571444929959814,0.001571444929959814,1,1,1.0,339df2f7d1229e397d34f9c8be19d481e01c86be8edf0415213f1f27a125b2ac,PRIOR_NIGHT_USDJPY_TO_JNU_DAY_G1_V1
2018-08-20,2018-08-17,-0.001536723466258415,-0.002926941186738449,-0.002926941186738449,1,0,1.0,339df2f7d1229e397d34f9c8be19d481e01c86be8edf0415213f1f27a125b2ac,PRIOR_NIGHT_USDJPY_TO_JNU_DAY_G1_V1
2018-08-21,2018-08-20,-0.002171946555176771,0.005188956933277308,0.005188956933277308,1,1,1.0,339df2f7d1229e397d34f9c8be19d481e01c86be8edf0415213f1f27a125b2ac,PRIOR_NIGHT_USDJPY_TO_JNU_DAY_G1_V1
2018-08-22,2018-08-21,0.0028098817490631272,0.004714342551078832,-0.004714342551078832,1,0,1.0,339df2f7d1229e397d34f9c8be19d481e01c86be8edf0415213f1f27a125b2ac,PRIOR_NIGHT_USDJPY_TO_JNU_DAY_G1_V1
2018-08-23,2018-08-22,0.0010861695492184362,-0.0006695681535722385,0.0006695681535722385,1,1,1.0,339df2f7d1229e397d34f9c8be19d481e01c86be8edf0415213f1f27a125b2ac,PRIOR_NIGHT_USDJPY_TO_JNU_DAY_G1_V1
2018-08-24,2018-08-23,0.0030638935385918025,0.004659944081077206,-0.004659944081077206,1,0,1.0,339df2f7d1229e397d34f9c8be19d481e01c86be8edf0415213f1f27a125b2ac,PRIOR_NIGHT_USDJPY_TO_JNU_DAY_G1_V1
2018-08-27,2018-08-24,-0.001617105733765731,0.005061073626223494,0.005061073626223494,1,1,1.0,339df2f7d1229e397d34f9c8be19d481e01c86be8edf0415213f1f27a125b2ac,PRIOR_NIGHT_USDJPY_TO_JNU_DAY_G1_V1
2018-08-28,2018-08-27,-0.0006299212806719231,-0.006338126342890458,-0.006338126342890458,1,0,1.0,339df2f7d1229e397d34f9c8be19d481e01c86be8edf0415213f1f27a125b2ac,PRIOR_NIGHT_USDJPY_TO_JNU_DAY_G1_V1
2018-08-29,2018-08-28,-0.0009901436517112455,0.0004379242461053669,0.0004379242461053669,1,1,1.0,339df2f7d1229e397d34f9c8be19d481e01c86be8edf0415213f1f27a125b2ac,PRIOR_NIGHT_USDJPY_TO_JNU_DAY_G1_V1
2018-08-30,2018-08-29,0.00547111100584094,-0.007187224666105515,0.007187224666105515,1,1,1.0,339df2f7d1229e397d34f9c8be19d481e01c86be8edf0415213f1f27a125b2ac,PRIOR_NIGHT_USDJPY_TO_JNU_DAY_G1_V1
2018-08-31,2018-08-30,-0.004039684114763898,0.0057055234872631115,0.0057055234872631115,1,1,1.0,339df2f7d1229e397d34f9c8be19d481e01c86be8edf0415213f1f27a125b2ac,PRIOR_NIGHT_USDJPY_TO_JNU_DAY_G1_V1
2018-09-03,2018-08-31,0.00153298194952121,-0.005489090519495223,0.005489090519495223,1,1,1.0,339df2f7d1229e397d34f9c8be19d481e01c86be8edf0415213f1f27a125b2ac,PRIOR_NIGHT_USDJPY_TO_JNU_DAY_G1_V1
2018-09-04,2018-08-31,0.00153298194952121,-0.0008789277647779862,0.0008789277647779862,1,1,1.0,339df2f7d1229e397d34f9c8be19d481e01c86be8edf0415213f1f27a125b2ac,PRIOR_NIGHT_USDJPY_TO_JNU_DAY_G1_V1
2018-09-05,2018-09-04,-0.00017945266983998112,-0.004641405171755937,-0.004641405171755937,1,0,1.0,339df2f7d1229e397d34f9c8be19d481e01c86be8edf0415213f1f27a125b2ac,PRIOR_NIGHT_USDJPY_TO_JNU_DAY_G1_V1
2018-09-06,2018-09-05,8.971426014189638e-05,-0.0004448398649867772,0.0004448398649867772,1,1,1.0,339df2f7d1229e397d34f9c8be19d481e01c86be8edf0415213f1f27a125b2ac,PRIOR_NIGHT_USDJPY_TO_JNU_DAY_G1_V1
2018-09-07,2018-09-06,-0.004050592873429695,0.0017897096499717093,0.0017897096499717093,1,1,1.0,339df2f7d1229e397d34f9c8be19d481e01c86be8edf0415213f1f27a125b2ac,PRIOR_NIGHT_USDJPY_TO_JNU_DAY_G1_V1
2018-09-10,2018-09-07,0.0038751006000785223,0.005823084763264733,-0.005823084763264733,1,0,1.0,339df2f7d1229e397d34f9c8be19d481e01c86be8edf0415213f1f27a125b2ac,PRIOR_NIGHT_USDJPY_TO_JNU_DAY_G1_V1
2018-09-11,2018-09-10,0.0009005764297429368,0.008199491921863743,-0.008199491921863743,1,0,1.0,339df2f7d1229e397d34f9c8be19d481e01c86be8edf0415213f1f27a125b2ac,PRIOR_NIGHT_USDJPY_TO_JNU_DAY_G1_V1
2018-09-12,2018-09-11,0.0,-0.002649008171576953,0.0,0,0,1.0,339df2f7d1229e397d34f9c8be19d481e01c86be8edf0415213f1f27a125b2ac,PRIOR_NIGHT_USDJPY_TO_JNU_DAY_G1_V1
2018-09-13,2018-09-12,-0.0017954937941462305,0.007477492504886548,0.007477492504886548,1,1,1.0,339df2f7d1229e397d34f9c8be19d481e01c86be8edf0415213f1f27a125b2ac,PRIOR_NIGHT_USDJPY_TO_JNU_DAY_G1_V1
2018-09-14,2018-09-13,0.00393912774347815,0.005465091752838648,-0.005465091752838648,1,0,1.0,339df2f7d1229e397d34f9c8be19d481e01c86be8edf0415213f1f27a125b2ac,PRIOR_NIGHT_USDJPY_TO_JNU_DAY_G1_V1
2018-09-18,2018-09-14,0.0023222589929071183,0.015369931316592053,-0.015369931316592053,1,0,1.0,339df2f7d1229e397d34f9c8be19d481e01c86be8edf0415213f1f27a125b2ac,PRIOR_NIGHT_USDJPY_TO_JNU_DAY_G1_V1
2018-09-19,2018-09-18,0.002942883472291847,-0.004878575801805183,0.004878575801805183,1,1,1.0,339df2f7d1229e397d34f9c8be19d481e01c86be8edf0415213f1f27a125b2ac,PRIOR_NIGHT_USDJPY_TO_JNU_DAY_G1_V1
2018-09-20,2018-09-19,-0.0010688519767030902,-0.005526050194254226,-0.005526050194254226,1,0,1.0,339df2f7d1229e397d34f9c8be19d481e01c86be8edf0415213f1f27a125b2ac,PRIOR_NIGHT_USDJPY_TO_JNU_DAY_G1_V1
2018-09-21,2018-09-20,0.003291964359105761,0.001686341040436412,-0.001686341040436412,1,0,1.0,339df2f7d1229e397d34f9c8be19d481e01c86be8edf0415213f1f27a125b2ac,PRIOR_NIGHT_USDJPY_TO_JNU_DAY_G1_V1
2018-09-25,2018-09-21,-0.000798828427514661,0.0029510982631696277,0.0029510982631696277,1,1,1.0,339df2f7d1229e397d34f9c8be19d481e01c86be8edf0415213f1f27a125b2ac,PRIOR_NIGHT_USDJPY_TO_JNU_DAY_G1_V1
2018-09-26,2018-09-25,-0.00044285019102043634,0.006270923560021194,0.006270923560021194,1,1,1.0,339df2f7d1229e397d34f9c8be19d481e01c86be8edf0415213f1f27a125b2ac,PRIOR_NIGHT_USDJPY_TO_JNU_DAY_G1_V1
2018-09-27,2018-09-26,0.0005314908442945724,-0.0029337824898556858,0.0029337824898556858,1,1,1.0,339df2f7d1229e397d34f9c8be19d481e01c86be8edf0415213f1f27a125b2ac,PRIOR_NIGHT_USDJPY_TO_JNU_DAY_G1_V1
2018-09-28,2018-09-27,0.006814487187223314,0.0029063753072145616,-0.0029063753072145616,1,0,1.0,339df2f7d1229e397d34f9c8be19d481e01c86be8edf0415213f1f27a125b2ac,PRIOR_NIGHT_USDJPY_TO_JNU_DAY_G1_V1
2018-10-01,2018-09-28,0.00035254715683339635,0.002476270353263284,-0.002476270353263284,1,0,1.0,339df2f7d1229e397d34f9c8be19d481e01c86be8edf0415213f1f27a125b2ac,PRIOR_NIGHT_USDJPY_TO_JNU_DAY_G1_V1
2018-10-02,2018-10-01,-0.0007017544147638182,-0.004930166107858721,-0.004930166107858721,1,0,1.0,339df2f7d1229e397d34f9c8be19d481e01c86be8edf0415213f1f27a125b2ac,PRIOR_NIGHT_USDJPY_TO_JNU_DAY_G1_V1
2018-10-03,2018-10-02,-0.0014067173060023697,-0.0033085224555607327,-0.0033085224555607327,1,0,1.0,339df2f7d1229e397d34f9c8be19d481e01c86be8edf0415213f1f27a125b2ac,PRIOR_NIGHT_USDJPY_TO_JNU_DAY_G1_V1
2018-10-04,2018-10-03,0.0027184653037197752,-0.01493184109379918,0.01493184109379918,1,1,1.0,339df2f7d1229e397d34f9c8be19d481e01c86be8edf0415213f1f27a125b2ac,PRIOR_NIGHT_USDJPY_TO_JNU_DAY_G1_V1
2018-10-05,2018-10-04,-0.0044719264318476065,0.002522069432709939,0.002522069432709939,1,1,1.0,339df2f7d1229e397d34f9c8be19d481e01c86be8edf0415213f1f27a125b2ac,PRIOR_NIGHT_USDJPY_TO_JNU_DAY_G1_V1
2018-10-09,2018-10-05,-0.002462622176826542,-0.0031884393044275803,-0.0031884393044275803,1,0,1.0,339df2f7d1229e397d34f9c8be19d481e01c86be8edf0415213f1f27a125b2ac,PRIOR_NIGHT_USDJPY_TO_JNU_DAY_G1_V1
2018-10-10,2018-10-09,-0.0015898254540997624,0.0,0.0,0,0,1.0,339df2f7d1229e397d34f9c8be19d481e01c86be8edf0415213f1f27a125b2ac,PRIOR_NIGHT_USDJPY_TO_JNU_DAY_G1_V1
2018-10-11,2018-10-10,-0.0032773845714024223,-0.0063940246503909485,-0.0063940246503909485,1,0,1.0,339df2f7d1229e397d34f9c8be19d481e01c86be8edf0415213f1f27a125b2ac,PRIOR_NIGHT_USDJPY_TO_JNU_DAY_G1_V1
2018-10-12,2018-10-11,0.0002672724858888524,0.002875790058477521,-0.002875790058477521,1,0,1.0,339df2f7d1229e397d34f9c8be19d481e01c86be8edf0415213f1f27a125b2ac,PRIOR_NIGHT_USDJPY_TO_JNU_DAY_G1_V1
2018-10-15,2018-10-12,-0.00276354087179169,-0.011387864497823984,-0.011387864497823984,1,0,1.0,339df2f7d1229e397d34f9c8be19d481e01c86be8edf0415213f1f27a125b2ac,PRIOR_NIGHT_USDJPY_TO_JNU_DAY_G1_V1
2018-10-16,2018-10-15,0.00017887487750036668,0.010508760767485128,-0.010508760767485128,1,0,1.0,339df2f7d1229e397d34f9c8be19d481e01c86be8edf0415213f1f27a125b2ac,PRIOR_NIGHT_USDJPY_TO_JNU_DAY_G1_V1
2018-10-17,2018-10-16,0.00053509320816569,0.0006560962509819748,-0.0006560962509819748,1,0,1.0,339df2f7d1229e397d34f9c8be19d481e01c86be8edf0415213f1f27a125b2ac,PRIOR_NIGHT_USDJPY_TO_JNU_DAY_G1_V1
2018-10-18,2018-10-17,-0.0002673201174306686,-0.01253452364835419,-0.01253452364835419,1,0,1.0,339df2f7d1229e397d34f9c8be19d481e01c86be8edf0415213f1f27a125b2ac,PRIOR_NIGHT_USDJPY_TO_JNU_DAY_G1_V1
2018-10-19,2018-10-18,-0.0045387876609702445,0.008250687901468495,0.008250687901468495,1,1,1.0,339df2f7d1229e397d34f9c8be19d481e01c86be8edf0415213f1f27a125b2ac,PRIOR_NIGHT_USDJPY_TO_JNU_DAY_G1_V1
2018-10-22,2018-10-19,0.0007112375833249435,0.010443378995045542,-0.010443378995045542,1,0,1.0,339df2f7d1229e397d34f9c8be19d481e01c86be8edf0415213f1f27a125b2ac,PRIOR_NIGHT_USDJPY_TO_JNU_DAY_G1_V1
2018-10-23,2018-10-22,0.00017735213312424248,-0.021845255592565584,0.021845255592565584,1,1,1.0,339df2f7d1229e397d34f9c8be19d481e01c86be8edf0415213f1f27a125b2ac,PRIOR_NIGHT_USDJPY_TO_JNU_DAY_G1_V1
2018-10-24,2018-10-23,-0.0018712413568902722,-0.002939515966266928,-0.002939515966266928,1,0,1.0,339df2f7d1229e397d34f9c8be19d481e01c86be8edf0415213f1f27a125b2ac,PRIOR_NIGHT_USDJPY_TO_JNU_DAY_G1_V1
2018-10-25,2018-10-24,0.0006219734528999045,-0.001172470529437491,0.001172470529437491,1,1,1.0,339df2f7d1229e397d34f9c8be19d481e01c86be8edf0415213f1f27a125b2ac,PRIOR_NIGHT_USDJPY_TO_JNU_DAY_G1_V1
2018-10-26,2018-10-25,0.0020458090301881927,-0.012402171368382576,0.012402171368382576,1,1,1.0,339df2f7d1229e397d34f9c8be19d481e01c86be8edf0415213f1f27a125b2ac,PRIOR_NIGHT_USDJPY_TO_JNU_DAY_G1_V1
2018-10-29,2018-10-26,-0.0033084484955192904,-0.009898737437414548,-0.009898737437414548,1,0,1.0,339df2f7d1229e397d34f9c8be19d481e01c86be8edf0415213f1f27a125b2ac,PRIOR_NIGHT_USDJPY_TO_JNU_DAY_G1_V1
2018-10-30,2018-10-29,0.004990652903558348,0.018124539921549904,-0.018124539921549904,1,0,1.0,339df2f7d1229e397d34f9c8be19d481e01c86be8edf0415213f1f27a125b2ac,PRIOR_NIGHT_USDJPY_TO_JNU_DAY_G1_V1
2018-10-31,2018-10-30,-0.0004433213709171449,0.010793536868181597,0.010793536868181597,1,1,1.0,339df2f7d1229e397d34f9c8be19d481e01c86be8edf0415213f1f27a125b2ac,PRIOR_NIGHT_USDJPY_TO_JNU_DAY_G1_V1
2018-11-01,2018-10-31,-0.003008053228088539,-0.008991415042689447,-0.008991415042689447,1,0,1.0,339df2f7d1229e397d34f9c8be19d481e01c86be8edf0415213f1f27a125b2ac,PRIOR_NIGHT_USDJPY_TO_JNU_DAY_G1_V1
2018-11-02,2018-11-01,-0.0009747885037908818,0.024383115239730607,0.024383115239730607,1,1,1.0,339df2f7d1229e397d34f9c8be19d481e01c86be8edf0415213f1f27a125b2ac,PRIOR_NIGHT_USDJPY_TO_JNU_DAY_G1_V1
2018-11-05,2018-11-02,0.001061665144398167,-0.0015990865771853325,0.0015990865771853325,1,1,1.0,339df2f7d1229e397d34f9c8be19d481e01c86be8edf0415213f1f27a125b2ac,PRIOR_NIGHT_USDJPY_TO_JNU_DAY_G1_V1
2018-11-06,2018-11-05,0.00026500596418505484,0.0056554839123031265,-0.0056554839123031265,1,0,1.0,339df2f7d1229e397d34f9c8be19d481e01c86be8edf0415213f1f27a125b2ac,PRIOR_NIGHT_USDJPY_TO_JNU_DAY_G1_V1
2018-11-07,2018-11-06,0.0003528581546844402,-0.004514680354526583,0.004514680354526583,1,1,1.0,339df2f7d1229e397d34f9c8be19d481e01c86be8edf0415213f1f27a125b2ac,PRIOR_NIGHT_USDJPY_TO_JNU_DAY_G1_V1
2018-11-08,2018-11-07,0.0022085790151621073,-0.0013342230131366103,0.0013342230131366103,1,1,1.0,339df2f7d1229e397d34f9c8be19d481e01c86be8edf0415213f1f27a125b2ac,PRIOR_NIGHT_USDJPY_TO_JNU_DAY_G1_V1
2018-11-09,2018-11-08,0.0014940460660233113,-0.0076114090317646824,0.0076114090317646824,1,1,1.0,339df2f7d1229e397d34f9c8be19d481e01c86be8edf0415213f1f27a125b2ac,PRIOR_NIGHT_USDJPY_TO_JNU_DAY_G1_V1
2018-11-12,2018-11-09,-0.0007029259581234213,0.006987518569192156,0.006987518569192156,1,1,1.0,339df2f7d1229e397d34f9c8be19d481e01c86be8edf0415213f1f27a125b2ac,PRIOR_NIGHT_USDJPY_TO_JNU_DAY_G1_V1
2018-11-13,2018-11-09,-0.0007029259581234213,-0.001146657619044424,-0.001146657619044424,1,0,1.0,339df2f7d1229e397d34f9c8be19d481e01c86be8edf0415213f1f27a125b2ac,PRIOR_NIGHT_USDJPY_TO_JNU_DAY_G1_V1
2018-11-14,2018-11-13,-0.0008770391721626066,0.0,0.0,0,0,1.0,339df2f7d1229e397d34f9c8be19d481e01c86be8edf0415213f1f27a125b2ac,PRIOR_NIGHT_USDJPY_TO_JNU_DAY_G1_V1
2018-11-15,2018-11-14,-0.001757469696646086,0.005518524007400225,0.005518524007400225,1,1,1.0,339df2f7d1229e397d34f9c8be19d481e01c86be8edf0415213f1f27a125b2ac,PRIOR_NIGHT_USDJPY_TO_JNU_DAY_G1_V1
2018-11-16,2018-11-15,-0.0006167672780212036,-0.008045095684831534,-0.008045095684831534,1,0,1.0,339df2f7d1229e397d34f9c8be19d481e01c86be8edf0415213f1f27a125b2ac,PRIOR_NIGHT_USDJPY_TO_JNU_DAY_G1_V1
2018-11-19,2018-11-16,-0.004777501788048774,0.00712564789524694,0.00712564789524694,1,1,1.0,339df2f7d1229e397d34f9c8be19d481e01c86be8edf0415213f1f27a125b2ac,PRIOR_NIGHT_USDJPY_TO_JNU_DAY_G1_V1
2018-11-20,2018-11-19,-0.001864264377654778,0.0013927578853034758,0.0013927578853034758,1,1,1.0,339df2f7d1229e397d34f9c8be19d481e01c86be8edf0415213f1f27a125b2ac,PRIOR_NIGHT_USDJPY_TO_JNU_DAY_G1_V1
2018-11-21,2018-11-20,0.001243449844911705,0.015678336828107063,-0.015678336828107063,1,0,1.0,339df2f7d1229e397d34f9c8be19d481e01c86be8edf0415213f1f27a125b2ac,PRIOR_NIGHT_USDJPY_TO_JNU_DAY_G1_V1
2018-11-22,2018-11-21,0.0016819372796097415,0.0027700848738156096,-0.0027700848738156096,1,0,1.0,339df2f7d1229e397d34f9c8be19d481e01c86be8edf0415213f1f27a125b2ac,PRIOR_NIGHT_USDJPY_TO_JNU_DAY_G1_V1
2018-11-26,2018-11-21,0.0016819372796097415,0.011518210731863883,-0.011518210731863883,1,0,1.0,339df2f7d1229e397d34f9c8be19d481e01c86be8edf0415213f1f27a125b2ac,PRIOR_NIGHT_USDJPY_TO_JNU_DAY_G1_V1
2018-11-27,2018-11-26,0.0029979742055876867,0.00022750540423459802,-0.00022750540423459802,1,0,1.0,339df2f7d1229e397d34f9c8be19d481e01c86be8edf0415213f1f27a125b2ac,PRIOR_NIGHT_USDJPY_TO_JNU_DAY_G1_V1
2018-11-28,2018-11-27,0.002110447494546062,0.006096891416312318,-0.006096891416312318,1,0,1.0,339df2f7d1229e397d34f9c8be19d481e01c86be8edf0415213f1f27a125b2ac,PRIOR_NIGHT_USDJPY_TO_JNU_DAY_G1_V1
2018-11-29,2018-11-28,0.000790062807193909,-0.006943694602989063,0.006943694602989063,1,1,1.0,339df2f7d1229e397d34f9c8be19d481e01c86be8edf0415213f1f27a125b2ac,PRIOR_NIGHT_USDJPY_TO_JNU_DAY_G1_V1
2018-11-30,2018-11-29,0.001499978222738635,0.0029131673263315012,-0.0029131673263315012,1,0,1.0,339df2f7d1229e397d34f9c8be19d481e01c86be8edf0415213f1f27a125b2ac,PRIOR_NIGHT_USDJPY_TO_JNU_DAY_G1_V1
2018-12-03,2018-11-30,0.0006167129396822981,-0.003090510186120798,0.003090510186120798,1,1,1.0,339df2f7d1229e397d34f9c8be19d481e01c86be8edf0415213f1f27a125b2ac,PRIOR_NIGHT_USDJPY_TO_JNU_DAY_G1_V1
2018-12-04,2018-12-03,0.0006167129396822981,-0.024659397907264152,0.024659397907264152,1,1,1.0,339df2f7d1229e397d34f9c8be19d481e01c86be8edf0415213f1f27a125b2ac,PRIOR_NIGHT_USDJPY_TO_JNU_DAY_G1_V1
2018-12-05,2018-12-04,-0.001769442202796486,0.007562772381699746,0.007562772381699746,1,1,1.0,339df2f7d1229e397d34f9c8be19d481e01c86be8edf0415213f1f27a125b2ac,PRIOR_NIGHT_USDJPY_TO_JNU_DAY_G1_V1
2018-12-06,2018-12-04,-0.001769442202796486,-0.012026046880274048,-0.012026046880274048,1,0,1.0,339df2f7d1229e397d34f9c8be19d481e01c86be8edf0415213f1f27a125b2ac,PRIOR_NIGHT_USDJPY_TO_JNU_DAY_G1_V1
2018-12-07,2018-12-06,-0.0055863590191800455,0.0034678106651567513,0.0034678106651567513,1,1,1.0,339df2f7d1229e397d34f9c8be19d481e01c86be8edf0415213f1f27a125b2ac,PRIOR_NIGHT_USDJPY_TO_JNU_DAY_G1_V1
2018-12-10,2018-12-07,-0.0015973026734460633,-0.00023582124858721458,-0.00023582124858721458,1,0,1.0,339df2f7d1229e397d34f9c8be19d481e01c86be8edf0415213f1f27a125b2ac,PRIOR_NIGHT_USDJPY_TO_JNU_DAY_G1_V1
2018-12-11,2018-12-10,0.0028368813351995355,-0.004955762354984877,0.004955762354984877,1,1,1.0,339df2f7d1229e397d34f9c8be19d481e01c86be8edf0415213f1f27a125b2ac,PRIOR_NIGHT_USDJPY_TO_JNU_DAY_G1_V1
2018-12-12,2018-12-11,0.0025603686789765017,0.013956960684018537,-0.013956960684018537,1,0,1.0,339df2f7d1229e397d34f9c8be19d481e01c86be8edf0415213f1f27a125b2ac,PRIOR_NIGHT_USDJPY_TO_JNU_DAY_G1_V1
2018-12-13,2018-12-12,-0.0011469408818294848,0.005510920950739164,0.005510920950739164,1,1,1.0,339df2f7d1229e397d34f9c8be19d481e01c86be8edf0415213f1f27a125b2ac,PRIOR_NIGHT_USDJPY_TO_JNU_DAY_G1_V1
2018-12-14,2018-12-13,0.0022901445753237535,-0.01747685168179808,0.01747685168179808,1,1,1.0,339df2f7d1229e397d34f9c8be19d481e01c86be8edf0415213f1f27a125b2ac,PRIOR_NIGHT_USDJPY_TO_JNU_DAY_G1_V1
2018-12-17,2018-12-14,-0.0018509546512324635,0.010297306059565546,0.010297306059565546,1,1,1.0,339df2f7d1229e397d34f9c8be19d481e01c86be8edf0415213f1f27a125b2ac,PRIOR_NIGHT_USDJPY_TO_JNU_DAY_G1_V1
2018-12-18,2018-12-17,-0.003975797082307212,-0.0021324495700760088,-0.0021324495700760088,1,0,1.0,339df2f7d1229e397d34f9c8be19d481e01c86be8edf0415213f1f27a125b2ac,PRIOR_NIGHT_USDJPY_TO_JNU_DAY_G1_V1
2018-12-19,2018-12-18,0.00017773038347699776,-0.0045308292603579116,0.0045308292603579116,1,1,1.0,339df2f7d1229e397d34f9c8be19d481e01c86be8edf0415213f1f27a125b2ac,PRIOR_NIGHT_USDJPY_TO_JNU_DAY_G1_V1
2018-12-20,2018-12-19,-0.0023156405074882687,-0.02074510026984675,-0.02074510026984675,1,0,1.0,339df2f7d1229e397d34f9c8be19d481e01c86be8edf0415213f1f27a125b2ac,PRIOR_NIGHT_USDJPY_TO_JNU_DAY_G1_V1
2018-12-21,2018-12-20,-0.004659506638080144,-0.01063182223850372,-0.01063182223850372,1,0,1.0,339df2f7d1229e397d34f9c8be19d481e01c86be8edf0415213f1f27a125b2ac,PRIOR_NIGHT_USDJPY_TO_JNU_DAY_G1_V1
2018-12-25,2018-12-21,-0.0011690123178338457,-0.013829313681523951,-0.013829313681523951,1,0,1.0,339df2f7d1229e397d34f9c8be19d481e01c86be8edf0415213f1f27a125b2ac,PRIOR_NIGHT_USDJPY_TO_JNU_DAY_G1_V1
2018-12-26,2018-12-21,-0.0011690123178338457,0.007246408520767253,0.007246408520767253,1,1,1.0,339df2f7d1229e397d34f9c8be19d481e01c86be8edf0415213f1f27a125b2ac,PRIOR_NIGHT_USDJPY_TO_JNU_DAY_G1_V1
2018-12-27,2018-12-26,0.00018109380708664283,0.0007485964167434399,-0.0007485964167434399,1,0,1.0,339df2f7d1229e397d34f9c8be19d481e01c86be8edf0415213f1f27a125b2ac,PRIOR_NIGHT_USDJPY_TO_JNU_DAY_G1_V1
2018-12-28,2018-12-27,-0.001443262022130659,-0.0037759642095350735,-0.0037759642095350735,1,0,1.0,339df2f7d1229e397d34f9c8be19d481e01c86be8edf0415213f1f27a125b2ac,PRIOR_NIGHT_USDJPY_TO_JNU_DAY_G1_V1
2019-01-04,2018-12-28,-0.0005436259987101813,0.003854559571381901,0.003854559571381901,1,1,1.0,2de8414c0f854a54e54eb3ef922542c3ef19178d5316176307e4e99cae869e3e,PRIOR_NIGHT_USDJPY_TO_JNU_DAY_G1_V1
2019-01-07,2019-01-04,0.004071440805122837,-0.004478733537838095,0.004478733537838095,1,1,1.0,2de8414c0f854a54e54eb3ef922542c3ef19178d5316176307e4e99cae869e3e,PRIOR_NIGHT_USDJPY_TO_JNU_DAY_G1_V1
2019-01-08,2019-01-07,0.003966611907217332,0.0017341760818276645,-0.0017341760818276645,1,0,1.0,2de8414c0f854a54e54eb3ef922542c3ef19178d5316176307e4e99cae869e3e,PRIOR_NIGHT_USDJPY_TO_JNU_DAY_G1_V1
2019-01-09,2019-01-08,-0.003677488745034016,0.0041743461474878,0.0041743461474878,1,1,1.0,2de8414c0f854a54e54eb3ef922542c3ef19178d5316176307e4e99cae869e3e,PRIOR_NIGHT_USDJPY_TO_JNU_DAY_G1_V1
2019-01-10,2019-01-09,-0.004970097667590725,-0.008426319993694285,-0.008426319993694285,1,0,1.0,2de8414c0f854a54e54eb3ef922542c3ef19178d5316176307e4e99cae869e3e,PRIOR_NIGHT_USDJPY_TO_JNU_DAY_G1_V1
2019-01-11,2019-01-10,0.0033299448030331756,0.001477468872557766,-0.001477468872557766,1,0,1.0,2de8414c0f854a54e54eb3ef922542c3ef19178d5316176307e4e99cae869e3e,PRIOR_NIGHT_USDJPY_TO_JNU_DAY_G1_V1
2019-01-15,2019-01-11,0.0,0.016959973928029087,0.0,0,0,1.0,2de8414c0f854a54e54eb3ef922542c3ef19178d5316176307e4e99cae869e3e,PRIOR_NIGHT_USDJPY_TO_JNU_DAY_G1_V1
2019-01-16,2019-01-15,0.0006440631404496487,-0.005615934672002432,0.005615934672002432,1,1,1.0,2de8414c0f854a54e54eb3ef922542c3ef19178d5316176307e4e99cae869e3e,PRIOR_NIGHT_USDJPY_TO_JNU_DAY_G1_V1
2019-01-17,2019-01-16,0.0020233613083463367,-0.008310974261697732,0.008310974261697732,1,1,1.0,2de8414c0f854a54e54eb3ef922542c3ef19178d5316176307e4e99cae869e3e,PRIOR_NIGHT_USDJPY_TO_JNU_DAY_G1_V1
2019-01-18,2019-01-17,0.002020202707275802,0.007293978362553626,-0.007293978362553626,1,0,1.0,2de8414c0f854a54e54eb3ef922542c3ef19178d5316176307e4e99cae869e3e,PRIOR_NIGHT_USDJPY_TO_JNU_DAY_G1_V1
2019-01-21,2019-01-18,0.0038328208995066382,-0.007697897045985381,0.007697897045985381,1,1,1.0,2de8414c0f854a54e54eb3ef922542c3ef19178d5316176307e4e99cae869e3e,PRIOR_NIGHT_USDJPY_TO_JNU_DAY_G1_V1
2019-01-22,2019-01-18,0.0038328208995066382,-0.008716762214416942,0.008716762214416942,1,1,1.0,2de8414c0f854a54e54eb3ef922542c3ef19178d5316176307e4e99cae869e3e,PRIOR_NIGHT_USDJPY_TO_JNU_DAY_G1_V1
2019-01-23,2019-01-22,-0.0008227819634984157,0.007072337733602911,0.007072337733602911,1,1,1.0,2de8414c0f854a54e54eb3ef922542c3ef19178d5316176307e4e99cae869e3e,PRIOR_NIGHT_USDJPY_TO_JNU_DAY_G1_V1
2019-01-24,2019-01-23,-0.0016433857437301257,0.0019478944556923468,0.0019478944556923468,1,1,1.0,2de8414c0f854a54e54eb3ef922542c3ef19178d5316176307e4e99cae869e3e,PRIOR_NIGHT_USDJPY_TO_JNU_DAY_G1_V1
2019-01-25,2019-01-24,0.0,0.010892035552647948,0.0,0,0,1.0,2de8414c0f854a54e54eb3ef922542c3ef19178d5316176307e4e99cae869e3e,PRIOR_NIGHT_USDJPY_TO_JNU_DAY_G1_V1
2019-01-28,2019-01-25,-0.0015498931853099817,-0.006768215346138739,-0.006768215346138739,1,0,1.0,2de8414c0f854a54e54eb3ef922542c3ef19178d5316176307e4e99cae869e3e,PRIOR_NIGHT_USDJPY_TO_JNU_DAY_G1_V1
2019-01-29,2019-01-28,-0.0019212301778938213,0.003883500026397612,0.003883500026397612,1,1,1.0,2de8414c0f854a54e54eb3ef922542c3ef19178d5316176307e4e99cae869e3e,PRIOR_NIGHT_USDJPY_TO_JNU_DAY_G1_V1
2019-01-30,2019-01-29,0.0010978958101898612,-0.0046010494051603205,0.0046010494051603205,1,1,1.0,2de8414c0f854a54e54eb3ef922542c3ef19178d5316176307e4e99cae869e3e,PRIOR_NIGHT_USDJPY_TO_JNU_DAY_G1_V1
2019-01-31,2019-01-30,0.002284253357434607,-0.0028860048891349867,0.0028860048891349867,1,1,1.0,2de8414c0f854a54e54eb3ef922542c3ef19178d5316176307e4e99cae869e3e,PRIOR_NIGHT_USDJPY_TO_JNU_DAY_G1_V1
2019-02-01,2019-01-31,0.0010111689053874191,-0.0019263189197695784,0.0019263189197695784,1,1,1.0,2de8414c0f854a54e54eb3ef922542c3ef19178d5316176307e4e99cae869e3e,PRIOR_NIGHT_USDJPY_TO_JNU_DAY_G1_V1
2019-02-04,2019-02-01,0.005583794085947095,0.003363770591248226,-0.003363770591248226,1,0,1.0,2de8414c0f854a54e54eb3ef922542c3ef19178d5316176307e4e99cae869e3e,PRIOR_NIGHT_USDJPY_TO_JNU_DAY_G1_V1
2019-02-05,2019-02-04,0.001091901837329218,-0.0038350957839425374,0.0038350957839425374,1,1,1.0,2de8414c0f854a54e54eb3ef922542c3ef19178d5316176307e4e99cae869e3e,PRIOR_NIGHT_USDJPY_TO_JNU_DAY_G1_V1
2019-02-06,2019-02-05,0.001182624654550905,-0.0033484843532813713,0.0033484843532813713,1,1,1.0,2de8414c0f854a54e54eb3ef922542c3ef19178d5316176307e4e99cae869e3e,PRIOR_NIGHT_USDJPY_TO_JNU_DAY_G1_V1
2019-02-07,2019-02-06,0.0007291951831632518,-0.006972020067750671,0.006972020067750671,1,1,1.0,2de8414c0f854a54e54eb3ef922542c3ef19178d5316176307e4e99cae869e3e,PRIOR_NIGHT_USDJPY_TO_JNU_DAY_G1_V1
2019-02-08,2019-02-07,-0.0020034611928546756,-0.009311510552069186,-0.009311510552069186,1,0,1.0,2de8414c0f854a54e54eb3ef922542c3ef19178d5316176307e4e99cae869e3e,PRIOR_NIGHT_USDJPY_TO_JNU_DAY_G1_V1
2019-02-12,2019-02-08,9.111202229437643e-05,0.021813758791139504,-0.021813758791139504,1,0,1.0,2de8414c0f854a54e54eb3ef922542c3ef19178d5316176307e4e99cae869e3e,PRIOR_NIGHT_USDJPY_TO_JNU_DAY_G1_V1
2019-02-13,2019-02-12,-0.0010853836087245262,0.011175957483909689,0.011175957483909689,1,1,1.0,2de8414c0f854a54e54eb3ef922542c3ef19178d5316176307e4e99cae869e3e,PRIOR_NIGHT_USDJPY_TO_JNU_DAY_G1_V1
2019-02-14,2019-02-13,0.0015346425941260746,0.0016566090642226175,-0.0016566090642226175,1,0,1.0,2de8414c0f854a54e54eb3ef922542c3ef19178d5316176307e4e99cae869e3e,PRIOR_NIGHT_USDJPY_TO_JNU_DAY_G1_V1
2019-02-15,2019-02-14,-0.003517478260303337,-0.0054899290528709985,-0.0054899290528709985,1,0,1.0,2de8414c0f854a54e54eb3ef922542c3ef19178d5316176307e4e99cae869e3e,PRIOR_NIGHT_USDJPY_TO_JNU_DAY_G1_V1
2019-02-18,2019-02-15,0.0019922129200707294,0.002115408004751002,-0.002115408004751002,1,0,1.0,2de8414c0f854a54e54eb3ef922542c3ef19178d5316176307e4e99cae869e3e,PRIOR_NIGHT_USDJPY_TO_JNU_DAY_G1_V1
2019-02-19,2019-02-15,0.0019922129200707294,0.0023512825316499876,-0.0023512825316499876,1,0,1.0,2de8414c0f854a54e54eb3ef922542c3ef19178d5316176307e4e99cae869e3e,PRIOR_NIGHT_USDJPY_TO_JNU_DAY_G1_V1
2019-02-20,2019-02-19,9.035464203115172e-05,0.00280636292695796,-0.00280636292695796,1,0,1.0,2de8414c0f854a54e54eb3ef922542c3ef19178d5316176307e4e99cae869e3e,PRIOR_NIGHT_USDJPY_TO_JNU_DAY_G1_V1
2019-02-21,2019-02-19,9.035464203115172e-05,0.003501812846588804,-0.003501812846588804,1,0,1.0,2de8414c0f854a54e54eb3ef922542c3ef19178d5316176307e4e99cae869e3e,PRIOR_NIGHT_USDJPY_TO_JNU_DAY_G1_V1
2019-02-22,2019-02-21,-0.0004514876594820602,0.0032763895445465092,0.0032763895445465092,1,1,1.0,2de8414c0f854a54e54eb3ef922542c3ef19178d5316176307e4e99cae869e3e,PRIOR_NIGHT_USDJPY_TO_JNU_DAY_G1_V1
2019-02-25,2019-02-22,-0.0004515692106537963,0.0,0.0,0,0,1.0,2de8414c0f854a54e54eb3ef922542c3ef19178d5316176307e4e99cae869e3e,PRIOR_NIGHT_USDJPY_TO_JNU_DAY_G1_V1
2019-02-26,2019-02-25,0.00396933313220906,-0.004419125693775338,0.004419125693775338,1,1,1.0,2de8414c0f854a54e54eb3ef922542c3ef19178d5316176307e4e99cae869e3e,PRIOR_NIGHT_USDJPY_TO_JNU_DAY_G1_V1
2019-02-27,2019-02-26,-0.0006317974848005232,0.0030193960925515226,0.0030193960925515226,1,1,1.0,2de8414c0f854a54e54eb3ef922542c3ef19178d5316176307e4e99cae869e3e,PRIOR_NIGHT_USDJPY_TO_JNU_DAY_G1_V1
2019-02-28,2019-02-27,0.004880262736222196,-0.007450558330317734,0.007450558330317734,1,1,1.0,2de8414c0f854a54e54eb3ef922542c3ef19178d5316176307e4e99cae869e3e,PRIOR_NIGHT_USDJPY_TO_JNU_DAY_G1_V1
2019-03-01,2019-02-28,0.005582079858761282,0.005564586582243336,-0.005564586582243336,1,0,1.0,2de8414c0f854a54e54eb3ef922542c3ef19178d5316176307e4e99cae869e3e,PRIOR_NIGHT_USDJPY_TO_JNU_DAY_G1_V1
2019-03-04,2019-03-01,0.0006258102211306187,0.002522069432709939,-0.002522069432709939,1,0,1.0,2de8414c0f854a54e54eb3ef922542c3ef19178d5316176307e4e99cae869e3e,PRIOR_NIGHT_USDJPY_TO_JNU_DAY_G1_V1
2019-03-05,2019-03-04,-0.002057337815873346,0.0025325212108187043,0.0025325212108187043,1,1,1.0,2de8414c0f854a54e54eb3ef922542c3ef19178d5316176307e4e99cae869e3e,PRIOR_NIGHT_USDJPY_TO_JNU_DAY_G1_V1
2019-03-06,2019-03-05,0.0008040381011175566,-0.003927462597210192,0.003927462597210192,1,1,1.0,2de8414c0f854a54e54eb3ef922542c3ef19178d5316176307e4e99cae869e3e,PRIOR_NIGHT_USDJPY_TO_JNU_DAY_G1_V1
2019-03-07,2019-03-06,-0.001163571400020031,-0.00302501685009567,-0.00302501685009567,1,0,1.0,2de8414c0f854a54e54eb3ef922542c3ef19178d5316176307e4e99cae869e3e,PRIOR_NIGHT_USDJPY_TO_JNU_DAY_G1_V1
2019-03-08,2019-03-07,-0.0017010613350239405,-0.0150342886653543,-0.0150342886653543,1,0,1.0,2de8414c0f854a54e54eb3ef922542c3ef19178d5316176307e4e99cae869e3e,PRIOR_NIGHT_USDJPY_TO_JNU_DAY_G1_V1
2019-03-11,2019-03-08,0.0010805944320291857,0.0007169315637466085,-0.0007169315637466085,1,0,1.0,2de8414c0f854a54e54eb3ef922542c3ef19178d5316176307e4e99cae869e3e,PRIOR_NIGHT_USDJPY_TO_JNU_DAY_G1_V1
2019-03-12,2019-03-11,-0.0006292417844369066,0.005167970158442598,0.005167970158442598,1,1,1.0,2de8414c0f854a54e54eb3ef922542c3ef19178d5316176307e4e99cae869e3e,PRIOR_NIGHT_USDJPY_TO_JNU_DAY_G1_V1
2019-03-13,2019-03-12,8.97867565136079e-05,-0.00827721410127363,0.00827721410127363,1,1,1.0,2de8414c0f854a54e54eb3ef922542c3ef19178d5316176307e4e99cae869e3e,PRIOR_NIGHT_USDJPY_TO_JNU_DAY_G1_V1
2019-03-14,2019-03-13,-0.0009884531514237815,-0.008723384329472558,-0.008723384329472558,1,0,1.0,2de8414c0f854a54e54eb3ef922542c3ef19178d5316176307e4e99cae869e3e,PRIOR_NIGHT_USDJPY_TO_JNU_DAY_G1_V1
2019-03-15,2019-03-14,0.000985177635546352,0.006127758981156557,-0.006127758981156557,1,0,1.0,2de8414c0f854a54e54eb3ef922542c3ef19178d5316176307e4e99cae869e3e,PRIOR_NIGHT_USDJPY_TO_JNU_DAY_G1_V1
2019-03-18,2019-03-15,-0.0008063432771260414,0.0023369956885465285,0.0023369956885465285,1,1,1.0,2de8414c0f854a54e54eb3ef922542c3ef19178d5316176307e4e99cae869e3e,PRIOR_NIGHT_USDJPY_TO_JNU_DAY_G1_V1
2019-03-19,2019-03-18,-0.0007178107082549915,-0.002338088509597344,-0.002338088509597344,1,0,1.0,2de8414c0f854a54e54eb3ef922542c3ef19178d5316176307e4e99cae869e3e,PRIOR_NIGHT_USDJPY_TO_JNU_DAY_G1_V1
2019-03-20,2019-03-19,0.0009880979919134327,0.0025709959236143417,-0.0025709959236143417,1,0,1.0,2de8414c0f854a54e54eb3ef922542c3ef19178d5316176307e4e99cae869e3e,PRIOR_NIGHT_USDJPY_TO_JNU_DAY_G1_V1
2019-03-22,2019-03-20,-0.0017039598759853748,-0.0035091859616280916,-0.0035091859616280916,1,0,1.0,2de8414c0f854a54e54eb3ef922542c3ef19178d5316176307e4e99cae869e3e,PRIOR_NIGHT_USDJPY_TO_JNU_DAY_G1_V1
2019-03-25,2019-03-22,-0.009159815551266288,-0.012946716441259349,-0.012946716441259349,1,0,1.0,2de8414c0f854a54e54eb3ef922542c3ef19178d5316176307e4e99cae869e3e,PRIOR_NIGHT_USDJPY_TO_JNU_DAY_G1_V1
2019-03-26,2019-03-25,0.000272541450699084,0.011374530217685992,-0.011374530217685992,1,0,1.0,2de8414c0f854a54e54eb3ef922542c3ef19178d5316176307e4e99cae869e3e,PRIOR_NIGHT_USDJPY_TO_JNU_DAY_G1_V1
2019-03-27,2019-03-26,0.0027186242389934637,0.003514942107444592,-0.003514942107444592,1,0,1.0,2de8414c0f854a54e54eb3ef922542c3ef19178d5316176307e4e99cae869e3e,PRIOR_NIGHT_USDJPY_TO_JNU_DAY_G1_V1
2019-03-28,2019-03-27,-0.0028045433861773566,-0.005456068569948145,-0.005456068569948145,1,0,1.0,2de8414c0f854a54e54eb3ef922542c3ef19178d5316176307e4e99cae869e3e,PRIOR_NIGHT_USDJPY_TO_JNU_DAY_G1_V1
2019-03-29,2019-03-28,0.004170072220083522,-0.0023562687621744905,0.0023562687621744905,1,1,1.0,2de8414c0f854a54e54eb3ef922542c3ef19178d5316176307e4e99cae869e3e,PRIOR_NIGHT_USDJPY_TO_JNU_DAY_G1_V1
2019-04-01,2019-03-29,-0.0006322540065197775,0.0,0.0,0,0,1.0,2de8414c0f854a54e54eb3ef922542c3ef19178d5316176307e4e99cae869e3e,PRIOR_NIGHT_USDJPY_TO_JNU_DAY_G1_V1
2019-04-02,2019-04-01,0.0021588566448973163,-0.00765043722154037,0.00765043722154037,1,1,1.0,2de8414c0f854a54e54eb3ef922542c3ef19178d5316176307e4e99cae869e3e,PRIOR_NIGHT_USDJPY_TO_JNU_DAY_G1_V1
2019-04-03,2019-04-02,-0.0005388415038325848,0.007393749024938192,0.007393749024938192,1,1,1.0,2de8414c0f854a54e54eb3ef922542c3ef19178d5316176307e4e99cae869e3e,PRIOR_NIGHT_USDJPY_TO_JNU_DAY_G1_V1
2019-04-04,2019-04-03,-0.00035874439846619004,-0.0016119750180242992,-0.0016119750180242992,1,0,1.0,2de8414c0f854a54e54eb3ef922542c3ef19178d5316176307e4e99cae869e3e,PRIOR_NIGHT_USDJPY_TO_JNU_DAY_G1_V1
2019-04-05,2019-04-04,0.001614929473532737,0.0013774106860950765,-0.0013774106860950765,1,0,1.0,2de8414c0f854a54e54eb3ef922542c3ef19178d5316176307e4e99cae869e3e,PRIOR_NIGHT_USDJPY_TO_JNU_DAY_G1_V1
2019-04-08,2019-04-05,0.00026858856869459255,-0.007089795277678797,0.007089795277678797,1,1,1.0,2de8414c0f854a54e54eb3ef922542c3ef19178d5316176307e4e99cae869e3e,PRIOR_NIGHT_USDJPY_TO_JNU_DAY_G1_V1
2019-04-09,2019-04-08,0.0001794365696541621,0.0,-0.0,0,0,1.0,2de8414c0f854a54e54eb3ef922542c3ef19178d5316176307e4e99cae869e3e,PRIOR_NIGHT_USDJPY_TO_JNU_DAY_G1_V1
2019-04-10,2019-04-09,-0.0020684390665357028,0.005319776625809223,0.005319776625809223,1,1,1.0,2de8414c0f854a54e54eb3ef922542c3ef19178d5316176307e4e99cae869e3e,PRIOR_NIGHT_USDJPY_TO_JNU_DAY_G1_V1
2019-04-11,2019-04-10,-0.0024312289675805536,0.0016153228388307377,0.0016153228388307377,1,1,1.0,2de8414c0f854a54e54eb3ef922542c3ef19178d5316176307e4e99cae869e3e,PRIOR_NIGHT_USDJPY_TO_JNU_DAY_G1_V1
2019-04-12,2019-04-11,0.0034145059681633325,0.0059660571638221836,-0.0059660571638221836,1,0,1.0,2de8414c0f854a54e54eb3ef922542c3ef19178d5316176307e4e99cae869e3e,PRIOR_NIGHT_USDJPY_TO_JNU_DAY_G1_V1
2019-04-15,2019-04-12,0.0012507819016526766,0.0033879196719360434,-0.0033879196719360434,1,0,1.0,2de8414c0f854a54e54eb3ef922542c3ef19178d5316176307e4e99cae869e3e,PRIOR_NIGHT_USDJPY_TO_JNU_DAY_G1_V1
2019-04-16,2019-04-15,0.0007145409378688503,0.00360767020376744,-0.00360767020376744,1,0,1.0,2de8414c0f854a54e54eb3ef922542c3ef19178d5316176307e4e99cae869e3e,PRIOR_NIGHT_USDJPY_TO_JNU_DAY_G1_V1
2019-04-17,2019-04-16,0.0004467277268842482,0.0008980692116844054,-0.0008980692116844054,1,0,1.0,2de8414c0f854a54e54eb3ef922542c3ef19178d5316176307e4e99cae869e3e,PRIOR_NIGHT_USDJPY_TO_JNU_DAY_G1_V1
2019-04-18,2019-04-17,-0.00017855548659163407,-0.007438330249958523,-0.007438330249958523,1,0,1.0,2de8414c0f854a54e54eb3ef922542c3ef19178d5316176307e4e99cae869e3e,PRIOR_NIGHT_USDJPY_TO_JNU_DAY_G1_V1
2019-04-19,2019-04-18,0.0008043255270750398,-0.0022497197340154416,0.0022497197340154416,1,1,1.0,2de8414c0f854a54e54eb3ef922542c3ef19178d5316176307e4e99cae869e3e,PRIOR_NIGHT_USDJPY_TO_JNU_DAY_G1_V1
2019-04-22,2019-04-19,-8.934554395044058e-05,0.0011252392320395088,0.0011252392320395088,1,1,1.0,2de8414c0f854a54e54eb3ef922542c3ef19178d5316176307e4e99cae869e3e,PRIOR_NIGHT_USDJPY_TO_JNU_DAY_G1_V1
2019-04-23,2019-04-22,0.00035739814533380915,0.00044953922986764537,-0.00044953922986764537,1,0,1.0,2de8414c0f854a54e54eb3ef922542c3ef19178d5316176307e4e99cae869e3e,PRIOR_NIGHT_USDJPY_TO_JNU_DAY_G1_V1
2019-04-24,2019-04-23,8.94014573034373e-05,-0.007633624855071095,0.007633624855071095,1,1,1.0,2de8414c0f854a54e54eb3ef922542c3ef19178d5316176307e4e99cae869e3e,PRIOR_NIGHT_USDJPY_TO_JNU_DAY_G1_V1
2019-04-25,2019-04-24,-8.94334392224595e-05,0.005384800985446568,0.005384800985446568,1,1,1.0,2de8414c0f854a54e54eb3ef922542c3ef19178d5316176307e4e99cae869e3e,PRIOR_NIGHT_USDJPY_TO_JNU_DAY_G1_V1
2019-04-26,2019-04-25,-0.002237838287890233,0.002704531736419073,0.002704531736419073,1,1,1.0,2de8414c0f854a54e54eb3ef922542c3ef19178d5316176307e4e99cae869e3e,PRIOR_NIGHT_USDJPY_TO_JNU_DAY_G1_V1
2019-05-07,2019-04-26,-0.0007165890668519439,-0.008396736046909043,-0.008396736046909043,1,0,1.0,2de8414c0f854a54e54eb3ef922542c3ef19178d5316176307e4e99cae869e3e,PRIOR_NIGHT_USDJPY_TO_JNU_DAY_G1_V1
2019-05-08,2019-05-07,-0.0028959296256788536,-0.0009263548601306772,-0.0009263548601306772,1,0,1.0,2de8414c0f854a54e54eb3ef922542c3ef19178d5316176307e4e99cae869e3e,PRIOR_NIGHT_USDJPY_TO_JNU_DAY_G1_V1
2019-05-09,2019-05-08,-0.00018160355992879128,-0.004658755223228697,-0.004658755223228697,1,0,1.0,2de8414c0f854a54e54eb3ef922542c3ef19178d5316176307e4e99cae869e3e,PRIOR_NIGHT_USDJPY_TO_JNU_DAY_G1_V1
2019-05-10,2019-05-09,-0.0007299936449730839,-0.0007031524958645101,-0.0007031524958645101,1,0,1.0,2de8414c0f854a54e54eb3ef922542c3ef19178d5316176307e4e99cae869e3e,PRIOR_NIGHT_USDJPY_TO_JNU_DAY_G1_V1
2019-05-13,2019-05-10,-0.0019149233043477202,-0.0007081317420895649,-0.0007081317420895649,1,0,1.0,2de8414c0f854a54e54eb3ef922542c3ef19178d5316176307e4e99cae869e3e,PRIOR_NIGHT_USDJPY_TO_JNU_DAY_G1_V1
2019-05-14,2019-05-13,-0.004295578510285697,0.01267807915446324,0.01267807915446324,1,1,1.0,2de8414c0f854a54e54eb3ef922542c3ef19178d5316176307e4e99cae869e3e,PRIOR_NIGHT_USDJPY_TO_JNU_DAY_G1_V1
2019-05-15,2019-05-14,0.0,0.0023646263087131313,0.0,0,0,1.0,2de8414c0f854a54e54eb3ef922542c3ef19178d5316176307e4e99cae869e3e,PRIOR_NIGHT_USDJPY_TO_JNU_DAY_G1_V1
2019-05-16,2019-05-15,0.000639006822601906,-0.002846301731838806,0.002846301731838806,1,1,1.0,2de8414c0f854a54e54eb3ef922542c3ef19178d5316176307e4e99cae869e3e,PRIOR_NIGHT_USDJPY_TO_JNU_DAY_G1_V1
2019-05-17,2019-05-16,0.003920679743060689,0.0,-0.0,0,0,1.0,2de8414c0f854a54e54eb3ef922542c3ef19178d5316176307e4e99cae869e3e,PRIOR_NIGHT_USDJPY_TO_JNU_DAY_G1_V1
2019-05-20,2019-05-17,0.0015480584068679531,0.002583677303371884,-0.002583677303371884,1,0,1.0,2de8414c0f854a54e54eb3ef922542c3ef19178d5316176307e4e99cae869e3e,PRIOR_NIGHT_USDJPY_TO_JNU_DAY_G1_V1
2019-05-21,2019-05-20,-0.00145401697736165,0.0032980006335940975,0.0032980006335940975,1,1,1.0,2de8414c0f854a54e54eb3ef922542c3ef19178d5316176307e4e99cae869e3e,PRIOR_NIGHT_USDJPY_TO_JNU_DAY_G1_V1
2019-05-22,2019-05-21,0.0042586029113819085,-0.006094721163183271,0.006094721163183271,1,1,1.0,2de8414c0f854a54e54eb3ef922542c3ef19178d5316176307e4e99cae869e3e,PRIOR_NIGHT_USDJPY_TO_JNU_DAY_G1_V1
2019-05-23,2019-05-22,-0.0008157716291967408,-0.0033096956926156654,-0.0033096956926156654,1,0,1.0,2de8414c0f854a54e54eb3ef922542c3ef19178d5316176307e4e99cae869e3e,PRIOR_NIGHT_USDJPY_TO_JNU_DAY_G1_V1
2019-05-24,2019-05-23,-0.006549050149187094,0.011913412287602813,0.011913412287602813,1,1,1.0,2de8414c0f854a54e54eb3ef922542c3ef19178d5316176307e4e99cae869e3e,PRIOR_NIGHT_USDJPY_TO_JNU_DAY_G1_V1
2019-05-27,2019-05-24,-0.0014617214369487118,0.0011799411398487696,0.0011799411398487696,1,1,1.0,2de8414c0f854a54e54eb3ef922542c3ef19178d5316176307e4e99cae869e3e,PRIOR_NIGHT_USDJPY_TO_JNU_DAY_G1_V1
2019-05-28,2019-05-24,-0.0014617214369487118,0.0009420631879009365,0.0009420631879009365,1,1,1.0,2de8414c0f854a54e54eb3ef922542c3ef19178d5316176307e4e99cae869e3e,PRIOR_NIGHT_USDJPY_TO_JNU_DAY_G1_V1
2019-05-29,2019-05-28,0.0006395322496536668,-0.002619984826079058,0.002619984826079058,1,1,1.0,2de8414c0f854a54e54eb3ef922542c3ef19178d5316176307e4e99cae869e3e,PRIOR_NIGHT_USDJPY_TO_JNU_DAY_G1_V1
2019-05-30,2019-05-29,0.00027466239586714577,0.0019125035712279552,-0.0019125035712279552,1,0,1.0,2de8414c0f854a54e54eb3ef922542c3ef19178d5316176307e4e99cae869e3e,PRIOR_NIGHT_USDJPY_TO_JNU_DAY_G1_V1
2019-05-31,2019-05-30,-0.0007291951831632197,-0.011843038723155645,-0.011843038723155645,1,0,1.0,2de8414c0f854a54e54eb3ef922542c3ef19178d5316176307e4e99cae869e3e,PRIOR_NIGHT_USDJPY_TO_JNU_DAY_G1_V1
2019-06-03,2019-05-31,-0.001103752871437734,0.004423698538622121,0.004423698538622121,1,1,1.0,2de8414c0f854a54e54eb3ef922542c3ef19178d5316176307e4e99cae869e3e,PRIOR_NIGHT_USDJPY_TO_JNU_DAY_G1_V1
2019-06-04,2019-06-03,0.0012924669450594345,-0.0031827667949981295,0.0031827667949981295,1,1,1.0,2de8414c0f854a54e54eb3ef922542c3ef19178d5316176307e4e99cae869e3e,PRIOR_NIGHT_USDJPY_TO_JNU_DAY_G1_V1
2019-06-05,2019-06-04,0.0023110710540498835,0.0002410509834499634,-0.0002410509834499634,1,0,1.0,2de8414c0f854a54e54eb3ef922542c3ef19178d5316176307e4e99cae869e3e,PRIOR_NIGHT_USDJPY_TO_JNU_DAY_G1_V1
2019-06-06,2019-06-05,-0.0004620004702180744,0.0002408767926858047,0.0002408767926858047,1,1,1.0,2de8414c0f854a54e54eb3ef922542c3ef19178d5316176307e4e99cae869e3e,PRIOR_NIGHT_USDJPY_TO_JNU_DAY_G1_V1
2019-06-07,2019-06-06,-0.0014792902105891703,0.0014364378816560386,0.0014364378816560386,1,1,1.0,2de8414c0f854a54e54eb3ef922542c3ef19178d5316176307e4e99cae869e3e,PRIOR_NIGHT_USDJPY_TO_JNU_DAY_G1_V1
2019-06-10,2019-06-07,-0.002954484653058308,-0.0004730369056986981,-0.0004730369056986981,1,0,1.0,2de8414c0f854a54e54eb3ef922542c3ef19178d5316176307e4e99cae869e3e,PRIOR_NIGHT_USDJPY_TO_JNU_DAY_G1_V1
2019-06-11,2019-06-10,-0.0010127515481465211,0.004255325570138491,0.004255325570138491,1,1,1.0,2de8414c0f854a54e54eb3ef922542c3ef19178d5316176307e4e99cae869e3e,PRIOR_NIGHT_USDJPY_TO_JNU_DAY_G1_V1
2019-06-12,2019-06-11,-0.000828996501213765,-0.003308131561362959,-0.003308131561362959,1,0,1.0,2de8414c0f854a54e54eb3ef922542c3ef19178d5316176307e4e99cae869e3e,PRIOR_NIGHT_USDJPY_TO_JNU_DAY_G1_V1
2019-06-13,2019-06-12,0.0009227646682272444,-0.0019029501460860756,0.0019029501460860756,1,1,1.0,2de8414c0f854a54e54eb3ef922542c3ef19178d5316176307e4e99cae869e3e,PRIOR_NIGHT_USDJPY_TO_JNU_DAY_G1_V1
2019-06-14,2019-06-13,0.0008302966480967357,0.002618737361338648,-0.002618737361338648,1,0,1.0,2de8414c0f854a54e54eb3ef922542c3ef19178d5316176307e4e99cae869e3e,PRIOR_NIGHT_USDJPY_TO_JNU_DAY_G1_V1
2019-06-17,2019-06-14,0.0021232410469074745,0.0033277900926747457,-0.0033277900926747457,1,0,1.0,2de8414c0f854a54e54eb3ef922542c3ef19178d5316176307e4e99cae869e3e,PRIOR_NIGHT_USDJPY_TO_JNU_DAY_G1_V1
2019-06-18,2019-06-17,-9.21107171469223e-05,-0.007390664228511712,-0.007390664228511712,1,0,1.0,2de8414c0f854a54e54eb3ef922542c3ef19178d5316176307e4e99cae869e3e,PRIOR_NIGHT_USDJPY_TO_JNU_DAY_G1_V1
2019-06-19,2019-06-18,0.0012000924588267186,0.0028248606355548407,-0.0028248606355548407,1,0,1.0,2de8414c0f854a54e54eb3ef922542c3ef19178d5316176307e4e99cae869e3e,PRIOR_NIGHT_USDJPY_TO_JNU_DAY_G1_V1
2019-06-20,2019-06-19,-0.00027681661076421057,0.0025740039951728426,0.0025740039951728426,1,1,1.0,2de8414c0f854a54e54eb3ef922542c3ef19178d5316176307e4e99cae869e3e,PRIOR_NIGHT_USDJPY_TO_JNU_DAY_G1_V1
2019-06-21,2019-06-20,-0.001486989121578367,-0.012198133890321185,-0.012198133890321185,1,0,1.0,2de8414c0f854a54e54eb3ef922542c3ef19178d5316176307e4e99cae869e3e,PRIOR_NIGHT_USDJPY_TO_JNU_DAY_G1_V1
2019-06-24,2019-06-21,0.0008371704130637784,0.002122892647719017,-0.002122892647719017,1,0,1.0,2de8414c0f854a54e54eb3ef922542c3ef19178d5316176307e4e99cae869e3e,PRIOR_NIGHT_USDJPY_TO_JNU_DAY_G1_V1
2019-06-25,2019-06-24,-0.0005587112539416902,-0.0030765614137965836,-0.0030765614137965836,1,0,1.0,2de8414c0f854a54e54eb3ef922542c3ef19178d5316176307e4e99cae869e3e,PRIOR_NIGHT_USDJPY_TO_JNU_DAY_G1_V1
2019-06-26,2019-06-25,-0.0012151237649735006,-0.00047517225888127,-0.00047517225888127,1,0,1.0,2de8414c0f854a54e54eb3ef922542c3ef19178d5316176307e4e99cae869e3e,PRIOR_NIGHT_USDJPY_TO_JNU_DAY_G1_V1
2019-06-27,2019-06-26,0.0016736405580296937,0.008968669982760316,-0.008968669982760316,1,0,1.0,2de8414c0f854a54e54eb3ef922542c3ef19178d5316176307e4e99cae869e3e,PRIOR_NIGHT_USDJPY_TO_JNU_DAY_G1_V1
2019-06-28,2019-06-27,-0.002965986046793702,0.0004714757277340367,0.0004714757277340367,1,1,1.0,2de8414c0f854a54e54eb3ef922542c3ef19178d5316176307e4e99cae869e3e,PRIOR_NIGHT_USDJPY_TO_JNU_DAY_G1_V1
2019-07-01,2019-06-28,0.0018563213052918172,0.005301383857844945,-0.005301383857844945,1,0,1.0,2de8414c0f854a54e54eb3ef922542c3ef19178d5316176307e4e99cae869e3e,PRIOR_NIGHT_USDJPY_TO_JNU_DAY_G1_V1
2019-07-02,2019-07-01,0.0008304498747161796,0.002764978720070495,-0.002764978720070495,1,0,1.0,2de8414c0f854a54e54eb3ef922542c3ef19178d5316176307e4e99cae869e3e,PRIOR_NIGHT_USDJPY_TO_JNU_DAY_G1_V1
2019-07-03,2019-07-02,-0.0026820825326658443,-0.0034718238784742753,-0.0034718238784742753,1,0,1.0,2de8414c0f854a54e54eb3ef922542c3ef19178d5316176307e4e99cae869e3e,PRIOR_NIGHT_USDJPY_TO_JNU_DAY_G1_V1
2019-07-04,2019-07-03,0.0008349181801398527,-0.0016142053545411135,0.0016142053545411135,1,1,1.0,2de8414c0f854a54e54eb3ef922542c3ef19178d5316176307e4e99cae869e3e,PRIOR_NIGHT_USDJPY_TO_JNU_DAY_G1_V1
2019-07-05,2019-07-03,0.0008349181801398527,0.001614205354541201,-0.001614205354541201,1,0,1.0,2de8414c0f854a54e54eb3ef922542c3ef19178d5316176307e4e99cae869e3e,PRIOR_NIGHT_USDJPY_TO_JNU_DAY_G1_V1
2019-07-08,2019-07-05,0.004524267908381134,-0.005328403664486258,0.005328403664486258,1,1,1.0,2de8414c0f854a54e54eb3ef922542c3ef19178d5316176307e4e99cae869e3e,PRIOR_NIGHT_USDJPY_TO_JNU_DAY_G1_V1
2019-07-09,2019-07-08,0.003409041860520307,-0.002551909516194058,0.002551909516194058,1,1,1.0,2de8414c0f854a54e54eb3ef922542c3ef19178d5316176307e4e99cae869e3e,PRIOR_NIGHT_USDJPY_TO_JNU_DAY_G1_V1
2019-07-10,2019-07-09,-0.00036764706296449107,0.0006977555812805156,0.0006977555812805156,1,1,1.0,2de8414c0f854a54e54eb3ef922542c3ef19178d5316176307e4e99cae869e3e,PRIOR_NIGHT_USDJPY_TO_JNU_DAY_G1_V1
2019-07-11,2019-07-10,-0.004783817770737441,0.0037088591425228985,0.0037088591425228985,1,1,1.0,2de8414c0f854a54e54eb3ef922542c3ef19178d5316176307e4e99cae869e3e,PRIOR_NIGHT_USDJPY_TO_JNU_DAY_G1_V1
2019-07-12,2019-07-11,0.0021261852243683456,0.0016186845943842374,-0.0016186845943842374,1,0,1.0,2de8414c0f854a54e54eb3ef922542c3ef19178d5316176307e4e99cae869e3e,PRIOR_NIGHT_USDJPY_TO_JNU_DAY_G1_V1
2019-07-16,2019-07-12,-0.003420070810684148,-0.003248262716877896,-0.003248262716877896,1,0,1.0,2de8414c0f854a54e54eb3ef922542c3ef19178d5316176307e4e99cae869e3e,PRIOR_NIGHT_USDJPY_TO_JNU_DAY_G1_V1
2019-07-17,2019-07-16,0.0025875626672939114,-0.0011661808901825075,0.0011661808901825075,1,1,1.0,2de8414c0f854a54e54eb3ef922542c3ef19178d5316176307e4e99cae869e3e,PRIOR_NIGHT_USDJPY_TO_JNU_DAY_G1_V1
2019-07-18,2019-07-17,-0.001571382677644328,-0.013718285143959105,-0.013718285143959105,1,0,1.0,2de8414c0f854a54e54eb3ef922542c3ef19178d5316176307e4e99cae869e3e,PRIOR_NIGHT_USDJPY_TO_JNU_DAY_G1_V1
2019-07-19,2019-07-18,-0.000278409356352651,0.012451705575047397,0.012451705575047397,1,1,1.0,2de8414c0f854a54e54eb3ef922542c3ef19178d5316176307e4e99cae869e3e,PRIOR_NIGHT_USDJPY_TO_JNU_DAY_G1_V1
2019-07-22,2019-07-19,0.0012068886949786561,0.0014044946128986236,-0.0014044946128986236,1,0,1.0,2de8414c0f854a54e54eb3ef922542c3ef19178d5316176307e4e99cae869e3e,PRIOR_NIGHT_USDJPY_TO_JNU_DAY_G1_V1
2019-07-23,2019-07-22,0.00037074798830442657,0.009304556543884355,-0.009304556543884355,1,0,1.0,2de8414c0f854a54e54eb3ef922542c3ef19178d5316176307e4e99cae869e3e,PRIOR_NIGHT_USDJPY_TO_JNU_DAY_G1_V1
2019-07-24,2019-07-23,-0.0004625988887602458,-0.0018450189735693507,-0.0018450189735693507,1,0,1.0,2de8414c0f854a54e54eb3ef922542c3ef19178d5316176307e4e99cae869e3e,PRIOR_NIGHT_USDJPY_TO_JNU_DAY_G1_V1
2019-07-25,2019-07-24,0.0003701647275285344,-0.000459875841629768,0.000459875841629768,1,1,1.0,2de8414c0f854a54e54eb3ef922542c3ef19178d5316176307e4e99cae869e3e,PRIOR_NIGHT_USDJPY_TO_JNU_DAY_G1_V1
2019-07-26,2019-07-25,0.004800600061385313,-0.0016183103751492855,0.0016183103751492855,1,1,1.0,2de8414c0f854a54e54eb3ef922542c3ef19178d5316176307e4e99cae869e3e,PRIOR_NIGHT_USDJPY_TO_JNU_DAY_G1_V1
2019-07-29,2019-07-26,0.0005521811294360338,-0.0020845404189881365,0.0020845404189881365,1,1,1.0,2de8414c0f854a54e54eb3ef922542c3ef19178d5316176307e4e99cae869e3e,PRIOR_NIGHT_USDJPY_TO_JNU_DAY_G1_V1
2019-07-30,2019-07-29,0.0019309463036151656,0.0006922810937609341,-0.0006922810937609341,1,0,1.0,2de8414c0f854a54e54eb3ef922542c3ef19178d5316176307e4e99cae869e3e,PRIOR_NIGHT_USDJPY_TO_JNU_DAY_G1_V1
2019-07-31,2019-07-30,9.20344209382781e-05,0.0025566545012839985,-0.0025566545012839985,1,0,1.0,2de8414c0f854a54e54eb3ef922542c3ef19178d5316176307e4e99cae869e3e,PRIOR_NIGHT_USDJPY_TO_JNU_DAY_G1_V1
2019-08-01,2019-07-31,0.0001842129506912298,0.007001195458983561,-0.007001195458983561,1,0,1.0,2de8414c0f854a54e54eb3ef922542c3ef19178d5316176307e4e99cae869e3e,PRIOR_NIGHT_USDJPY_TO_JNU_DAY_G1_V1
2019-08-02,2019-08-01,-0.008002618249852501,-0.0007130125079255501,-0.0007130125079255501,1,0,1.0,2de8414c0f854a54e54eb3ef922542c3ef19178d5316176307e4e99cae869e3e,PRIOR_NIGHT_USDJPY_TO_JNU_DAY_G1_V1
2019-08-05,2019-08-02,-0.00262221540026501,-0.010120568310855034,-0.010120568310855034,1,0,1.0,2de8414c0f854a54e54eb3ef922542c3ef19178d5316176307e4e99cae869e3e,PRIOR_NIGHT_USDJPY_TO_JNU_DAY_G1_V1
2019-08-06,2019-08-05,0.0006604708453519838,0.02639847385453096,-0.02639847385453096,1,0,1.0,2de8414c0f854a54e54eb3ef922542c3ef19178d5316176307e4e99cae869e3e,PRIOR_NIGHT_USDJPY_TO_JNU_DAY_G1_V1
2019-08-07,2019-08-06,0.0006578020253170288,0.0,-0.0,0,0,1.0,2de8414c0f854a54e54eb3ef922542c3ef19178d5316176307e4e99cae869e3e,PRIOR_NIGHT_USDJPY_TO_JNU_DAY_G1_V1
2019-08-08,2019-08-07,-0.006417538069115114,0.0012175820328043255,0.0012175820328043255,1,1,1.0,2de8414c0f854a54e54eb3ef922542c3ef19178d5316176307e4e99cae869e3e,PRIOR_NIGHT_USDJPY_TO_JNU_DAY_G1_V1
2019-08-09,2019-08-08,-0.0006599104646741017,-0.0014513790646469864,-0.0014513790646469864,1,0,1.0,2de8414c0f854a54e54eb3ef922542c3ef19178d5316176307e4e99cae869e3e,PRIOR_NIGHT_USDJPY_TO_JNU_DAY_G1_V1
2019-08-13,2019-08-09,-0.006153865574378335,0.002701045227176021,0.002701045227176021,1,1,1.0,2de8414c0f854a54e54eb3ef922542c3ef19178d5316176307e4e99cae869e3e,PRIOR_NIGHT_USDJPY_TO_JNU_DAY_G1_V1
2019-08-14,2019-08-13,0.013220211428134518,-0.002905571051414524,0.002905571051414524,1,1,1.0,2de8414c0f854a54e54eb3ef922542c3ef19178d5316176307e4e99cae869e3e,PRIOR_NIGHT_USDJPY_TO_JNU_DAY_G1_V1
2019-08-15,2019-08-14,-0.006219394340805217,0.00888017675685917,0.00888017675685917,1,1,1.0,2de8414c0f854a54e54eb3ef922542c3ef19178d5316176307e4e99cae869e3e,PRIOR_NIGHT_USDJPY_TO_JNU_DAY_G1_V1
2019-08-16,2019-08-15,-0.0012242785349872243,0.0017201134601206693,0.0017201134601206693,1,1,1.0,2de8414c0f854a54e54eb3ef922542c3ef19178d5316176307e4e99cae869e3e,PRIOR_NIGHT_USDJPY_TO_JNU_DAY_G1_V1
2019-08-19,2019-08-16,0.0015999250507107384,-0.002430134853291782,0.002430134853291782,1,1,1.0,2de8414c0f854a54e54eb3ef922542c3ef19178d5316176307e4e99cae869e3e,PRIOR_NIGHT_USDJPY_TO_JNU_DAY_G1_V1
2019-08-20,2019-08-19,0.0008454276958397437,0.0019389245046740051,-0.0019389245046740051,1,0,1.0,2de8414c0f854a54e54eb3ef922542c3ef19178d5316176307e4e99cae869e3e,PRIOR_NIGHT_USDJPY_TO_JNU_DAY_G1_V1
2019-08-21,2019-08-20,-0.0011277136802686164,0.004872116824000371,0.004872116824000371,1,1,1.0,2de8414c0f854a54e54eb3ef922542c3ef19178d5316176307e4e99cae869e3e,PRIOR_NIGHT_USDJPY_TO_JNU_DAY_G1_V1
2019-08-22,2019-08-21,-0.00028159759889465345,-0.005324310738584499,-0.005324310738584499,1,0,1.0,2de8414c0f854a54e54eb3ef922542c3ef19178d5316176307e4e99cae869e3e,PRIOR_NIGHT_USDJPY_TO_JNU_DAY_G1_V1
2019-08-23,2019-08-22,-9.394523000013284e-05,0.006058421535829991,0.006058421535829991,1,1,1.0,2de8414c0f854a54e54eb3ef922542c3ef19178d5316176307e4e99cae869e3e,PRIOR_NIGHT_USDJPY_TO_JNU_DAY_G1_V1
2019-08-26,2019-08-23,-0.012739025777429826,0.00966191091173689,0.00966191091173689,1,1,1.0,2de8414c0f854a54e54eb3ef922542c3ef19178d5316176307e4e99cae869e3e,PRIOR_NIGHT_USDJPY_TO_JNU_DAY_G1_V1
2019-08-27,2019-08-26,0.0024558433047630153,-0.0034221495142889176,0.0034221495142889176,1,1,1.0,2de8414c0f854a54e54eb3ef922542c3ef19178d5316176307e4e99cae869e3e,PRIOR_NIGHT_USDJPY_TO_JNU_DAY_G1_V1
2019-08-28,2019-08-27,0.0005672686168948064,0.0009775171843873468,-0.0009775171843873468,1,0,1.0,2de8414c0f854a54e54eb3ef922542c3ef19178d5316176307e4e99cae869e3e,PRIOR_NIGHT_USDJPY_TO_JNU_DAY_G1_V1
2019-08-29,2019-08-28,0.0011342156225374715,-0.001466275922527488,0.001466275922527488,1,1,1.0,2de8414c0f854a54e54eb3ef922542c3ef19178d5316176307e4e99cae869e3e,PRIOR_NIGHT_USDJPY_TO_JNU_DAY_G1_V1
2019-08-30,2019-08-29,0.003668693263980839,0.0014517302331867232,-0.0014517302331867232,1,0,1.0,2de8414c0f854a54e54eb3ef922542c3ef19178d5316176307e4e99cae869e3e,PRIOR_NIGHT_USDJPY_TO_JNU_DAY_G1_V1
2019-09-02,2019-08-30,-0.002067475597829174,0.0,0.0,0,0,1.0,2de8414c0f854a54e54eb3ef922542c3ef19178d5316176307e4e99cae869e3e,PRIOR_NIGHT_USDJPY_TO_JNU_DAY_G1_V1
2019-09-03,2019-08-30,-0.002067475597829174,0.0031541940502284073,0.0031541940502284073,1,1,1.0,2de8414c0f854a54e54eb3ef922542c3ef19178d5316176307e4e99cae869e3e,PRIOR_NIGHT_USDJPY_TO_JNU_DAY_G1_V1
2019-09-04,2019-09-03,-0.0010383726802630066,0.00436258568788707,0.00436258568788707,1,1,1.0,2de8414c0f854a54e54eb3ef922542c3ef19178d5316176307e4e99cae869e3e,PRIOR_NIGHT_USDJPY_TO_JNU_DAY_G1_V1
2019-09-05,2019-09-04,0.00037643516348898336,0.014326892620761702,-0.014326892620761702,1,0,1.0,2de8414c0f854a54e54eb3ef922542c3ef19178d5316176307e4e99cae869e3e,PRIOR_NIGHT_USDJPY_TO_JNU_DAY_G1_V1
2019-09-06,2019-09-05,0.004122171847956131,-0.0007084662003734228,0.0007084662003734228,1,1,1.0,2de8414c0f854a54e54eb3ef922542c3ef19178d5316176307e4e99cae869e3e,PRIOR_NIGHT_USDJPY_TO_JNU_DAY_G1_V1
2019-09-09,2019-09-06,-0.0016839745770096447,0.005881677936965967,0.005881677936965967,1,1,1.0,2de8414c0f854a54e54eb3ef922542c3ef19178d5316176307e4e99cae869e3e,PRIOR_NIGHT_USDJPY_TO_JNU_DAY_G1_V1
2019-09-10,2019-09-09,0.0015879691347748639,0.0021060028843887936,-0.0021060028843887936,1,0,1.0,2de8414c0f854a54e54eb3ef922542c3ef19178d5316176307e4e99cae869e3e,PRIOR_NIGHT_USDJPY_TO_JNU_DAY_G1_V1
2019-09-11,2019-09-10,9.316625524983981e-05,0.0055762226274361695,-0.0055762226274361695,1,0,1.0,2de8414c0f854a54e54eb3ef922542c3ef19178d5316176307e4e99cae869e3e,PRIOR_NIGHT_USDJPY_TO_JNU_DAY_G1_V1
2019-09-12,2019-09-11,-0.000742321644925417,0.0006884681855414845,0.0006884681855414845,1,1,1.0,2de8414c0f854a54e54eb3ef922542c3ef19178d5316176307e4e99cae869e3e,PRIOR_NIGHT_USDJPY_TO_JNU_DAY_G1_V1
2019-09-13,2019-09-12,0.0005558643834067468,0.005978403642092121,-0.005978403642092121,1,0,1.0,2de8414c0f854a54e54eb3ef922542c3ef19178d5316176307e4e99cae869e3e,PRIOR_NIGHT_USDJPY_TO_JNU_DAY_G1_V1
2019-09-17,2019-09-13,0.0014809332584431066,-0.0013745706631665985,0.0013745706631665985,1,1,1.0,2de8414c0f854a54e54eb3ef922542c3ef19178d5316176307e4e99cae869e3e,PRIOR_NIGHT_USDJPY_TO_JNU_DAY_G1_V1
2019-09-18,2019-09-17,-9.248554919880544e-05,-0.0022909517465558244,-0.0022909517465558244,1,0,1.0,2de8414c0f854a54e54eb3ef922542c3ef19178d5316176307e4e99cae869e3e,PRIOR_NIGHT_USDJPY_TO_JNU_DAY_G1_V1
2019-09-19,2019-09-18,-0.0002773027701829611,-0.00022833656909346627,-0.00022833656909346627,1,0,1.0,2de8414c0f854a54e54eb3ef922542c3ef19178d5316176307e4e99cae869e3e,PRIOR_NIGHT_USDJPY_TO_JNU_DAY_G1_V1
2019-09-20,2019-09-19,-0.0004628558286752976,-0.0025059814914258948,-0.0025059814914258948,1,0,1.0,2de8414c0f854a54e54eb3ef922542c3ef19178d5316176307e4e99cae869e3e,PRIOR_NIGHT_USDJPY_TO_JNU_DAY_G1_V1
2019-09-24,2019-09-20,0.00018528812356127347,0.0013679892694248104,-0.0013679892694248104,1,0,1.0,2de8414c0f854a54e54eb3ef922542c3ef19178d5316176307e4e99cae869e3e,PRIOR_NIGHT_USDJPY_TO_JNU_DAY_G1_V1
2019-09-25,2019-09-24,-0.0026056221702606265,0.0011461319306225416,0.0011461319306225416,1,1,1.0,2de8414c0f854a54e54eb3ef922542c3ef19178d5316176307e4e99cae869e3e,PRIOR_NIGHT_USDJPY_TO_JNU_DAY_G1_V1
2019-09-26,2019-09-25,0.004556663856695651,-0.0029683775649128868,0.0029683775649128868,1,1,1.0,2de8414c0f854a54e54eb3ef922542c3ef19178d5316176307e4e99cae869e3e,PRIOR_NIGHT_USDJPY_TO_JNU_DAY_G1_V1
2019-09-27,2019-09-26,-0.00018573551316394425,-0.006391256633716428,-0.006391256633716428,1,0,1.0,2de8414c0f854a54e54eb3ef922542c3ef19178d5316176307e4e99cae869e3e,PRIOR_NIGHT_USDJPY_TO_JNU_DAY_G1_V1
2019-09-30,2019-09-27,0.0018527101177297303,-0.00046051117553424034,0.00046051117553424034,1,1,1.0,2de8414c0f854a54e54eb3ef922542c3ef19178d5316176307e4e99cae869e3e,PRIOR_NIGHT_USDJPY_TO_JNU_DAY_G1_V1
2019-10-01,2019-09-30,0.002315137395599033,0.0036529720986916633,-0.0036529720986916633,1,0,1.0,2de8414c0f854a54e54eb3ef922542c3ef19178d5316176307e4e99cae869e3e,PRIOR_NIGHT_USDJPY_TO_JNU_DAY_G1_V1
2019-10-02,2019-10-01,-0.006017143820025124,0.001610491547907899,0.001610491547907899,1,1,1.0,2de8414c0f854a54e54eb3ef922542c3ef19178d5316176307e4e99cae869e3e,PRIOR_NIGHT_USDJPY_TO_JNU_DAY_G1_V1
2019-10-03,2019-10-02,-0.004374338028269388,-0.005388322747690135,-0.005388322747690135,1,0,1.0,2de8414c0f854a54e54eb3ef922542c3ef19178d5316176307e4e99cae869e3e,PRIOR_NIGHT_USDJPY_TO_JNU_DAY_G1_V1
2019-10-04,2019-10-03,-0.0043927356957309295,0.0025758122191562463,0.0025758122191562463,1,1,1.0,2de8414c0f854a54e54eb3ef922542c3ef19178d5316176307e4e99cae869e3e,PRIOR_NIGHT_USDJPY_TO_JNU_DAY_G1_V1
2019-10-07,2019-10-04,0.001310370835197607,-0.004202667871496203,0.004202667871496203,1,1,1.0,2de8414c0f854a54e54eb3ef922542c3ef19178d5316176307e4e99cae869e3e,PRIOR_NIGHT_USDJPY_TO_JNU_DAY_G1_V1
2019-10-08,2019-10-07,0.0019634432000787657,0.0053345829859779,-0.0053345829859779,1,0,1.0,2de8414c0f854a54e54eb3ef922542c3ef19178d5316176307e4e99cae869e3e,PRIOR_NIGHT_USDJPY_TO_JNU_DAY_G1_V1
2019-10-09,2019-10-08,-0.0009336197111726733,0.003271030953952248,0.003271030953952248,1,1,1.0,2de8414c0f854a54e54eb3ef922542c3ef19178d5316176307e4e99cae869e3e,PRIOR_NIGHT_USDJPY_TO_JNU_DAY_G1_V1
2019-10-10,2019-10-09,0.0019566742790595353,0.004894544207893843,-0.004894544207893843,1,0,1.0,2de8414c0f854a54e54eb3ef922542c3ef19178d5316176307e4e99cae869e3e,PRIOR_NIGHT_USDJPY_TO_JNU_DAY_G1_V1
2019-10-11,2019-10-10,0.004644258765686583,0.00436932970621452,-0.00436932970621452,1,0,1.0,2de8414c0f854a54e54eb3ef922542c3ef19178d5316176307e4e99cae869e3e,PRIOR_NIGHT_USDJPY_TO_JNU_DAY_G1_V1
2019-10-15,2019-10-11,0.005544275891230418,0.004514680354526613,-0.004514680354526613,1,0,1.0,2de8414c0f854a54e54eb3ef922542c3ef19178d5316176307e4e99cae869e3e,PRIOR_NIGHT_USDJPY_TO_JNU_DAY_G1_V1
2019-10-16,2019-10-15,0.004328014491075831,-0.0017793599000773153,0.0017793599000773153,1,1,1.0,2de8414c0f854a54e54eb3ef922542c3ef19178d5316176307e4e99cae869e3e,PRIOR_NIGHT_USDJPY_TO_JNU_DAY_G1_V1
2019-10-17,2019-10-16,0.0005520795134702535,-0.001780151782961057,0.001780151782961057,1,1,1.0,2de8414c0f854a54e54eb3ef922542c3ef19178d5316176307e4e99cae869e3e,PRIOR_NIGHT_USDJPY_TO_JNU_DAY_G1_V1
2019-10-18,2019-10-17,-0.0030365792829292284,-0.0013339263872120452,-0.0013339263872120452,1,0,1.0,2de8414c0f854a54e54eb3ef922542c3ef19178d5316176307e4e99cae869e3e,PRIOR_NIGHT_USDJPY_TO_JNU_DAY_G1_V1
2019-10-21,2019-10-18,-0.0019346820719739327,0.002664299977463047,0.002664299977463047,1,1,1.0,2de8414c0f854a54e54eb3ef922542c3ef19178d5316176307e4e99cae869e3e,PRIOR_NIGHT_USDJPY_TO_JNU_DAY_G1_V1
2019-10-23,2019-10-21,0.0,-0.002645504188424054,0.0,0,0,1.0,2de8414c0f854a54e54eb3ef922542c3ef19178d5316176307e4e99cae869e3e,PRIOR_NIGHT_USDJPY_TO_JNU_DAY_G1_V1
2019-10-24,2019-10-23,0.002396093672417968,0.0,-0.0,0,0,1.0,2de8414c0f854a54e54eb3ef922542c3ef19178d5316176307e4e99cae869e3e,PRIOR_NIGHT_USDJPY_TO_JNU_DAY_G1_V1
2019-10-25,2019-10-24,-0.0007362415204645683,-0.0006581112445491904,-0.0006581112445491904,1,0,1.0,2de8414c0f854a54e54eb3ef922542c3ef19178d5316176307e4e99cae869e3e,PRIOR_NIGHT_USDJPY_TO_JNU_DAY_G1_V1
2019-10-28,2019-10-25,0.0011961173620942118,0.0002188423249789017,-0.0002188423249789017,1,0,1.0,2de8414c0f854a54e54eb3ef922542c3ef19178d5316176307e4e99cae869e3e,PRIOR_NIGHT_USDJPY_TO_JNU_DAY_G1_V1
2019-10-29,2019-10-28,0.00257163991836024,0.0006533812712026048,-0.0006533812712026048,1,0,1.0,2de8414c0f854a54e54eb3ef922542c3ef19178d5316176307e4e99cae869e3e,PRIOR_NIGHT_USDJPY_TO_JNU_DAY_G1_V1
2019-10-30,2019-10-29,-0.00027562129808365887,-0.0041525576008244,-0.0041525576008244,1,0,1.0,2de8414c0f854a54e54eb3ef922542c3ef19178d5316176307e4e99cae869e3e,PRIOR_NIGHT_USDJPY_TO_JNU_DAY_G1_V1
2019-10-31,2019-10-30,0.00018370533715657904,-0.00021803117932220098,0.00021803117932220098,1,1,1.0,2de8414c0f854a54e54eb3ef922542c3ef19178d5316176307e4e99cae869e3e,PRIOR_NIGHT_USDJPY_TO_JNU_DAY_G1_V1
2019-11-01,2019-10-31,-0.0047992708638330455,0.005486681162284197,0.005486681162284197,1,1,1.0,2de8414c0f854a54e54eb3ef922542c3ef19178d5316176307e4e99cae869e3e,PRIOR_NIGHT_USDJPY_TO_JNU_DAY_G1_V1
2019-11-05,2019-11-01,0.0018508241448499721,0.005592615136060208,-0.005592615136060208,1,0,1.0,2de8414c0f854a54e54eb3ef922542c3ef19178d5316176307e4e99cae869e3e,PRIOR_NIGHT_USDJPY_TO_JNU_DAY_G1_V1
2019-11-06,2019-11-05,0.0031204136920071532,-0.001501340764578463,0.001501340764578463,1,1,1.0,2de8414c0f854a54e54eb3ef922542c3ef19178d5316176307e4e99cae869e3e,PRIOR_NIGHT_USDJPY_TO_JNU_DAY_G1_V1
2019-11-07,2019-11-06,-0.0011017261488984061,0.0036445532891524065,0.0036445532891524065,1,1,1.0,2de8414c0f854a54e54eb3ef922542c3ef19178d5316176307e4e99cae869e3e,PRIOR_NIGHT_USDJPY_TO_JNU_DAY_G1_V1
2019-11-08,2019-11-07,0.004212846234477744,-0.007460335144751323,0.007460335144751323,1,1,1.0,2de8414c0f854a54e54eb3ef922542c3ef19178d5316176307e4e99cae869e3e,PRIOR_NIGHT_USDJPY_TO_JNU_DAY_G1_V1
2019-11-11,2019-11-08,-0.00137343793049623,-0.005986761520137214,-0.005986761520137214,1,0,1.0,2de8414c0f854a54e54eb3ef922542c3ef19178d5316176307e4e99cae869e3e,PRIOR_NIGHT_USDJPY_TO_JNU_DAY_G1_V1
2019-11-12,2019-11-08,-0.00137343793049623,0.007675943872104353,0.007675943872104353,1,1,1.0,2de8414c0f854a54e54eb3ef922542c3ef19178d5316176307e4e99cae869e3e,PRIOR_NIGHT_USDJPY_TO_JNU_DAY_G1_V1
2019-11-13,2019-11-12,-0.0013740669958388176,-0.006207876085363764,-0.006207876085363764,1,0,1.0,2de8414c0f854a54e54eb3ef922542c3ef19178d5316176307e4e99cae869e3e,PRIOR_NIGHT_USDJPY_TO_JNU_DAY_G1_V1
2019-11-14,2019-11-13,-0.002202846232681218,-0.007751976804317936,-0.007751976804317936,1,0,1.0,2de8414c0f854a54e54eb3ef922542c3ef19178d5316176307e4e99cae869e3e,PRIOR_NIGHT_USDJPY_TO_JNU_DAY_G1_V1
2019-11-15,2019-11-14,-0.003869546011317379,0.00839165763624838,0.00839165763624838,1,1,1.0,2de8414c0f854a54e54eb3ef922542c3ef19178d5316176307e4e99cae869e3e,PRIOR_NIGHT_USDJPY_TO_JNU_DAY_G1_V1
2019-11-18,2019-11-15,0.002208318895228497,0.0036406507713833834,-0.0036406507713833834,1,0,1.0,2de8414c0f854a54e54eb3ef922542c3ef19178d5316176307e4e99cae869e3e,PRIOR_NIGHT_USDJPY_TO_JNU_DAY_G1_V1
2019-11-19,2019-11-18,-0.0028501835136142306,-0.00257290021865671,-0.00257290021865671,1,0,1.0,2de8414c0f854a54e54eb3ef922542c3ef19178d5316176307e4e99cae869e3e,PRIOR_NIGHT_USDJPY_TO_JNU_DAY_G1_V1
2019-11-20,2019-11-19,-0.0007364448459511832,-0.0028056563133013286,-0.0028056563133013286,1,0,1.0,2de8414c0f854a54e54eb3ef922542c3ef19178d5316176307e4e99cae869e3e,PRIOR_NIGHT_USDJPY_TO_JNU_DAY_G1_V1
2019-11-21,2019-11-20,0.002118742444295559,-0.0021677875387135503,0.0021677875387135503,1,1,1.0,2de8414c0f854a54e54eb3ef922542c3ef19178d5316176307e4e99cae869e3e,PRIOR_NIGHT_USDJPY_TO_JNU_DAY_G1_V1
2019-11-22,2019-11-21,-0.0004605960193814691,0.002597404057685471,0.002597404057685471,1,1,1.0,2de8414c0f854a54e54eb3ef922542c3ef19178d5316176307e4e99cae869e3e,PRIOR_NIGHT_USDJPY_TO_JNU_DAY_G1_V1
2019-11-25,2019-11-22,0.000552282782815528,0.0010733069614671897,-0.0010733069614671897,1,0,1.0,2de8414c0f854a54e54eb3ef922542c3ef19178d5316176307e4e99cae869e3e,PRIOR_NIGHT_USDJPY_TO_JNU_DAY_G1_V1
2019-11-26,2019-11-25,0.0010101474755833215,-0.0034173463415218034,0.0034173463415218034,1,1,1.0,2de8414c0f854a54e54eb3ef922542c3ef19178d5316176307e4e99cae869e3e,PRIOR_NIGHT_USDJPY_TO_JNU_DAY_G1_V1
2019-11-27,2019-11-26,0.0013757052658050634,-0.0004263483330410213,0.0004263483330410213,1,1,1.0,2de8414c0f854a54e54eb3ef922542c3ef19178d5316176307e4e99cae869e3e,PRIOR_NIGHT_USDJPY_TO_JNU_DAY_G1_V1
2019-11-28,2019-11-27,0.0017385738926516928,-0.0038395951607787847,0.0038395951607787847,1,1,1.0,2de8414c0f854a54e54eb3ef922542c3ef19178d5316176307e4e99cae869e3e,PRIOR_NIGHT_USDJPY_TO_JNU_DAY_G1_V1
2019-11-29,2019-11-27,0.0017385738926516928,-0.007910249691135608,0.007910249691135608,1,1,1.0,2de8414c0f854a54e54eb3ef922542c3ef19178d5316176307e4e99cae869e3e,PRIOR_NIGHT_USDJPY_TO_JNU_DAY_G1_V1
2019-12-02,2019-11-29,-0.00027401014008957773,0.007672671911660186,0.007672671911660186,1,1,1.0,2de8414c0f854a54e54eb3ef922542c3ef19178d5316176307e4e99cae869e3e,PRIOR_NIGHT_USDJPY_TO_JNU_DAY_G1_V1
2019-12-03,2019-12-02,-0.004664144904249736,0.006875832847465978,0.006875832847465978,1,1,1.0,2de8414c0f854a54e54eb3ef922542c3ef19178d5316176307e4e99cae869e3e,PRIOR_NIGHT_USDJPY_TO_JNU_DAY_G1_V1
2019-12-04,2019-12-03,-0.005238260381101477,0.0006492804037206948,0.0006492804037206948,1,1,1.0,2de8414c0f854a54e54eb3ef922542c3ef19178d5316176307e4e99cae869e3e,PRIOR_NIGHT_USDJPY_TO_JNU_DAY_G1_V1
2019-12-05,2019-12-04,0.003588685701003147,-0.0004287245510469563,0.0004287245510469563,1,1,1.0,2de8414c0f854a54e54eb3ef922542c3ef19178d5316176307e4e99cae869e3e,PRIOR_NIGHT_USDJPY_TO_JNU_DAY_G1_V1
2019-12-06,2019-12-05,-0.001838404782874055,0.0038486256612944563,0.0038486256612944563,1,1,1.0,2de8414c0f854a54e54eb3ef922542c3ef19178d5316176307e4e99cae869e3e,PRIOR_NIGHT_USDJPY_TO_JNU_DAY_G1_V1
2019-12-09,2019-12-06,-9.202595138327706e-05,-0.0038322380304592644,-0.0038322380304592644,1,0,1.0,2de8414c0f854a54e54eb3ef922542c3ef19178d5316176307e4e99cae869e3e,PRIOR_NIGHT_USDJPY_TO_JNU_DAY_G1_V1
2019-12-10,2019-12-09,0.00018419598504849647,0.002136296475782039,-0.002136296475782039,1,0,1.0,2de8414c0f854a54e54eb3ef922542c3ef19178d5316176307e4e99cae869e3e,PRIOR_NIGHT_USDJPY_TO_JNU_DAY_G1_V1
2019-12-11,2019-12-10,0.0009201325639986487,-0.0027768895340611697,0.0027768895340611697,1,1,1.0,2de8414c0f854a54e54eb3ef922542c3ef19178d5316176307e4e99cae869e3e,PRIOR_NIGHT_USDJPY_TO_JNU_DAY_G1_V1
2019-12-12,2019-12-11,-0.000551977934897843,0.0004265301834765393,0.0004265301834765393,1,1,1.0,2de8414c0f854a54e54eb3ef922542c3ef19178d5316176307e4e99cae869e3e,PRIOR_NIGHT_USDJPY_TO_JNU_DAY_G1_V1
2019-12-13,2019-12-12,0.004682989137699044,0.00753614619642806,-0.00753614619642806,1,0,1.0,2de8414c0f854a54e54eb3ef922542c3ef19178d5316176307e4e99cae869e3e,PRIOR_NIGHT_USDJPY_TO_JNU_DAY_G1_V1
2019-12-16,2019-12-13,-0.003197663863968623,-0.001672940582563745,-0.001672940582563745,1,0,1.0,2de8414c0f854a54e54eb3ef922542c3ef19178d5316176307e4e99cae869e3e,PRIOR_NIGHT_USDJPY_TO_JNU_DAY_G1_V1
2019-12-17,2019-12-16,0.002099977945886522,-0.0014563614349825148,0.0014563614349825148,1,1,1.0,2de8414c0f854a54e54eb3ef922542c3ef19178d5316176307e4e99cae869e3e,PRIOR_NIGHT_USDJPY_TO_JNU_DAY_G1_V1
2019-12-18,2019-12-17,-0.0007301935337216764,-0.005438206249144001,-0.005438206249144001,1,0,1.0,2de8414c0f854a54e54eb3ef922542c3ef19178d5316176307e4e99cae869e3e,PRIOR_NIGHT_USDJPY_TO_JNU_DAY_G1_V1
2019-12-19,2019-12-18,0.0012784222360293729,-0.0008391022099218469,0.0008391022099218469,1,1,1.0,2de8414c0f854a54e54eb3ef922542c3ef19178d5316176307e4e99cae869e3e,PRIOR_NIGHT_USDJPY_TO_JNU_DAY_G1_V1
2019-12-20,2019-12-19,-0.003199125254817902,-0.0031542450713017813,-0.0031542450713017813,1,0,1.0,2de8414c0f854a54e54eb3ef922542c3ef19178d5316176307e4e99cae869e3e,PRIOR_NIGHT_USDJPY_TO_JNU_DAY_G1_V1
2019-12-23,2019-12-20,0.0007311946217375387,-0.0035703072683774305,0.0035703072683774305,1,1,1.0,2de8414c0f854a54e54eb3ef922542c3ef19178d5316176307e4e99cae869e3e,PRIOR_NIGHT_USDJPY_TO_JNU_DAY_G1_V1
2019-12-24,2019-12-23,-9.14118561814235e-05,-0.0016827938342161028,-0.0016827938342161028,1,0,1.0,2de8414c0f854a54e54eb3ef922542c3ef19178d5316176307e4e99cae869e3e,PRIOR_NIGHT_USDJPY_TO_JNU_DAY_G1_V1
2019-12-25,2019-12-24,-0.0001828320692542223,-0.0016842109244304085,-0.0016842109244304085,1,0,1.0,2de8414c0f854a54e54eb3ef922542c3ef19178d5316176307e4e99cae869e3e,PRIOR_NIGHT_USDJPY_TO_JNU_DAY_G1_V1
2019-12-26,2019-12-24,-0.0001828320692542223,0.005888555396105909,0.005888555396105909,1,1,1.0,2de8414c0f854a54e54eb3ef922542c3ef19178d5316176307e4e99cae869e3e,PRIOR_NIGHT_USDJPY_TO_JNU_DAY_G1_V1
2019-12-27,2019-12-26,0.001003512377240109,-0.002931939273084357,0.002931939273084357,1,1,1.0,2de8414c0f854a54e54eb3ef922542c3ef19178d5316176307e4e99cae869e3e,PRIOR_NIGHT_USDJPY_TO_JNU_DAY_G1_V1
2019-12-30,2019-12-27,-0.0003653301712018472,-0.005275943440068195,-0.005275943440068195,1,0,1.0,2de8414c0f854a54e54eb3ef922542c3ef19178d5316176307e4e99cae869e3e,PRIOR_NIGHT_USDJPY_TO_JNU_DAY_G1_V1
2020-01-06,2019-12-30,-0.002752295315396575,-0.003239393827251564,-0.003239393827251564,1,0,1.0,77ad8d59ebff6aad88b5688701499490f27f817fb77afbebacdbd01baea42b97,PRIOR_NIGHT_USDJPY_TO_JNU_DAY_G1_V1
2020-01-07,2020-01-06,0.0023097899122142915,0.009829138962670732,-0.009829138962670732,1,0,1.0,77ad8d59ebff6aad88b5688701499490f27f817fb77afbebacdbd01baea42b97,PRIOR_NIGHT_USDJPY_TO_JNU_DAY_G1_V1
2020-01-08,2020-01-07,0.0018445085004476164,0.0008648649187741065,-0.0008648649187741065,1,0,1.0,77ad8d59ebff6aad88b5688701499490f27f817fb77afbebacdbd01baea42b97,PRIOR_NIGHT_USDJPY_TO_JNU_DAY_G1_V1
2020-01-09,2020-01-08,0.005610499886098259,0.007838192867573424,-0.007838192867573424,1,0,1.0,77ad8d59ebff6aad88b5688701499490f27f817fb77afbebacdbd01baea42b97,PRIOR_NIGHT_USDJPY_TO_JNU_DAY_G1_V1
2020-01-10,2020-01-09,0.001096791993689129,0.0010511932009711323,-0.0010511932009711323,1,0,1.0,77ad8d59ebff6aad88b5688701499490f27f817fb77afbebacdbd01baea42b97,PRIOR_NIGHT_USDJPY_TO_JNU_DAY_G1_V1
2020-01-14,2020-01-10,-0.0006390651607463869,0.0027125733899269837,0.0027125733899269837,1,1,1.0,77ad8d59ebff6aad88b5688701499490f27f817fb77afbebacdbd01baea42b97,PRIOR_NIGHT_USDJPY_TO_JNU_DAY_G1_V1
2020-01-15,2020-01-14,0.0005453554034453985,-0.001674691620206841,0.001674691620206841,1,1,1.0,77ad8d59ebff6aad88b5688701499490f27f817fb77afbebacdbd01baea42b97,PRIOR_NIGHT_USDJPY_TO_JNU_DAY_G1_V1
2020-01-16,2020-01-15,0.0002729133517053917,-0.0004177982095451619,0.0004177982095451619,1,1,1.0,77ad8d59ebff6aad88b5688701499490f27f817fb77afbebacdbd01baea42b97,PRIOR_NIGHT_USDJPY_TO_JNU_DAY_G1_V1
2020-01-17,2020-01-16,0.0016353233407306164,-0.0024927308296024725,0.0024927308296024725,1,1,1.0,77ad8d59ebff6aad88b5688701499490f27f817fb77afbebacdbd01baea42b97,PRIOR_NIGHT_USDJPY_TO_JNU_DAY_G1_V1
2020-01-20,2020-01-17,-0.00045378228305113555,0.0012474014091486893,0.0012474014091486893,1,1,1.0,77ad8d59ebff6aad88b5688701499490f27f817fb77afbebacdbd01baea42b97,PRIOR_NIGHT_USDJPY_TO_JNU_DAY_G1_V1
2020-01-21,2020-01-17,-0.00045378228305113555,-0.008356012689135058,-0.008356012689135058,1,0,1.0,77ad8d59ebff6aad88b5688701499490f27f817fb77afbebacdbd01baea42b97,PRIOR_NIGHT_USDJPY_TO_JNU_DAY_G1_V1
2020-01-22,2020-01-21,-0.00027281407889847,0.009831686767592574,0.009831686767592574,1,1,1.0,77ad8d59ebff6aad88b5688701499490f27f817fb77afbebacdbd01baea42b97,PRIOR_NIGHT_USDJPY_TO_JNU_DAY_G1_V1
2020-01-23,2020-01-22,-0.0007274711605719002,-0.0023126258598868093,-0.0023126258598868093,1,0,1.0,77ad8d59ebff6aad88b5688701499490f27f817fb77afbebacdbd01baea42b97,PRIOR_NIGHT_USDJPY_TO_JNU_DAY_G1_V1
2020-01-24,2020-01-23,-0.0020091330959325425,0.0,0.0,0,0,1.0,77ad8d59ebff6aad88b5688701499490f27f817fb77afbebacdbd01baea42b97,PRIOR_NIGHT_USDJPY_TO_JNU_DAY_G1_V1
2020-01-27,2020-01-24,-0.0021931837357313556,-0.00021456925304942485,-0.00021456925304942485,1,0,1.0,77ad8d59ebff6aad88b5688701499490f27f817fb77afbebacdbd01baea42b97,PRIOR_NIGHT_USDJPY_TO_JNU_DAY_G1_V1
2020-01-28,2020-01-27,-0.0010091281072866494,0.0021593616682578295,0.0021593616682578295,1,1,1.0,77ad8d59ebff6aad88b5688701499490f27f817fb77afbebacdbd01baea42b97,PRIOR_NIGHT_USDJPY_TO_JNU_DAY_G1_V1
2020-01-29,2020-01-28,0.0008247423147902964,0.002142704912360638,-0.002142704912360638,1,0,1.0,77ad8d59ebff6aad88b5688701499490f27f817fb77afbebacdbd01baea42b97,PRIOR_NIGHT_USDJPY_TO_JNU_DAY_G1_V1
2020-01-30,2020-01-29,0.00045819015692779165,-0.013853035389293755,0.013853035389293755,1,1,1.0,77ad8d59ebff6aad88b5688701499490f27f817fb77afbebacdbd01baea42b97,PRIOR_NIGHT_USDJPY_TO_JNU_DAY_G1_V1
2020-01-31,2020-01-30,-0.0011028399242951714,0.000216052717703257,0.000216052717703257,1,1,1.0,77ad8d59ebff6aad88b5688701499490f27f817fb77afbebacdbd01baea42b97,PRIOR_NIGHT_USDJPY_TO_JNU_DAY_G1_V1
2020-02-03,2020-01-31,-0.004964614407762989,0.005691784192683495,0.005691784192683495,1,1,1.0,77ad8d59ebff6aad88b5688701499490f27f817fb77afbebacdbd01baea42b97,PRIOR_NIGHT_USDJPY_TO_JNU_DAY_G1_V1
2020-02-04,2020-02-03,-0.00036829021685039334,0.010238625548700019,0.010238625548700019,1,1,1.0,77ad8d59ebff6aad88b5688701499490f27f817fb77afbebacdbd01baea42b97,PRIOR_NIGHT_USDJPY_TO_JNU_DAY_G1_V1
2020-02-05,2020-02-04,0.004305021533170232,0.00042844902112140754,-0.00042844902112140754,1,0,1.0,77ad8d59ebff6aad88b5688701499490f27f817fb77afbebacdbd01baea42b97,PRIOR_NIGHT_USDJPY_TO_JNU_DAY_G1_V1
2020-02-06,2020-02-05,0.0036516381639760407,0.009875067116455197,-0.009875067116455197,1,0,1.0,77ad8d59ebff6aad88b5688701499490f27f817fb77afbebacdbd01baea42b97,PRIOR_NIGHT_USDJPY_TO_JNU_DAY_G1_V1
2020-02-07,2020-02-06,-0.0001819836219762307,-0.005238356661588902,-0.005238356661588902,1,0,1.0,77ad8d59ebff6aad88b5688701499490f27f817fb77afbebacdbd01baea42b97,PRIOR_NIGHT_USDJPY_TO_JNU_DAY_G1_V1
2020-02-10,2020-02-07,-0.0010921999811505515,0.0014819522136353721,0.0014819522136353721,1,1,1.0,77ad8d59ebff6aad88b5688701499490f27f817fb77afbebacdbd01baea42b97,PRIOR_NIGHT_USDJPY_TO_JNU_DAY_G1_V1
2020-02-12,2020-02-10,-0.0003643319103967867,0.0004187604751312992,0.0004187604751312992,1,1,1.0,77ad8d59ebff6aad88b5688701499490f27f817fb77afbebacdbd01baea42b97,PRIOR_NIGHT_USDJPY_TO_JNU_DAY_G1_V1
2020-02-13,2020-02-12,0.001091504565343171,-0.00670299954205788,0.00670299954205788,1,1,1.0,77ad8d59ebff6aad88b5688701499490f27f817fb77afbebacdbd01baea42b97,PRIOR_NIGHT_USDJPY_TO_JNU_DAY_G1_V1
2020-02-14,2020-02-13,0.0007287966069141394,-0.003381237371869236,0.003381237371869236,1,1,1.0,77ad8d59ebff6aad88b5688701499490f27f817fb77afbebacdbd01baea42b97,PRIOR_NIGHT_USDJPY_TO_JNU_DAY_G1_V1
2020-02-17,2020-02-14,-0.00018218254741598266,-0.001911843386374658,-0.001911843386374658,1,0,1.0,77ad8d59ebff6aad88b5688701499490f27f817fb77afbebacdbd01baea42b97,PRIOR_NIGHT_USDJPY_TO_JNU_DAY_G1_V1
2020-02-18,2020-02-14,-0.00018218254741598266,-0.010511734676280166,-0.010511734676280166,1,0,1.0,77ad8d59ebff6aad88b5688701499490f27f817fb77afbebacdbd01baea42b97,PRIOR_NIGHT_USDJPY_TO_JNU_DAY_G1_V1
2020-02-19,2020-02-18,0.000820008246030746,0.0036429912785010087,-0.0036429912785010087,1,0,1.0,77ad8d59ebff6aad88b5688701499490f27f817fb77afbebacdbd01baea42b97,PRIOR_NIGHT_USDJPY_TO_JNU_DAY_G1_V1
2020-02-20,2020-02-19,0.009489880971117108,-0.006998225995461723,0.006998225995461723,1,1,1.0,77ad8d59ebff6aad88b5688701499490f27f817fb77afbebacdbd01baea42b97,PRIOR_NIGHT_USDJPY_TO_JNU_DAY_G1_V1
2020-02-21,2020-02-20,0.0015209128407067448,-0.0059829238295935104,0.0059829238295935104,1,1,1.0,77ad8d59ebff6aad88b5688701499490f27f817fb77afbebacdbd01baea42b97,PRIOR_NIGHT_USDJPY_TO_JNU_DAY_G1_V1
2020-02-25,2020-02-21,0.0,0.014020481141548682,0.0,0,0,1.0,77ad8d59ebff6aad88b5688701499490f27f817fb77afbebacdbd01baea42b97,PRIOR_NIGHT_USDJPY_TO_JNU_DAY_G1_V1
2020-02-26,2020-02-25,-0.004435399894135285,0.007851975282685391,0.007851975282685391,1,1,1.0,77ad8d59ebff6aad88b5688701499490f27f817fb77afbebacdbd01baea42b97,PRIOR_NIGHT_USDJPY_TO_JNU_DAY_G1_V1
2020-02-27,2020-02-26,-0.00108675975195144,-0.016982181015914578,-0.016982181015914578,1,0,1.0,77ad8d59ebff6aad88b5688701499490f27f817fb77afbebacdbd01baea42b97,PRIOR_NIGHT_USDJPY_TO_JNU_DAY_G1_V1
2020-02-28,2020-02-27,0.00036320712285239687,-0.013897291149662322,0.013897291149662322,1,1,1.0,77ad8d59ebff6aad88b5688701499490f27f817fb77afbebacdbd01baea42b97,PRIOR_NIGHT_USDJPY_TO_JNU_DAY_G1_V1
2020-03-02,2020-02-28,-0.00663719250679873,0.019284016219281733,0.019284016219281733,1,1,1.0,77ad8d59ebff6aad88b5688701499490f27f817fb77afbebacdbd01baea42b97,PRIOR_NIGHT_USDJPY_TO_JNU_DAY_G1_V1
2020-03-03,2020-03-02,-0.003972842108138418,-0.02353049741019416,-0.02353049741019416,1,0,1.0,77ad8d59ebff6aad88b5688701499490f27f817fb77afbebacdbd01baea42b97,PRIOR_NIGHT_USDJPY_TO_JNU_DAY_G1_V1
2020-03-04,2020-03-03,-0.007059289950991738,0.015002067286864523,0.015002067286864523,1,1,1.0,77ad8d59ebff6aad88b5688701499490f27f817fb77afbebacdbd01baea42b97,PRIOR_NIGHT_USDJPY_TO_JNU_DAY_G1_V1
2020-03-05,2020-03-04,-0.0017685116537520626,-0.0018726597232918884,-0.0018726597232918884,1,0,1.0,77ad8d59ebff6aad88b5688701499490f27f817fb77afbebacdbd01baea42b97,PRIOR_NIGHT_USDJPY_TO_JNU_DAY_G1_V1
2020-03-06,2020-03-05,-0.007572606653965196,-0.014651396950132883,-0.014651396950132883,1,0,1.0,77ad8d59ebff6aad88b5688701499490f27f817fb77afbebacdbd01baea42b97,PRIOR_NIGHT_USDJPY_TO_JNU_DAY_G1_V1
2020-03-09,2020-03-06,-0.004642138031693142,-0.01928015074550023,-0.01928015074550023,1,0,1.0,77ad8d59ebff6aad88b5688701499490f27f817fb77afbebacdbd01baea42b97,PRIOR_NIGHT_USDJPY_TO_JNU_DAY_G1_V1
2020-03-10,2020-03-09,0.0027349108666456703,0.020708908290110364,-0.020708908290110364,1,0,1.0,77ad8d59ebff6aad88b5688701499490f27f817fb77afbebacdbd01baea42b97,PRIOR_NIGHT_USDJPY_TO_JNU_DAY_G1_V1
2020-03-11,2020-03-10,-0.0013490077204784616,-0.012556218775412482,-0.012556218775412482,1,0,1.0,77ad8d59ebff6aad88b5688701499490f27f817fb77afbebacdbd01baea42b97,PRIOR_NIGHT_USDJPY_TO_JNU_DAY_G1_V1
2020-03-12,2020-03-11,-0.0020968364525979725,-0.03916845426272565,-0.03916845426272565,1,0,1.0,77ad8d59ebff6aad88b5688701499490f27f817fb77afbebacdbd01baea42b97,PRIOR_NIGHT_USDJPY_TO_JNU_DAY_G1_V1
2020-03-13,2020-03-12,0.019108253117918705,0.012541221405308181,-0.012541221405308181,1,0,1.0,77ad8d59ebff6aad88b5688701499490f27f817fb77afbebacdbd01baea42b97,PRIOR_NIGHT_USDJPY_TO_JNU_DAY_G1_V1
2020-03-16,2020-03-13,0.012301202112885778,-0.024946267946577307,0.024946267946577307,1,1,1.0,77ad8d59ebff6aad88b5688701499490f27f817fb77afbebacdbd01baea42b97,PRIOR_NIGHT_USDJPY_TO_JNU_DAY_G1_V1
2020-03-17,2020-03-16,-0.009046424302812663,0.00814361309495156,0.00814361309495156,1,1,1.0,77ad8d59ebff6aad88b5688701499490f27f817fb77afbebacdbd01baea42b97,PRIOR_NIGHT_USDJPY_TO_JNU_DAY_G1_V1
2020-03-18,2020-03-17,0.005040145073150288,-0.026076706100700238,0.026076706100700238,1,1,1.0,77ad8d59ebff6aad88b5688701499490f27f817fb77afbebacdbd01baea42b97,PRIOR_NIGHT_USDJPY_TO_JNU_DAY_G1_V1
2020-03-19,2020-03-18,0.009542852795570107,-0.021028110355253087,0.021028110355253087,1,1,1.0,77ad8d59ebff6aad88b5688701499490f27f817fb77afbebacdbd01baea42b97,PRIOR_NIGHT_USDJPY_TO_JNU_DAY_G1_V1
2020-03-23,2020-03-19,0.00839267834489575,0.024068550520519774,-0.024068550520519774,1,0,1.0,77ad8d59ebff6aad88b5688701499490f27f817fb77afbebacdbd01baea42b97,PRIOR_NIGHT_USDJPY_TO_JNU_DAY_G1_V1
2020-03-24,2020-03-23,0.010108389320761057,0.03992658515506093,-0.03992658515506093,1,0,1.0,77ad8d59ebff6aad88b5688701499490f27f817fb77afbebacdbd01baea42b97,PRIOR_NIGHT_USDJPY_TO_JNU_DAY_G1_V1
2020-03-25,2020-03-24,0.008108883066433295,0.020976123045816218,-0.020976123045816218,1,0,1.0,77ad8d59ebff6aad88b5688701499490f27f817fb77afbebacdbd01baea42b97,PRIOR_NIGHT_USDJPY_TO_JNU_DAY_G1_V1
2020-03-26,2020-03-25,-0.0003589053425694759,-0.018671899517624987,-0.018671899517624987,1,0,1.0,77ad8d59ebff6aad88b5688701499490f27f817fb77afbebacdbd01baea42b97,PRIOR_NIGHT_USDJPY_TO_JNU_DAY_G1_V1
2020-03-27,2020-03-26,-0.009366685132164689,0.0010441139032604876,0.0010441139032604876,1,1,1.0,77ad8d59ebff6aad88b5688701499490f27f817fb77afbebacdbd01baea42b97,PRIOR_NIGHT_USDJPY_TO_JNU_DAY_G1_V1
2020-03-30,2020-03-27,-0.00691024079294116,0.008276645832475105,0.008276645832475105,1,1,1.0,77ad8d59ebff6aad88b5688701499490f27f817fb77afbebacdbd01baea42b97,PRIOR_NIGHT_USDJPY_TO_JNU_DAY_G1_V1
2020-03-31,2020-03-30,0.0006479981712514906,-0.022240789658598582,0.022240789658598582,1,1,1.0,77ad8d59ebff6aad88b5688701499490f27f817fb77afbebacdbd01baea42b97,PRIOR_NIGHT_USDJPY_TO_JNU_DAY_G1_V1
2020-04-01,2020-03-31,-0.008242695429757163,-0.03567886672356495,-0.03567886672356495,1,0,1.0,77ad8d59ebff6aad88b5688701499490f27f817fb77afbebacdbd01baea42b97,PRIOR_NIGHT_USDJPY_TO_JNU_DAY_G1_V1
2020-04-02,2020-04-01,-0.005682098097119409,0.004484312447328586,0.004484312447328586,1,1,1.0,77ad8d59ebff6aad88b5688701499490f27f817fb77afbebacdbd01baea42b97,PRIOR_NIGHT_USDJPY_TO_JNU_DAY_G1_V1
2020-04-03,2020-04-02,0.005205924186510509,-0.010383143654429265,0.010383143654429265,1,1,1.0,77ad8d59ebff6aad88b5688701499490f27f817fb77afbebacdbd01baea42b97,PRIOR_NIGHT_USDJPY_TO_JNU_DAY_G1_V1
2020-04-06,2020-04-03,0.0027680401508685458,0.04672462968236113,-0.04672462968236113,1,0,1.0,77ad8d59ebff6aad88b5688701499490f27f817fb77afbebacdbd01baea42b97,PRIOR_NIGHT_USDJPY_TO_JNU_DAY_G1_V1
2020-04-07,2020-04-06,-0.0006413486866042571,0.0052687160868265664,0.0052687160868265664,1,1,1.0,77ad8d59ebff6aad88b5688701499490f27f817fb77afbebacdbd01baea42b97,PRIOR_NIGHT_USDJPY_TO_JNU_DAY_G1_V1
2020-04-08,2020-04-07,0.0008262566455841787,-0.00236811056596778,0.00236811056596778,1,1,1.0,77ad8d59ebff6aad88b5688701499490f27f817fb77afbebacdbd01baea42b97,PRIOR_NIGHT_USDJPY_TO_JNU_DAY_G1_V1
2020-04-09,2020-04-08,-0.0012871197878818372,0.008778780882055713,0.008778780882055713,1,1,1.0,77ad8d59ebff6aad88b5688701499490f27f817fb77afbebacdbd01baea42b97,PRIOR_NIGHT_USDJPY_TO_JNU_DAY_G1_V1
2020-04-10,2020-04-09,-0.005153701817560229,-0.0067062412800833835,-0.0067062412800833835,1,0,1.0,77ad8d59ebff6aad88b5688701499490f27f817fb77afbebacdbd01baea42b97,PRIOR_NIGHT_USDJPY_TO_JNU_DAY_G1_V1
2020-04-13,2020-04-10,-9.22551778873694e-05,-0.007834983929818688,-0.007834983929818688,1,0,1.0,77ad8d59ebff6aad88b5688701499490f27f817fb77afbebacdbd01baea42b97,PRIOR_NIGHT_USDJPY_TO_JNU_DAY_G1_V1
2020-04-14,2020-04-13,-0.0027844829574308707,0.023500113078783833,0.023500113078783833,1,1,1.0,77ad8d59ebff6aad88b5688701499490f27f817fb77afbebacdbd01baea42b97,PRIOR_NIGHT_USDJPY_TO_JNU_DAY_G1_V1
2020-04-15,2020-04-14,-0.005494775175473827,0.003834850666648445,0.003834850666648445,1,1,1.0,77ad8d59ebff6aad88b5688701499490f27f817fb77afbebacdbd01baea42b97,PRIOR_NIGHT_USDJPY_TO_JNU_DAY_G1_V1
2020-04-16,2020-04-15,0.000558711253941741,0.0,-0.0,0,0,1.0,77ad8d59ebff6aad88b5688701499490f27f817fb77afbebacdbd01baea42b97,PRIOR_NIGHT_USDJPY_TO_JNU_DAY_G1_V1
2020-04-17,2020-04-16,-0.0010206449505828525,0.008130126083250309,0.008130126083250309,1,1,1.0,77ad8d59ebff6aad88b5688701499490f27f817fb77afbebacdbd01baea42b97,PRIOR_NIGHT_USDJPY_TO_JNU_DAY_G1_V1
2020-04-20,2020-04-17,-0.0026007817000573675,0.004085807522580354,0.004085807522580354,1,1,1.0,77ad8d59ebff6aad88b5688701499490f27f817fb77afbebacdbd01baea42b97,PRIOR_NIGHT_USDJPY_TO_JNU_DAY_G1_V1
2020-04-21,2020-04-20,-9.285482155337984e-05,-0.007747972643995357,-0.007747972643995357,1,0,1.0,77ad8d59ebff6aad88b5688701499490f27f817fb77afbebacdbd01baea42b97,PRIOR_NIGHT_USDJPY_TO_JNU_DAY_G1_V1
2020-04-22,2020-04-21,0.0027896614706642933,-0.002622608374436995,0.002622608374436995,1,1,1.0,77ad8d59ebff6aad88b5688701499490f27f817fb77afbebacdbd01baea42b97,PRIOR_NIGHT_USDJPY_TO_JNU_DAY_G1_V1
2020-04-23,2020-04-22,0.0019497708233425501,0.011115533860196754,-0.011115533860196754,1,0,1.0,77ad8d59ebff6aad88b5688701499490f27f817fb77afbebacdbd01baea42b97,PRIOR_NIGHT_USDJPY_TO_JNU_DAY_G1_V1
2020-04-24,2020-04-23,9.289795166713068e-05,-0.006484266008341017,0.006484266008341017,1,1,1.0,77ad8d59ebff6aad88b5688701499490f27f817fb77afbebacdbd01baea42b97,PRIOR_NIGHT_USDJPY_TO_JNU_DAY_G1_V1
2020-04-27,2020-04-24,-0.0024170319473608057,0.014039796667482615,0.014039796667482615,1,1,1.0,77ad8d59ebff6aad88b5688701499490f27f817fb77afbebacdbd01baea42b97,PRIOR_NIGHT_USDJPY_TO_JNU_DAY_G1_V1
2020-04-28,2020-04-27,-9.326183266261349e-05,0.001264382517665875,0.001264382517665875,1,1,1.0,77ad8d59ebff6aad88b5688701499490f27f817fb77afbebacdbd01baea42b97,PRIOR_NIGHT_USDJPY_TO_JNU_DAY_G1_V1
2020-04-30,2020-04-28,-0.0023374326943556836,-0.012379459902034347,-0.012379459902034347,1,0,1.0,77ad8d59ebff6aad88b5688701499490f27f817fb77afbebacdbd01baea42b97,PRIOR_NIGHT_USDJPY_TO_JNU_DAY_G1_V1
2020-05-01,2020-04-30,0.0031844177888412754,-0.01846517621807783,0.01846517621807783,1,1,1.0,77ad8d59ebff6aad88b5688701499490f27f817fb77afbebacdbd01baea42b97,PRIOR_NIGHT_USDJPY_TO_JNU_DAY_G1_V1
2020-05-07,2020-05-01,-0.0017781109920911701,0.018175337135017382,0.018175337135017382,1,1,1.0,77ad8d59ebff6aad88b5688701499490f27f817fb77afbebacdbd01baea42b97,PRIOR_NIGHT_USDJPY_TO_JNU_DAY_G1_V1
2020-05-08,2020-05-07,0.0,0.01451840269983377,0.0,0,0,1.0,77ad8d59ebff6aad88b5688701499490f27f817fb77afbebacdbd01baea42b97,PRIOR_NIGHT_USDJPY_TO_JNU_DAY_G1_V1
2020-05-11,2020-05-08,0.0011273958353084075,0.003189795368100081,-0.003189795368100081,1,0,1.0,77ad8d59ebff6aad88b5688701499490f27f817fb77afbebacdbd01baea42b97,PRIOR_NIGHT_USDJPY_TO_JNU_DAY_G1_V1
2020-05-12,2020-05-11,0.004839920095638541,-0.006125218219544872,0.006125218219544872,1,1,1.0,77ad8d59ebff6aad88b5688701499490f27f817fb77afbebacdbd01baea42b97,PRIOR_NIGHT_USDJPY_TO_JNU_DAY_G1_V1
2020-05-13,2020-05-12,-0.002140630907230945,0.01014734607323105,0.01014734607323105,1,1,1.0,77ad8d59ebff6aad88b5688701499490f27f817fb77afbebacdbd01baea42b97,PRIOR_NIGHT_USDJPY_TO_JNU_DAY_G1_V1
2020-05-14,2020-05-13,-0.001308533694517005,-0.01675667568225618,-0.01675667568225618,1,0,1.0,77ad8d59ebff6aad88b5688701499490f27f817fb77afbebacdbd01baea42b97,PRIOR_NIGHT_USDJPY_TO_JNU_DAY_G1_V1
2020-05-15,2020-05-14,0.002056459875978233,-0.004988785602382798,0.004988785602382798,1,1,1.0,77ad8d59ebff6aad88b5688701499490f27f817fb77afbebacdbd01baea42b97,PRIOR_NIGHT_USDJPY_TO_JNU_DAY_G1_V1
2020-05-18,2020-05-15,0.0015860431556347797,0.005713591496657442,-0.005713591496657442,1,0,1.0,77ad8d59ebff6aad88b5688701499490f27f817fb77afbebacdbd01baea42b97,PRIOR_NIGHT_USDJPY_TO_JNU_DAY_G1_V1
2020-05-19,2020-05-18,0.0006528937414221829,-0.005836592444451426,0.005836592444451426,1,1,1.0,77ad8d59ebff6aad88b5688701499490f27f817fb77afbebacdbd01baea42b97,PRIOR_NIGHT_USDJPY_TO_JNU_DAY_G1_V1
2020-05-20,2020-05-19,0.004365805085935454,0.007065445399233305,-0.007065445399233305,1,0,1.0,77ad8d59ebff6aad88b5688701499490f27f817fb77afbebacdbd01baea42b97,PRIOR_NIGHT_USDJPY_TO_JNU_DAY_G1_V1
2020-05-21,2020-05-20,-0.0018594278321357944,-0.004599935480542715,-0.004599935480542715,1,0,1.0,77ad8d59ebff6aad88b5688701499490f27f817fb77afbebacdbd01baea42b97,PRIOR_NIGHT_USDJPY_TO_JNU_DAY_G1_V1
2020-05-22,2020-05-21,-0.0008353831645610657,-0.008310974261697732,-0.008310974261697732,1,0,1.0,77ad8d59ebff6aad88b5688701499490f27f817fb77afbebacdbd01baea42b97,PRIOR_NIGHT_USDJPY_TO_JNU_DAY_G1_V1
2020-05-25,2020-05-22,0.0003721622670422355,0.005069413391224465,-0.005069413391224465,1,0,1.0,77ad8d59ebff6aad88b5688701499490f27f817fb77afbebacdbd01baea42b97,PRIOR_NIGHT_USDJPY_TO_JNU_DAY_G1_V1
2020-05-26,2020-05-22,0.0003721622670422355,0.013492925737445807,-0.013492925737445807,1,0,1.0,77ad8d59ebff6aad88b5688701499490f27f817fb77afbebacdbd01baea42b97,PRIOR_NIGHT_USDJPY_TO_JNU_DAY_G1_V1
2020-05-27,2020-05-26,-0.001763587035275909,0.011008425961359133,0.011008425961359133,1,1,1.0,77ad8d59ebff6aad88b5688701499490f27f817fb77afbebacdbd01baea42b97,PRIOR_NIGHT_USDJPY_TO_JNU_DAY_G1_V1
2020-05-28,2020-05-27,0.0024150113911021774,0.01581694865449262,-0.01581694865449262,1,0,1.0,77ad8d59ebff6aad88b5688701499490f27f817fb77afbebacdbd01baea42b97,PRIOR_NIGHT_USDJPY_TO_JNU_DAY_G1_V1
2020-05-29,2020-05-28,-0.0014849190663553122,0.0002290688361866241,0.0002290688361866241,1,1,1.0,77ad8d59ebff6aad88b5688701499490f27f817fb77afbebacdbd01baea42b97,PRIOR_NIGHT_USDJPY_TO_JNU_DAY_G1_V1
2020-06-01,2020-05-29,0.00520979874059199,0.010687992589530087,-0.010687992589530087,1,0,1.0,77ad8d59ebff6aad88b5688701499490f27f817fb77afbebacdbd01baea42b97,PRIOR_NIGHT_USDJPY_TO_JNU_DAY_G1_V1
2020-06-02,2020-06-01,0.000278952998229109,0.007408272741441388,-0.007408272741441388,1,0,1.0,77ad8d59ebff6aad88b5688701499490f27f817fb77afbebacdbd01baea42b97,PRIOR_NIGHT_USDJPY_TO_JNU_DAY_G1_V1
2020-06-03,2020-06-02,0.007486517706297913,-0.001321586095439384,0.001321586095439384,1,1,1.0,77ad8d59ebff6aad88b5688701499490f27f817fb77afbebacdbd01baea42b97,PRIOR_NIGHT_USDJPY_TO_JNU_DAY_G1_V1
2020-06-04,2020-06-03,0.001194688374417095,-0.009184407442876755,0.009184407442876755,1,1,1.0,77ad8d59ebff6aad88b5688701499490f27f817fb77afbebacdbd01baea42b97,PRIOR_NIGHT_USDJPY_TO_JNU_DAY_G1_V1
2020-06-05,2020-06-04,-0.0006419957115077419,0.008779687652045773,0.008779687652045773,1,1,1.0,77ad8d59ebff6aad88b5688701499490f27f817fb77afbebacdbd01baea42b97,PRIOR_NIGHT_USDJPY_TO_JNU_DAY_G1_V1
2020-06-08,2020-06-05,0.002738977335432439,-0.0019398648178265917,0.0019398648178265917,1,1,1.0,77ad8d59ebff6aad88b5688701499490f27f817fb77afbebacdbd01baea42b97,PRIOR_NIGHT_USDJPY_TO_JNU_DAY_G1_V1
2020-06-09,2020-06-08,-0.009451779472418978,-0.0008631852068111278,-0.0008631852068111278,1,0,1.0,77ad8d59ebff6aad88b5688701499490f27f817fb77afbebacdbd01baea42b97,PRIOR_NIGHT_USDJPY_TO_JNU_DAY_G1_V1
2020-06-10,2020-06-09,-0.002504755704443765,0.008049646424440598,0.008049646424440598,1,1,1.0,77ad8d59ebff6aad88b5688701499490f27f817fb77afbebacdbd01baea42b97,PRIOR_NIGHT_USDJPY_TO_JNU_DAY_G1_V1
2020-06-11,2020-06-10,-0.0008388089405564248,-0.009941537750477828,-0.009941537750477828,1,0,1.0,77ad8d59ebff6aad88b5688701499490f27f817fb77afbebacdbd01baea42b97,PRIOR_NIGHT_USDJPY_TO_JNU_DAY_G1_V1
2020-06-12,2020-06-11,-0.0025279728831939874,0.015905811360368366,0.015905811360368366,1,1,1.0,77ad8d59ebff6aad88b5688701499490f27f817fb77afbebacdbd01baea42b97,PRIOR_NIGHT_USDJPY_TO_JNU_DAY_G1_V1
2020-06-15,2020-06-12,0.0013981453552232843,-0.0285865477614167,0.0285865477614167,1,1,1.0,77ad8d59ebff6aad88b5688701499490f27f817fb77afbebacdbd01baea42b97,PRIOR_NIGHT_USDJPY_TO_JNU_DAY_G1_V1
2020-06-16,2020-06-15,-0.0002794727299386897,0.015085279876205258,0.015085279876205258,1,1,1.0,77ad8d59ebff6aad88b5688701499490f27f817fb77afbebacdbd01baea42b97,PRIOR_NIGHT_USDJPY_TO_JNU_DAY_G1_V1
2020-06-17,2020-06-16,0.00018632383135693727,0.004901970600206688,-0.004901970600206688,1,0,1.0,77ad8d59ebff6aad88b5688701499490f27f817fb77afbebacdbd01baea42b97,PRIOR_NIGHT_USDJPY_TO_JNU_DAY_G1_V1
2020-06-18,2020-06-17,-0.0008387307700107993,-0.005164488856226648,-0.005164488856226648,1,0,1.0,77ad8d59ebff6aad88b5688701499490f27f817fb77afbebacdbd01baea42b97,PRIOR_NIGHT_USDJPY_TO_JNU_DAY_G1_V1
2020-06-19,2020-06-18,-0.001777778245999272,0.0013360055427421298,0.0013360055427421298,1,1,1.0,77ad8d59ebff6aad88b5688701499490f27f817fb77afbebacdbd01baea42b97,PRIOR_NIGHT_USDJPY_TO_JNU_DAY_G1_V1
2020-06-22,2020-06-19,-0.0007481530321850468,0.00022439133943595162,0.00022439133943595162,1,1,1.0,77ad8d59ebff6aad88b5688701499490f27f817fb77afbebacdbd01baea42b97,PRIOR_NIGHT_USDJPY_TO_JNU_DAY_G1_V1
2020-06-23,2020-06-22,-0.0012160330762792776,-0.0028776998276151696,-0.0028776998276151696,1,0,1.0,77ad8d59ebff6aad88b5688701499490f27f817fb77afbebacdbd01baea42b97,PRIOR_NIGHT_USDJPY_TO_JNU_DAY_G1_V1
2020-06-24,2020-06-23,-0.0061815313442146295,-0.0019988901713872834,-0.0019988901713872834,1,0,1.0,77ad8d59ebff6aad88b5688701499490f27f817fb77afbebacdbd01baea42b97,PRIOR_NIGHT_USDJPY_TO_JNU_DAY_G1_V1
2020-06-25,2020-06-24,0.0021552742260520247,0.0013501352185941356,-0.0013501352185941356,1,0,1.0,77ad8d59ebff6aad88b5688701499490f27f817fb77afbebacdbd01baea42b97,PRIOR_NIGHT_USDJPY_TO_JNU_DAY_G1_V1
2020-06-26,2020-06-25,0.0009331840916099411,0.0,-0.0,0,0,1.0,77ad8d59ebff6aad88b5688701499490f27f817fb77afbebacdbd01baea42b97,PRIOR_NIGHT_USDJPY_TO_JNU_DAY_G1_V1
2020-06-29,2020-06-26,0.0018675885529130314,-0.00835313582547855,0.00835313582547855,1,1,1.0,77ad8d59ebff6aad88b5688701499490f27f817fb77afbebacdbd01baea42b97,PRIOR_NIGHT_USDJPY_TO_JNU_DAY_G1_V1
2020-06-30,2020-06-29,0.004746181725977237,-0.006495711047014221,0.006495711047014221,1,1,1.0,77ad8d59ebff6aad88b5688701499490f27f817fb77afbebacdbd01baea42b97,PRIOR_NIGHT_USDJPY_TO_JNU_DAY_G1_V1
2020-07-01,2020-06-30,0.0003712297026391799,-0.012176024159727397,0.012176024159727397,1,1,1.0,77ad8d59ebff6aad88b5688701499490f27f817fb77afbebacdbd01baea42b97,PRIOR_NIGHT_USDJPY_TO_JNU_DAY_G1_V1
2020-07-02,2020-07-01,-0.0006509508761965285,-0.0009021200431379089,-0.0009021200431379089,1,0,1.0,77ad8d59ebff6aad88b5688701499490f27f817fb77afbebacdbd01baea42b97,PRIOR_NIGHT_USDJPY_TO_JNU_DAY_G1_V1
2020-07-03,2020-07-02,0.0006510719664486191,-0.0013458952233551251,0.0013458952233551251,1,1,1.0,77ad8d59ebff6aad88b5688701499490f27f817fb77afbebacdbd01baea42b97,PRIOR_NIGHT_USDJPY_TO_JNU_DAY_G1_V1
2020-07-06,2020-07-02,0.0006510719664486191,0.01670603504052324,-0.01670603504052324,1,0,1.0,77ad8d59ebff6aad88b5688701499490f27f817fb77afbebacdbd01baea42b97,PRIOR_NIGHT_USDJPY_TO_JNU_DAY_G1_V1
2020-07-07,2020-07-06,-0.0009298001599665276,-0.005090195786431478,-0.005090195786431478,1,0,1.0,77ad8d59ebff6aad88b5688701499490f27f817fb77afbebacdbd01baea42b97,PRIOR_NIGHT_USDJPY_TO_JNU_DAY_G1_V1
2020-07-08,2020-07-07,-0.0010224474562701624,-0.002452894528999879,-0.002452894528999879,1,0,1.0,77ad8d59ebff6aad88b5688701499490f27f817fb77afbebacdbd01baea42b97,PRIOR_NIGHT_USDJPY_TO_JNU_DAY_G1_V1
2020-07-09,2020-07-08,-0.0008377158771654136,0.0015543469322371259,0.0015543469322371259,1,1,1.0,77ad8d59ebff6aad88b5688701499490f27f817fb77afbebacdbd01baea42b97,PRIOR_NIGHT_USDJPY_TO_JNU_DAY_G1_V1
2020-07-10,2020-07-09,0.00018646280121148385,-0.005804883458230662,0.005804883458230662,1,1,1.0,77ad8d59ebff6aad88b5688701499490f27f817fb77afbebacdbd01baea42b97,PRIOR_NIGHT_USDJPY_TO_JNU_DAY_G1_V1
2020-07-13,2020-07-10,-0.000748993574945659,0.005073353773663954,0.005073353773663954,1,1,1.0,77ad8d59ebff6aad88b5688701499490f27f817fb77afbebacdbd01baea42b97,PRIOR_NIGHT_USDJPY_TO_JNU_DAY_G1_V1
2020-07-14,2020-07-13,0.0021474262488765223,-0.0026554563070253553,0.0026554563070253553,1,1,1.0,77ad8d59ebff6aad88b5688701499490f27f817fb77afbebacdbd01baea42b97,PRIOR_NIGHT_USDJPY_TO_JNU_DAY_G1_V1
2020-07-15,2020-07-14,-0.0006527719726361396,0.005906174884935596,0.005906174884935596,1,1,1.0,77ad8d59ebff6aad88b5688701499490f27f817fb77afbebacdbd01baea42b97,PRIOR_NIGHT_USDJPY_TO_JNU_DAY_G1_V1
2020-07-16,2020-07-15,-0.0009348416124402271,-0.006571765163234502,-0.006571765163234502,1,0,1.0,77ad8d59ebff6aad88b5688701499490f27f817fb77afbebacdbd01baea42b97,PRIOR_NIGHT_USDJPY_TO_JNU_DAY_G1_V1
2020-07-17,2020-07-16,0.0008410822420041084,-0.005499958864780307,0.005499958864780307,1,1,1.0,77ad8d59ebff6aad88b5688701499490f27f817fb77afbebacdbd01baea42b97,PRIOR_NIGHT_USDJPY_TO_JNU_DAY_G1_V1
2020-07-20,2020-07-17,-0.0005602764176819088,-0.0028631227575362603,-0.0028631227575362603,1,0,1.0,77ad8d59ebff6aad88b5688701499490f27f817fb77afbebacdbd01baea42b97,PRIOR_NIGHT_USDJPY_TO_JNU_DAY_G1_V1
2020-07-21,2020-07-20,0.00037316914324251075,0.0026281224062694084,-0.0026281224062694084,1,0,1.0,77ad8d59ebff6aad88b5688701499490f27f817fb77afbebacdbd01baea42b97,PRIOR_NIGHT_USDJPY_TO_JNU_DAY_G1_V1
2020-07-22,2020-07-21,-0.00476302558180882,-0.00043946386117077403,-0.00043946386117077403,1,0,1.0,77ad8d59ebff6aad88b5688701499490f27f817fb77afbebacdbd01baea42b97,PRIOR_NIGHT_USDJPY_TO_JNU_DAY_G1_V1
2020-07-27,2020-07-22,0.00242877279598599,0.008184980989788065,-0.008184980989788065,1,0,1.0,77ad8d59ebff6aad88b5688701499490f27f817fb77afbebacdbd01baea42b97,PRIOR_NIGHT_USDJPY_TO_JNU_DAY_G1_V1
2020-07-28,2020-07-27,-0.0026557921329353885,-0.0011038747119383036,-0.0011038747119383036,1,0,1.0,77ad8d59ebff6aad88b5688701499490f27f817fb77afbebacdbd01baea42b97,PRIOR_NIGHT_USDJPY_TO_JNU_DAY_G1_V1
2020-07-29,2020-07-28,-0.0056963982003867975,-0.007126978942114801,-0.007126978942114801,1,0,1.0,77ad8d59ebff6aad88b5688701499490f27f817fb77afbebacdbd01baea42b97,PRIOR_NIGHT_USDJPY_TO_JNU_DAY_G1_V1
2020-07-30,2020-07-29,0.0022870221517954114,-0.008247009853347012,0.008247009853347012,1,1,1.0,77ad8d59ebff6aad88b5688701499490f27f817fb77afbebacdbd01baea42b97,PRIOR_NIGHT_USDJPY_TO_JNU_DAY_G1_V1
2020-07-31,2020-07-30,-0.00019036740967443122,-0.02520283241647139,-0.02520283241647139,1,0,1.0,77ad8d59ebff6aad88b5688701499490f27f817fb77afbebacdbd01baea42b97,PRIOR_NIGHT_USDJPY_TO_JNU_DAY_G1_V1
2020-08-03,2020-07-31,0.012652977635258977,0.00680892326452587,-0.00680892326452587,1,0,1.0,77ad8d59ebff6aad88b5688701499490f27f817fb77afbebacdbd01baea42b97,PRIOR_NIGHT_USDJPY_TO_JNU_DAY_G1_V1
2020-08-04,2020-08-03,0.001981039278138102,0.00801786032473183,-0.00801786032473183,1,0,1.0,77ad8d59ebff6aad88b5688701499490f27f817fb77afbebacdbd01baea42b97,PRIOR_NIGHT_USDJPY_TO_JNU_DAY_G1_V1
2020-08-05,2020-08-04,-0.00047216583340970277,0.002445804443237862,0.002445804443237862,1,1,1.0,77ad8d59ebff6aad88b5688701499490f27f817fb77afbebacdbd01baea42b97,PRIOR_NIGHT_USDJPY_TO_JNU_DAY_G1_V1
2020-08-06,2020-08-05,-0.0022735894598728554,-0.0035642719845643835,-0.0035642719845643835,1,0,1.0,77ad8d59ebff6aad88b5688701499490f27f817fb77afbebacdbd01baea42b97,PRIOR_NIGHT_USDJPY_TO_JNU_DAY_G1_V1
2020-08-07,2020-08-06,-0.0010419134260116895,-0.004471279526169573,-0.004471279526169573,1,0,1.0,77ad8d59ebff6aad88b5688701499490f27f817fb77afbebacdbd01baea42b97,PRIOR_NIGHT_USDJPY_TO_JNU_DAY_G1_V1
2020-08-11,2020-08-07,0.0030257209165371114,0.009952531559814978,-0.009952531559814978,1,0,1.0,77ad8d59ebff6aad88b5688701499490f27f817fb77afbebacdbd01baea42b97,PRIOR_NIGHT_USDJPY_TO_JNU_DAY_G1_V1
2020-08-12,2020-08-11,0.004043449018347944,0.006352009091588686,-0.006352009091588686,1,0,1.0,77ad8d59ebff6aad88b5688701499490f27f817fb77afbebacdbd01baea42b97,PRIOR_NIGHT_USDJPY_TO_JNU_DAY_G1_V1
2020-08-13,2020-08-12,0.0005616925817026263,0.0032345041676590976,-0.0032345041676590976,1,0,1.0,77ad8d59ebff6aad88b5688701499490f27f817fb77afbebacdbd01baea42b97,PRIOR_NIGHT_USDJPY_TO_JNU_DAY_G1_V1
2020-08-14,2020-08-13,0.002341592415401096,-0.0010749221716522957,0.0010749221716522957,1,1,1.0,77ad8d59ebff6aad88b5688701499490f27f817fb77afbebacdbd01baea42b97,PRIOR_NIGHT_USDJPY_TO_JNU_DAY_G1_V1
2020-08-17,2020-08-14,-0.0025322405090311187,-0.0008654262764288219,-0.0008654262764288219,1,0,1.0,77ad8d59ebff6aad88b5688701499490f27f817fb77afbebacdbd01baea42b97,PRIOR_NIGHT_USDJPY_TO_JNU_DAY_G1_V1
2020-08-18,2020-08-17,-0.0048950488405477745,-0.002814159233563956,-0.002814159233563956,1,0,1.0,77ad8d59ebff6aad88b5688701499490f27f817fb77afbebacdbd01baea42b97,PRIOR_NIGHT_USDJPY_TO_JNU_DAY_G1_V1
2020-08-19,2020-08-18,-0.0011377644159010114,0.003034903695154111,0.003034903695154111,1,1,1.0,77ad8d59ebff6aad88b5688701499490f27f817fb77afbebacdbd01baea42b97,PRIOR_NIGHT_USDJPY_TO_JNU_DAY_G1_V1
2020-08-20,2020-08-19,0.002652270191713227,-0.005665737535677308,0.005665737535677308,1,1,1.0,77ad8d59ebff6aad88b5688701499490f27f817fb77afbebacdbd01baea42b97,PRIOR_NIGHT_USDJPY_TO_JNU_DAY_G1_V1
2020-08-21,2020-08-20,-0.0020770400216365207,-0.005664503163599398,-0.005664503163599398,1,0,1.0,77ad8d59ebff6aad88b5688701499490f27f817fb77afbebacdbd01baea42b97,PRIOR_NIGHT_USDJPY_TO_JNU_DAY_G1_V1
2020-08-24,2020-08-21,0.0034058689498412897,0.0010889688542100504,-0.0010889688542100504,1,0,1.0,77ad8d59ebff6aad88b5688701499490f27f817fb77afbebacdbd01baea42b97,PRIOR_NIGHT_USDJPY_TO_JNU_DAY_G1_V1
2020-08-25,2020-08-24,0.0003777861775192385,0.006241277119909869,-0.006241277119909869,1,0,1.0,77ad8d59ebff6aad88b5688701499490f27f817fb77afbebacdbd01baea42b97,PRIOR_NIGHT_USDJPY_TO_JNU_DAY_G1_V1
2020-08-26,2020-08-25,0.0019756344917899334,-0.002793598034713215,0.002793598034713215,1,1,1.0,77ad8d59ebff6aad88b5688701499490f27f817fb77afbebacdbd01baea42b97,PRIOR_NIGHT_USDJPY_TO_JNU_DAY_G1_V1
2020-08-27,2020-08-26,-0.0016945965267827303,-0.0036578846595300635,-0.0036578846595300635,1,0,1.0,77ad8d59ebff6aad88b5688701499490f27f817fb77afbebacdbd01baea42b97,PRIOR_NIGHT_USDJPY_TO_JNU_DAY_G1_V1
2020-08-28,2020-08-27,0.003860099883216926,-0.015178088431336235,0.015178088431336235,1,1,1.0,77ad8d59ebff6aad88b5688701499490f27f817fb77afbebacdbd01baea42b97,PRIOR_NIGHT_USDJPY_TO_JNU_DAY_G1_V1
2020-08-31,2020-08-28,-0.007285834377448986,0.0012964565342264247,0.0012964565342264247,1,1,1.0,77ad8d59ebff6aad88b5688701499490f27f817fb77afbebacdbd01baea42b97,PRIOR_NIGHT_USDJPY_TO_JNU_DAY_G1_V1
2020-09-01,2020-08-31,9.448670106727013e-05,0.0008646779613537528,-0.0008646779613537528,1,0,1.0,77ad8d59ebff6aad88b5688701499490f27f817fb77afbebacdbd01baea42b97,PRIOR_NIGHT_USDJPY_TO_JNU_DAY_G1_V1
2020-09-02,2020-09-01,0.0032127023758973367,0.0015048911794203067,-0.0015048911794203067,1,0,1.0,77ad8d59ebff6aad88b5688701499490f27f817fb77afbebacdbd01baea42b97,PRIOR_NIGHT_USDJPY_TO_JNU_DAY_G1_V1
2020-09-03,2020-09-02,0.000753934631886332,-0.005947341234489363,0.005947341234489363,1,1,1.0,77ad8d59ebff6aad88b5688701499490f27f817fb77afbebacdbd01baea42b97,PRIOR_NIGHT_USDJPY_TO_JNU_DAY_G1_V1
2020-09-04,2020-09-03,-0.000753437594504142,0.005190323070692638,0.005190323070692638,1,1,1.0,77ad8d59ebff6aad88b5688701499490f27f817fb77afbebacdbd01baea42b97,PRIOR_NIGHT_USDJPY_TO_JNU_DAY_G1_V1
2020-09-07,2020-09-04,0.0015999250507107384,-0.00497137087852446,0.00497137087852446,1,1,1.0,77ad8d59ebff6aad88b5688701499490f27f817fb77afbebacdbd01baea42b97,PRIOR_NIGHT_USDJPY_TO_JNU_DAY_G1_V1
2020-09-08,2020-09-04,0.0015999250507107384,0.0012894908298716919,-0.0012894908298716919,1,0,1.0,77ad8d59ebff6aad88b5688701499490f27f817fb77afbebacdbd01baea42b97,PRIOR_NIGHT_USDJPY_TO_JNU_DAY_G1_V1
2020-09-09,2020-09-08,-0.002826990197859167,0.000870700969243891,0.000870700969243891,1,1,1.0,77ad8d59ebff6aad88b5688701499490f27f817fb77afbebacdbd01baea42b97,PRIOR_NIGHT_USDJPY_TO_JNU_DAY_G1_V1
2020-09-10,2020-09-09,0.0027336586755414066,0.0025839807659250678,-0.0025839807659250678,1,0,1.0,77ad8d59ebff6aad88b5688701499490f27f817fb77afbebacdbd01baea42b97,PRIOR_NIGHT_USDJPY_TO_JNU_DAY_G1_V1
2020-09-11,2020-09-10,0.0012249707067702002,0.007135936865448572,-0.007135936865448572,1,0,1.0,77ad8d59ebff6aad88b5688701499490f27f817fb77afbebacdbd01baea42b97,PRIOR_NIGHT_USDJPY_TO_JNU_DAY_G1_V1
2020-09-14,2020-09-11,-0.0006591027026419843,0.004282661792000949,0.004282661792000949,1,1,1.0,77ad8d59ebff6aad88b5688701499490f27f817fb77afbebacdbd01baea42b97,PRIOR_NIGHT_USDJPY_TO_JNU_DAY_G1_V1
2020-09-15,2020-09-14,-0.002834736850546068,0.000214707461909031,0.000214707461909031,1,1,1.0,77ad8d59ebff6aad88b5688701499490f27f817fb77afbebacdbd01baea42b97,PRIOR_NIGHT_USDJPY_TO_JNU_DAY_G1_V1
2020-09-16,2020-09-15,-0.002366865010266168,0.001717844528092494,0.001717844528092494,1,1,1.0,77ad8d59ebff6aad88b5688701499490f27f817fb77afbebacdbd01baea42b97,PRIOR_NIGHT_USDJPY_TO_JNU_DAY_G1_V1
2020-09-17,2020-09-16,-0.002949714303925142,-0.005603462937648961,-0.005603462937648961,1,0,1.0,77ad8d59ebff6aad88b5688701499490f27f817fb77afbebacdbd01baea42b97,PRIOR_NIGHT_USDJPY_TO_JNU_DAY_G1_V1
2020-09-18,2020-09-17,0.0,-0.00021540118553933947,0.0,0,0,1.0,77ad8d59ebff6aad88b5688701499490f27f817fb77afbebacdbd01baea42b97,PRIOR_NIGHT_USDJPY_TO_JNU_DAY_G1_V1
2020-09-23,2020-09-18,-0.0013395849290564722,0.006707804010830413,0.006707804010830413,1,1,1.0,77ad8d59ebff6aad88b5688701499490f27f817fb77afbebacdbd01baea42b97,PRIOR_NIGHT_USDJPY_TO_JNU_DAY_G1_V1
2020-09-24,2020-09-23,0.0034233582310895794,-0.004131787980893614,0.004131787980893614,1,1,1.0,77ad8d59ebff6aad88b5688701499490f27f817fb77afbebacdbd01baea42b97,PRIOR_NIGHT_USDJPY_TO_JNU_DAY_G1_V1
2020-09-25,2020-09-24,0.0010439900345549323,0.00043355734474943776,-0.00043355734474943776,1,0,1.0,77ad8d59ebff6aad88b5688701499490f27f817fb77afbebacdbd01baea42b97,PRIOR_NIGHT_USDJPY_TO_JNU_DAY_G1_V1
2020-09-28,2020-09-25,0.0018959148725776844,0.004730174375401461,-0.004730174375401461,1,0,1.0,77ad8d59ebff6aad88b5688701499490f27f817fb77afbebacdbd01baea42b97,PRIOR_NIGHT_USDJPY_TO_JNU_DAY_G1_V1
2020-09-29,2020-09-28,0.0014228126659232663,0.006604903099430266,-0.006604903099430266,1,0,1.0,77ad8d59ebff6aad88b5688701499490f27f817fb77afbebacdbd01baea42b97,PRIOR_NIGHT_USDJPY_TO_JNU_DAY_G1_V1
2020-09-30,2020-09-29,0.0011361485789465329,-0.013313488465463999,0.013313488465463999,1,1,1.0,77ad8d59ebff6aad88b5688701499490f27f817fb77afbebacdbd01baea42b97,PRIOR_NIGHT_USDJPY_TO_JNU_DAY_G1_V1
2020-10-01,2020-09-30,-0.00037878788331697507,-0.0017145310672405669,-0.0017145310672405669,1,0,1.0,77ad8d59ebff6aad88b5688701499490f27f817fb77afbebacdbd01baea42b97,PRIOR_NIGHT_USDJPY_TO_JNU_DAY_G1_V1
2020-10-02,2020-10-01,-9.47552945230336e-05,-0.014466407958317393,-0.014466407958317393,1,0,1.0,77ad8d59ebff6aad88b5688701499490f27f817fb77afbebacdbd01baea42b97,PRIOR_NIGHT_USDJPY_TO_JNU_DAY_G1_V1
2020-10-05,2020-10-02,0.0017098892738274267,0.00042983022368199515,-0.00042983022368199515,1,0,1.0,77ad8d59ebff6aad88b5688701499490f27f817fb77afbebacdbd01baea42b97,PRIOR_NIGHT_USDJPY_TO_JNU_DAY_G1_V1
2020-10-06,2020-10-05,0.0008518291178088863,0.0006409571846397919,-0.0006409571846397919,1,0,1.0,77ad8d59ebff6aad88b5688701499490f27f817fb77afbebacdbd01baea42b97,PRIOR_NIGHT_USDJPY_TO_JNU_DAY_G1_V1
2020-10-07,2020-10-06,-9.465663313423254e-05,0.0045001683146124434,0.0045001683146124434,1,1,1.0,77ad8d59ebff6aad88b5688701499490f27f817fb77afbebacdbd01baea42b97,PRIOR_NIGHT_USDJPY_TO_JNU_DAY_G1_V1
2020-10-08,2020-10-07,0.0009441088314561737,0.007848168398315711,-0.007848168398315711,1,0,1.0,77ad8d59ebff6aad88b5688701499490f27f817fb77afbebacdbd01baea42b97,PRIOR_NIGHT_USDJPY_TO_JNU_DAY_G1_V1
2020-10-09,2020-10-08,-9.43529745473858e-05,-0.002751033371889871,-0.002751033371889871,1,0,1.0,77ad8d59ebff6aad88b5688701499490f27f817fb77afbebacdbd01baea42b97,PRIOR_NIGHT_USDJPY_TO_JNU_DAY_G1_V1
2020-10-12,2020-10-09,-0.0020788063802921514,-0.0016985142087686442,-0.0016985142087686442,1,0,1.0,77ad8d59ebff6aad88b5688701499490f27f817fb77afbebacdbd01baea42b97,PRIOR_NIGHT_USDJPY_TO_JNU_DAY_G1_V1
2020-10-13,2020-10-09,-0.0020788063802921514,-0.0012709173496325678,-0.0012709173496325678,1,0,1.0,77ad8d59ebff6aad88b5688701499490f27f817fb77afbebacdbd01baea42b97,PRIOR_NIGHT_USDJPY_TO_JNU_DAY_G1_V1
2020-10-14,2020-10-13,0.0006634128092436805,0.0031823512589789636,-0.0031823512589789636,1,0,1.0,77ad8d59ebff6aad88b5688701499490f27f817fb77afbebacdbd01baea42b97,PRIOR_NIGHT_USDJPY_TO_JNU_DAY_G1_V1
2020-10-15,2020-10-14,-0.003420105936857913,-0.002338187907647715,-0.002338187907647715,1,0,1.0,77ad8d59ebff6aad88b5688701499490f27f817fb77afbebacdbd01baea42b97,PRIOR_NIGHT_USDJPY_TO_JNU_DAY_G1_V1
2020-10-16,2020-10-15,0.0015194684784786258,-0.005328798712246574,0.005328798712246574,1,1,1.0,77ad8d59ebff6aad88b5688701499490f27f817fb77afbebacdbd01baea42b97,PRIOR_NIGHT_USDJPY_TO_JNU_DAY_G1_V1
2020-10-19,2020-10-16,0.0009491268745918636,0.004449631242423965,-0.004449631242423965,1,0,1.0,77ad8d59ebff6aad88b5688701499490f27f817fb77afbebacdbd01baea42b97,PRIOR_NIGHT_USDJPY_TO_JNU_DAY_G1_V1
2020-10-20,2020-10-19,0.00018973531979892198,-0.0010612332525218515,0.0010612332525218515,1,1,1.0,77ad8d59ebff6aad88b5688701499490f27f817fb77afbebacdbd01baea42b97,PRIOR_NIGHT_USDJPY_TO_JNU_DAY_G1_V1
2020-10-21,2020-10-20,9.473734079373206e-05,0.0016941977792328663,-0.0016941977792328663,1,0,1.0,77ad8d59ebff6aad88b5688701499490f27f817fb77afbebacdbd01baea42b97,PRIOR_NIGHT_USDJPY_TO_JNU_DAY_G1_V1
2020-10-22,2020-10-21,-0.004198479449728654,-0.0012763243596047896,-0.0012763243596047896,1,0,1.0,77ad8d59ebff6aad88b5688701499490f27f817fb77afbebacdbd01baea42b97,PRIOR_NIGHT_USDJPY_TO_JNU_DAY_G1_V1
2020-10-23,2020-10-22,0.0031514135808018364,-0.0025488543960616233,0.0025488543960616233,1,1,1.0,77ad8d59ebff6aad88b5688701499490f27f817fb77afbebacdbd01baea42b97,PRIOR_NIGHT_USDJPY_TO_JNU_DAY_G1_V1
2020-10-26,2020-10-23,0.0008593116488101256,-0.0019142832603127023,0.0019142832603127023,1,1,1.0,77ad8d59ebff6aad88b5688701499490f27f817fb77afbebacdbd01baea42b97,PRIOR_NIGHT_USDJPY_TO_JNU_DAY_G1_V1
2020-10-27,2020-10-26,-0.00019071231105764915,0.0032000027306708497,0.0032000027306708497,1,1,1.0,77ad8d59ebff6aad88b5688701499490f27f817fb77afbebacdbd01baea42b97,PRIOR_NIGHT_USDJPY_TO_JNU_DAY_G1_V1
2020-10-28,2020-10-27,-0.0038226346242775503,0.0029940142126046996,0.0029940142126046996,1,1,1.0,77ad8d59ebff6aad88b5688701499490f27f817fb77afbebacdbd01baea42b97,PRIOR_NIGHT_USDJPY_TO_JNU_DAY_G1_V1
2020-10-29,2020-10-28,0.0010549029988093641,0.009693129205659751,-0.009693129205659751,1,0,1.0,77ad8d59ebff6aad88b5688701499490f27f817fb77afbebacdbd01baea42b97,PRIOR_NIGHT_USDJPY_TO_JNU_DAY_G1_V1
2020-10-30,2020-10-29,0.003828122198141967,-0.012995634487806362,0.012995634487806362,1,1,1.0,77ad8d59ebff6aad88b5688701499490f27f817fb77afbebacdbd01baea42b97,PRIOR_NIGHT_USDJPY_TO_JNU_DAY_G1_V1
2020-11-02,2020-10-30,0.0017233130162482048,0.008202074904855966,-0.008202074904855966,1,0,1.0,77ad8d59ebff6aad88b5688701499490f27f817fb77afbebacdbd01baea42b97,PRIOR_NIGHT_USDJPY_TO_JNU_DAY_G1_V1
2020-11-04,2020-11-02,-0.00047698546098715126,-0.003999584323347342,-0.003999584323347342,1,0,1.0,77ad8d59ebff6aad88b5688701499490f27f817fb77afbebacdbd01baea42b97,PRIOR_NIGHT_USDJPY_TO_JNU_DAY_G1_V1
2020-11-05,2020-11-04,-0.004682954035237276,0.009995918299222105,0.009995918299222105,1,1,1.0,77ad8d59ebff6aad88b5688701499490f27f817fb77afbebacdbd01baea42b97,PRIOR_NIGHT_USDJPY_TO_JNU_DAY_G1_V1
2020-11-06,2020-11-05,-0.006154457352859013,0.00784641646904729,0.00784641646904729,1,1,1.0,77ad8d59ebff6aad88b5688701499490f27f817fb77afbebacdbd01baea42b97,PRIOR_NIGHT_USDJPY_TO_JNU_DAY_G1_V1
2020-11-09,2020-11-06,-0.0010640871620727053,0.01132698194467632,0.01132698194467632,1,1,1.0,77ad8d59ebff6aad88b5688701499490f27f817fb77afbebacdbd01baea42b97,PRIOR_NIGHT_USDJPY_TO_JNU_DAY_G1_V1
2020-11-10,2020-11-09,0.019800732999811194,-0.01668691878501471,0.01668691878501471,1,1,1.0,77ad8d59ebff6aad88b5688701499490f27f817fb77afbebacdbd01baea42b97,PRIOR_NIGHT_USDJPY_TO_JNU_DAY_G1_V1
2020-11-11,2020-11-10,0.002946630144016138,0.0035524016043679218,-0.0035524016043679218,1,0,1.0,77ad8d59ebff6aad88b5688701499490f27f817fb77afbebacdbd01baea42b97,PRIOR_NIGHT_USDJPY_TO_JNU_DAY_G1_V1
2020-11-12,2020-11-10,0.002946630144016138,0.0005880623515542229,-0.0005880623515542229,1,0,1.0,77ad8d59ebff6aad88b5688701499490f27f817fb77afbebacdbd01baea42b97,PRIOR_NIGHT_USDJPY_TO_JNU_DAY_G1_V1
2020-11-13,2020-11-12,-0.0011404677153266406,-0.0005909583546356684,-0.0005909583546356684,1,0,1.0,77ad8d59ebff6aad88b5688701499490f27f817fb77afbebacdbd01baea42b97,PRIOR_NIGHT_USDJPY_TO_JNU_DAY_G1_V1
2020-11-16,2020-11-13,-0.004387645345014346,0.007751976804317924,0.007751976804317924,1,1,1.0,77ad8d59ebff6aad88b5688701499490f27f817fb77afbebacdbd01baea42b97,PRIOR_NIGHT_USDJPY_TO_JNU_DAY_G1_V1
2020-11-17,2020-11-16,0.0008612852822010574,-0.0034489399967000157,0.0034489399967000157,1,1,1.0,77ad8d59ebff6aad88b5688701499490f27f817fb77afbebacdbd01baea42b97,PRIOR_NIGHT_USDJPY_TO_JNU_DAY_G1_V1
2020-11-18,2020-11-17,-0.002683536208854429,-0.0075501278219381835,-0.0075501278219381835,1,0,1.0,77ad8d59ebff6aad88b5688701499490f27f817fb77afbebacdbd01baea42b97,PRIOR_NIGHT_USDJPY_TO_JNU_DAY_G1_V1
2020-11-19,2020-11-18,-0.001637686411976674,-0.003903205579953803,-0.003903205579953803,1,0,1.0,77ad8d59ebff6aad88b5688701499490f27f817fb77afbebacdbd01baea42b97,PRIOR_NIGHT_USDJPY_TO_JNU_DAY_G1_V1
2020-11-20,2020-11-19,0.0001926040067587241,0.0011767014497575208,-0.0011767014497575208,1,0,1.0,77ad8d59ebff6aad88b5688701499490f27f817fb77afbebacdbd01baea42b97,PRIOR_NIGHT_USDJPY_TO_JNU_DAY_G1_V1
2020-11-24,2020-11-20,-0.0005778120345660504,0.008044479313832944,0.008044479313832944,1,1,1.0,77ad8d59ebff6aad88b5688701499490f27f817fb77afbebacdbd01baea42b97,PRIOR_NIGHT_USDJPY_TO_JNU_DAY_G1_V1
2020-11-25,2020-11-24,0.0013392005062529827,-0.003594744198301583,0.003594744198301583,1,1,1.0,77ad8d59ebff6aad88b5688701499490f27f817fb77afbebacdbd01baea42b97,PRIOR_NIGHT_USDJPY_TO_JNU_DAY_G1_V1
2020-11-26,2020-11-25,-0.0008617801079139428,0.009267205802490812,0.009267205802490812,1,1,1.0,77ad8d59ebff6aad88b5688701499490f27f817fb77afbebacdbd01baea42b97,PRIOR_NIGHT_USDJPY_TO_JNU_DAY_G1_V1
2020-11-27,2020-11-25,-0.0008617801079139428,0.006030926685289439,0.006030926685289439,1,1,1.0,77ad8d59ebff6aad88b5688701499490f27f817fb77afbebacdbd01baea42b97,PRIOR_NIGHT_USDJPY_TO_JNU_DAY_G1_V1
2020-11-30,2020-11-25,-0.0008617801079139428,-0.01461521237097049,-0.01461521237097049,1,0,1.0,77ad8d59ebff6aad88b5688701499490f27f817fb77afbebacdbd01baea42b97,PRIOR_NIGHT_USDJPY_TO_JNU_DAY_G1_V1
2020-12-01,2020-11-30,0.003358767132463329,0.009375654652455875,-0.009375654652455875,1,0,1.0,77ad8d59ebff6aad88b5688701499490f27f817fb77afbebacdbd01baea42b97,PRIOR_NIGHT_USDJPY_TO_JNU_DAY_G1_V1
2020-12-02,2020-12-01,0.0005748778542915947,-0.0013051181119811555,0.0013051181119811555,1,1,1.0,77ad8d59ebff6aad88b5688701499490f27f817fb77afbebacdbd01baea42b97,PRIOR_NIGHT_USDJPY_TO_JNU_DAY_G1_V1
2020-12-03,2020-12-02,-0.0004782629580856274,0.000932053380924196,0.000932053380924196,1,1,1.0,77ad8d59ebff6aad88b5688701499490f27f817fb77afbebacdbd01baea42b97,PRIOR_NIGHT_USDJPY_TO_JNU_DAY_G1_V1
2020-12-04,2020-12-03,-0.005286186561155703,0.0005605905033290598,0.0005605905033290598,1,1,1.0,77ad8d59ebff6aad88b5688701499490f27f817fb77afbebacdbd01baea42b97,PRIOR_NIGHT_USDJPY_TO_JNU_DAY_G1_V1
2020-12-07,2020-12-04,0.0024992803550773278,-0.01178795575204224,0.01178795575204224,1,1,1.0,77ad8d59ebff6aad88b5688701499490f27f817fb77afbebacdbd01baea42b97,PRIOR_NIGHT_USDJPY_TO_JNU_DAY_G1_V1
2020-12-08,2020-12-07,-0.001153070176762699,0.0018878616141244863,0.0018878616141244863,1,1,1.0,77ad8d59ebff6aad88b5688701499490f27f817fb77afbebacdbd01baea42b97,PRIOR_NIGHT_USDJPY_TO_JNU_DAY_G1_V1
2020-12-09,2020-12-08,0.0005763135305031535,0.01124028319941954,-0.01124028319941954,1,0,1.0,77ad8d59ebff6aad88b5688701499490f27f817fb77afbebacdbd01baea42b97,PRIOR_NIGHT_USDJPY_TO_JNU_DAY_G1_V1
2020-12-10,2020-12-09,0.0004795933140700642,0.0028092536501323102,-0.0028092536501323102,1,0,1.0,77ad8d59ebff6aad88b5688701499490f27f817fb77afbebacdbd01baea42b97,PRIOR_NIGHT_USDJPY_TO_JNU_DAY_G1_V1
2020-12-11,2020-12-10,-0.001820011039292711,-0.00638260098049718,-0.00638260098049718,1,0,1.0,77ad8d59ebff6aad88b5688701499490f27f817fb77afbebacdbd01baea42b97,PRIOR_NIGHT_USDJPY_TO_JNU_DAY_G1_V1
2020-12-14,2020-12-11,-0.0018273628552202678,0.004508743313454531,0.004508743313454531,1,1,1.0,77ad8d59ebff6aad88b5688701499490f27f817fb77afbebacdbd01baea42b97,PRIOR_NIGHT_USDJPY_TO_JNU_DAY_G1_V1
2020-12-15,2020-12-14,0.001346283499813271,0.0,-0.0,0,0,1.0,77ad8d59ebff6aad88b5688701499490f27f817fb77afbebacdbd01baea42b97,PRIOR_NIGHT_USDJPY_TO_JNU_DAY_G1_V1
2020-12-16,2020-12-15,-0.0036580710795812146,-0.0009357163590940512,-0.0009357163590940512,1,0,1.0,77ad8d59ebff6aad88b5688701499490f27f817fb77afbebacdbd01baea42b97,PRIOR_NIGHT_USDJPY_TO_JNU_DAY_G1_V1
2020-12-17,2020-12-16,0.0013523958784585177,0.0005612197322500155,-0.0005612197322500155,1,0,1.0,77ad8d59ebff6aad88b5688701499490f27f817fb77afbebacdbd01baea42b97,PRIOR_NIGHT_USDJPY_TO_JNU_DAY_G1_V1
2020-12-18,2020-12-17,-0.0005816207996454002,-0.0011233852520121954,-0.0011233852520121954,1,0,1.0,77ad8d59ebff6aad88b5688701499490f27f817fb77afbebacdbd01baea42b97,PRIOR_NIGHT_USDJPY_TO_JNU_DAY_G1_V1
2020-12-21,2020-12-18,-0.001160429489082002,-0.003373948842604078,-0.003373948842604078,1,0,1.0,77ad8d59ebff6aad88b5688701499490f27f817fb77afbebacdbd01baea42b97,PRIOR_NIGHT_USDJPY_TO_JNU_DAY_G1_V1
2020-12-22,2020-12-21,-0.0015455953617805973,-0.003977654643059303,-0.003977654643059303,1,0,1.0,77ad8d59ebff6aad88b5688701499490f27f817fb77afbebacdbd01baea42b97,PRIOR_NIGHT_USDJPY_TO_JNU_DAY_G1_V1
2020-12-23,2020-12-22,0.0019319944185669255,-0.0033930287029146403,0.0033930287029146403,1,1,1.0,77ad8d59ebff6aad88b5688701499490f27f817fb77afbebacdbd01baea42b97,PRIOR_NIGHT_USDJPY_TO_JNU_DAY_G1_V1
2020-12-24,2020-12-23,0.001546790718298733,0.0005636449186330201,-0.0005636449186330201,1,0,1.0,77ad8d59ebff6aad88b5688701499490f27f817fb77afbebacdbd01baea42b97,PRIOR_NIGHT_USDJPY_TO_JNU_DAY_G1_V1
2020-12-25,2020-12-23,0.001546790718298733,0.0007510327052227507,-0.0007510327052227507,1,0,1.0,77ad8d59ebff6aad88b5688701499490f27f817fb77afbebacdbd01baea42b97,PRIOR_NIGHT_USDJPY_TO_JNU_DAY_G1_V1
2020-12-28,2020-12-23,0.001546790718298733,0.006552489979848008,-0.006552489979848008,1,0,1.0,77ad8d59ebff6aad88b5688701499490f27f817fb77afbebacdbd01baea42b97,PRIOR_NIGHT_USDJPY_TO_JNU_DAY_G1_V1
2020-12-29,2020-12-28,0.003569537338920748,0.02316705928153438,-0.02316705928153438,1,0,1.0,77ad8d59ebff6aad88b5688701499490f27f817fb77afbebacdbd01baea42b97,PRIOR_NIGHT_USDJPY_TO_JNU_DAY_G1_V1
2020-12-30,2020-12-29,-0.0018340658647629951,-0.002364712334306987,-0.002364712334306987,1,0,1.0,77ad8d59ebff6aad88b5688701499490f27f817fb77afbebacdbd01baea42b97,PRIOR_NIGHT_USDJPY_TO_JNU_DAY_G1_V1
2021-01-04,2020-12-30,-0.00019357336490948555,-0.010929070532190317,-0.010929070532190317,1,0,1.0,88fae8021f134c4169ad854abe5e64d5837adefe63ff8cf2e03cf3b6f384df97,PRIOR_NIGHT_USDJPY_TO_JNU_DAY_G1_V1
2021-01-05,2021-01-04,0.002619961714079544,0.0005535566152978599,-0.0005535566152978599,1,0,1.0,88fae8021f134c4169ad854abe5e64d5837adefe63ff8cf2e03cf3b6f384df97,PRIOR_NIGHT_USDJPY_TO_JNU_DAY_G1_V1
2021-01-06,2021-01-05,-0.002334177290095902,-0.0020323332630355524,-0.0020323332630355524,1,0,1.0,88fae8021f134c4169ad854abe5e64d5837adefe63ff8cf2e03cf3b6f384df97,PRIOR_NIGHT_USDJPY_TO_JNU_DAY_G1_V1
2021-01-07,2021-01-06,0.004854378464798143,0.005659531308970194,-0.005659531308970194,1,0,1.0,88fae8021f134c4169ad854abe5e64d5837adefe63ff8cf2e03cf3b6f384df97,PRIOR_NIGHT_USDJPY_TO_JNU_DAY_G1_V1
2021-01-08,2021-01-07,0.004536468375386525,0.018280078916685438,-0.018280078916685438,1,0,1.0,88fae8021f134c4169ad854abe5e64d5837adefe63ff8cf2e03cf3b6f384df97,PRIOR_NIGHT_USDJPY_TO_JNU_DAY_G1_V1
2021-01-12,2021-01-08,-0.0008659258731295151,0.002842425079500008,0.002842425079500008,1,1,1.0,88fae8021f134c4169ad854abe5e64d5837adefe63ff8cf2e03cf3b6f384df97,PRIOR_NIGHT_USDJPY_TO_JNU_DAY_G1_V1
2021-01-13,2021-01-12,-0.0006722689328820455,0.012194195460581038,0.012194195460581038,1,1,1.0,88fae8021f134c4169ad854abe5e64d5837adefe63ff8cf2e03cf3b6f384df97,PRIOR_NIGHT_USDJPY_TO_JNU_DAY_G1_V1
2021-01-14,2021-01-13,0.002119461294368612,0.012770225148096422,-0.012770225148096422,1,0,1.0,88fae8021f134c4169ad854abe5e64d5837adefe63ff8cf2e03cf3b6f384df97,PRIOR_NIGHT_USDJPY_TO_JNU_DAY_G1_V1
2021-01-15,2021-01-14,-0.00365912781889042,-0.012734581165077705,-0.012734581165077705,1,0,1.0,88fae8021f134c4169ad854abe5e64d5837adefe63ff8cf2e03cf3b6f384df97,PRIOR_NIGHT_USDJPY_TO_JNU_DAY_G1_V1
2021-01-18,2021-01-15,0.000963855496306659,-0.001772107499020136,0.001772107499020136,1,1,1.0,88fae8021f134c4169ad854abe5e64d5837adefe63ff8cf2e03cf3b6f384df97,PRIOR_NIGHT_USDJPY_TO_JNU_DAY_G1_V1
2021-01-19,2021-01-15,0.000963855496306659,0.009297497025060606,-0.009297497025060606,1,0,1.0,88fae8021f134c4169ad854abe5e64d5837adefe63ff8cf2e03cf3b6f384df97,PRIOR_NIGHT_USDJPY_TO_JNU_DAY_G1_V1
2021-01-20,2021-01-19,-0.0013470607251998183,-0.009260134311000572,-0.009260134311000572,1,0,1.0,88fae8021f134c4169ad854abe5e64d5837adefe63ff8cf2e03cf3b6f384df97,PRIOR_NIGHT_USDJPY_TO_JNU_DAY_G1_V1
2021-01-21,2021-01-19,-0.0013470607251998183,0.0005217845148386374,0.0005217845148386374,1,1,1.0,88fae8021f134c4169ad854abe5e64d5837adefe63ff8cf2e03cf3b6f384df97,PRIOR_NIGHT_USDJPY_TO_JNU_DAY_G1_V1
2021-01-22,2021-01-21,0.0003862868227656938,0.0013981127758033425,-0.0013981127758033425,1,0,1.0,88fae8021f134c4169ad854abe5e64d5837adefe63ff8cf2e03cf3b6f384df97,PRIOR_NIGHT_USDJPY_TO_JNU_DAY_G1_V1
2021-01-25,2021-01-22,0.0007713074042238268,0.004178279059195958,-0.004178279059195958,1,0,1.0,88fae8021f134c4169ad854abe5e64d5837adefe63ff8cf2e03cf3b6f384df97,PRIOR_NIGHT_USDJPY_TO_JNU_DAY_G1_V1
2021-01-26,2021-01-25,0.0006747313379507246,-0.00785824352915903,0.00785824352915903,1,1,1.0,88fae8021f134c4169ad854abe5e64d5837adefe63ff8cf2e03cf3b6f384df97,PRIOR_NIGHT_USDJPY_TO_JNU_DAY_G1_V1
2021-01-27,2021-01-26,-0.0011566266349673302,-0.002790375022948856,-0.002790375022948856,1,0,1.0,88fae8021f134c4169ad854abe5e64d5837adefe63ff8cf2e03cf3b6f384df97,PRIOR_NIGHT_USDJPY_TO_JNU_DAY_G1_V1
2021-01-28,2021-01-27,0.003946676923412485,0.0014255169912209468,-0.0014255169912209468,1,0,1.0,88fae8021f134c4169ad854abe5e64d5837adefe63ff8cf2e03cf3b6f384df97,PRIOR_NIGHT_USDJPY_TO_JNU_DAY_G1_V1
2021-01-29,2021-01-28,0.0,-0.024679364135472413,0.0,0,0,1.0,88fae8021f134c4169ad854abe5e64d5837adefe63ff8cf2e03cf3b6f384df97,PRIOR_NIGHT_USDJPY_TO_JNU_DAY_G1_V1
2021-02-01,2021-01-29,0.0008604618342460939,0.01488683218556154,-0.01488683218556154,1,0,1.0,88fae8021f134c4169ad854abe5e64d5837adefe63ff8cf2e03cf3b6f384df97,PRIOR_NIGHT_USDJPY_TO_JNU_DAY_G1_V1
2021-02-02,2021-02-01,0.0020980362454592724,0.0003532944746163836,-0.0003532944746163836,1,0,1.0,88fae8021f134c4169ad854abe5e64d5837adefe63ff8cf2e03cf3b6f384df97,PRIOR_NIGHT_USDJPY_TO_JNU_DAY_G1_V1
2021-02-03,2021-02-02,0.0009520183506553921,0.004727313364586735,-0.004727313364586735,1,0,1.0,88fae8021f134c4169ad854abe5e64d5837adefe63ff8cf2e03cf3b6f384df97,PRIOR_NIGHT_USDJPY_TO_JNU_DAY_G1_V1
2021-02-04,2021-02-03,-9.518823480614082e-05,-0.007564465659640339,-0.007564465659640339,1,0,1.0,88fae8021f134c4169ad854abe5e64d5837adefe63ff8cf2e03cf3b6f384df97,PRIOR_NIGHT_USDJPY_TO_JNU_DAY_G1_V1
2021-02-05,2021-02-04,0.0021839252852487415,0.0057466418486121235,-0.0057466418486121235,1,0,1.0,88fae8021f134c4169ad854abe5e64d5837adefe63ff8cf2e03cf3b6f384df97,PRIOR_NIGHT_USDJPY_TO_JNU_DAY_G1_V1
2021-02-08,2021-02-05,-0.0005688821619240812,0.018714598900109625,0.018714598900109625,1,1,1.0,88fae8021f134c4169ad854abe5e64d5837adefe63ff8cf2e03cf3b6f384df97,PRIOR_NIGHT_USDJPY_TO_JNU_DAY_G1_V1
2021-02-09,2021-02-08,-0.002847922942534654,0.000678541162590807,0.000678541162590807,1,1,1.0,88fae8021f134c4169ad854abe5e64d5837adefe63ff8cf2e03cf3b6f384df97,PRIOR_NIGHT_USDJPY_TO_JNU_DAY_G1_V1
2021-02-10,2021-02-09,-0.0015281760376085773,0.004071943189927587,0.004071943189927587,1,1,1.0,88fae8021f134c4169ad854abe5e64d5837adefe63ff8cf2e03cf3b6f384df97,PRIOR_NIGHT_USDJPY_TO_JNU_DAY_G1_V1
2021-02-12,2021-02-10,0.0014341032143808123,-0.001018502888927917,0.001018502888927917,1,1,1.0,88fae8021f134c4169ad854abe5e64d5837adefe63ff8cf2e03cf3b6f384df97,PRIOR_NIGHT_USDJPY_TO_JNU_DAY_G1_V1
2021-02-15,2021-02-12,9.529708874606766e-05,0.01437911415602432,-0.01437911415602432,1,0,1.0,88fae8021f134c4169ad854abe5e64d5837adefe63ff8cf2e03cf3b6f384df97,PRIOR_NIGHT_USDJPY_TO_JNU_DAY_G1_V1
2021-02-16,2021-02-12,9.529708874606766e-05,0.007738574882928853,-0.007738574882928853,1,0,1.0,88fae8021f134c4169ad854abe5e64d5837adefe63ff8cf2e03cf3b6f384df97,PRIOR_NIGHT_USDJPY_TO_JNU_DAY_G1_V1
2021-02-17,2021-02-16,0.003690215665183209,-0.001976936393455881,0.001976936393455881,1,1,1.0,88fae8021f134c4169ad854abe5e64d5837adefe63ff8cf2e03cf3b6f384df97,PRIOR_NIGHT_USDJPY_TO_JNU_DAY_G1_V1
2021-02-18,2021-02-17,-0.0018880398320737953,-0.0036297680505787237,-0.0036297680505787237,1,0,1.0,88fae8021f134c4169ad854abe5e64d5837adefe63ff8cf2e03cf3b6f384df97,PRIOR_NIGHT_USDJPY_TO_JNU_DAY_G1_V1
2021-02-19,2021-02-18,-0.0012292564547296333,-0.0003331112622408013,-0.0003331112622408013,1,0,1.0,88fae8021f134c4169ad854abe5e64d5837adefe63ff8cf2e03cf3b6f384df97,PRIOR_NIGHT_USDJPY_TO_JNU_DAY_G1_V1
2021-02-22,2021-02-19,-0.0001894118766908637,-0.0018204390629427256,-0.0018204390629427256,1,0,1.0,88fae8021f134c4169ad854abe5e64d5837adefe63ff8cf2e03cf3b6f384df97,PRIOR_NIGHT_USDJPY_TO_JNU_DAY_G1_V1
2021-02-24,2021-02-22,-0.007207921950170121,-0.013744768846829545,-0.013744768846829545,1,0,1.0,88fae8021f134c4169ad854abe5e64d5837adefe63ff8cf2e03cf3b6f384df97,PRIOR_NIGHT_USDJPY_TO_JNU_DAY_G1_V1
2021-02-25,2021-02-24,0.003215436853974393,0.00016560404111711307,-0.00016560404111711307,1,0,1.0,88fae8021f134c4169ad854abe5e64d5837adefe63ff8cf2e03cf3b6f384df97,PRIOR_NIGHT_USDJPY_TO_JNU_DAY_G1_V1
2021-02-26,2021-02-25,0.001978985709246658,-0.01598401654825604,0.01598401654825604,1,1,1.0,88fae8021f134c4169ad854abe5e64d5837adefe63ff8cf2e03cf3b6f384df97,PRIOR_NIGHT_USDJPY_TO_JNU_DAY_G1_V1
2021-03-01,2021-02-26,0.005170885399272942,0.0021924285702511234,-0.0021924285702511234,1,0,1.0,88fae8021f134c4169ad854abe5e64d5837adefe63ff8cf2e03cf3b6f384df97,PRIOR_NIGHT_USDJPY_TO_JNU_DAY_G1_V1
2021-03-02,2021-03-01,0.0007501875820695093,-0.01598687813802378,0.01598687813802378,1,1,1.0,88fae8021f134c4169ad854abe5e64d5837adefe63ff8cf2e03cf3b6f384df97,PRIOR_NIGHT_USDJPY_TO_JNU_DAY_G1_V1
2021-03-03,2021-03-02,-0.0009363296564226753,-0.0013527225600110718,-0.0013527225600110718,1,0,1.0,88fae8021f134c4169ad854abe5e64d5837adefe63ff8cf2e03cf3b6f384df97,PRIOR_NIGHT_USDJPY_TO_JNU_DAY_G1_V1
2021-03-04,2021-03-03,0.0009357163590940803,-0.009434841408432969,0.009434841408432969,1,1,1.0,88fae8021f134c4169ad854abe5e64d5837adefe63ff8cf2e03cf3b6f384df97,PRIOR_NIGHT_USDJPY_TO_JNU_DAY_G1_V1
2021-03-05,2021-03-04,0.0039117121686885244,-0.0008678296127402914,0.0008678296127402914,1,1,1.0,88fae8021f134c4169ad854abe5e64d5837adefe63ff8cf2e03cf3b6f384df97,PRIOR_NIGHT_USDJPY_TO_JNU_DAY_G1_V1
2021-03-08,2021-03-05,-0.00027712346027433687,-0.020792913386000235,-0.020792913386000235,1,0,1.0,88fae8021f134c4169ad854abe5e64d5837adefe63ff8cf2e03cf3b6f384df97,PRIOR_NIGHT_USDJPY_TO_JNU_DAY_G1_V1
2021-03-09,2021-03-08,0.003771333173442542,0.006206916478855604,-0.006206916478855604,1,0,1.0,88fae8021f134c4169ad854abe5e64d5837adefe63ff8cf2e03cf3b6f384df97,PRIOR_NIGHT_USDJPY_TO_JNU_DAY_G1_V1
2021-03-10,2021-03-09,-0.001563578152534669,-0.0068634449249824,-0.0068634449249824,1,0,1.0,88fae8021f134c4169ad854abe5e64d5837adefe63ff8cf2e03cf3b6f384df97,PRIOR_NIGHT_USDJPY_TO_JNU_DAY_G1_V1
2021-03-11,2021-03-10,-0.0013805165323531765,0.004113821365622729,0.004113821365622729,1,1,1.0,88fae8021f134c4169ad854abe5e64d5837adefe63ff8cf2e03cf3b6f384df97,PRIOR_NIGHT_USDJPY_TO_JNU_DAY_G1_V1
2021-03-12,2021-03-11,-0.002118742444295497,0.01071165559492781,0.01071165559492781,1,1,1.0,88fae8021f134c4169ad854abe5e64d5837adefe63ff8cf2e03cf3b6f384df97,PRIOR_NIGHT_USDJPY_TO_JNU_DAY_G1_V1
2021-03-15,2021-03-12,-0.0015602774951885418,0.0,0.0,0,0,1.0,88fae8021f134c4169ad854abe5e64d5837adefe63ff8cf2e03cf3b6f384df97,PRIOR_NIGHT_USDJPY_TO_JNU_DAY_G1_V1
2021-03-16,2021-03-15,-0.000732936358967558,0.003535654832307797,0.003535654832307797,1,1,1.0,88fae8021f134c4169ad854abe5e64d5837adefe63ff8cf2e03cf3b6f384df97,PRIOR_NIGHT_USDJPY_TO_JNU_DAY_G1_V1
2021-03-17,2021-03-16,-0.0022907418273043936,0.0020205428662389844,0.0020205428662389844,1,1,1.0,88fae8021f134c4169ad854abe5e64d5837adefe63ff8cf2e03cf3b6f384df97,PRIOR_NIGHT_USDJPY_TO_JNU_DAY_G1_V1
2021-03-18,2021-03-17,0.0005495008838699505,0.003838776307165667,-0.003838776307165667,1,0,1.0,88fae8021f134c4169ad854abe5e64d5837adefe63ff8cf2e03cf3b6f384df97,PRIOR_NIGHT_USDJPY_TO_JNU_DAY_G1_V1
2021-03-19,2021-03-18,-0.002200019220842238,-0.007930523298986095,-0.007930523298986095,1,0,1.0,88fae8021f134c4169ad854abe5e64d5837adefe63ff8cf2e03cf3b6f384df97,PRIOR_NIGHT_USDJPY_TO_JNU_DAY_G1_V1
2021-03-22,2021-03-19,0.000919117711762855,-0.009102682002452794,0.009102682002452794,1,1,1.0,88fae8021f134c4169ad854abe5e64d5837adefe63ff8cf2e03cf3b6f384df97,PRIOR_NIGHT_USDJPY_TO_JNU_DAY_G1_V1
2021-03-23,2021-03-22,-0.0001840265003352731,-0.012092045765028633,-0.012092045765028633,1,0,1.0,88fae8021f134c4169ad854abe5e64d5837adefe63ff8cf2e03cf3b6f384df97,PRIOR_NIGHT_USDJPY_TO_JNU_DAY_G1_V1
2021-03-24,2021-03-23,-0.001472076813814134,-0.0162089524763195,-0.0162089524763195,1,0,1.0,88fae8021f134c4169ad854abe5e64d5837adefe63ff8cf2e03cf3b6f384df97,PRIOR_NIGHT_USDJPY_TO_JNU_DAY_G1_V1
2021-03-25,2021-03-24,0.0018397576709759326,0.00738010729762246,-0.00738010729762246,1,0,1.0,88fae8021f134c4169ad854abe5e64d5837adefe63ff8cf2e03cf3b6f384df97,PRIOR_NIGHT_USDJPY_TO_JNU_DAY_G1_V1
2021-03-26,2021-03-25,0.0003666025153329111,0.0031007776782481854,-0.0031007776782481854,1,0,1.0,88fae8021f134c4169ad854abe5e64d5837adefe63ff8cf2e03cf3b6f384df97,PRIOR_NIGHT_USDJPY_TO_JNU_DAY_G1_V1
2021-03-29,2021-03-26,0.0020102345950821577,-0.009561281648827276,0.009561281648827276,1,1,1.0,88fae8021f134c4169ad854abe5e64d5837adefe63ff8cf2e03cf3b6f384df97,PRIOR_NIGHT_USDJPY_TO_JNU_DAY_G1_V1
2021-03-30,2021-03-29,0.0006381330268054646,0.0022091945428247173,-0.0022091945428247173,1,0,1.0,88fae8021f134c4169ad854abe5e64d5837adefe63ff8cf2e03cf3b6f384df97,PRIOR_NIGHT_USDJPY_TO_JNU_DAY_G1_V1
2021-03-31,2021-03-30,-0.0003629434755385566,-0.004952618781832725,-0.004952618781832725,1,0,1.0,88fae8021f134c4169ad854abe5e64d5837adefe63ff8cf2e03cf3b6f384df97,PRIOR_NIGHT_USDJPY_TO_JNU_DAY_G1_V1
2021-04-01,2021-03-31,-0.0011746104806582749,-0.0005098139289621358,-0.0005098139289621358,1,0,1.0,88fae8021f134c4169ad854abe5e64d5837adefe63ff8cf2e03cf3b6f384df97,PRIOR_NIGHT_USDJPY_TO_JNU_DAY_G1_V1
2021-04-02,2021-04-01,-0.0007230004833697893,0.006711434587986778,0.006711434587986778,1,1,1.0,88fae8021f134c4169ad854abe5e64d5837adefe63ff8cf2e03cf3b6f384df97,PRIOR_NIGHT_USDJPY_TO_JNU_DAY_G1_V1
2021-04-05,2021-04-02,0.0010848929732386037,0.0,-0.0,0,0,1.0,88fae8021f134c4169ad854abe5e64d5837adefe63ff8cf2e03cf3b6f384df97,PRIOR_NIGHT_USDJPY_TO_JNU_DAY_G1_V1
2021-04-06,2021-04-05,-0.0050743131714692975,-0.017507741900004974,-0.017507741900004974,1,0,1.0,88fae8021f134c4169ad854abe5e64d5837adefe63ff8cf2e03cf3b6f384df97,PRIOR_NIGHT_USDJPY_TO_JNU_DAY_G1_V1
2021-04-07,2021-04-06,-0.004360868181035852,-0.0001682510309344609,-0.0001682510309344609,1,0,1.0,88fae8021f134c4169ad854abe5e64d5837adefe63ff8cf2e03cf3b6f384df97,PRIOR_NIGHT_USDJPY_TO_JNU_DAY_G1_V1
2021-04-08,2021-04-07,-0.0011846723033127483,-0.00033687047648873586,-0.00033687047648873586,1,0,1.0,88fae8021f134c4169ad854abe5e64d5837adefe63ff8cf2e03cf3b6f384df97,PRIOR_NIGHT_USDJPY_TO_JNU_DAY_G1_V1
2021-04-09,2021-04-08,-0.002377035311968272,-0.002348600307875059,-0.002348600307875059,1,0,1.0,88fae8021f134c4169ad854abe5e64d5837adefe63ff8cf2e03cf3b6f384df97,PRIOR_NIGHT_USDJPY_TO_JNU_DAY_G1_V1
2021-04-12,2021-04-09,0.0011864021469172679,-0.011762864581953858,0.011762864581953858,1,1,1.0,88fae8021f134c4169ad854abe5e64d5837adefe63ff8cf2e03cf3b6f384df97,PRIOR_NIGHT_USDJPY_TO_JNU_DAY_G1_V1
2021-04-13,2021-04-12,-0.00027411028542031395,0.003701838317898928,0.003701838317898928,1,1,1.0,88fae8021f134c4169ad854abe5e64d5837adefe63ff8cf2e03cf3b6f384df97,PRIOR_NIGHT_USDJPY_TO_JNU_DAY_G1_V1
2021-04-14,2021-04-13,-0.0011898770338923629,-0.00505136618803233,-0.00505136618803233,1,0,1.0,88fae8021f134c4169ad854abe5e64d5837adefe63ff8cf2e03cf3b6f384df97,PRIOR_NIGHT_USDJPY_TO_JNU_DAY_G1_V1
2021-04-15,2021-04-14,-0.0006424081347895059,0.002027712759651613,0.002027712759651613,1,1,1.0,88fae8021f134c4169ad854abe5e64d5837adefe63ff8cf2e03cf3b6f384df97,PRIOR_NIGHT_USDJPY_TO_JNU_DAY_G1_V1
2021-04-16,2021-04-15,-0.00036764706296449107,-0.0018504505238152566,-0.0018504505238152566,1,0,1.0,88fae8021f134c4169ad854abe5e64d5837adefe63ff8cf2e03cf3b6f384df97,PRIOR_NIGHT_USDJPY_TO_JNU_DAY_G1_V1
2021-04-19,2021-04-16,-0.0011025359441001773,-0.0021894745588684583,-0.0021894745588684583,1,0,1.0,88fae8021f134c4169ad854abe5e64d5837adefe63ff8cf2e03cf3b6f384df97,PRIOR_NIGHT_USDJPY_TO_JNU_DAY_G1_V1
2021-04-20,2021-04-19,-0.001201978786477589,-0.011632016202499072,-0.011632016202499072,1,0,1.0,88fae8021f134c4169ad854abe5e64d5837adefe63ff8cf2e03cf3b6f384df97,PRIOR_NIGHT_USDJPY_TO_JNU_DAY_G1_V1
2021-04-21,2021-04-20,-0.003141170358126161,-0.005425759350724146,-0.005425759350724146,1,0,1.0,88fae8021f134c4169ad854abe5e64d5837adefe63ff8cf2e03cf3b6f384df97,PRIOR_NIGHT_USDJPY_TO_JNU_DAY_G1_V1
2021-04-22,2021-04-21,-0.0012943788789434659,0.010348488350310443,0.010348488350310443,1,1,1.0,88fae8021f134c4169ad854abe5e64d5837adefe63ff8cf2e03cf3b6f384df97,PRIOR_NIGHT_USDJPY_TO_JNU_DAY_G1_V1
2021-04-23,2021-04-22,0.0024065172665559426,0.003629768050578731,-0.003629768050578731,1,0,1.0,88fae8021f134c4169ad854abe5e64d5837adefe63ff8cf2e03cf3b6f384df97,PRIOR_NIGHT_USDJPY_TO_JNU_DAY_G1_V1
2021-04-26,2021-04-23,0.00018530529099617174,0.0005148005261699244,-0.0005148005261699244,1,0,1.0,88fae8021f134c4169ad854abe5e64d5837adefe63ff8cf2e03cf3b6f384df97,PRIOR_NIGHT_USDJPY_TO_JNU_DAY_G1_V1
2021-04-27,2021-04-26,0.003706453464848742,-0.007891617555439745,0.007891617555439745,1,1,1.0,88fae8021f134c4169ad854abe5e64d5837adefe63ff8cf2e03cf3b6f384df97,PRIOR_NIGHT_USDJPY_TO_JNU_DAY_G1_V1
2021-04-28,2021-04-27,0.002028585296860961,0.0020668281556628885,-0.0020668281556628885,1,0,1.0,88fae8021f134c4169ad854abe5e64d5837adefe63ff8cf2e03cf3b6f384df97,PRIOR_NIGHT_USDJPY_TO_JNU_DAY_G1_V1
2021-04-30,2021-04-28,-0.0019281096732140818,-0.0008654262764288219,-0.0008654262764288219,1,0,1.0,88fae8021f134c4169ad854abe5e64d5837adefe63ff8cf2e03cf3b6f384df97,PRIOR_NIGHT_USDJPY_TO_JNU_DAY_G1_V1
2021-05-06,2021-04-30,0.004032633088423731,0.009594043095043428,-0.009594043095043428,1,0,1.0,88fae8021f134c4169ad854abe5e64d5837adefe63ff8cf2e03cf3b6f384df97,PRIOR_NIGHT_USDJPY_TO_JNU_DAY_G1_V1
2021-05-07,2021-05-06,-0.0015559931746750614,0.002385416022930078,0.002385416022930078,1,1,1.0,88fae8021f134c4169ad854abe5e64d5837adefe63ff8cf2e03cf3b6f384df97,PRIOR_NIGHT_USDJPY_TO_JNU_DAY_G1_V1
2021-05-10,2021-05-07,-0.005788595205222023,0.006617484062264558,0.006617484062264558,1,1,1.0,88fae8021f134c4169ad854abe5e64d5837adefe63ff8cf2e03cf3b6f384df97,PRIOR_NIGHT_USDJPY_TO_JNU_DAY_G1_V1
2021-05-11,2021-05-10,-0.002021873678395038,-0.019864199227608046,-0.019864199227608046,1,0,1.0,88fae8021f134c4169ad854abe5e64d5837adefe63ff8cf2e03cf3b6f384df97,PRIOR_NIGHT_USDJPY_TO_JNU_DAY_G1_V1
2021-05-12,2021-05-11,-0.0038624289327052847,-0.016570095324041405,-0.016570095324041405,1,0,1.0,88fae8021f134c4169ad854abe5e64d5837adefe63ff8cf2e03cf3b6f384df97,PRIOR_NIGHT_USDJPY_TO_JNU_DAY_G1_V1
2021-05-13,2021-05-12,0.0066871499138130485,-0.009759701542075443,0.009759701542075443,1,1,1.0,88fae8021f134c4169ad854abe5e64d5837adefe63ff8cf2e03cf3b6f384df97,PRIOR_NIGHT_USDJPY_TO_JNU_DAY_G1_V1
2021-05-14,2021-05-13,-0.0010035123772401337,0.006268490123996201,0.006268490123996201,1,1,1.0,88fae8021f134c4169ad854abe5e64d5837adefe63ff8cf2e03cf3b6f384df97,PRIOR_NIGHT_USDJPY_TO_JNU_DAY_G1_V1
2021-05-17,2021-05-14,-0.00018284878456497974,-0.01781943087793477,-0.01781943087793477,1,0,1.0,88fae8021f134c4169ad854abe5e64d5837adefe63ff8cf2e03cf3b6f384df97,PRIOR_NIGHT_USDJPY_TO_JNU_DAY_G1_V1
2021-05-18,2021-05-17,-0.0007325336835214196,0.018994091931443007,0.018994091931443007,1,1,1.0,88fae8021f134c4169ad854abe5e64d5837adefe63ff8cf2e03cf3b6f384df97,PRIOR_NIGHT_USDJPY_TO_JNU_DAY_G1_V1
2021-05-19,2021-05-18,0.0002752419853147912,-0.0010704728943722345,0.0010704728943722345,1,1,1.0,88fae8021f134c4169ad854abe5e64d5837adefe63ff8cf2e03cf3b6f384df97,PRIOR_NIGHT_USDJPY_TO_JNU_DAY_G1_V1
2021-05-20,2021-05-19,-0.002937938213117711,0.008229026758691489,0.008229026758691489,1,1,1.0,88fae8021f134c4169ad854abe5e64d5837adefe63ff8cf2e03cf3b6f384df97,PRIOR_NIGHT_USDJPY_TO_JNU_DAY_G1_V1
2021-05-21,2021-05-20,-0.0017449607219610233,0.0017658489490585839,0.0017658489490585839,1,1,1.0,88fae8021f134c4169ad854abe5e64d5837adefe63ff8cf2e03cf3b6f384df97,PRIOR_NIGHT_USDJPY_TO_JNU_DAY_G1_V1
2021-05-24,2021-05-21,0.0022054778283645063,0.0031768470064476536,-0.0031768470064476536,1,0,1.0,88fae8021f134c4169ad854abe5e64d5837adefe63ff8cf2e03cf3b6f384df97,PRIOR_NIGHT_USDJPY_TO_JNU_DAY_G1_V1
2021-05-25,2021-05-24,0.0003676808571617369,0.0008752735788551747,-0.0008752735788551747,1,0,1.0,88fae8021f134c4169ad854abe5e64d5837adefe63ff8cf2e03cf3b6f384df97,PRIOR_NIGHT_USDJPY_TO_JNU_DAY_G1_V1
2021-05-26,2021-05-25,0.002113291547740575,0.00561208067131195,-0.00561208067131195,1,0,1.0,88fae8021f134c4169ad854abe5e64d5837adefe63ff8cf2e03cf3b6f384df97,PRIOR_NIGHT_USDJPY_TO_JNU_DAY_G1_V1
2021-05-27,2021-05-26,0.0023859789239795734,-0.00035032405332886086,0.00035032405332886086,1,1,1.0,88fae8021f134c4169ad854abe5e64d5837adefe63ff8cf2e03cf3b6f384df97,PRIOR_NIGHT_USDJPY_TO_JNU_DAY_G1_V1
2021-05-28,2021-05-27,0.00648670677059692,0.008090241217557232,-0.008090241217557232,1,0,1.0,88fae8021f134c4169ad854abe5e64d5837adefe63ff8cf2e03cf3b6f384df97,PRIOR_NIGHT_USDJPY_TO_JNU_DAY_G1_V1
2021-05-31,2021-05-28,-0.0005461496585781328,-0.0037990030149261406,-0.0037990030149261406,1,0,1.0,88fae8021f134c4169ad854abe5e64d5837adefe63ff8cf2e03cf3b6f384df97,PRIOR_NIGHT_USDJPY_TO_JNU_DAY_G1_V1
2021-06-01,2021-05-28,-0.0005461496585781328,-0.008133643525366356,-0.008133643525366356,1,0,1.0,88fae8021f134c4169ad854abe5e64d5837adefe63ff8cf2e03cf3b6f384df97,PRIOR_NIGHT_USDJPY_TO_JNU_DAY_G1_V1
2021-06-02,2021-06-01,-0.0005481454549817584,0.007801027686554893,0.007801027686554893,1,1,1.0,88fae8021f134c4169ad854abe5e64d5837adefe63ff8cf2e03cf3b6f384df97,PRIOR_NIGHT_USDJPY_TO_JNU_DAY_G1_V1
2021-06-03,2021-06-02,-0.001732233646442323,0.0067317074784700994,0.0067317074784700994,1,1,1.0,88fae8021f134c4169ad854abe5e64d5837adefe63ff8cf2e03cf3b6f384df97,PRIOR_NIGHT_USDJPY_TO_JNU_DAY_G1_V1
2021-06-04,2021-06-03,0.0039978246958804016,0.0005184481235976041,-0.0005184481235976041,1,0,1.0,88fae8021f134c4169ad854abe5e64d5837adefe63ff8cf2e03cf3b6f384df97,PRIOR_NIGHT_USDJPY_TO_JNU_DAY_G1_V1
2021-06-07,2021-06-04,-0.007012459864005782,-0.007038051539199356,-0.007038051539199356,1,0,1.0,88fae8021f134c4169ad854abe5e64d5837adefe63ff8cf2e03cf3b6f384df97,PRIOR_NIGHT_USDJPY_TO_JNU_DAY_G1_V1
2021-06-08,2021-06-07,-0.001646241454652189,-0.003093317469138588,-0.003093317469138588,1,0,1.0,88fae8021f134c4169ad854abe5e64d5837adefe63ff8cf2e03cf3b6f384df97,PRIOR_NIGHT_USDJPY_TO_JNU_DAY_G1_V1
2021-06-09,2021-06-08,-0.0005479452191892714,-0.004323396271706807,-0.004323396271706807,1,0,1.0,88fae8021f134c4169ad854abe5e64d5837adefe63ff8cf2e03cf3b6f384df97,PRIOR_NIGHT_USDJPY_TO_JNU_DAY_G1_V1
2021-06-10,2021-06-09,0.0014607872587600748,0.004495943938427847,-0.004495943938427847,1,0,1.0,88fae8021f134c4169ad854abe5e64d5837adefe63ff8cf2e03cf3b6f384df97,PRIOR_NIGHT_USDJPY_TO_JNU_DAY_G1_V1
2021-06-11,2021-06-10,-0.0005478451561419793,-0.0008642295931562252,-0.0008642295931562252,1,0,1.0,88fae8021f134c4169ad854abe5e64d5837adefe63ff8cf2e03cf3b6f384df97,PRIOR_NIGHT_USDJPY_TO_JNU_DAY_G1_V1
2021-06-14,2021-06-11,0.00282859808104048,0.0012022328627100181,-0.0012022328627100181,1,0,1.0,88fae8021f134c4169ad854abe5e64d5837adefe63ff8cf2e03cf3b6f384df97,PRIOR_NIGHT_USDJPY_TO_JNU_DAY_G1_V1
2021-06-15,2021-06-14,0.0025491637984839857,0.004940805689510444,-0.004940805689510444,1,0,1.0,88fae8021f134c4169ad854abe5e64d5837adefe63ff8cf2e03cf3b6f384df97,PRIOR_NIGHT_USDJPY_TO_JNU_DAY_G1_V1
2021-06-16,2021-06-15,0.0006358723019358973,-0.0006835270259289826,0.0006835270259289826,1,1,1.0,88fae8021f134c4169ad854abe5e64d5837adefe63ff8cf2e03cf3b6f384df97,PRIOR_NIGHT_USDJPY_TO_JNU_DAY_G1_V1
2021-06-17,2021-06-16,-0.0005459012054412128,-0.006539345278985726,-0.006539345278985726,1,0,1.0,88fae8021f134c4169ad854abe5e64d5837adefe63ff8cf2e03cf3b6f384df97,PRIOR_NIGHT_USDJPY_TO_JNU_DAY_G1_V1
2021-06-18,2021-06-17,-0.0028975029326383213,-0.00860738658906609,-0.00860738658906609,1,0,1.0,88fae8021f134c4169ad854abe5e64d5837adefe63ff8cf2e03cf3b6f384df97,PRIOR_NIGHT_USDJPY_TO_JNU_DAY_G1_V1
2021-06-21,2021-06-18,0.00181636595210622,-0.017536540095910744,0.017536540095910744,1,1,1.0,88fae8021f134c4169ad854abe5e64d5837adefe63ff8cf2e03cf3b6f384df97,PRIOR_NIGHT_USDJPY_TO_JNU_DAY_G1_V1
2021-06-22,2021-06-21,0.0017253125732679458,0.0031309818585089867,-0.0031309818585089867,1,0,1.0,88fae8021f134c4169ad854abe5e64d5837adefe63ff8cf2e03cf3b6f384df97,PRIOR_NIGHT_USDJPY_TO_JNU_DAY_G1_V1
2021-06-23,2021-06-22,0.002350389800161534,-0.0020797234532494865,0.0020797234532494865,1,1,1.0,88fae8021f134c4169ad854abe5e64d5837adefe63ff8cf2e03cf3b6f384df97,PRIOR_NIGHT_USDJPY_TO_JNU_DAY_G1_V1
2021-06-24,2021-06-23,-0.0001803914499344632,0.0013893715329805695,0.0013893715329805695,1,1,1.0,88fae8021f134c4169ad854abe5e64d5837adefe63ff8cf2e03cf3b6f384df97,PRIOR_NIGHT_USDJPY_TO_JNU_DAY_G1_V1
2021-06-25,2021-06-24,0.0002705261750571748,0.0,-0.0,0,0,1.0,88fae8021f134c4169ad854abe5e64d5837adefe63ff8cf2e03cf3b6f384df97,PRIOR_NIGHT_USDJPY_TO_JNU_DAY_G1_V1
2021-06-28,2021-06-25,0.00018055430219665052,-0.001552661400512081,0.001552661400512081,1,1,1.0,88fae8021f134c4169ad854abe5e64d5837adefe63ff8cf2e03cf3b6f384df97,PRIOR_NIGHT_USDJPY_TO_JNU_DAY_G1_V1
2021-06-29,2021-06-28,-0.0013565455392512322,-0.0046822248031297255,-0.0046822248031297255,1,0,1.0,88fae8021f134c4169ad854abe5e64d5837adefe63ff8cf2e03cf3b6f384df97,PRIOR_NIGHT_USDJPY_TO_JNU_DAY_G1_V1
2021-06-30,2021-06-29,-0.0015368623917271266,-0.002605298911763254,-0.002605298911763254,1,0,1.0,88fae8021f134c4169ad854abe5e64d5837adefe63ff8cf2e03cf3b6f384df97,PRIOR_NIGHT_USDJPY_TO_JNU_DAY_G1_V1
2021-07-01,2021-06-30,0.004512643036981127,-0.005915118151421954,0.005915118151421954,1,1,1.0,88fae8021f134c4169ad854abe5e64d5837adefe63ff8cf2e03cf3b6f384df97,PRIOR_NIGHT_USDJPY_TO_JNU_DAY_G1_V1
2021-07-02,2021-07-01,0.0025130151441008497,0.0005218752836545151,-0.0005218752836545151,1,0,1.0,88fae8021f134c4169ad854abe5e64d5837adefe63ff8cf2e03cf3b6f384df97,PRIOR_NIGHT_USDJPY_TO_JNU_DAY_G1_V1
2021-07-05,2021-07-02,-0.002602648989900868,-0.005584656748516443,-0.005584656748516443,1,0,1.0,88fae8021f134c4169ad854abe5e64d5837adefe63ff8cf2e03cf3b6f384df97,PRIOR_NIGHT_USDJPY_TO_JNU_DAY_G1_V1
2021-07-06,2021-07-02,-0.002602648989900868,-0.0006983240507249036,-0.0006983240507249036,1,0,1.0,88fae8021f134c4169ad854abe5e64d5837adefe63ff8cf2e03cf3b6f384df97,PRIOR_NIGHT_USDJPY_TO_JNU_DAY_G1_V1
2021-07-07,2021-07-06,-0.0010838151349941622,0.0026536946134663015,0.0026536946134663015,1,1,1.0,88fae8021f134c4169ad854abe5e64d5837adefe63ff8cf2e03cf3b6f384df97,PRIOR_NIGHT_USDJPY_TO_JNU_DAY_G1_V1
2021-07-08,2021-07-07,-0.00018078278997073262,-0.0046091200192559705,-0.0046091200192559705,1,0,1.0,88fae8021f134c4169ad854abe5e64d5837adefe63ff8cf2e03cf3b6f384df97,PRIOR_NIGHT_USDJPY_TO_JNU_DAY_G1_V1
2021-07-09,2021-07-08,0.00027321160408548637,0.010752791776261697,-0.010752791776261697,1,0,1.0,88fae8021f134c4169ad854abe5e64d5837adefe63ff8cf2e03cf3b6f384df97,PRIOR_NIGHT_USDJPY_TO_JNU_DAY_G1_V1
2021-07-12,2021-07-09,0.001453224597258552,0.0019289791163314323,-0.0019289791163314323,1,0,1.0,88fae8021f134c4169ad854abe5e64d5837adefe63ff8cf2e03cf3b6f384df97,PRIOR_NIGHT_USDJPY_TO_JNU_DAY_G1_V1
2021-07-13,2021-07-12,0.0028129413766146577,0.0006972285448914018,-0.0006972285448914018,1,0,1.0,88fae8021f134c4169ad854abe5e64d5837adefe63ff8cf2e03cf3b6f384df97,PRIOR_NIGHT_USDJPY_TO_JNU_DAY_G1_V1
2021-07-14,2021-07-13,-9.060843570736674e-05,0.0010517091241096903,0.0010517091241096903,1,1,1.0,88fae8021f134c4169ad854abe5e64d5837adefe63ff8cf2e03cf3b6f384df97,PRIOR_NIGHT_USDJPY_TO_JNU_DAY_G1_V1
2021-07-15,2021-07-14,-0.004352958718869578,-0.008639743418974955,-0.008639743418974955,1,0,1.0,88fae8021f134c4169ad854abe5e64d5837adefe63ff8cf2e03cf3b6f384df97,PRIOR_NIGHT_USDJPY_TO_JNU_DAY_G1_V1
2021-07-16,2021-07-15,0.00245644485072746,-0.0014331783176877925,0.0014331783176877925,1,1,1.0,88fae8021f134c4169ad854abe5e64d5837adefe63ff8cf2e03cf3b6f384df97,PRIOR_NIGHT_USDJPY_TO_JNU_DAY_G1_V1
2021-07-19,2021-07-16,-0.0003631411751209531,0.0012691507460068925,0.0012691507460068925,1,1,1.0,88fae8021f134c4169ad854abe5e64d5837adefe63ff8cf2e03cf3b6f384df97,PRIOR_NIGHT_USDJPY_TO_JNU_DAY_G1_V1
2021-07-20,2021-07-19,-0.0036479748617471415,0.003105876252092103,0.003105876252092103,1,1,1.0,88fae8021f134c4169ad854abe5e64d5837adefe63ff8cf2e03cf3b6f384df97,PRIOR_NIGHT_USDJPY_TO_JNU_DAY_G1_V1
2021-07-21,2021-07-20,0.0026417687875905454,-0.008322827127300631,0.008322827127300631,1,1,1.0,88fae8021f134c4169ad854abe5e64d5837adefe63ff8cf2e03cf3b6f384df97,PRIOR_NIGHT_USDJPY_TO_JNU_DAY_G1_V1
2021-07-26,2021-07-21,0.0011801553727774103,-0.010014389844403265,0.010014389844403265,1,1,1.0,88fae8021f134c4169ad854abe5e64d5837adefe63ff8cf2e03cf3b6f384df97,PRIOR_NIGHT_USDJPY_TO_JNU_DAY_G1_V1
2021-07-27,2021-07-26,0.0009069472778399071,-0.001073729523344251,0.001073729523344251,1,1,1.0,88fae8021f134c4169ad854abe5e64d5837adefe63ff8cf2e03cf3b6f384df97,PRIOR_NIGHT_USDJPY_TO_JNU_DAY_G1_V1
2021-07-28,2021-07-27,-0.004095941647726795,-0.001813894928685901,-0.001813894928685901,1,0,1.0,88fae8021f134c4169ad854abe5e64d5837adefe63ff8cf2e03cf3b6f384df97,PRIOR_NIGHT_USDJPY_TO_JNU_DAY_G1_V1
2021-07-29,2021-07-28,0.0007271405519441289,-0.0010789427408844708,0.0010789427408844708,1,1,1.0,88fae8021f134c4169ad854abe5e64d5837adefe63ff8cf2e03cf3b6f384df97,PRIOR_NIGHT_USDJPY_TO_JNU_DAY_G1_V1
2021-07-30,2021-07-29,-0.0030993643771344507,-0.0129080966868666,-0.0129080966868666,1,0,1.0,88fae8021f134c4169ad854abe5e64d5837adefe63ff8cf2e03cf3b6f384df97,PRIOR_NIGHT_USDJPY_TO_JNU_DAY_G1_V1
2021-08-02,2021-07-30,0.0015508829455293108,0.01104783490776778,-0.01104783490776778,1,0,1.0,88fae8021f134c4169ad854abe5e64d5837adefe63ff8cf2e03cf3b6f384df97,PRIOR_NIGHT_USDJPY_TO_JNU_DAY_G1_V1
2021-08-03,2021-08-02,-0.004111660048109909,0.002720596581491937,0.002720596581491937,1,1,1.0,88fae8021f134c4169ad854abe5e64d5837adefe63ff8cf2e03cf3b6f384df97,PRIOR_NIGHT_USDJPY_TO_JNU_DAY_G1_V1
2021-08-04,2021-08-03,-0.0011909671143422035,-0.0012693808939960648,-0.0012693808939960648,1,0,1.0,88fae8021f134c4169ad854abe5e64d5837adefe63ff8cf2e03cf3b6f384df97,PRIOR_NIGHT_USDJPY_TO_JNU_DAY_G1_V1
2021-08-05,2021-08-04,0.0030199062072329076,0.007251663395320206,-0.007251663395320206,1,0,1.0,88fae8021f134c4169ad854abe5e64d5837adefe63ff8cf2e03cf3b6f384df97,PRIOR_NIGHT_USDJPY_TO_JNU_DAY_G1_V1
2021-08-06,2021-08-05,0.0016414375379787739,0.0005396168851149883,-0.0005396168851149883,1,0,1.0,88fae8021f134c4169ad854abe5e64d5837adefe63ff8cf2e03cf3b6f384df97,PRIOR_NIGHT_USDJPY_TO_JNU_DAY_G1_V1
2021-08-10,2021-08-06,0.004546702385686768,-0.0010758473334631254,0.0010758473334631254,1,1,1.0,88fae8021f134c4169ad854abe5e64d5837adefe63ff8cf2e03cf3b6f384df97,PRIOR_NIGHT_USDJPY_TO_JNU_DAY_G1_V1
2021-08-11,2021-08-10,0.0008145165389907359,0.0028540868464290684,-0.0028540868464290684,1,0,1.0,88fae8021f134c4169ad854abe5e64d5837adefe63ff8cf2e03cf3b6f384df97,PRIOR_NIGHT_USDJPY_TO_JNU_DAY_G1_V1
2021-08-12,2021-08-11,-0.0025314180410612687,-0.006406855871742736,-0.006406855871742736,1,0,1.0,88fae8021f134c4169ad854abe5e64d5837adefe63ff8cf2e03cf3b6f384df97,PRIOR_NIGHT_USDJPY_TO_JNU_DAY_G1_V1
2021-08-13,2021-08-12,-0.00018120866226990195,-0.0041009239963772275,-0.0041009239963772275,1,0,1.0,88fae8021f134c4169ad854abe5e64d5837adefe63ff8cf2e03cf3b6f384df97,PRIOR_NIGHT_USDJPY_TO_JNU_DAY_G1_V1
2021-08-16,2021-08-13,-0.004998874304176064,-0.011941520589408857,-0.011941520589408857,1,0,1.0,88fae8021f134c4169ad854abe5e64d5837adefe63ff8cf2e03cf3b6f384df97,PRIOR_NIGHT_USDJPY_TO_JNU_DAY_G1_V1
2021-08-17,2021-08-16,-0.0013719305211268712,-0.011441149046205608,-0.011441149046205608,1,0,1.0,88fae8021f134c4169ad854abe5e64d5837adefe63ff8cf2e03cf3b6f384df97,PRIOR_NIGHT_USDJPY_TO_JNU_DAY_G1_V1
2021-08-18,2021-08-17,0.0023752980289074833,0.006911631734015124,-0.006911631734015124,1,0,1.0,88fae8021f134c4169ad854abe5e64d5837adefe63ff8cf2e03cf3b6f384df97,PRIOR_NIGHT_USDJPY_TO_JNU_DAY_G1_V1
2021-08-19,2021-08-18,0.002824217246407214,-0.005129155776857291,0.005129155776857291,1,1,1.0,88fae8021f134c4169ad854abe5e64d5837adefe63ff8cf2e03cf3b6f384df97,PRIOR_NIGHT_USDJPY_TO_JNU_DAY_G1_V1
2021-08-20,2021-08-19,-0.0002733111664624249,-0.01015049778203614,-0.01015049778203614,1,0,1.0,88fae8021f134c4169ad854abe5e64d5837adefe63ff8cf2e03cf3b6f384df97,PRIOR_NIGHT_USDJPY_TO_JNU_DAY_G1_V1
2021-08-23,2021-08-20,0.0013674280812547657,0.009684863274109824,-0.009684863274109824,1,0,1.0,88fae8021f134c4169ad854abe5e64d5837adefe63ff8cf2e03cf3b6f384df97,PRIOR_NIGHT_USDJPY_TO_JNU_DAY_G1_V1
2021-08-24,2021-08-23,-0.0011834859590657695,0.0036101122240997934,0.0036101122240997934,1,1,1.0,88fae8021f134c4169ad854abe5e64d5837adefe63ff8cf2e03cf3b6f384df97,PRIOR_NIGHT_USDJPY_TO_JNU_DAY_G1_V1
2021-08-25,2021-08-24,-0.000820232445166102,-0.002161384126725701,-0.002161384126725701,1,0,1.0,88fae8021f134c4169ad854abe5e64d5837adefe63ff8cf2e03cf3b6f384df97,PRIOR_NIGHT_USDJPY_TO_JNU_DAY_G1_V1
2021-08-26,2021-08-25,0.002548003926540502,-0.002702460882644394,0.002702460882644394,1,1,1.0,88fae8021f134c4169ad854abe5e64d5837adefe63ff8cf2e03cf3b6f384df97,PRIOR_NIGHT_USDJPY_TO_JNU_DAY_G1_V1
2021-08-27,2021-08-26,-0.0007264142696617979,0.0005432322451380641,0.0005432322451380641,1,1,1.0,88fae8021f134c4169ad854abe5e64d5837adefe63ff8cf2e03cf3b6f384df97,PRIOR_NIGHT_USDJPY_TO_JNU_DAY_G1_V1
2021-08-30,2021-08-27,-0.002455104665784119,-0.004850454133749466,-0.004850454133749466,1,0,1.0,88fae8021f134c4169ad854abe5e64d5837adefe63ff8cf2e03cf3b6f384df97,PRIOR_NIGHT_USDJPY_TO_JNU_DAY_G1_V1
2021-08-31,2021-08-30,0.0009102494711869944,0.0173761649077473,-0.0173761649077473,1,0,1.0,88fae8021f134c4169ad854abe5e64d5837adefe63ff8cf2e03cf3b6f384df97,PRIOR_NIGHT_USDJPY_TO_JNU_DAY_G1_V1
2021-09-01,2021-08-31,0.002092146121744045,0.013432510204074958,-0.013432510204074958,1,0,1.0,88fae8021f134c4169ad854abe5e64d5837adefe63ff8cf2e03cf3b6f384df97,PRIOR_NIGHT_USDJPY_TO_JNU_DAY_G1_V1
2021-09-02,2021-09-01,-0.003357077961173661,-0.00017539244103546647,-0.00017539244103546647,1,0,1.0,88fae8021f134c4169ad854abe5e64d5837adefe63ff8cf2e03cf3b6f384df97,PRIOR_NIGHT_USDJPY_TO_JNU_DAY_G1_V1
2021-09-03,2021-09-02,0.0,0.016981867115427898,0.0,0,0,1.0,88fae8021f134c4169ad854abe5e64d5837adefe63ff8cf2e03cf3b6f384df97,PRIOR_NIGHT_USDJPY_TO_JNU_DAY_G1_V1
2021-09-06,2021-09-03,-0.0036416646217888138,0.004716989878138867,0.004716989878138867,1,1,1.0,88fae8021f134c4169ad854abe5e64d5837adefe63ff8cf2e03cf3b6f384df97,PRIOR_NIGHT_USDJPY_TO_JNU_DAY_G1_V1
2021-09-07,2021-09-03,-0.0036416646217888138,-0.0018353221135741717,-0.0018353221135741717,1,0,1.0,88fae8021f134c4169ad854abe5e64d5837adefe63ff8cf2e03cf3b6f384df97,PRIOR_NIGHT_USDJPY_TO_JNU_DAY_G1_V1
2021-09-08,2021-09-07,0.0024537659423978946,0.007659045099373774,-0.007659045099373774,1,0,1.0,88fae8021f134c4169ad854abe5e64d5837adefe63ff8cf2e03cf3b6f384df97,PRIOR_NIGHT_USDJPY_TO_JNU_DAY_G1_V1
2021-09-09,2021-09-08,0.000634719158090907,0.002670228555878892,-0.002670228555878892,1,0,1.0,88fae8021f134c4169ad854abe5e64d5837adefe63ff8cf2e03cf3b6f384df97,PRIOR_NIGHT_USDJPY_TO_JNU_DAY_G1_V1
2021-09-10,2021-09-09,-0.0018204993194697462,0.007655221275147859,0.007655221275147859,1,1,1.0,88fae8021f134c4169ad854abe5e64d5837adefe63ff8cf2e03cf3b6f384df97,PRIOR_NIGHT_USDJPY_TO_JNU_DAY_G1_V1
2021-09-13,2021-09-10,-0.00018191740999770929,0.006622540760493457,0.006622540760493457,1,1,1.0,88fae8021f134c4169ad854abe5e64d5837adefe63ff8cf2e03cf3b6f384df97,PRIOR_NIGHT_USDJPY_TO_JNU_DAY_G1_V1
2021-09-14,2021-09-13,-0.001363450649797576,0.0006576784189707569,0.0006576784189707569,1,1,1.0,88fae8021f134c4169ad854abe5e64d5837adefe63ff8cf2e03cf3b6f384df97,PRIOR_NIGHT_USDJPY_TO_JNU_DAY_G1_V1
2021-09-15,2021-09-14,-0.0031866007754420616,0.002641573271236267,0.002641573271236267,1,1,1.0,88fae8021f134c4169ad854abe5e64d5837adefe63ff8cf2e03cf3b6f384df97,PRIOR_NIGHT_USDJPY_TO_JNU_DAY_G1_V1
2021-09-16,2021-09-15,-0.00036556388635939957,-0.006100093105970591,-0.006100093105970591,1,0,1.0,88fae8021f134c4169ad854abe5e64d5837adefe63ff8cf2e03cf3b6f384df97,PRIOR_NIGHT_USDJPY_TO_JNU_DAY_G1_V1
2021-09-17,2021-09-16,0.002830664356423309,0.002969319238746729,-0.002969319238746729,1,0,1.0,88fae8021f134c4169ad854abe5e64d5837adefe63ff8cf2e03cf3b6f384df97,PRIOR_NIGHT_USDJPY_TO_JNU_DAY_G1_V1
2021-09-21,2021-09-17,-9.095456825590832e-05,0.0016866254630777647,0.0016866254630777647,1,1,1.0,88fae8021f134c4169ad854abe5e64d5837adefe63ff8cf2e03cf3b6f384df97,PRIOR_NIGHT_USDJPY_TO_JNU_DAY_G1_V1
2021-09-22,2021-09-21,-0.002831439988191632,-0.007095822981469105,-0.007095822981469105,1,0,1.0,88fae8021f134c4169ad854abe5e64d5837adefe63ff8cf2e03cf3b6f384df97,PRIOR_NIGHT_USDJPY_TO_JNU_DAY_G1_V1
2021-09-24,2021-09-22,0.0012783055064289324,-0.0006642311768627833,0.0006642311768627833,1,1,1.0,88fae8021f134c4169ad854abe5e64d5837adefe63ff8cf2e03cf3b6f384df97,PRIOR_NIGHT_USDJPY_TO_JNU_DAY_G1_V1
2021-09-27,2021-09-24,0.0022605009851757807,0.0009971747543924055,-0.0009971747543924055,1,0,1.0,88fae8021f134c4169ad854abe5e64d5837adefe63ff8cf2e03cf3b6f384df97,PRIOR_NIGHT_USDJPY_TO_JNU_DAY_G1_V1
2021-09-28,2021-09-27,0.001713641907514436,-0.0036660597633700618,0.0036660597633700618,1,1,1.0,88fae8021f134c4169ad854abe5e64d5837adefe63ff8cf2e03cf3b6f384df97,PRIOR_NIGHT_USDJPY_TO_JNU_DAY_G1_V1
2021-09-29,2021-09-28,0.000718842694266226,0.0013550137574595796,-0.0013550137574595796,1,0,1.0,88fae8021f134c4169ad854abe5e64d5837adefe63ff8cf2e03cf3b6f384df97,PRIOR_NIGHT_USDJPY_TO_JNU_DAY_G1_V1
2021-09-30,2021-09-29,0.004750602758597799,-0.001686056713705814,0.001686056713705814,1,1,1.0,88fae8021f134c4169ad854abe5e64d5837adefe63ff8cf2e03cf3b6f384df97,PRIOR_NIGHT_USDJPY_TO_JNU_DAY_G1_V1
2021-10-01,2021-09-30,-0.0034022774335855143,-0.015472201377076293,-0.015472201377076293,1,0,1.0,88fae8021f134c4169ad854abe5e64d5837adefe63ff8cf2e03cf3b6f384df97,PRIOR_NIGHT_USDJPY_TO_JNU_DAY_G1_V1
2021-10-04,2021-10-01,-0.0026997856571367752,-0.027484770593297736,-0.027484770593297736,1,0,1.0,88fae8021f134c4169ad854abe5e64d5837adefe63ff8cf2e03cf3b6f384df97,PRIOR_NIGHT_USDJPY_TO_JNU_DAY_G1_V1
2021-10-05,2021-10-04,-0.002071046618435222,-0.006283119135245197,-0.006283119135245197,1,0,1.0,88fae8021f134c4169ad854abe5e64d5837adefe63ff8cf2e03cf3b6f384df97,PRIOR_NIGHT_USDJPY_TO_JNU_DAY_G1_V1
2021-10-06,2021-10-05,0.0026068602115142166,-0.023780619823102127,0.023780619823102127,1,1,1.0,88fae8021f134c4169ad854abe5e64d5837adefe63ff8cf2e03cf3b6f384df97,PRIOR_NIGHT_USDJPY_TO_JNU_DAY_G1_V1
2021-10-07,2021-10-06,-0.0031388752734464705,0.005230420437088953,0.005230420437088953,1,1,1.0,88fae8021f134c4169ad854abe5e64d5837adefe63ff8cf2e03cf3b6f384df97,PRIOR_NIGHT_USDJPY_TO_JNU_DAY_G1_V1
2021-10-08,2021-10-07,0.001795332618674334,0.0017825316662833468,-0.0017825316662833468,1,0,1.0,88fae8021f134c4169ad854abe5e64d5837adefe63ff8cf2e03cf3b6f384df97,PRIOR_NIGHT_USDJPY_TO_JNU_DAY_G1_V1
2021-10-11,2021-10-08,0.0016955963189646194,0.01396893017563549,-0.01396893017563549,1,0,1.0,88fae8021f134c4169ad854abe5e64d5837adefe63ff8cf2e03cf3b6f384df97,PRIOR_NIGHT_USDJPY_TO_JNU_DAY_G1_V1
2021-10-12,2021-10-08,0.0016955963189646194,-0.008141637893288204,0.008141637893288204,1,1,1.0,88fae8021f134c4169ad854abe5e64d5837adefe63ff8cf2e03cf3b6f384df97,PRIOR_NIGHT_USDJPY_TO_JNU_DAY_G1_V1
2021-10-13,2021-10-12,0.0034362781070545936,0.001066477171824784,-0.001066477171824784,1,0,1.0,88fae8021f134c4169ad854abe5e64d5837adefe63ff8cf2e03cf3b6f384df97,PRIOR_NIGHT_USDJPY_TO_JNU_DAY_G1_V1
2021-10-14,2021-10-13,-0.000792707136238886,0.007034851382983522,0.007034851382983522,1,1,1.0,88fae8021f134c4169ad854abe5e64d5837adefe63ff8cf2e03cf3b6f384df97,PRIOR_NIGHT_USDJPY_TO_JNU_DAY_G1_V1
2021-10-15,2021-10-14,0.0018504653471727703,0.010878118147183069,-0.010878118147183069,1,0,1.0,88fae8021f134c4169ad854abe5e64d5837adefe63ff8cf2e03cf3b6f384df97,PRIOR_NIGHT_USDJPY_TO_JNU_DAY_G1_V1
2021-10-18,2021-10-15,0.0018387991696570834,-0.006194101015242373,0.006194101015242373,1,1,1.0,88fae8021f134c4169ad854abe5e64d5837adefe63ff8cf2e03cf3b6f384df97,PRIOR_NIGHT_USDJPY_TO_JNU_DAY_G1_V1
2021-10-19,2021-10-18,-0.0007001575640481316,0.006514681021193672,0.006514681021193672,1,1,1.0,88fae8021f134c4169ad854abe5e64d5837adefe63ff8cf2e03cf3b6f384df97,PRIOR_NIGHT_USDJPY_TO_JNU_DAY_G1_V1
2021-10-20,2021-10-19,0.0021901975551864923,-0.0035778213478839666,0.0035778213478839666,1,1,1.0,88fae8021f134c4169ad854abe5e64d5837adefe63ff8cf2e03cf3b6f384df97,PRIOR_NIGHT_USDJPY_TO_JNU_DAY_G1_V1
2021-10-21,2021-10-20,-0.0009624218775158684,-0.017088531826376867,-0.017088531826376867,1,0,1.0,88fae8021f134c4169ad854abe5e64d5837adefe63ff8cf2e03cf3b6f384df97,PRIOR_NIGHT_USDJPY_TO_JNU_DAY_G1_V1
2021-10-22,2021-10-21,-0.0032474685142394677,0.012203777679384452,0.012203777679384452,1,1,1.0,88fae8021f134c4169ad854abe5e64d5837adefe63ff8cf2e03cf3b6f384df97,PRIOR_NIGHT_USDJPY_TO_JNU_DAY_G1_V1
2021-10-25,2021-10-22,-0.0030778725436795508,0.0038576235809754254,0.0038576235809754254,1,1,1.0,88fae8021f134c4169ad854abe5e64d5837adefe63ff8cf2e03cf3b6f384df97,PRIOR_NIGHT_USDJPY_TO_JNU_DAY_G1_V1
2021-10-26,2021-10-25,0.0005278437705031224,0.010005258554595014,-0.010005258554595014,1,0,1.0,88fae8021f134c4169ad854abe5e64d5837adefe63ff8cf2e03cf3b6f384df97,PRIOR_NIGHT_USDJPY_TO_JNU_DAY_G1_V1
2021-10-27,2021-10-26,0.0012267789831596292,0.0012065846503911484,-0.0012065846503911484,1,0,1.0,88fae8021f134c4169ad854abe5e64d5837adefe63ff8cf2e03cf3b6f384df97,PRIOR_NIGHT_USDJPY_TO_JNU_DAY_G1_V1
2021-10-28,2021-10-27,8.791595240625826e-05,0.0003478865924805019,-0.0003478865924805019,1,0,1.0,88fae8021f134c4169ad854abe5e64d5837adefe63ff8cf2e03cf3b6f384df97,PRIOR_NIGHT_USDJPY_TO_JNU_DAY_G1_V1
2021-10-29,2021-10-28,-0.00202652168565558,0.000520969014127415,0.000520969014127415,1,1,1.0,88fae8021f134c4169ad854abe5e64d5837adefe63ff8cf2e03cf3b6f384df97,PRIOR_NIGHT_USDJPY_TO_JNU_DAY_G1_V1
2021-11-01,2021-10-29,0.003690041087453963,0.007113851138875921,-0.007113851138875921,1,0,1.0,88fae8021f134c4169ad854abe5e64d5837adefe63ff8cf2e03cf3b6f384df97,PRIOR_NIGHT_USDJPY_TO_JNU_DAY_G1_V1
2021-11-02,2021-11-01,-0.0020995546160667714,-0.00016950589073559888,-0.00016950589073559888,1,0,1.0,88fae8021f134c4169ad854abe5e64d5837adefe63ff8cf2e03cf3b6f384df97,PRIOR_NIGHT_USDJPY_TO_JNU_DAY_G1_V1
2021-11-04,2021-11-02,0.0010552234535260122,-0.0008378718546313053,0.0008378718546313053,1,1,1.0,88fae8021f134c4169ad854abe5e64d5837adefe63ff8cf2e03cf3b6f384df97,PRIOR_NIGHT_USDJPY_TO_JNU_DAY_G1_V1
2021-11-05,2021-11-04,-0.005178857306799209,-0.005725849257624369,-0.005725849257624369,1,0,1.0,88fae8021f134c4169ad854abe5e64d5837adefe63ff8cf2e03cf3b6f384df97,PRIOR_NIGHT_USDJPY_TO_JNU_DAY_G1_V1
2021-11-08,2021-11-05,-0.0028166553257743133,-0.010111309604320566,-0.010111309604320566,1,0,1.0,88fae8021f134c4169ad854abe5e64d5837adefe63ff8cf2e03cf3b6f384df97,PRIOR_NIGHT_USDJPY_TO_JNU_DAY_G1_V1
2021-11-09,2021-11-08,-0.0037050148240084166,-0.013211574279084782,-0.013211574279084782,1,0,1.0,88fae8021f134c4169ad854abe5e64d5837adefe63ff8cf2e03cf3b6f384df97,PRIOR_NIGHT_USDJPY_TO_JNU_DAY_G1_V1
2021-11-10,2021-11-09,0.0001772107039904318,-0.0056540885657373795,0.0056540885657373795,1,1,1.0,88fae8021f134c4169ad854abe5e64d5837adefe63ff8cf2e03cf3b6f384df97,PRIOR_NIGHT_USDJPY_TO_JNU_DAY_G1_V1
2021-11-11,2021-11-10,0.006960687164184925,0.007886205795190565,-0.007886205795190565,1,0,1.0,88fae8021f134c4169ad854abe5e64d5837adefe63ff8cf2e03cf3b6f384df97,PRIOR_NIGHT_USDJPY_TO_JNU_DAY_G1_V1
2021-11-12,2021-11-10,0.006960687164184925,0.005926695868253108,-0.005926695868253108,1,0,1.0,88fae8021f134c4169ad854abe5e64d5837adefe63ff8cf2e03cf3b6f384df97,PRIOR_NIGHT_USDJPY_TO_JNU_DAY_G1_V1
2021-11-15,2021-11-12,-0.0013160782772605449,-0.0010073875935887732,-0.0010073875935887732,1,0,1.0,88fae8021f134c4169ad854abe5e64d5837adefe63ff8cf2e03cf3b6f384df97,PRIOR_NIGHT_USDJPY_TO_JNU_DAY_G1_V1
2021-11-16,2021-11-15,8.775393801422334e-05,0.0026899814472089354,-0.0026899814472089354,1,0,1.0,88fae8021f134c4169ad854abe5e64d5837adefe63ff8cf2e03cf3b6f384df97,PRIOR_NIGHT_USDJPY_TO_JNU_DAY_G1_V1
2021-11-17,2021-11-16,0.0030582399649690894,-0.00671594196543683,0.00671594196543683,1,1,1.0,88fae8021f134c4169ad854abe5e64d5837adefe63ff8cf2e03cf3b6f384df97,PRIOR_NIGHT_USDJPY_TO_JNU_DAY_G1_V1
2021-11-18,2021-11-17,-0.004886145311394888,0.00033812341826782295,0.00033812341826782295,1,1,1.0,88fae8021f134c4169ad854abe5e64d5837adefe63ff8cf2e03cf3b6f384df97,PRIOR_NIGHT_USDJPY_TO_JNU_DAY_G1_V1
2021-11-19,2021-11-18,0.0017525416332811318,0.005223703848950361,-0.005223703848950361,1,0,1.0,88fae8021f134c4169ad854abe5e64d5837adefe63ff8cf2e03cf3b6f384df97,PRIOR_NIGHT_USDJPY_TO_JNU_DAY_G1_V1
2021-11-22,2021-11-19,-0.004908415499326953,0.0050496656703891436,0.0050496656703891436,1,1,1.0,88fae8021f134c4169ad854abe5e64d5837adefe63ff8cf2e03cf3b6f384df97,PRIOR_NIGHT_USDJPY_TO_JNU_DAY_G1_V1
2021-11-24,2021-11-22,0.004106423139714176,-0.011866557284279673,0.011866557284279673,1,1,1.0,88fae8021f134c4169ad854abe5e64d5837adefe63ff8cf2e03cf3b6f384df97,PRIOR_NIGHT_USDJPY_TO_JNU_DAY_G1_V1
2021-11-25,2021-11-24,0.003822103332556601,0.002541728048034523,-0.002541728048034523,1,0,1.0,88fae8021f134c4169ad854abe5e64d5837adefe63ff8cf2e03cf3b6f384df97,PRIOR_NIGHT_USDJPY_TO_JNU_DAY_G1_V1
2021-11-26,2021-11-24,0.003822103332556601,-0.02408511400015949,0.02408511400015949,1,1,1.0,88fae8021f134c4169ad854abe5e64d5837adefe63ff8cf2e03cf3b6f384df97,PRIOR_NIGHT_USDJPY_TO_JNU_DAY_G1_V1
2021-11-29,2021-11-26,-0.006238213789814706,-0.0021208915691376244,-0.0021208915691376244,1,0,1.0,88fae8021f134c4169ad854abe5e64d5837adefe63ff8cf2e03cf3b6f384df97,PRIOR_NIGHT_USDJPY_TO_JNU_DAY_G1_V1
2021-11-30,2021-11-29,0.0015836709275050243,-0.03813039867129101,0.03813039867129101,1,1,1.0,88fae8021f134c4169ad854abe5e64d5837adefe63ff8cf2e03cf3b6f384df97,PRIOR_NIGHT_USDJPY_TO_JNU_DAY_G1_V1
2021-12-01,2021-11-30,0.00026500596418505484,0.008236393920515828,-0.008236393920515828,1,0,1.0,88fae8021f134c4169ad854abe5e64d5837adefe63ff8cf2e03cf3b6f384df97,PRIOR_NIGHT_USDJPY_TO_JNU_DAY_G1_V1
2021-12-02,2021-12-01,-0.005304114274051944,0.003616640470188515,0.003616640470188515,1,1,1.0,88fae8021f134c4169ad854abe5e64d5837adefe63ff8cf2e03cf3b6f384df97,PRIOR_NIGHT_USDJPY_TO_JNU_DAY_G1_V1
2021-12-03,2021-12-02,-0.0015019660905474619,0.005724523682840028,0.005724523682840028,1,1,1.0,88fae8021f134c4169ad854abe5e64d5837adefe63ff8cf2e03cf3b6f384df97,PRIOR_NIGHT_USDJPY_TO_JNU_DAY_G1_V1
2021-12-06,2021-12-03,-0.0044197013515991194,-0.001254143315866855,-0.001254143315866855,1,0,1.0,88fae8021f134c4169ad854abe5e64d5837adefe63ff8cf2e03cf3b6f384df97,PRIOR_NIGHT_USDJPY_TO_JNU_DAY_G1_V1
2021-12-07,2021-12-06,0.0014130533129287151,0.01360084553043989,-0.01360084553043989,1,0,1.0,88fae8021f134c4169ad854abe5e64d5837adefe63ff8cf2e03cf3b6f384df97,PRIOR_NIGHT_USDJPY_TO_JNU_DAY_G1_V1
2021-12-08,2021-12-07,-0.0002640264041740128,0.0036392033925391736,0.0036392033925391736,1,1,1.0,88fae8021f134c4169ad854abe5e64d5837adefe63ff8cf2e03cf3b6f384df97,PRIOR_NIGHT_USDJPY_TO_JNU_DAY_G1_V1
2021-12-09,2021-12-08,0.0036965365098861665,-0.0034686125654037445,0.0034686125654037445,1,1,1.0,88fae8021f134c4169ad854abe5e64d5837adefe63ff8cf2e03cf3b6f384df97,PRIOR_NIGHT_USDJPY_TO_JNU_DAY_G1_V1
2021-12-10,2021-12-09,0.00035239186339470775,-0.006322465739487014,0.006322465739487014,1,1,1.0,88fae8021f134c4169ad854abe5e64d5837adefe63ff8cf2e03cf3b6f384df97,PRIOR_NIGHT_USDJPY_TO_JNU_DAY_G1_V1
2021-12-13,2021-12-10,-0.0020268788609053186,0.0012230280200136176,0.0012230280200136176,1,1,1.0,88fae8021f134c4169ad854abe5e64d5837adefe63ff8cf2e03cf3b6f384df97,PRIOR_NIGHT_USDJPY_TO_JNU_DAY_G1_V1
2021-12-14,2021-12-13,-0.0011455259656855063,-0.0047497670438256465,-0.0047497670438256465,1,0,1.0,88fae8021f134c4169ad854abe5e64d5837adefe63ff8cf2e03cf3b6f384df97,PRIOR_NIGHT_USDJPY_TO_JNU_DAY_G1_V1
2021-12-15,2021-12-14,-0.0007917308528813565,0.007230434462637188,0.007230434462637188,1,1,1.0,88fae8021f134c4169ad854abe5e64d5837adefe63ff8cf2e03cf3b6f384df97,PRIOR_NIGHT_USDJPY_TO_JNU_DAY_G1_V1
2021-12-16,2021-12-15,0.000790965458471691,0.0058772857165644305,-0.0058772857165644305,1,0,1.0,88fae8021f134c4169ad854abe5e64d5837adefe63ff8cf2e03cf3b6f384df97,PRIOR_NIGHT_USDJPY_TO_JNU_DAY_G1_V1
2021-12-17,2021-12-16,-0.0039510126466800995,-0.007506363254688089,-0.007506363254688089,1,0,1.0,88fae8021f134c4169ad854abe5e64d5837adefe63ff8cf2e03cf3b6f384df97,PRIOR_NIGHT_USDJPY_TO_JNU_DAY_G1_V1
2021-12-20,2021-12-17,-0.000880204264204979,-0.014235115821871985,-0.014235115821871985,1,0,1.0,88fae8021f134c4169ad854abe5e64d5837adefe63ff8cf2e03cf3b6f384df97,PRIOR_NIGHT_USDJPY_TO_JNU_DAY_G1_V1
2021-12-21,2021-12-20,-8.81406725702932e-05,0.0073957019611289926,0.0073957019611289926,1,1,1.0,88fae8021f134c4169ad854abe5e64d5837adefe63ff8cf2e03cf3b6f384df97,PRIOR_NIGHT_USDJPY_TO_JNU_DAY_G1_V1
2021-12-22,2021-12-21,0.00395135957761291,-0.0043802084925610735,0.0043802084925610735,1,1,1.0,88fae8021f134c4169ad854abe5e64d5837adefe63ff8cf2e03cf3b6f384df97,PRIOR_NIGHT_USDJPY_TO_JNU_DAY_G1_V1
2021-12-23,2021-12-22,0.0006130402609123627,0.0010447502256227285,-0.0010447502256227285,1,0,1.0,88fae8021f134c4169ad854abe5e64d5837adefe63ff8cf2e03cf3b6f384df97,PRIOR_NIGHT_USDJPY_TO_JNU_DAY_G1_V1
2021-12-24,2021-12-23,0.0013993355440662736,-0.0027797099204972067,0.0027797099204972067,1,1,1.0,88fae8021f134c4169ad854abe5e64d5837adefe63ff8cf2e03cf3b6f384df97,PRIOR_NIGHT_USDJPY_TO_JNU_DAY_G1_V1
2021-12-27,2021-12-23,0.0013993355440662736,-0.0033109727903377884,0.0033109727903377884,1,1,1.0,88fae8021f134c4169ad854abe5e64d5837adefe63ff8cf2e03cf3b6f384df97,PRIOR_NIGHT_USDJPY_TO_JNU_DAY_G1_V1
2021-12-28,2021-12-27,0.0033141492047222723,0.0012088767554569863,-0.0012088767554569863,1,0,1.0,88fae8021f134c4169ad854abe5e64d5837adefe63ff8cf2e03cf3b6f384df97,PRIOR_NIGHT_USDJPY_TO_JNU_DAY_G1_V1
2021-12-29,2021-12-28,-0.000871080194452673,-0.003461408786589487,-0.003461408786589487,1,0,1.0,88fae8021f134c4169ad854abe5e64d5837adefe63ff8cf2e03cf3b6f384df97,PRIOR_NIGHT_USDJPY_TO_JNU_DAY_G1_V1
2021-12-30,2021-12-29,0.0006960759003753626,0.0017352077926639166,-0.0017352077926639166,1,0,1.0,88fae8021f134c4169ad854abe5e64d5837adefe63ff8cf2e03cf3b6f384df97,PRIOR_NIGHT_USDJPY_TO_JNU_DAY_G1_V1
2022-01-04,2021-12-30,0.0004342351017036072,0.007888910747199124,-0.007888910747199124,1,0,1.0,cec6b4217abffaf0aaf1af9fe03b250f7865bc5751088936be3ba698d5f3d62b,PRIOR_NIGHT_USDJPY_TO_JNU_DAY_G1_V1
2022-01-05,2022-01-04,0.003277843010736529,0.0025630086648895482,-0.0025630086648895482,1,0,1.0,cec6b4217abffaf0aaf1af9fe03b250f7865bc5751088936be3ba698d5f3d62b,PRIOR_NIGHT_USDJPY_TO_JNU_DAY_G1_V1
2022-01-06,2022-01-05,-0.001120931352549668,-0.018081160181436975,-0.018081160181436975,1,0,1.0,cec6b4217abffaf0aaf1af9fe03b250f7865bc5751088936be3ba698d5f3d62b,PRIOR_NIGHT_USDJPY_TO_JNU_DAY_G1_V1
2022-01-07,2022-01-06,-0.000863334250291054,-0.011202637725729218,-0.011202637725729218,1,0,1.0,cec6b4217abffaf0aaf1af9fe03b250f7865bc5751088936be3ba698d5f3d62b,PRIOR_NIGHT_USDJPY_TO_JNU_DAY_G1_V1
2022-01-11,2022-01-07,-0.0025052926584757857,-0.005670757709244823,-0.005670757709244823,1,0,1.0,cec6b4217abffaf0aaf1af9fe03b250f7865bc5751088936be3ba698d5f3d62b,PRIOR_NIGHT_USDJPY_TO_JNU_DAY_G1_V1
2022-01-12,2022-01-11,0.0010405828202228883,0.009795425532208765,-0.009795425532208765,1,0,1.0,cec6b4217abffaf0aaf1af9fe03b250f7865bc5751088936be3ba698d5f3d62b,PRIOR_NIGHT_USDJPY_TO_JNU_DAY_G1_V1
2022-01-13,2022-01-12,-0.005735654900274314,-0.0028001418366102333,-0.0028001418366102333,1,0,1.0,cec6b4217abffaf0aaf1af9fe03b250f7865bc5751088936be3ba698d5f3d62b,PRIOR_NIGHT_USDJPY_TO_JNU_DAY_G1_V1
2022-01-14,2022-01-13,-0.003063861984459712,-0.00762347455964668,-0.00762347455964668,1,0,1.0,cec6b4217abffaf0aaf1af9fe03b250f7865bc5751088936be3ba698d5f3d62b,PRIOR_NIGHT_USDJPY_TO_JNU_DAY_G1_V1
2022-01-17,2022-01-14,0.0007905485940291447,-0.0001765069283551846,0.0001765069283551846,1,1,1.0,cec6b4217abffaf0aaf1af9fe03b250f7865bc5751088936be3ba698d5f3d62b,PRIOR_NIGHT_USDJPY_TO_JNU_DAY_G1_V1
2022-01-18,2022-01-14,0.0007905485940291447,-0.004587973461661432,0.004587973461661432,1,1,1.0,cec6b4217abffaf0aaf1af9fe03b250f7865bc5751088936be3ba698d5f3d62b,PRIOR_NIGHT_USDJPY_TO_JNU_DAY_G1_V1
2022-01-19,2022-01-18,-0.002353249876673774,-0.012658396871923465,-0.012658396871923465,1,0,1.0,cec6b4217abffaf0aaf1af9fe03b250f7865bc5751088936be3ba698d5f3d62b,PRIOR_NIGHT_USDJPY_TO_JNU_DAY_G1_V1
2022-01-20,2022-01-19,-0.0013117049670511092,0.009053112709531238,0.009053112709531238,1,1,1.0,cec6b4217abffaf0aaf1af9fe03b250f7865bc5751088936be3ba698d5f3d62b,PRIOR_NIGHT_USDJPY_TO_JNU_DAY_G1_V1
2022-01-21,2022-01-20,-0.002801122279711779,0.006198743640679631,0.006198743640679631,1,1,1.0,cec6b4217abffaf0aaf1af9fe03b250f7865bc5751088936be3ba698d5f3d62b,PRIOR_NIGHT_USDJPY_TO_JNU_DAY_G1_V1
2022-01-24,2022-01-21,-0.0013181600397146733,0.009848702623662244,0.009848702623662244,1,1,1.0,cec6b4217abffaf0aaf1af9fe03b250f7865bc5751088936be3ba698d5f3d62b,PRIOR_NIGHT_USDJPY_TO_JNU_DAY_G1_V1
2022-01-25,2022-01-24,0.0005272871200469462,-0.008823586658515015,0.008823586658515015,1,1,1.0,cec6b4217abffaf0aaf1af9fe03b250f7865bc5751088936be3ba698d5f3d62b,PRIOR_NIGHT_USDJPY_TO_JNU_DAY_G1_V1
2022-01-26,2022-01-25,-8.780787642302295e-05,-0.006089141426968536,-0.006089141426968536,1,0,1.0,cec6b4217abffaf0aaf1af9fe03b250f7865bc5751088936be3ba698d5f3d62b,PRIOR_NIGHT_USDJPY_TO_JNU_DAY_G1_V1
2022-01-27,2022-01-26,0.003066009147024985,-0.031730813759383636,0.031730813759383636,1,1,1.0,cec6b4217abffaf0aaf1af9fe03b250f7865bc5751088936be3ba698d5f3d62b,PRIOR_NIGHT_USDJPY_TO_JNU_DAY_G1_V1
2022-01-28,2022-01-27,0.005993503283548009,0.005259215728484896,-0.005259215728484896,1,0,1.0,cec6b4217abffaf0aaf1af9fe03b250f7865bc5751088936be3ba698d5f3d62b,PRIOR_NIGHT_USDJPY_TO_JNU_DAY_G1_V1
2022-01-31,2022-01-28,-0.0038118386274860845,0.015654438207797775,0.015654438207797775,1,1,1.0,cec6b4217abffaf0aaf1af9fe03b250f7865bc5751088936be3ba698d5f3d62b,PRIOR_NIGHT_USDJPY_TO_JNU_DAY_G1_V1
2022-02-01,2022-01-31,-0.0018209413225838858,-0.008280477895553308,-0.008280477895553308,1,0,1.0,cec6b4217abffaf0aaf1af9fe03b250f7865bc5751088936be3ba698d5f3d62b,PRIOR_NIGHT_USDJPY_TO_JNU_DAY_G1_V1
2022-02-02,2022-02-01,-0.0014801273870184693,0.008207980417829582,0.008207980417829582,1,1,1.0,cec6b4217abffaf0aaf1af9fe03b250f7865bc5751088936be3ba698d5f3d62b,PRIOR_NIGHT_USDJPY_TO_JNU_DAY_G1_V1
2022-02-03,2022-02-02,-0.0023581826728071545,-0.0023872933934624644,-0.0023872933934624644,1,0,1.0,cec6b4217abffaf0aaf1af9fe03b250f7865bc5751088936be3ba698d5f3d62b,PRIOR_NIGHT_USDJPY_TO_JNU_DAY_G1_V1
2022-02-04,2022-02-03,0.0025275648615570366,0.011382535230912625,-0.011382535230912625,1,0,1.0,cec6b4217abffaf0aaf1af9fe03b250f7865bc5751088936be3ba698d5f3d62b,PRIOR_NIGHT_USDJPY_TO_JNU_DAY_G1_V1
2022-02-07,2022-02-04,0.000955151377266439,-0.0020185344958144774,0.0020185344958144774,1,1,1.0,cec6b4217abffaf0aaf1af9fe03b250f7865bc5751088936be3ba698d5f3d62b,PRIOR_NIGHT_USDJPY_TO_JNU_DAY_G1_V1
2022-02-08,2022-02-07,-0.0014760150281205415,0.002017793952527097,0.002017793952527097,1,1,1.0,cec6b4217abffaf0aaf1af9fe03b250f7865bc5751088936be3ba698d5f3d62b,PRIOR_NIGHT_USDJPY_TO_JNU_DAY_G1_V1
2022-02-09,2022-02-08,0.0011250055273340812,0.005089069507471228,-0.005089069507471228,1,0,1.0,cec6b4217abffaf0aaf1af9fe03b250f7865bc5751088936be3ba698d5f3d62b,PRIOR_NIGHT_USDJPY_TO_JNU_DAY_G1_V1
2022-02-10,2022-02-09,0.0002599090333021026,-0.004145270421660878,0.004145270421660878,1,1,1.0,cec6b4217abffaf0aaf1af9fe03b250f7865bc5751088936be3ba698d5f3d62b,PRIOR_NIGHT_USDJPY_TO_JNU_DAY_G1_V1
2022-02-14,2022-02-10,0.002073972399129172,0.0012942592173700127,-0.0012942592173700127,1,0,1.0,cec6b4217abffaf0aaf1af9fe03b250f7865bc5751088936be3ba698d5f3d62b,PRIOR_NIGHT_USDJPY_TO_JNU_DAY_G1_V1
2022-02-15,2022-02-14,0.002682474675620845,-0.008163310639160981,0.008163310639160981,1,1,1.0,cec6b4217abffaf0aaf1af9fe03b250f7865bc5751088936be3ba698d5f3d62b,PRIOR_NIGHT_USDJPY_TO_JNU_DAY_G1_V1
2022-02-16,2022-02-15,0.002510932528382678,0.0010946908591815748,-0.0010946908591815748,1,0,1.0,cec6b4217abffaf0aaf1af9fe03b250f7865bc5751088936be3ba698d5f3d62b,PRIOR_NIGHT_USDJPY_TO_JNU_DAY_G1_V1
2022-02-17,2022-02-16,-0.002077383245134846,-0.010061367232258435,-0.010061367232258435,1,0,1.0,cec6b4217abffaf0aaf1af9fe03b250f7865bc5751088936be3ba698d5f3d62b,PRIOR_NIGHT_USDJPY_TO_JNU_DAY_G1_V1
2022-02-18,2022-02-17,-0.002344463367094338,0.00777781698709557,0.00777781698709557,1,1,1.0,cec6b4217abffaf0aaf1af9fe03b250f7865bc5751088936be3ba698d5f3d62b,PRIOR_NIGHT_USDJPY_TO_JNU_DAY_G1_V1
2022-02-21,2022-02-18,-0.0003475238957652886,0.008017195920582657,0.008017195920582657,1,1,1.0,cec6b4217abffaf0aaf1af9fe03b250f7865bc5751088936be3ba698d5f3d62b,PRIOR_NIGHT_USDJPY_TO_JNU_DAY_G1_V1
2022-02-22,2022-02-18,-0.0003475238957652886,0.0009475979103843344,0.0009475979103843344,1,1,1.0,cec6b4217abffaf0aaf1af9fe03b250f7865bc5751088936be3ba698d5f3d62b,PRIOR_NIGHT_USDJPY_TO_JNU_DAY_G1_V1
2022-02-24,2022-02-22,0.0017415539058704102,-0.0124344021984278,0.0124344021984278,1,1,1.0,cec6b4217abffaf0aaf1af9fe03b250f7865bc5751088936be3ba698d5f3d62b,PRIOR_NIGHT_USDJPY_TO_JNU_DAY_G1_V1
2022-02-25,2022-02-24,0.007215226676912929,0.012927936706488825,-0.012927936706488825,1,0,1.0,cec6b4217abffaf0aaf1af9fe03b250f7865bc5751088936be3ba698d5f3d62b,PRIOR_NIGHT_USDJPY_TO_JNU_DAY_G1_V1
2022-02-28,2022-02-25,0.0029449999630633676,0.002074885211050888,-0.002074885211050888,1,0,1.0,cec6b4217abffaf0aaf1af9fe03b250f7865bc5751088936be3ba698d5f3d62b,PRIOR_NIGHT_USDJPY_TO_JNU_DAY_G1_V1
2022-03-01,2022-02-28,-0.0033823370348775163,0.006899794272938027,0.006899794272938027,1,1,1.0,cec6b4217abffaf0aaf1af9fe03b250f7865bc5751088936be3ba698d5f3d62b,PRIOR_NIGHT_USDJPY_TO_JNU_DAY_G1_V1
2022-03-02,2022-03-01,-0.0014788398154237563,-0.002651516704980445,-0.002651516704980445,1,0,1.0,cec6b4217abffaf0aaf1af9fe03b250f7865bc5751088936be3ba698d5f3d62b,PRIOR_NIGHT_USDJPY_TO_JNU_DAY_G1_V1
2022-03-03,2022-03-02,0.003726981562200956,-0.0009388790474676751,0.0009388790474676751,1,1,1.0,cec6b4217abffaf0aaf1af9fe03b250f7865bc5751088936be3ba698d5f3d62b,PRIOR_NIGHT_USDJPY_TO_JNU_DAY_G1_V1
2022-03-04,2022-03-03,-0.000518582552676193,-0.012005861217127316,-0.012005861217127316,1,0,1.0,cec6b4217abffaf0aaf1af9fe03b250f7865bc5751088936be3ba698d5f3d62b,PRIOR_NIGHT_USDJPY_TO_JNU_DAY_G1_V1
2022-03-07,2022-03-04,-0.007040140328873924,-0.012207278976700998,-0.012207278976700998,1,0,1.0,cec6b4217abffaf0aaf1af9fe03b250f7865bc5751088936be3ba698d5f3d62b,PRIOR_NIGHT_USDJPY_TO_JNU_DAY_G1_V1
2022-03-08,2022-03-07,0.0033849791467053295,-0.0026196488532875413,0.0026196488532875413,1,1,1.0,cec6b4217abffaf0aaf1af9fe03b250f7865bc5751088936be3ba698d5f3d62b,PRIOR_NIGHT_USDJPY_TO_JNU_DAY_G1_V1
2022-03-09,2022-03-08,0.001644381347640916,-0.005041858013311124,0.005041858013311124,1,1,1.0,cec6b4217abffaf0aaf1af9fe03b250f7865bc5751088936be3ba698d5f3d62b,PRIOR_NIGHT_USDJPY_TO_JNU_DAY_G1_V1
2022-03-10,2022-03-09,-0.00017259233732864175,0.010166265466671971,0.010166265466671971,1,1,1.0,cec6b4217abffaf0aaf1af9fe03b250f7865bc5751088936be3ba698d5f3d62b,PRIOR_NIGHT_USDJPY_TO_JNU_DAY_G1_V1
2022-03-11,2022-03-10,0.001034572038136011,-0.0035828063803241285,0.0035828063803241285,1,1,1.0,cec6b4217abffaf0aaf1af9fe03b250f7865bc5751088936be3ba698d5f3d62b,PRIOR_NIGHT_USDJPY_TO_JNU_DAY_G1_V1
2022-03-14,2022-03-11,0.0030795576091548252,-0.000997904483568991,0.000997904483568991,1,1,1.0,cec6b4217abffaf0aaf1af9fe03b250f7865bc5751088936be3ba698d5f3d62b,PRIOR_NIGHT_USDJPY_TO_JNU_DAY_G1_V1
2022-03-15,2022-03-14,0.0022907573755593827,0.0015948966698159737,-0.0015948966698159737,1,0,1.0,cec6b4217abffaf0aaf1af9fe03b250f7865bc5751088936be3ba698d5f3d62b,PRIOR_NIGHT_USDJPY_TO_JNU_DAY_G1_V1
2022-03-16,2022-03-15,0.0017783804492199572,0.0050990500753057486,-0.0050990500753057486,1,0,1.0,cec6b4217abffaf0aaf1af9fe03b250f7865bc5751088936be3ba698d5f3d62b,PRIOR_NIGHT_USDJPY_TO_JNU_DAY_G1_V1
2022-03-17,2022-03-16,0.0008443806969645068,0.011992149045263752,-0.011992149045263752,1,0,1.0,cec6b4217abffaf0aaf1af9fe03b250f7865bc5751088936be3ba698d5f3d62b,PRIOR_NIGHT_USDJPY_TO_JNU_DAY_G1_V1
2022-03-18,2022-03-17,-0.0018556010722532777,0.011506304443392365,0.011506304443392365,1,1,1.0,cec6b4217abffaf0aaf1af9fe03b250f7865bc5751088936be3ba698d5f3d62b,PRIOR_NIGHT_USDJPY_TO_JNU_DAY_G1_V1
2022-03-22,2022-03-18,0.002604715164200227,0.001480385170434203,-0.001480385170434203,1,0,1.0,cec6b4217abffaf0aaf1af9fe03b250f7865bc5751088936be3ba698d5f3d62b,PRIOR_NIGHT_USDJPY_TO_JNU_DAY_G1_V1
2022-03-23,2022-03-22,0.00149290896103212,0.013398715747079445,-0.013398715747079445,1,0,1.0,cec6b4217abffaf0aaf1af9fe03b250f7865bc5751088936be3ba698d5f3d62b,PRIOR_NIGHT_USDJPY_TO_JNU_DAY_G1_V1
2022-03-24,2022-03-23,-0.0004130695254734865,0.015742657517281204,0.015742657517281204,1,1,1.0,cec6b4217abffaf0aaf1af9fe03b250f7865bc5751088936be3ba698d5f3d62b,PRIOR_NIGHT_USDJPY_TO_JNU_DAY_G1_V1
2022-03-25,2022-03-24,0.0036929179058018138,-0.004467883404065535,0.004467883404065535,1,1,1.0,cec6b4217abffaf0aaf1af9fe03b250f7865bc5751088936be3ba698d5f3d62b,PRIOR_NIGHT_USDJPY_TO_JNU_DAY_G1_V1
2022-03-28,2022-03-25,0.001969473802531962,-0.007735938552389466,0.007735938552389466,1,1,1.0,cec6b4217abffaf0aaf1af9fe03b250f7865bc5751088936be3ba698d5f3d62b,PRIOR_NIGHT_USDJPY_TO_JNU_DAY_G1_V1
2022-03-29,2022-03-28,-0.005502077153983422,-0.0026802481871994943,-0.0026802481871994943,1,0,1.0,cec6b4217abffaf0aaf1af9fe03b250f7865bc5751088936be3ba698d5f3d62b,PRIOR_NIGHT_USDJPY_TO_JNU_DAY_G1_V1
2022-03-30,2022-03-29,-0.007880133388537831,-0.011203104636574623,-0.011203104636574623,1,0,1.0,cec6b4217abffaf0aaf1af9fe03b250f7865bc5751088936be3ba698d5f3d62b,PRIOR_NIGHT_USDJPY_TO_JNU_DAY_G1_V1
2022-03-31,2022-03-30,0.0008202100197359591,0.0018001805041478473,-0.0018001805041478473,1,0,1.0,cec6b4217abffaf0aaf1af9fe03b250f7865bc5751088936be3ba698d5f3d62b,PRIOR_NIGHT_USDJPY_TO_JNU_DAY_G1_V1
2022-04-01,2022-03-31,-0.0016455491618441018,-0.00018091361424282256,-0.00018091361424282256,1,0,1.0,cec6b4217abffaf0aaf1af9fe03b250f7865bc5751088936be3ba698d5f3d62b,PRIOR_NIGHT_USDJPY_TO_JNU_DAY_G1_V1
2022-04-04,2022-04-01,-0.0003262110614476887,0.0050569007889737115,0.0050569007889737115,1,1,1.0,cec6b4217abffaf0aaf1af9fe03b250f7865bc5751088936be3ba698d5f3d62b,PRIOR_NIGHT_USDJPY_TO_JNU_DAY_G1_V1
2022-04-05,2022-04-04,0.00032605151902807746,-0.004486324258672971,0.004486324258672971,1,1,1.0,cec6b4217abffaf0aaf1af9fe03b250f7865bc5751088936be3ba698d5f3d62b,PRIOR_NIGHT_USDJPY_TO_JNU_DAY_G1_V1
2022-04-06,2022-04-05,0.004708183061969496,-0.006007117363238801,0.006007117363238801,1,1,1.0,cec6b4217abffaf0aaf1af9fe03b250f7865bc5751088936be3ba698d5f3d62b,PRIOR_NIGHT_USDJPY_TO_JNU_DAY_G1_V1
2022-04-07,2022-04-06,-0.00153479572920522,-0.004449395549541848,-0.004449395549541848,1,0,1.0,cec6b4217abffaf0aaf1af9fe03b250f7865bc5751088936be3ba698d5f3d62b,PRIOR_NIGHT_USDJPY_TO_JNU_DAY_G1_V1
2022-04-08,2022-04-07,0.00032315398568504483,-0.002958035065007693,0.002958035065007693,1,1,1.0,cec6b4217abffaf0aaf1af9fe03b250f7865bc5751088936be3ba698d5f3d62b,PRIOR_NIGHT_USDJPY_TO_JNU_DAY_G1_V1
2022-04-11,2022-04-08,0.00209373566581414,-0.00465593540589083,0.00465593540589083,1,1,1.0,cec6b4217abffaf0aaf1af9fe03b250f7865bc5751088936be3ba698d5f3d62b,PRIOR_NIGHT_USDJPY_TO_JNU_DAY_G1_V1
2022-04-12,2022-04-11,0.0023923456386199015,-0.012471816988281722,0.012471816988281722,1,1,1.0,cec6b4217abffaf0aaf1af9fe03b250f7865bc5751088936be3ba698d5f3d62b,PRIOR_NIGHT_USDJPY_TO_JNU_DAY_G1_V1
2022-04-13,2022-04-12,-0.002233033865142825,0.018048995321621922,0.018048995321621922,1,1,1.0,cec6b4217abffaf0aaf1af9fe03b250f7865bc5751088936be3ba698d5f3d62b,PRIOR_NIGHT_USDJPY_TO_JNU_DAY_G1_V1
2022-04-14,2022-04-13,-0.0043725474126091925,0.011098893068048765,0.011098893068048765,1,1,1.0,cec6b4217abffaf0aaf1af9fe03b250f7865bc5751088936be3ba698d5f3d62b,PRIOR_NIGHT_USDJPY_TO_JNU_DAY_G1_V1
2022-04-15,2022-04-14,0.004616739872563702,0.00722827723210542,-0.00722827723210542,1,0,1.0,cec6b4217abffaf0aaf1af9fe03b250f7865bc5751088936be3ba698d5f3d62b,PRIOR_NIGHT_USDJPY_TO_JNU_DAY_G1_V1
2022-04-18,2022-04-15,-0.0012659231060010703,-0.002426506090264519,-0.002426506090264519,1,0,1.0,cec6b4217abffaf0aaf1af9fe03b250f7865bc5751088936be3ba698d5f3d62b,PRIOR_NIGHT_USDJPY_TO_JNU_DAY_G1_V1
2022-04-19,2022-04-18,0.0010260053778785273,0.0014814817524428803,-0.0014814817524428803,1,0,1.0,cec6b4217abffaf0aaf1af9fe03b250f7865bc5751088936be3ba698d5f3d62b,PRIOR_NIGHT_USDJPY_TO_JNU_DAY_G1_V1
2022-04-20,2022-04-19,0.003740944273918349,-0.0023877318718648053,0.0023877318718648053,1,1,1.0,cec6b4217abffaf0aaf1af9fe03b250f7865bc5751088936be3ba698d5f3d62b,PRIOR_NIGHT_USDJPY_TO_JNU_DAY_G1_V1
2022-04-21,2022-04-20,-0.007019762076097219,0.009299000365202491,0.009299000365202491,1,1,1.0,cec6b4217abffaf0aaf1af9fe03b250f7865bc5751088936be3ba698d5f3d62b,PRIOR_NIGHT_USDJPY_TO_JNU_DAY_G1_V1
2022-04-22,2022-04-21,0.004597709248629549,-0.00036907178865146776,0.00036907178865146776,1,1,1.0,cec6b4217abffaf0aaf1af9fe03b250f7865bc5751088936be3ba698d5f3d62b,PRIOR_NIGHT_USDJPY_TO_JNU_DAY_G1_V1
2022-04-25,2022-04-22,0.005528532672057128,-0.0005643871845797172,0.0005643871845797172,1,1,1.0,cec6b4217abffaf0aaf1af9fe03b250f7865bc5751088936be3ba698d5f3d62b,PRIOR_NIGHT_USDJPY_TO_JNU_DAY_G1_V1
2022-04-26,2022-04-25,-0.004221064658658382,-0.00598132624360982,-0.00598132624360982,1,0,1.0,cec6b4217abffaf0aaf1af9fe03b250f7865bc5751088936be3ba698d5f3d62b,PRIOR_NIGHT_USDJPY_TO_JNU_DAY_G1_V1
2022-04-27,2022-04-26,-0.003996087589972468,0.010105911158533166,0.010105911158533166,1,1,1.0,cec6b4217abffaf0aaf1af9fe03b250f7865bc5751088936be3ba698d5f3d62b,PRIOR_NIGHT_USDJPY_TO_JNU_DAY_G1_V1
2022-04-28,2022-04-27,0.003509733353612793,0.01651689200091229,-0.01651689200091229,1,0,1.0,cec6b4217abffaf0aaf1af9fe03b250f7865bc5751088936be3ba698d5f3d62b,PRIOR_NIGHT_USDJPY_TO_JNU_DAY_G1_V1
2022-05-02,2022-04-28,0.002599986170614713,0.008230499136515444,-0.008230499136515444,1,0,1.0,cec6b4217abffaf0aaf1af9fe03b250f7865bc5751088936be3ba698d5f3d62b,PRIOR_NIGHT_USDJPY_TO_JNU_DAY_G1_V1
2022-05-06,2022-05-02,0.0005378616288566065,0.01432182947062162,-0.01432182947062162,1,0,1.0,cec6b4217abffaf0aaf1af9fe03b250f7865bc5751088936be3ba698d5f3d62b,PRIOR_NIGHT_USDJPY_TO_JNU_DAY_G1_V1
2022-05-09,2022-05-06,-0.0013033313456093068,-0.012995756872214383,-0.012995756872214383,1,0,1.0,cec6b4217abffaf0aaf1af9fe03b250f7865bc5751088936be3ba698d5f3d62b,PRIOR_NIGHT_USDJPY_TO_JNU_DAY_G1_V1
2022-05-10,2022-05-09,-0.006422531442936973,0.0034436613331167943,0.0034436613331167943,1,1,1.0,cec6b4217abffaf0aaf1af9fe03b250f7865bc5751088936be3ba698d5f3d62b,PRIOR_NIGHT_USDJPY_TO_JNU_DAY_G1_V1
2022-05-11,2022-05-10,-0.0011513222287239,0.008228924054315809,0.008228924054315809,1,1,1.0,cec6b4217abffaf0aaf1af9fe03b250f7865bc5751088936be3ba698d5f3d62b,PRIOR_NIGHT_USDJPY_TO_JNU_DAY_G1_V1
2022-05-12,2022-05-11,0.0017680751809717474,-0.004450041202569798,0.004450041202569798,1,1,1.0,cec6b4217abffaf0aaf1af9fe03b250f7865bc5751088936be3ba698d5f3d62b,PRIOR_NIGHT_USDJPY_TO_JNU_DAY_G1_V1
2022-05-13,2022-05-12,-0.00576011556030963,0.019704128642879747,0.019704128642879747,1,1,1.0,cec6b4217abffaf0aaf1af9fe03b250f7865bc5751088936be3ba698d5f3d62b,PRIOR_NIGHT_USDJPY_TO_JNU_DAY_G1_V1
2022-05-16,2022-05-13,0.0032553121291034356,-0.009005689382612817,0.009005689382612817,1,1,1.0,cec6b4217abffaf0aaf1af9fe03b250f7865bc5751088936be3ba698d5f3d62b,PRIOR_NIGHT_USDJPY_TO_JNU_DAY_G1_V1
2022-05-17,2022-05-16,-0.001624695727001922,0.0062141241299526265,0.0062141241299526265,1,1,1.0,cec6b4217abffaf0aaf1af9fe03b250f7865bc5751088936be3ba698d5f3d62b,PRIOR_NIGHT_USDJPY_TO_JNU_DAY_G1_V1
2022-05-18,2022-05-17,-0.000695759759040004,0.000372093027548991,0.000372093027548991,1,1,1.0,cec6b4217abffaf0aaf1af9fe03b250f7865bc5751088936be3ba698d5f3d62b,PRIOR_NIGHT_USDJPY_TO_JNU_DAY_G1_V1
2022-05-19,2022-05-18,-0.008619738868041757,0.006842832251083531,0.006842832251083531,1,1,1.0,cec6b4217abffaf0aaf1af9fe03b250f7865bc5751088936be3ba698d5f3d62b,PRIOR_NIGHT_USDJPY_TO_JNU_DAY_G1_V1
2022-05-20,2022-05-19,-0.004768428030823474,0.01071338129640379,0.01071338129640379,1,1,1.0,cec6b4217abffaf0aaf1af9fe03b250f7865bc5751088936be3ba698d5f3d62b,PRIOR_NIGHT_USDJPY_TO_JNU_DAY_G1_V1
2022-05-23,2022-05-20,-0.0005473239903628962,0.0035214567017644656,0.0035214567017644656,1,1,1.0,cec6b4217abffaf0aaf1af9fe03b250f7865bc5751088936be3ba698d5f3d62b,PRIOR_NIGHT_USDJPY_TO_JNU_DAY_G1_V1
2022-05-24,2022-05-23,0.0014880372405454189,-0.008741802158984421,0.008741802158984421,1,1,1.0,cec6b4217abffaf0aaf1af9fe03b250f7865bc5751088936be3ba698d5f3d62b,PRIOR_NIGHT_USDJPY_TO_JNU_DAY_G1_V1
2022-05-25,2022-05-24,-0.005672880010187653,-0.004303496210460952,-0.004303496210460952,1,0,1.0,cec6b4217abffaf0aaf1af9fe03b250f7865bc5751088936be3ba698d5f3d62b,PRIOR_NIGHT_USDJPY_TO_JNU_DAY_G1_V1
2022-05-26,2022-05-25,0.001493534845093532,-0.006556172214693809,0.006556172214693809,1,1,1.0,cec6b4217abffaf0aaf1af9fe03b250f7865bc5751088936be3ba698d5f3d62b,PRIOR_NIGHT_USDJPY_TO_JNU_DAY_G1_V1
2022-05-27,2022-05-26,0.004963962444533303,-0.006696453595121186,0.006696453595121186,1,1,1.0,cec6b4217abffaf0aaf1af9fe03b250f7865bc5751088936be3ba698d5f3d62b,PRIOR_NIGHT_USDJPY_TO_JNU_DAY_G1_V1
2022-05-30,2022-05-27,0.0,0.00622826706514793,0.0,0,0,1.0,cec6b4217abffaf0aaf1af9fe03b250f7865bc5751088936be3ba698d5f3d62b,PRIOR_NIGHT_USDJPY_TO_JNU_DAY_G1_V1
2022-05-31,2022-05-27,0.0,-0.0003663674706669439,0.0,0,0,1.0,cec6b4217abffaf0aaf1af9fe03b250f7865bc5751088936be3ba698d5f3d62b,PRIOR_NIGHT_USDJPY_TO_JNU_DAY_G1_V1
2022-06-01,2022-05-31,0.006008836215283511,0.007851770458019852,-0.007851770458019852,1,0,1.0,cec6b4217abffaf0aaf1af9fe03b250f7865bc5751088936be3ba698d5f3d62b,PRIOR_NIGHT_USDJPY_TO_JNU_DAY_G1_V1
2022-06-02,2022-06-01,0.005318136546667441,0.003100212203160167,-0.003100212203160167,1,0,1.0,cec6b4217abffaf0aaf1af9fe03b250f7865bc5751088936be3ba698d5f3d62b,PRIOR_NIGHT_USDJPY_TO_JNU_DAY_G1_V1
2022-06-03,2022-06-02,-0.0004620360470303895,0.002521161068904711,0.002521161068904711,1,1,1.0,cec6b4217abffaf0aaf1af9fe03b250f7865bc5751088936be3ba698d5f3d62b,PRIOR_NIGHT_USDJPY_TO_JNU_DAY_G1_V1
2022-06-06,2022-06-03,0.006293190378268001,0.012066783065620779,-0.012066783065620779,1,0,1.0,cec6b4217abffaf0aaf1af9fe03b250f7865bc5751088936be3ba698d5f3d62b,PRIOR_NIGHT_USDJPY_TO_JNU_DAY_G1_V1
2022-06-07,2022-06-06,0.005946952567890795,0.0001786831059877956,-0.0001786831059877956,1,0,1.0,cec6b4217abffaf0aaf1af9fe03b250f7865bc5751088936be3ba698d5f3d62b,PRIOR_NIGHT_USDJPY_TO_JNU_DAY_G1_V1
2022-06-08,2022-06-07,-0.001809273015223353,0.0030187361999027933,0.0030187361999027933,1,1,1.0,cec6b4217abffaf0aaf1af9fe03b250f7865bc5751088936be3ba698d5f3d62b,PRIOR_NIGHT_USDJPY_TO_JNU_DAY_G1_V1
2022-06-09,2022-06-08,0.0035869116323215622,0.0022998683290891535,-0.0022998683290891535,1,0,1.0,cec6b4217abffaf0aaf1af9fe03b250f7865bc5751088936be3ba698d5f3d62b,PRIOR_NIGHT_USDJPY_TO_JNU_DAY_G1_V1
2022-06-10,2022-06-09,0.004335807046638411,-0.00609211703206525,0.00609211703206525,1,1,1.0,cec6b4217abffaf0aaf1af9fe03b250f7865bc5751088936be3ba698d5f3d62b,PRIOR_NIGHT_USDJPY_TO_JNU_DAY_G1_V1
2022-06-13,2022-06-10,0.004331597512063611,-0.012018264282939896,0.012018264282939896,1,1,1.0,cec6b4217abffaf0aaf1af9fe03b250f7865bc5751088936be3ba698d5f3d62b,PRIOR_NIGHT_USDJPY_TO_JNU_DAY_G1_V1
2022-06-14,2022-06-13,-0.0035724956125995147,0.009805848891114303,0.009805848891114303,1,1,1.0,cec6b4217abffaf0aaf1af9fe03b250f7865bc5751088936be3ba698d5f3d62b,PRIOR_NIGHT_USDJPY_TO_JNU_DAY_G1_V1
2022-06-15,2022-06-14,0.0034160140154268223,-0.00739269787106039,0.00739269787106039,1,1,1.0,cec6b4217abffaf0aaf1af9fe03b250f7865bc5751088936be3ba698d5f3d62b,PRIOR_NIGHT_USDJPY_TO_JNU_DAY_G1_V1
2022-06-16,2022-06-15,-0.0015601206685828739,-0.012228541057517953,-0.012228541057517953,1,0,1.0,cec6b4217abffaf0aaf1af9fe03b250f7865bc5751088936be3ba698d5f3d62b,PRIOR_NIGHT_USDJPY_TO_JNU_DAY_G1_V1
2022-06-17,2022-06-16,-0.019407860557226222,0.0017460475868681584,0.0017460475868681584,1,1,1.0,cec6b4217abffaf0aaf1af9fe03b250f7865bc5751088936be3ba698d5f3d62b,PRIOR_NIGHT_USDJPY_TO_JNU_DAY_G1_V1
2022-06-20,2022-06-17,0.006309637530944658,-0.011772788679150464,0.011772788679150464,1,1,1.0,cec6b4217abffaf0aaf1af9fe03b250f7865bc5751088936be3ba698d5f3d62b,PRIOR_NIGHT_USDJPY_TO_JNU_DAY_G1_V1
2022-06-21,2022-06-17,0.006309637530944658,0.006880761092222287,-0.006880761092222287,1,0,1.0,cec6b4217abffaf0aaf1af9fe03b250f7865bc5751088936be3ba698d5f3d62b,PRIOR_NIGHT_USDJPY_TO_JNU_DAY_G1_V1
2022-06-22,2022-06-21,0.007514401058085048,-0.008953293449911961,0.008953293449911961,1,1,1.0,cec6b4217abffaf0aaf1af9fe03b250f7865bc5751088936be3ba698d5f3d62b,PRIOR_NIGHT_USDJPY_TO_JNU_DAY_G1_V1
2022-06-23,2022-06-22,-0.0013955711251775601,0.0015337426319487184,0.0015337426319487184,1,1,1.0,cec6b4217abffaf0aaf1af9fe03b250f7865bc5751088936be3ba698d5f3d62b,PRIOR_NIGHT_USDJPY_TO_JNU_DAY_G1_V1
2022-06-24,2022-06-23,-0.004887088586444935,0.00892947892036244,0.00892947892036244,1,1,1.0,cec6b4217abffaf0aaf1af9fe03b250f7865bc5751088936be3ba698d5f3d62b,PRIOR_NIGHT_USDJPY_TO_JNU_DAY_G1_V1
2022-06-27,2022-06-24,0.005041529065072096,0.0018674141747954624,-0.0018674141747954624,1,0,1.0,cec6b4217abffaf0aaf1af9fe03b250f7865bc5751088936be3ba698d5f3d62b,PRIOR_NIGHT_USDJPY_TO_JNU_DAY_G1_V1
2022-06-28,2022-06-27,0.0013316566294268228,0.014147667098567716,-0.014147667098567716,1,0,1.0,cec6b4217abffaf0aaf1af9fe03b250f7865bc5751088936be3ba698d5f3d62b,PRIOR_NIGHT_USDJPY_TO_JNU_DAY_G1_V1
2022-06-29,2022-06-28,0.0031623486548951934,-0.0037397201400845765,0.0037397201400845765,1,1,1.0,cec6b4217abffaf0aaf1af9fe03b250f7865bc5751088936be3ba698d5f3d62b,PRIOR_NIGHT_USDJPY_TO_JNU_DAY_G1_V1
2022-06-30,2022-06-29,0.003449164979675848,-0.01472280274460061,0.01472280274460061,1,1,1.0,cec6b4217abffaf0aaf1af9fe03b250f7865bc5751088936be3ba698d5f3d62b,PRIOR_NIGHT_USDJPY_TO_JNU_DAY_G1_V1
2022-07-01,2022-06-30,-0.00375152155755042,-0.01629793528631149,-0.01629793528631149,1,0,1.0,cec6b4217abffaf0aaf1af9fe03b250f7865bc5751088936be3ba698d5f3d62b,PRIOR_NIGHT_USDJPY_TO_JNU_DAY_G1_V1
2022-07-04,2022-07-01,-0.001627219293962853,-0.000764233892755906,-0.000764233892755906,1,0,1.0,cec6b4217abffaf0aaf1af9fe03b250f7865bc5751088936be3ba698d5f3d62b,PRIOR_NIGHT_USDJPY_TO_JNU_DAY_G1_V1
2022-07-05,2022-07-01,-0.001627219293962853,-0.0020855064910213707,-0.0020855064910213707,1,0,1.0,cec6b4217abffaf0aaf1af9fe03b250f7865bc5751088936be3ba698d5f3d62b,PRIOR_NIGHT_USDJPY_TO_JNU_DAY_G1_V1
2022-07-06,2022-07-05,-0.0027224916561968105,-0.004412477183194556,-0.004412477183194556,1,0,1.0,cec6b4217abffaf0aaf1af9fe03b250f7865bc5751088936be3ba698d5f3d62b,PRIOR_NIGHT_USDJPY_TO_JNU_DAY_G1_V1
2022-07-07,2022-07-06,0.001696853850653459,0.010610179112015469,-0.010610179112015469,1,0,1.0,cec6b4217abffaf0aaf1af9fe03b250f7865bc5751088936be3ba698d5f3d62b,PRIOR_NIGHT_USDJPY_TO_JNU_DAY_G1_V1
2022-07-08,2022-07-07,-0.0010289579035140444,0.0013154187746607757,0.0013154187746607757,1,1,1.0,cec6b4217abffaf0aaf1af9fe03b250f7865bc5751088936be3ba698d5f3d62b,PRIOR_NIGHT_USDJPY_TO_JNU_DAY_G1_V1
2022-07-11,2022-07-08,0.002352942262026836,-0.005034975671735341,0.005034975671735341,1,1,1.0,cec6b4217abffaf0aaf1af9fe03b250f7865bc5751088936be3ba698d5f3d62b,PRIOR_NIGHT_USDJPY_TO_JNU_DAY_G1_V1
2022-07-12,2022-07-11,0.003502374977490715,-0.013420483062826014,0.013420483062826014,1,1,1.0,cec6b4217abffaf0aaf1af9fe03b250f7865bc5751088936be3ba698d5f3d62b,PRIOR_NIGHT_USDJPY_TO_JNU_DAY_G1_V1
2022-07-13,2022-07-12,-0.004889985294191681,0.0007562866686814503,0.0007562866686814503,1,1,1.0,cec6b4217abffaf0aaf1af9fe03b250f7865bc5751088936be3ba698d5f3d62b,PRIOR_NIGHT_USDJPY_TO_JNU_DAY_G1_V1
2022-07-14,2022-07-13,0.0021137804437354906,0.012628572317842982,-0.012628572317842982,1,0,1.0,cec6b4217abffaf0aaf1af9fe03b250f7865bc5751088936be3ba698d5f3d62b,PRIOR_NIGHT_USDJPY_TO_JNU_DAY_G1_V1
2022-07-15,2022-07-14,-0.0011509136646623785,0.0003736222722334588,0.0003736222722334588,1,1,1.0,cec6b4217abffaf0aaf1af9fe03b250f7865bc5751088936be3ba698d5f3d62b,PRIOR_NIGHT_USDJPY_TO_JNU_DAY_G1_V1
2022-07-19,2022-07-15,-0.0025226147652495706,0.0025988505438451492,0.0025988505438451492,1,1,1.0,cec6b4217abffaf0aaf1af9fe03b250f7865bc5751088936be3ba698d5f3d62b,PRIOR_NIGHT_USDJPY_TO_JNU_DAY_G1_V1
2022-07-20,2022-07-19,0.0014509578865929348,0.010351495319713773,-0.010351495319713773,1,0,1.0,cec6b4217abffaf0aaf1af9fe03b250f7865bc5751088936be3ba698d5f3d62b,PRIOR_NIGHT_USDJPY_TO_JNU_DAY_G1_V1
2022-07-21,2022-07-20,0.00021716312655474418,0.008493771132961092,-0.008493771132961092,1,0,1.0,cec6b4217abffaf0aaf1af9fe03b250f7865bc5751088936be3ba698d5f3d62b,PRIOR_NIGHT_USDJPY_TO_JNU_DAY_G1_V1
2022-07-22,2022-07-21,-0.004701126077565999,0.004848712022537034,0.004848712022537034,1,1,1.0,cec6b4217abffaf0aaf1af9fe03b250f7865bc5751088936be3ba698d5f3d62b,PRIOR_NIGHT_USDJPY_TO_JNU_DAY_G1_V1
2022-07-25,2022-07-22,-0.010741398807020137,0.0012650223065867022,0.0012650223065867022,1,1,1.0,cec6b4217abffaf0aaf1af9fe03b250f7865bc5751088936be3ba698d5f3d62b,PRIOR_NIGHT_USDJPY_TO_JNU_DAY_G1_V1
2022-07-26,2022-07-25,0.0022699823023066435,0.0010855799871978423,-0.0010855799871978423,1,0,1.0,cec6b4217abffaf0aaf1af9fe03b250f7865bc5751088936be3ba698d5f3d62b,PRIOR_NIGHT_USDJPY_TO_JNU_DAY_G1_V1
2022-07-27,2022-07-26,-0.00029274004892896146,0.007056936913241904,0.007056936913241904,1,1,1.0,cec6b4217abffaf0aaf1af9fe03b250f7865bc5751088936be3ba698d5f3d62b,PRIOR_NIGHT_USDJPY_TO_JNU_DAY_G1_V1
2022-07-28,2022-07-27,0.002406213563901352,-0.005557063686611813,0.005557063686611813,1,1,1.0,cec6b4217abffaf0aaf1af9fe03b250f7865bc5751088936be3ba698d5f3d62b,PRIOR_NIGHT_USDJPY_TO_JNU_DAY_G1_V1
2022-07-29,2022-07-28,-0.0083694892879461,-0.007176205895160226,-0.007176205895160226,1,0,1.0,cec6b4217abffaf0aaf1af9fe03b250f7865bc5751088936be3ba698d5f3d62b,PRIOR_NIGHT_USDJPY_TO_JNU_DAY_G1_V1
2022-08-01,2022-07-29,0.0035334397549406753,0.0016104503793796373,-0.0016104503793796373,1,0,1.0,cec6b4217abffaf0aaf1af9fe03b250f7865bc5751088936be3ba698d5f3d62b,PRIOR_NIGHT_USDJPY_TO_JNU_DAY_G1_V1
2022-08-02,2022-08-01,-0.0057497510499005975,-0.007751278106306725,-0.007751278106306725,1,0,1.0,cec6b4217abffaf0aaf1af9fe03b250f7865bc5751088936be3ba698d5f3d62b,PRIOR_NIGHT_USDJPY_TO_JNU_DAY_G1_V1
2022-08-03,2022-08-02,0.011324460752596199,-0.00018026137948771122,0.00018026137948771122,1,1,1.0,cec6b4217abffaf0aaf1af9fe03b250f7865bc5751088936be3ba698d5f3d62b,PRIOR_NIGHT_USDJPY_TO_JNU_DAY_G1_V1
2022-08-04,2022-08-03,0.007180285149708653,-0.0012521243027562455,0.0012521243027562455,1,1,1.0,cec6b4217abffaf0aaf1af9fe03b250f7865bc5751088936be3ba698d5f3d62b,PRIOR_NIGHT_USDJPY_TO_JNU_DAY_G1_V1
2022-08-05,2022-08-04,-0.00658093909642082,0.009098269879261793,0.009098269879261793,1,1,1.0,cec6b4217abffaf0aaf1af9fe03b250f7865bc5751088936be3ba698d5f3d62b,PRIOR_NIGHT_USDJPY_TO_JNU_DAY_G1_V1
2022-08-08,2022-08-05,0.015038996962828802,0.006573711156094691,-0.006573711156094691,1,0,1.0,cec6b4217abffaf0aaf1af9fe03b250f7865bc5751088936be3ba698d5f3d62b,PRIOR_NIGHT_USDJPY_TO_JNU_DAY_G1_V1
2022-08-09,2022-08-08,-0.0019279258529794686,-0.007127613924232124,-0.007127613924232124,1,0,1.0,cec6b4217abffaf0aaf1af9fe03b250f7865bc5751088936be3ba698d5f3d62b,PRIOR_NIGHT_USDJPY_TO_JNU_DAY_G1_V1
2022-08-10,2022-08-09,0.0004447079824254428,-0.000899199772844182,0.000899199772844182,1,1,1.0,cec6b4217abffaf0aaf1af9fe03b250f7865bc5751088936be3ba698d5f3d62b,PRIOR_NIGHT_USDJPY_TO_JNU_DAY_G1_V1
2022-08-12,2022-08-10,-0.017718102650767974,0.014124528603630981,0.014124528603630981,1,1,1.0,cec6b4217abffaf0aaf1af9fe03b250f7865bc5751088936be3ba698d5f3d62b,PRIOR_NIGHT_USDJPY_TO_JNU_DAY_G1_V1
2022-08-15,2022-08-12,0.0023235778546229504,0.005732665747321416,-0.005732665747321416,1,0,1.0,cec6b4217abffaf0aaf1af9fe03b250f7865bc5751088936be3ba698d5f3d62b,PRIOR_NIGHT_USDJPY_TO_JNU_DAY_G1_V1
2022-08-16,2022-08-15,-0.0029251849097539397,0.0010400416954139326,0.0010400416954139326,1,1,1.0,cec6b4217abffaf0aaf1af9fe03b250f7865bc5751088936be3ba698d5f3d62b,PRIOR_NIGHT_USDJPY_TO_JNU_DAY_G1_V1
2022-08-17,2022-08-16,0.005372345409079722,0.00945918137384753,-0.00945918137384753,1,0,1.0,cec6b4217abffaf0aaf1af9fe03b250f7865bc5751088936be3ba698d5f3d62b,PRIOR_NIGHT_USDJPY_TO_JNU_DAY_G1_V1
2022-08-18,2022-08-17,0.004441161999967836,-0.00017290568038235687,0.00017290568038235687,1,1,1.0,cec6b4217abffaf0aaf1af9fe03b250f7865bc5751088936be3ba698d5f3d62b,PRIOR_NIGHT_USDJPY_TO_JNU_DAY_G1_V1
2022-08-19,2022-08-18,0.0,-0.0044850860073563405,0.0,0,0,1.0,cec6b4217abffaf0aaf1af9fe03b250f7865bc5751088936be3ba698d5f3d62b,PRIOR_NIGHT_USDJPY_TO_JNU_DAY_G1_V1
2022-08-22,2022-08-19,0.00248465488830816,0.0019172119162339449,-0.0019172119162339449,1,0,1.0,cec6b4217abffaf0aaf1af9fe03b250f7865bc5751088936be3ba698d5f3d62b,PRIOR_NIGHT_USDJPY_TO_JNU_DAY_G1_V1
2022-08-23,2022-08-22,0.005247442986216209,-0.0024613233241556074,0.0024613233241556074,1,1,1.0,cec6b4217abffaf0aaf1af9fe03b250f7865bc5751088936be3ba698d5f3d62b,PRIOR_NIGHT_USDJPY_TO_JNU_DAY_G1_V1
2022-08-24,2022-08-23,-0.006724188469949729,-0.00633804938600865,-0.00633804938600865,1,0,1.0,cec6b4217abffaf0aaf1af9fe03b250f7865bc5751088936be3ba698d5f3d62b,PRIOR_NIGHT_USDJPY_TO_JNU_DAY_G1_V1
2022-08-25,2022-08-24,0.0027059657422703444,0.0017568521735958939,-0.0017568521735958939,1,0,1.0,cec6b4217abffaf0aaf1af9fe03b250f7865bc5751088936be3ba698d5f3d62b,PRIOR_NIGHT_USDJPY_TO_JNU_DAY_G1_V1
2022-08-26,2022-08-25,0.002487927523614645,-0.0019208946795337167,0.0019208946795337167,1,1,1.0,cec6b4217abffaf0aaf1af9fe03b250f7865bc5751088936be3ba698d5f3d62b,PRIOR_NIGHT_USDJPY_TO_JNU_DAY_G1_V1
2022-08-29,2022-08-26,0.0002918642851801464,0.0016136265267310667,-0.0016136265267310667,1,0,1.0,cec6b4217abffaf0aaf1af9fe03b250f7865bc5751088936be3ba698d5f3d62b,PRIOR_NIGHT_USDJPY_TO_JNU_DAY_G1_V1
2022-08-30,2022-08-29,0.0002883506363695754,0.005510635223234179,-0.005510635223234179,1,0,1.0,cec6b4217abffaf0aaf1af9fe03b250f7865bc5751088936be3ba698d5f3d62b,PRIOR_NIGHT_USDJPY_TO_JNU_DAY_G1_V1
2022-08-31,2022-08-30,0.001948122842754679,0.00768066649818297,-0.00768066649818297,1,0,1.0,cec6b4217abffaf0aaf1af9fe03b250f7865bc5751088936be3ba698d5f3d62b,PRIOR_NIGHT_USDJPY_TO_JNU_DAY_G1_V1
2022-09-01,2022-08-31,0.0006491399124408249,-0.005057814250380403,0.005057814250380403,1,1,1.0,cec6b4217abffaf0aaf1af9fe03b250f7865bc5751088936be3ba698d5f3d62b,PRIOR_NIGHT_USDJPY_TO_JNU_DAY_G1_V1
2022-09-02,2022-09-01,0.004584206867682151,-0.006131669346404356,0.006131669346404356,1,1,1.0,cec6b4217abffaf0aaf1af9fe03b250f7865bc5751088936be3ba698d5f3d62b,PRIOR_NIGHT_USDJPY_TO_JNU_DAY_G1_V1
2022-09-05,2022-09-02,-0.0015698590351200178,0.005077994226943483,0.005077994226943483,1,1,1.0,cec6b4217abffaf0aaf1af9fe03b250f7865bc5751088936be3ba698d5f3d62b,PRIOR_NIGHT_USDJPY_TO_JNU_DAY_G1_V1
2022-09-06,2022-09-02,-0.0015698590351200178,-0.004336833685623572,-0.004336833685623572,1,0,1.0,cec6b4217abffaf0aaf1af9fe03b250f7865bc5751088936be3ba698d5f3d62b,PRIOR_NIGHT_USDJPY_TO_JNU_DAY_G1_V1
2022-09-07,2022-09-06,0.009912556120682104,-0.00581502638052587,0.00581502638052587,1,1,1.0,cec6b4217abffaf0aaf1af9fe03b250f7865bc5751088936be3ba698d5f3d62b,PRIOR_NIGHT_USDJPY_TO_JNU_DAY_G1_V1
2022-09-08,2022-09-07,0.0033993580898055067,0.012197460640987222,-0.012197460640987222,1,0,1.0,cec6b4217abffaf0aaf1af9fe03b250f7865bc5751088936be3ba698d5f3d62b,PRIOR_NIGHT_USDJPY_TO_JNU_DAY_G1_V1
2022-09-09,2022-09-08,0.0015979438561897193,0.0012510054352470072,-0.0012510054352470072,1,0,1.0,cec6b4217abffaf0aaf1af9fe03b250f7865bc5751088936be3ba698d5f3d62b,PRIOR_NIGHT_USDJPY_TO_JNU_DAY_G1_V1
2022-09-12,2022-09-09,0.0005617977675848689,0.0014149277210258793,-0.0014149277210258793,1,0,1.0,cec6b4217abffaf0aaf1af9fe03b250f7865bc5751088936be3ba698d5f3d62b,PRIOR_NIGHT_USDJPY_TO_JNU_DAY_G1_V1
2022-09-13,2022-09-12,-0.00252472256979247,0.0010572688209531233,0.0010572688209531233,1,1,1.0,cec6b4217abffaf0aaf1af9fe03b250f7865bc5751088936be3ba698d5f3d62b,PRIOR_NIGHT_USDJPY_TO_JNU_DAY_G1_V1
2022-09-14,2022-09-13,0.014238096474456124,0.002719117056466224,-0.002719117056466224,1,0,1.0,cec6b4217abffaf0aaf1af9fe03b250f7865bc5751088936be3ba698d5f3d62b,PRIOR_NIGHT_USDJPY_TO_JNU_DAY_G1_V1
2022-09-15,2022-09-14,-0.0027248925157291617,-0.0014456092145267215,-0.0014456092145267215,1,0,1.0,cec6b4217abffaf0aaf1af9fe03b250f7865bc5751088936be3ba698d5f3d62b,PRIOR_NIGHT_USDJPY_TO_JNU_DAY_G1_V1
2022-09-16,2022-09-15,0.0,-0.00018273184153174728,0.0,0,0,1.0,cec6b4217abffaf0aaf1af9fe03b250f7865bc5751088936be3ba698d5f3d62b,PRIOR_NIGHT_USDJPY_TO_JNU_DAY_G1_V1
2022-09-20,2022-09-16,-0.0029319392730844684,-0.002908035491740969,-0.002908035491740969,1,0,1.0,cec6b4217abffaf0aaf1af9fe03b250f7865bc5751088936be3ba698d5f3d62b,PRIOR_NIGHT_USDJPY_TO_JNU_DAY_G1_V1
2022-09-21,2022-09-20,0.0011842152475833717,-0.005150857598678902,0.005150857598678902,1,1,1.0,cec6b4217abffaf0aaf1af9fe03b250f7865bc5751088936be3ba698d5f3d62b,PRIOR_NIGHT_USDJPY_TO_JNU_DAY_G1_V1
2022-09-22,2022-09-21,0.0027093698188350272,0.005385842715376686,-0.005385842715376686,1,0,1.0,cec6b4217abffaf0aaf1af9fe03b250f7865bc5751088936be3ba698d5f3d62b,PRIOR_NIGHT_USDJPY_TO_JNU_DAY_G1_V1
2022-09-23,2022-09-22,-0.025145452107671006,-0.00429225255417883,-0.00429225255417883,1,0,1.0,cec6b4217abffaf0aaf1af9fe03b250f7865bc5751088936be3ba698d5f3d62b,PRIOR_NIGHT_USDJPY_TO_JNU_DAY_G1_V1
2022-09-26,2022-09-22,-0.025145452107671006,-0.006836335018290941,-0.006836335018290941,1,0,1.0,cec6b4217abffaf0aaf1af9fe03b250f7865bc5751088936be3ba698d5f3d62b,PRIOR_NIGHT_USDJPY_TO_JNU_DAY_G1_V1
2022-09-27,2022-09-26,0.004301380296446187,0.00037972280691699604,-0.00037972280691699604,1,0,1.0,cec6b4217abffaf0aaf1af9fe03b250f7865bc5751088936be3ba698d5f3d62b,PRIOR_NIGHT_USDJPY_TO_JNU_DAY_G1_V1
2022-09-28,2022-09-27,0.0030451957922202717,-0.013207197429409866,0.013207197429409866,1,1,1.0,cec6b4217abffaf0aaf1af9fe03b250f7865bc5751088936be3ba698d5f3d62b,PRIOR_NIGHT_USDJPY_TO_JNU_DAY_G1_V1
2022-09-29,2022-09-28,-0.0029093952359397516,-0.0018942987289839938,-0.0018942987289839938,1,0,1.0,cec6b4217abffaf0aaf1af9fe03b250f7865bc5751088936be3ba698d5f3d62b,PRIOR_NIGHT_USDJPY_TO_JNU_DAY_G1_V1
2022-09-30,2022-09-29,-0.001590980171653094,-0.009771128607703846,-0.009771128607703846,1,0,1.0,cec6b4217abffaf0aaf1af9fe03b250f7865bc5751088936be3ba698d5f3d62b,PRIOR_NIGHT_USDJPY_TO_JNU_DAY_G1_V1
2022-10-03,2022-09-30,0.0026986834355880035,0.014593192924344228,-0.014593192924344228,1,0,1.0,cec6b4217abffaf0aaf1af9fe03b250f7865bc5751088936be3ba698d5f3d62b,PRIOR_NIGHT_USDJPY_TO_JNU_DAY_G1_V1
2022-10-04,2022-10-03,-0.0036611100196718726,0.011571611016497445,0.011571611016497445,1,1,1.0,cec6b4217abffaf0aaf1af9fe03b250f7865bc5751088936be3ba698d5f3d62b,PRIOR_NIGHT_USDJPY_TO_JNU_DAY_G1_V1
2022-10-05,2022-10-04,-0.0023531051068211694,-0.0020285852968609354,-0.0020285852968609354,1,0,1.0,cec6b4217abffaf0aaf1af9fe03b250f7865bc5751088936be3ba698d5f3d62b,PRIOR_NIGHT_USDJPY_TO_JNU_DAY_G1_V1
2022-10-06,2022-10-05,0.0019365107372689395,0.006244281078890589,-0.006244281078890589,1,0,1.0,cec6b4217abffaf0aaf1af9fe03b250f7865bc5751088936be3ba698d5f3d62b,PRIOR_NIGHT_USDJPY_TO_JNU_DAY_G1_V1
2022-10-07,2022-10-06,0.0024177126411004885,0.004812150689068101,-0.004812150689068101,1,0,1.0,cec6b4217abffaf0aaf1af9fe03b250f7865bc5751088936be3ba698d5f3d62b,PRIOR_NIGHT_USDJPY_TO_JNU_DAY_G1_V1
2022-10-10,2022-10-07,0.00193036943776357,-0.002446139144271122,0.002446139144271122,1,1,1.0,cec6b4217abffaf0aaf1af9fe03b250f7865bc5751088936be3ba698d5f3d62b,PRIOR_NIGHT_USDJPY_TO_JNU_DAY_G1_V1
2022-10-11,2022-10-07,0.00193036943776357,-0.010920839097163047,0.010920839097163047,1,1,1.0,cec6b4217abffaf0aaf1af9fe03b250f7865bc5751088936be3ba698d5f3d62b,PRIOR_NIGHT_USDJPY_TO_JNU_DAY_G1_V1
2022-10-12,2022-10-11,-0.0006181531156002593,0.002274451321669444,0.002274451321669444,1,1,1.0,cec6b4217abffaf0aaf1af9fe03b250f7865bc5751088936be3ba698d5f3d62b,PRIOR_NIGHT_USDJPY_TO_JNU_DAY_G1_V1
2022-10-13,2022-10-12,0.0047091027135252915,-0.0047460933892556805,0.0047460933892556805,1,1,1.0,cec6b4217abffaf0aaf1af9fe03b250f7865bc5751088936be3ba698d5f3d62b,PRIOR_NIGHT_USDJPY_TO_JNU_DAY_G1_V1
2022-10-14,2022-10-13,0.0021089160508482056,0.00909350239540874,-0.00909350239540874,1,0,1.0,cec6b4217abffaf0aaf1af9fe03b250f7865bc5751088936be3ba698d5f3d62b,PRIOR_NIGHT_USDJPY_TO_JNU_DAY_G1_V1
2022-10-17,2022-10-14,0.006622988323457239,0.0013100029944909672,-0.0013100029944909672,1,0,1.0,cec6b4217abffaf0aaf1af9fe03b250f7865bc5751088936be3ba698d5f3d62b,PRIOR_NIGHT_USDJPY_TO_JNU_DAY_G1_V1
2022-10-18,2022-10-17,0.0004035512564855495,-0.0020233613083462973,0.0020233613083462973,1,1,1.0,cec6b4217abffaf0aaf1af9fe03b250f7865bc5751088936be3ba698d5f3d62b,PRIOR_NIGHT_USDJPY_TO_JNU_DAY_G1_V1
2022-10-19,2022-10-18,0.0018109264146195406,0.0016524377210892275,-0.0016524377210892275,1,0,1.0,cec6b4217abffaf0aaf1af9fe03b250f7865bc5751088936be3ba698d5f3d62b,PRIOR_NIGHT_USDJPY_TO_JNU_DAY_G1_V1
2022-10-20,2022-10-19,0.0028082393421856194,0.0025949968223063073,-0.0025949968223063073,1,0,1.0,cec6b4217abffaf0aaf1af9fe03b250f7865bc5751088936be3ba698d5f3d62b,PRIOR_NIGHT_USDJPY_TO_JNU_DAY_G1_V1
2022-10-21,2022-10-20,-0.00033367813716799356,-0.0016717752570120043,-0.0016717752570120043,1,0,1.0,cec6b4217abffaf0aaf1af9fe03b250f7865bc5751088936be3ba698d5f3d62b,PRIOR_NIGHT_USDJPY_TO_JNU_DAY_G1_V1
2022-10-24,2022-10-21,-0.027829171854880094,-0.011426589493996931,-0.011426589493996931,1,0,1.0,cec6b4217abffaf0aaf1af9fe03b250f7865bc5751088936be3ba698d5f3d62b,PRIOR_NIGHT_USDJPY_TO_JNU_DAY_G1_V1
2022-10-25,2022-10-24,-0.0033554826463720673,0.0036744483745385324,0.0036744483745385324,1,1,1.0,cec6b4217abffaf0aaf1af9fe03b250f7865bc5751088936be3ba698d5f3d62b,PRIOR_NIGHT_USDJPY_TO_JNU_DAY_G1_V1
2022-10-26,2022-10-25,-0.007278150599290116,-0.0001821659536870546,-0.0001821659536870546,1,0,1.0,cec6b4217abffaf0aaf1af9fe03b250f7865bc5751088936be3ba698d5f3d62b,PRIOR_NIGHT_USDJPY_TO_JNU_DAY_G1_V1
2022-10-27,2022-10-26,-0.0040871991502698405,-0.005115100666770377,-0.005115100666770377,1,0,1.0,cec6b4217abffaf0aaf1af9fe03b250f7865bc5751088936be3ba698d5f3d62b,PRIOR_NIGHT_USDJPY_TO_JNU_DAY_G1_V1
2022-10-28,2022-10-27,0.001988004082334457,-0.0009239583028195326,0.0009239583028195326,1,1,1.0,cec6b4217abffaf0aaf1af9fe03b250f7865bc5751088936be3ba698d5f3d62b,PRIOR_NIGHT_USDJPY_TO_JNU_DAY_G1_V1
2022-10-31,2022-10-28,0.0040711143214707275,0.0025440682447749182,-0.0025440682447749182,1,0,1.0,cec6b4217abffaf0aaf1af9fe03b250f7865bc5751088936be3ba698d5f3d62b,PRIOR_NIGHT_USDJPY_TO_JNU_DAY_G1_V1
2022-11-01,2022-10-31,0.004180157111706263,0.0025311892017244974,-0.0025311892017244974,1,0,1.0,cec6b4217abffaf0aaf1af9fe03b250f7865bc5751088936be3ba698d5f3d62b,PRIOR_NIGHT_USDJPY_TO_JNU_DAY_G1_V1
2022-11-02,2022-11-01,0.0012160520347368586,0.0021719465551766717,-0.0021719465551766717,1,0,1.0,cec6b4217abffaf0aaf1af9fe03b250f7865bc5751088936be3ba698d5f3d62b,PRIOR_NIGHT_USDJPY_TO_JNU_DAY_G1_V1
2022-11-03,2022-11-02,-0.0015622349925470058,0.002744992116154452,0.002744992116154452,1,1,1.0,cec6b4217abffaf0aaf1af9fe03b250f7865bc5751088936be3ba698d5f3d62b,PRIOR_NIGHT_USDJPY_TO_JNU_DAY_G1_V1
2022-11-04,2022-11-02,-0.0015622349925470058,-0.002940097670996665,-0.002940097670996665,1,0,1.0,cec6b4217abffaf0aaf1af9fe03b250f7865bc5751088936be3ba698d5f3d62b,PRIOR_NIGHT_USDJPY_TO_JNU_DAY_G1_V1
2022-11-07,2022-11-04,-0.004540687548117726,0.0038213129932219646,0.0038213129932219646,1,1,1.0,cec6b4217abffaf0aaf1af9fe03b250f7865bc5751088936be3ba698d5f3d62b,PRIOR_NIGHT_USDJPY_TO_JNU_DAY_G1_V1
2022-11-08,2022-11-07,-0.006050941398026059,0.007196864456527004,0.007196864456527004,1,1,1.0,cec6b4217abffaf0aaf1af9fe03b250f7865bc5751088936be3ba698d5f3d62b,PRIOR_NIGHT_USDJPY_TO_JNU_DAY_G1_V1
2022-11-09,2022-11-08,-0.00924315916288606,-0.009529875234115196,-0.009529875234115196,1,0,1.0,cec6b4217abffaf0aaf1af9fe03b250f7865bc5751088936be3ba698d5f3d62b,PRIOR_NIGHT_USDJPY_TO_JNU_DAY_G1_V1
2022-11-10,2022-11-09,0.004319957347388186,-0.003097952363769544,0.003097952363769544,1,1,1.0,cec6b4217abffaf0aaf1af9fe03b250f7865bc5751088936be3ba698d5f3d62b,PRIOR_NIGHT_USDJPY_TO_JNU_DAY_G1_V1
2022-11-11,2022-11-10,-0.03145109796319942,0.00834151611054042,0.00834151611054042,1,1,1.0,cec6b4217abffaf0aaf1af9fe03b250f7865bc5751088936be3ba698d5f3d62b,PRIOR_NIGHT_USDJPY_TO_JNU_DAY_G1_V1
2022-11-14,2022-11-10,-0.03145109796319942,-0.004636242256049422,-0.004636242256049422,1,0,1.0,cec6b4217abffaf0aaf1af9fe03b250f7865bc5751088936be3ba698d5f3d62b,PRIOR_NIGHT_USDJPY_TO_JNU_DAY_G1_V1
2022-11-15,2022-11-14,0.006572860700072247,0.0001785873743472114,-0.0001785873743472114,1,0,1.0,cec6b4217abffaf0aaf1af9fe03b250f7865bc5751088936be3ba698d5f3d62b,PRIOR_NIGHT_USDJPY_TO_JNU_DAY_G1_V1
2022-11-16,2022-11-15,0.00014352350221983582,0.0033925574900966595,-0.0033925574900966595,1,0,1.0,cec6b4217abffaf0aaf1af9fe03b250f7865bc5751088936be3ba698d5f3d62b,PRIOR_NIGHT_USDJPY_TO_JNU_DAY_G1_V1
2022-11-17,2022-11-16,0.0015055385142940254,0.0019686807253205983,-0.0019686807253205983,1,0,1.0,cec6b4217abffaf0aaf1af9fe03b250f7865bc5751088936be3ba698d5f3d62b,PRIOR_NIGHT_USDJPY_TO_JNU_DAY_G1_V1
2022-11-18,2022-11-17,0.008006333424752057,-0.0016124701155683593,0.0016124701155683593,1,1,1.0,cec6b4217abffaf0aaf1af9fe03b250f7865bc5751088936be3ba698d5f3d62b,PRIOR_NIGHT_USDJPY_TO_JNU_DAY_G1_V1
2022-11-21,2022-11-18,0.0014292863149263162,-0.0007153076127602299,0.0007153076127602299,1,1,1.0,cec6b4217abffaf0aaf1af9fe03b250f7865bc5751088936be3ba698d5f3d62b,PRIOR_NIGHT_USDJPY_TO_JNU_DAY_G1_V1
2022-11-22,2022-11-21,0.007779388596598591,0.003559989519853672,-0.003559989519853672,1,0,1.0,cec6b4217abffaf0aaf1af9fe03b250f7865bc5751088936be3ba698d5f3d62b,PRIOR_NIGHT_USDJPY_TO_JNU_DAY_G1_V1
2022-11-23,2022-11-22,-0.003673617695538321,0.0014109349783349007,0.0014109349783349007,1,1,1.0,cec6b4217abffaf0aaf1af9fe03b250f7865bc5751088936be3ba698d5f3d62b,PRIOR_NIGHT_USDJPY_TO_JNU_DAY_G1_V1
2022-11-24,2022-11-22,-0.003673617695538321,0.0007047216641198318,0.0007047216641198318,1,1,1.0,cec6b4217abffaf0aaf1af9fe03b250f7865bc5751088936be3ba698d5f3d62b,PRIOR_NIGHT_USDJPY_TO_JNU_DAY_G1_V1
2022-11-25,2022-11-22,-0.003673617695538321,-0.0035279627349086933,-0.0035279627349086933,1,0,1.0,cec6b4217abffaf0aaf1af9fe03b250f7865bc5751088936be3ba698d5f3d62b,PRIOR_NIGHT_USDJPY_TO_JNU_DAY_G1_V1
2022-11-28,2022-11-25,0.0029495363277717754,-0.003723738676460046,0.003723738676460046,1,1,1.0,cec6b4217abffaf0aaf1af9fe03b250f7865bc5751088936be3ba698d5f3d62b,PRIOR_NIGHT_USDJPY_TO_JNU_DAY_G1_V1
2022-11-29,2022-11-28,0.0025994671291562207,-0.0003565698023159898,0.0003565698023159898,1,1,1.0,cec6b4217abffaf0aaf1af9fe03b250f7865bc5751088936be3ba698d5f3d62b,PRIOR_NIGHT_USDJPY_TO_JNU_DAY_G1_V1
2022-11-30,2022-11-29,0.0,0.003039787767623857,0.0,0,0,1.0,cec6b4217abffaf0aaf1af9fe03b250f7865bc5751088936be3ba698d5f3d62b,PRIOR_NIGHT_USDJPY_TO_JNU_DAY_G1_V1
2022-12-01,2022-11-30,0.005614757048345881,-0.005822689587147927,0.005822689587147927,1,1,1.0,cec6b4217abffaf0aaf1af9fe03b250f7865bc5751088936be3ba698d5f3d62b,PRIOR_NIGHT_USDJPY_TO_JNU_DAY_G1_V1
2022-12-02,2022-12-01,-0.007277036045459596,-0.010399950290011327,-0.010399950290011327,1,0,1.0,cec6b4217abffaf0aaf1af9fe03b250f7865bc5751088936be3ba698d5f3d62b,PRIOR_NIGHT_USDJPY_TO_JNU_DAY_G1_V1
2022-12-05,2022-12-02,0.0017808122239803188,0.0037780021549463838,-0.0037780021549463838,1,0,1.0,cec6b4217abffaf0aaf1af9fe03b250f7865bc5751088936be3ba698d5f3d62b,PRIOR_NIGHT_USDJPY_TO_JNU_DAY_G1_V1
2022-12-06,2022-12-05,0.010453569869719547,0.008098667498657085,-0.008098667498657085,1,0,1.0,cec6b4217abffaf0aaf1af9fe03b250f7865bc5751088936be3ba698d5f3d62b,PRIOR_NIGHT_USDJPY_TO_JNU_DAY_G1_V1
2022-12-07,2022-12-06,-0.0020466347323780817,0.00036172906887455854,0.00036172906887455854,1,1,1.0,cec6b4217abffaf0aaf1af9fe03b250f7865bc5751088936be3ba698d5f3d62b,PRIOR_NIGHT_USDJPY_TO_JNU_DAY_G1_V1
2022-12-08,2022-12-07,-0.006277392876427397,-0.0007254262196978869,-0.0007254262196978869,1,0,1.0,cec6b4217abffaf0aaf1af9fe03b250f7865bc5751088936be3ba698d5f3d62b,PRIOR_NIGHT_USDJPY_TO_JNU_DAY_G1_V1
2022-12-09,2022-12-08,-0.0019036467895534835,0.0068481074978751595,0.0068481074978751595,1,1,1.0,cec6b4217abffaf0aaf1af9fe03b250f7865bc5751088936be3ba698d5f3d62b,PRIOR_NIGHT_USDJPY_TO_JNU_DAY_G1_V1
2022-12-12,2022-12-09,0.00036663611776433327,0.0018027767637167611,-0.0018027767637167611,1,0,1.0,cec6b4217abffaf0aaf1af9fe03b250f7865bc5751088936be3ba698d5f3d62b,PRIOR_NIGHT_USDJPY_TO_JNU_DAY_G1_V1
2022-12-13,2022-12-12,0.0056901233187669495,-0.003399233973536704,0.003399233973536704,1,1,1.0,cec6b4217abffaf0aaf1af9fe03b250f7865bc5751088936be3ba698d5f3d62b,PRIOR_NIGHT_USDJPY_TO_JNU_DAY_G1_V1
2022-12-14,2022-12-13,-0.01673065147890137,0.0030294953224521805,0.0030294953224521805,1,1,1.0,cec6b4217abffaf0aaf1af9fe03b250f7865bc5751088936be3ba698d5f3d62b,PRIOR_NIGHT_USDJPY_TO_JNU_DAY_G1_V1
2022-12-15,2022-12-14,-0.003845874128631438,0.0019676242820708123,0.0019676242820708123,1,1,1.0,cec6b4217abffaf0aaf1af9fe03b250f7865bc5751088936be3ba698d5f3d62b,PRIOR_NIGHT_USDJPY_TO_JNU_DAY_G1_V1
2022-12-16,2022-12-15,0.015048863152226895,-0.004000732741239061,0.004000732741239061,1,1,1.0,cec6b4217abffaf0aaf1af9fe03b250f7865bc5751088936be3ba698d5f3d62b,PRIOR_NIGHT_USDJPY_TO_JNU_DAY_G1_V1
2022-12-19,2022-12-16,-0.004967502361827599,0.0,0.0,0,0,1.0,cec6b4217abffaf0aaf1af9fe03b250f7865bc5751088936be3ba698d5f3d62b,PRIOR_NIGHT_USDJPY_TO_JNU_DAY_G1_V1
2022-12-20,2022-12-19,0.007553847660137815,-0.024043651940175007,0.024043651940175007,1,1,1.0,cec6b4217abffaf0aaf1af9fe03b250f7865bc5751088936be3ba698d5f3d62b,PRIOR_NIGHT_USDJPY_TO_JNU_DAY_G1_V1
2022-12-21,2022-12-20,-0.011529253921148133,-0.004933596344867748,-0.004933596344867748,1,0,1.0,cec6b4217abffaf0aaf1af9fe03b250f7865bc5751088936be3ba698d5f3d62b,PRIOR_NIGHT_USDJPY_TO_JNU_DAY_G1_V1
2022-12-22,2022-12-21,0.004467504496250688,-0.00302229168473639,0.00302229168473639,1,1,1.0,cec6b4217abffaf0aaf1af9fe03b250f7865bc5751088936be3ba698d5f3d62b,PRIOR_NIGHT_USDJPY_TO_JNU_DAY_G1_V1
2022-12-23,2022-12-22,0.0028755222235326322,-0.00019147917722462266,0.00019147917722462266,1,1,1.0,cec6b4217abffaf0aaf1af9fe03b250f7865bc5751088936be3ba698d5f3d62b,PRIOR_NIGHT_USDJPY_TO_JNU_DAY_G1_V1
2022-12-26,2022-12-23,0.001884588398426019,0.005137486325934197,-0.005137486325934197,1,0,1.0,cec6b4217abffaf0aaf1af9fe03b250f7865bc5751088936be3ba698d5f3d62b,PRIOR_NIGHT_USDJPY_TO_JNU_DAY_G1_V1
2022-12-27,2022-12-23,0.001884588398426019,-0.002651516704980445,0.002651516704980445,1,1,1.0,cec6b4217abffaf0aaf1af9fe03b250f7865bc5751088936be3ba698d5f3d62b,PRIOR_NIGHT_USDJPY_TO_JNU_DAY_G1_V1
2022-12-28,2022-12-27,0.004130530449289978,-0.0009530163687092799,0.0009530163687092799,1,1,1.0,cec6b4217abffaf0aaf1af9fe03b250f7865bc5751088936be3ba698d5f3d62b,PRIOR_NIGHT_USDJPY_TO_JNU_DAY_G1_V1
2022-12-29,2022-12-28,0.002610091343451732,-0.001345507170794903,0.001345507170794903,1,1,1.0,cec6b4217abffaf0aaf1af9fe03b250f7865bc5751088936be3ba698d5f3d62b,PRIOR_NIGHT_USDJPY_TO_JNU_DAY_G1_V1
2022-12-30,2022-12-29,-0.004719993778703666,-0.007087473399622898,-0.007087473399622898,1,0,1.0,cec6b4217abffaf0aaf1af9fe03b250f7865bc5751088936be3ba698d5f3d62b,PRIOR_NIGHT_USDJPY_TO_JNU_DAY_G1_V1
2023-01-03,2022-12-30,-0.00250047487736516,-0.005236121727558585,-0.005236121727558585,1,0,1.0,6f49c51a794ccd72f7c5f3f07acad8e0604da64184ec5fda14a14a8bb42e9a84,PRIOR_NIGHT_USDJPY_TO_JNU_DAY_G1_V1
2023-01-04,2022-12-30,-0.00250047487736516,-0.002918006155714153,-0.002918006155714153,1,0,1.0,6f49c51a794ccd72f7c5f3f07acad8e0604da64184ec5fda14a14a8bb42e9a84,PRIOR_NIGHT_USDJPY_TO_JNU_DAY_G1_V1
2023-01-05,2023-01-04,0.013346241952894486,-0.0038699738701929104,0.0038699738701929104,1,1,1.0,6f49c51a794ccd72f7c5f3f07acad8e0604da64184ec5fda14a14a8bb42e9a84,PRIOR_NIGHT_USDJPY_TO_JNU_DAY_G1_V1
2023-01-06,2023-01-05,0.0081185141089822,0.008716762214416881,-0.008716762214416881,1,0,1.0,6f49c51a794ccd72f7c5f3f07acad8e0604da64184ec5fda14a14a8bb42e9a84,PRIOR_NIGHT_USDJPY_TO_JNU_DAY_G1_V1
2023-01-10,2023-01-06,-0.015312165866968666,-0.002483998602166007,-0.002483998602166007,1,0,1.0,6f49c51a794ccd72f7c5f3f07acad8e0604da64184ec5fda14a14a8bb42e9a84,PRIOR_NIGHT_USDJPY_TO_JNU_DAY_G1_V1
2023-01-11,2023-01-10,0.00015124016967726803,0.004173787125321874,-0.004173787125321874,1,0,1.0,6f49c51a794ccd72f7c5f3f07acad8e0604da64184ec5fda14a14a8bb42e9a84,PRIOR_NIGHT_USDJPY_TO_JNU_DAY_G1_V1
2023-01-12,2023-01-11,0.0012075473165456055,-0.004159582476943868,0.004159582476943868,1,1,1.0,6f49c51a794ccd72f7c5f3f07acad8e0604da64184ec5fda14a14a8bb42e9a84,PRIOR_NIGHT_USDJPY_TO_JNU_DAY_G1_V1
2023-01-13,2023-01-12,-0.014233481800234335,-0.00478240988021502,-0.00478240988021502,1,0,1.0,6f49c51a794ccd72f7c5f3f07acad8e0604da64184ec5fda14a14a8bb42e9a84,PRIOR_NIGHT_USDJPY_TO_JNU_DAY_G1_V1
2023-01-16,2023-01-13,-0.004136914146436464,-0.001940617725272783,-0.001940617725272783,1,0,1.0,6f49c51a794ccd72f7c5f3f07acad8e0604da64184ec5fda14a14a8bb42e9a84,PRIOR_NIGHT_USDJPY_TO_JNU_DAY_G1_V1
2023-01-17,2023-01-13,-0.004136914146436464,0.008459962012407323,0.008459962012407323,1,1,1.0,6f49c51a794ccd72f7c5f3f07acad8e0604da64184ec5fda14a14a8bb42e9a84,PRIOR_NIGHT_USDJPY_TO_JNU_DAY_G1_V1
2023-01-18,2023-01-17,-0.004203976608046894,0.021522446765210066,0.021522446765210066,1,1,1.0,6f49c51a794ccd72f7c5f3f07acad8e0604da64184ec5fda14a14a8bb42e9a84,PRIOR_NIGHT_USDJPY_TO_JNU_DAY_G1_V1
2023-01-19,2023-01-18,-0.013992729562362902,-0.004354005931839672,-0.004354005931839672,1,0,1.0,6f49c51a794ccd72f7c5f3f07acad8e0604da64184ec5fda14a14a8bb42e9a84,PRIOR_NIGHT_USDJPY_TO_JNU_DAY_G1_V1
2023-01-20,2023-01-19,0.0023377241223706503,0.007758578042930428,-0.007758578042930428,1,0,1.0,6f49c51a794ccd72f7c5f3f07acad8e0604da64184ec5fda14a14a8bb42e9a84,PRIOR_NIGHT_USDJPY_TO_JNU_DAY_G1_V1
2023-01-23,2023-01-20,0.008344327176808854,0.0005577763461521124,-0.0005577763461521124,1,0,1.0,6f49c51a794ccd72f7c5f3f07acad8e0604da64184ec5fda14a14a8bb42e9a84,PRIOR_NIGHT_USDJPY_TO_JNU_DAY_G1_V1
2023-01-24,2023-01-23,0.00429415582027864,0.0044069112819906525,-0.0044069112819906525,1,0,1.0,6f49c51a794ccd72f7c5f3f07acad8e0604da64184ec5fda14a14a8bb42e9a84,PRIOR_NIGHT_USDJPY_TO_JNU_DAY_G1_V1
2023-01-25,2023-01-24,0.0016158199953085432,0.007523661510575868,-0.007523661510575868,1,0,1.0,6f49c51a794ccd72f7c5f3f07acad8e0604da64184ec5fda14a14a8bb42e9a84,PRIOR_NIGHT_USDJPY_TO_JNU_DAY_G1_V1
2023-01-26,2023-01-25,-0.006151972647771863,0.0001826650840771159,0.0001826650840771159,1,1,1.0,6f49c51a794ccd72f7c5f3f07acad8e0604da64184ec5fda14a14a8bb42e9a84,PRIOR_NIGHT_USDJPY_TO_JNU_DAY_G1_V1
2023-01-27,2023-01-26,0.007080220434509132,-0.001095090454391641,0.001095090454391641,1,1,1.0,6f49c51a794ccd72f7c5f3f07acad8e0604da64184ec5fda14a14a8bb42e9a84,PRIOR_NIGHT_USDJPY_TO_JNU_DAY_G1_V1
2023-01-30,2023-01-27,-7.695563511427812e-05,0.0020089496300895312,0.0020089496300895312,1,1,1.0,6f49c51a794ccd72f7c5f3f07acad8e0604da64184ec5fda14a14a8bb42e9a84,PRIOR_NIGHT_USDJPY_TO_JNU_DAY_G1_V1
2023-01-31,2023-01-30,0.0056936369860601,-0.003654974829080831,0.003654974829080831,1,1,1.0,6f49c51a794ccd72f7c5f3f07acad8e0604da64184ec5fda14a14a8bb42e9a84,PRIOR_NIGHT_USDJPY_TO_JNU_DAY_G1_V1
2023-02-01,2023-01-31,0.00015365703779456627,-0.005113232469925996,0.005113232469925996,1,1,1.0,6f49c51a794ccd72f7c5f3f07acad8e0604da64184ec5fda14a14a8bb42e9a84,PRIOR_NIGHT_USDJPY_TO_JNU_DAY_G1_V1
2023-02-02,2023-02-01,-0.007014867848384893,-0.0003649635077006303,-0.0003649635077006303,1,0,1.0,6f49c51a794ccd72f7c5f3f07acad8e0604da64184ec5fda14a14a8bb42e9a84,PRIOR_NIGHT_USDJPY_TO_JNU_DAY_G1_V1
2023-02-03,2023-02-02,-0.0016335424269617862,0.0009093389732728665,0.0009093389732728665,1,1,1.0,6f49c51a794ccd72f7c5f3f07acad8e0604da64184ec5fda14a14a8bb42e9a84,PRIOR_NIGHT_USDJPY_TO_JNU_DAY_G1_V1
2023-02-06,2023-02-03,0.018946962353458545,-0.003966828137183988,0.003966828137183988,1,1,1.0,6f49c51a794ccd72f7c5f3f07acad8e0604da64184ec5fda14a14a8bb42e9a84,PRIOR_NIGHT_USDJPY_TO_JNU_DAY_G1_V1
2023-02-07,2023-02-06,0.00733324019597605,-0.0030716439364428926,0.0030716439364428926,1,1,1.0,6f49c51a794ccd72f7c5f3f07acad8e0604da64184ec5fda14a14a8bb42e9a84,PRIOR_NIGHT_USDJPY_TO_JNU_DAY_G1_V1
2023-02-08,2023-02-07,-0.005995540291251171,-0.0025348556031880663,-0.0025348556031880663,1,0,1.0,6f49c51a794ccd72f7c5f3f07acad8e0604da64184ec5fda14a14a8bb42e9a84,PRIOR_NIGHT_USDJPY_TO_JNU_DAY_G1_V1
2023-02-09,2023-02-08,0.002898995011688275,0.00491222674291175,-0.00491222674291175,1,0,1.0,6f49c51a794ccd72f7c5f3f07acad8e0604da64184ec5fda14a14a8bb42e9a84,PRIOR_NIGHT_USDJPY_TO_JNU_DAY_G1_V1
2023-02-10,2023-02-09,-0.0012970665229753184,0.004529403522167373,0.004529403522167373,1,1,1.0,6f49c51a794ccd72f7c5f3f07acad8e0604da64184ec5fda14a14a8bb42e9a84,PRIOR_NIGHT_USDJPY_TO_JNU_DAY_G1_V1
2023-02-13,2023-02-10,0.008016840035081848,-0.004368408839821558,0.004368408839821558,1,1,1.0,6f49c51a794ccd72f7c5f3f07acad8e0604da64184ec5fda14a14a8bb42e9a84,PRIOR_NIGHT_USDJPY_TO_JNU_DAY_G1_V1
2023-02-14,2023-02-13,0.004380010023032374,-0.0021715535135077954,0.0021715535135077954,1,1,1.0,6f49c51a794ccd72f7c5f3f07acad8e0604da64184ec5fda14a14a8bb42e9a84,PRIOR_NIGHT_USDJPY_TO_JNU_DAY_G1_V1
2023-02-15,2023-02-14,0.00731719781182564,-0.009238359338001618,0.009238359338001618,1,1,1.0,6f49c51a794ccd72f7c5f3f07acad8e0604da64184ec5fda14a14a8bb42e9a84,PRIOR_NIGHT_USDJPY_TO_JNU_DAY_G1_V1
2023-02-16,2023-02-15,0.006652986602725976,0.0023506022937844653,-0.0023506022937844653,1,0,1.0,6f49c51a794ccd72f7c5f3f07acad8e0604da64184ec5fda14a14a8bb42e9a84,PRIOR_NIGHT_USDJPY_TO_JNU_DAY_G1_V1
2023-02-17,2023-02-16,0.0012699363003556658,-0.0003639672469660497,0.0003639672469660497,1,1,1.0,6f49c51a794ccd72f7c5f3f07acad8e0604da64184ec5fda14a14a8bb42e9a84,PRIOR_NIGHT_USDJPY_TO_JNU_DAY_G1_V1
2023-02-20,2023-02-17,-0.0043864610684920926,0.0009093389732728665,0.0009093389732728665,1,1,1.0,6f49c51a794ccd72f7c5f3f07acad8e0604da64184ec5fda14a14a8bb42e9a84,PRIOR_NIGHT_USDJPY_TO_JNU_DAY_G1_V1
2023-02-21,2023-02-17,-0.0043864610684920926,0.0001821991441679515,0.0001821991441679515,1,1,1.0,6f49c51a794ccd72f7c5f3f07acad8e0604da64184ec5fda14a14a8bb42e9a84,PRIOR_NIGHT_USDJPY_TO_JNU_DAY_G1_V1
2023-02-22,2023-02-21,0.002152533768594221,-0.0058899489251995,0.0058899489251995,1,1,1.0,6f49c51a794ccd72f7c5f3f07acad8e0604da64184ec5fda14a14a8bb42e9a84,PRIOR_NIGHT_USDJPY_TO_JNU_DAY_G1_V1
2023-02-23,2023-02-22,0.0002968460133115949,0.002029708234413768,-0.002029708234413768,1,0,1.0,6f49c51a794ccd72f7c5f3f07acad8e0604da64184ec5fda14a14a8bb42e9a84,PRIOR_NIGHT_USDJPY_TO_JNU_DAY_G1_V1
2023-02-24,2023-02-22,0.0002968460133115949,0.007876219853700291,-0.007876219853700291,1,0,1.0,6f49c51a794ccd72f7c5f3f07acad8e0604da64184ec5fda14a14a8bb42e9a84,PRIOR_NIGHT_USDJPY_TO_JNU_DAY_G1_V1
2023-02-27,2023-02-24,0.011209556903842375,0.004019738648554691,-0.004019738648554691,1,0,1.0,6f49c51a794ccd72f7c5f3f07acad8e0604da64184ec5fda14a14a8bb42e9a84,PRIOR_NIGHT_USDJPY_TO_JNU_DAY_G1_V1
2023-02-28,2023-02-27,0.0,-0.0034542348680875576,0.0,0,0,1.0,6f49c51a794ccd72f7c5f3f07acad8e0604da64184ec5fda14a14a8bb42e9a84,PRIOR_NIGHT_USDJPY_TO_JNU_DAY_G1_V1
2023-03-01,2023-02-28,-0.004911133198874187,0.00473330576049135,0.00473330576049135,1,1,1.0,6f49c51a794ccd72f7c5f3f07acad8e0604da64184ec5fda14a14a8bb42e9a84,PRIOR_NIGHT_USDJPY_TO_JNU_DAY_G1_V1
2023-03-02,2023-03-01,-0.000809567661511236,0.0012723804315893186,0.0012723804315893186,1,1,1.0,6f49c51a794ccd72f7c5f3f07acad8e0604da64184ec5fda14a14a8bb42e9a84,PRIOR_NIGHT_USDJPY_TO_JNU_DAY_G1_V1
2023-03-03,2023-03-02,0.0003654570080511758,0.008997721311618564,-0.008997721311618564,1,0,1.0,6f49c51a794ccd72f7c5f3f07acad8e0604da64184ec5fda14a14a8bb42e9a84,PRIOR_NIGHT_USDJPY_TO_JNU_DAY_G1_V1
2023-03-06,2023-03-03,-0.0024219306543468754,0.0017714796483820209,0.0017714796483820209,1,1,1.0,6f49c51a794ccd72f7c5f3f07acad8e0604da64184ec5fda14a14a8bb42e9a84,PRIOR_NIGHT_USDJPY_TO_JNU_DAY_G1_V1
2023-03-07,2023-03-06,0.00176717518929503,0.004066843196914711,-0.004066843196914711,1,0,1.0,6f49c51a794ccd72f7c5f3f07acad8e0604da64184ec5fda14a14a8bb42e9a84,PRIOR_NIGHT_USDJPY_TO_JNU_DAY_G1_V1
2023-03-08,2023-03-07,0.008435773480358386,0.007764288166884983,-0.007764288166884983,1,0,1.0,6f49c51a794ccd72f7c5f3f07acad8e0604da64184ec5fda14a14a8bb42e9a84,PRIOR_NIGHT_USDJPY_TO_JNU_DAY_G1_V1
2023-03-09,2023-03-08,-0.0021845199104576813,-0.0022681681188697297,-0.0022681681188697297,1,0,1.0,6f49c51a794ccd72f7c5f3f07acad8e0604da64184ec5fda14a14a8bb42e9a84,PRIOR_NIGHT_USDJPY_TO_JNU_DAY_G1_V1
2023-03-10,2023-03-09,-0.003147303604375131,-0.005371543801910877,-0.005371543801910877,1,0,1.0,6f49c51a794ccd72f7c5f3f07acad8e0604da64184ec5fda14a14a8bb42e9a84,PRIOR_NIGHT_USDJPY_TO_JNU_DAY_G1_V1
2023-03-13,2023-03-10,-0.01009328198794847,-0.002715671081485548,-0.002715671081485548,1,0,1.0,6f49c51a794ccd72f7c5f3f07acad8e0604da64184ec5fda14a14a8bb42e9a84,PRIOR_NIGHT_USDJPY_TO_JNU_DAY_G1_V1
2023-03-14,2023-03-13,-0.010312451276664395,-0.010165506631458779,-0.010165506631458779,1,0,1.0,6f49c51a794ccd72f7c5f3f07acad8e0604da64184ec5fda14a14a8bb42e9a84,PRIOR_NIGHT_USDJPY_TO_JNU_DAY_G1_V1
2023-03-15,2023-03-14,0.005823519518952038,-0.00718433595792136,0.00718433595792136,1,1,1.0,6f49c51a794ccd72f7c5f3f07acad8e0604da64184ec5fda14a14a8bb42e9a84,PRIOR_NIGHT_USDJPY_TO_JNU_DAY_G1_V1
2023-03-16,2023-03-15,-0.015465958841385878,0.007516006820935343,0.007516006820935343,1,1,1.0,6f49c51a794ccd72f7c5f3f07acad8e0604da64184ec5fda14a14a8bb42e9a84,PRIOR_NIGHT_USDJPY_TO_JNU_DAY_G1_V1
2023-03-17,2023-03-16,-0.0008266637076936957,0.0027785513847240987,0.0027785513847240987,1,1,1.0,6f49c51a794ccd72f7c5f3f07acad8e0604da64184ec5fda14a14a8bb42e9a84,PRIOR_NIGHT_USDJPY_TO_JNU_DAY_G1_V1
2023-03-20,2023-03-17,-0.007621815563606992,-0.009139297037599371,-0.009139297037599371,1,0,1.0,6f49c51a794ccd72f7c5f3f07acad8e0604da64184ec5fda14a14a8bb42e9a84,PRIOR_NIGHT_USDJPY_TO_JNU_DAY_G1_V1
2023-03-21,2023-03-20,0.004035794550698408,-0.0003721622670420677,0.0003721622670420677,1,1,1.0,6f49c51a794ccd72f7c5f3f07acad8e0604da64184ec5fda14a14a8bb42e9a84,PRIOR_NIGHT_USDJPY_TO_JNU_DAY_G1_V1
2023-03-22,2023-03-20,0.004035794550698408,0.002946052581900175,-0.002946052581900175,1,0,1.0,6f49c51a794ccd72f7c5f3f07acad8e0604da64184ec5fda14a14a8bb42e9a84,PRIOR_NIGHT_USDJPY_TO_JNU_DAY_G1_V1
2023-03-23,2023-03-22,0.0005277641770632744,0.004431321874670332,-0.004431321874670332,1,0,1.0,6f49c51a794ccd72f7c5f3f07acad8e0604da64184ec5fda14a14a8bb42e9a84,PRIOR_NIGHT_USDJPY_TO_JNU_DAY_G1_V1
2023-03-24,2023-03-23,0.0006109202175500403,0.0027682955761417606,-0.0027682955761417606,1,0,1.0,6f49c51a794ccd72f7c5f3f07acad8e0604da64184ec5fda14a14a8bb42e9a84,PRIOR_NIGHT_USDJPY_TO_JNU_DAY_G1_V1
2023-03-27,2023-03-24,0.0029129955439541368,0.0020200172142925024,-0.0020200172142925024,1,0,1.0,6f49c51a794ccd72f7c5f3f07acad8e0604da64184ec5fda14a14a8bb42e9a84,PRIOR_NIGHT_USDJPY_TO_JNU_DAY_G1_V1
2023-03-28,2023-03-27,0.004267973859165554,-0.0027459971488557364,0.0027459971488557364,1,1,1.0,6f49c51a794ccd72f7c5f3f07acad8e0604da64184ec5fda14a14a8bb42e9a84,PRIOR_NIGHT_USDJPY_TO_JNU_DAY_G1_V1
2023-03-29,2023-03-28,-0.0014496626351359228,0.010939033420431577,0.010939033420431577,1,1,1.0,6f49c51a794ccd72f7c5f3f07acad8e0604da64184ec5fda14a14a8bb42e9a84,PRIOR_NIGHT_USDJPY_TO_JNU_DAY_G1_V1
2023-03-30,2023-03-29,0.005365184593069471,0.0009009821314060016,-0.0009009821314060016,1,0,1.0,6f49c51a794ccd72f7c5f3f07acad8e0604da64184ec5fda14a14a8bb42e9a84,PRIOR_NIGHT_USDJPY_TO_JNU_DAY_G1_V1
2023-03-31,2023-03-30,0.0022631270974925624,0.003927875073206763,-0.003927875073206763,1,0,1.0,6f49c51a794ccd72f7c5f3f07acad8e0604da64184ec5fda14a14a8bb42e9a84,PRIOR_NIGHT_USDJPY_TO_JNU_DAY_G1_V1
2023-04-03,2023-03-31,-0.00285843432177754,0.00017713222967226359,0.00017713222967226359,1,1,1.0,6f49c51a794ccd72f7c5f3f07acad8e0604da64184ec5fda14a14a8bb42e9a84,PRIOR_NIGHT_USDJPY_TO_JNU_DAY_G1_V1
2023-04-04,2023-04-03,-0.008951129756612471,0.003898640415657323,0.003898640415657323,1,1,1.0,6f49c51a794ccd72f7c5f3f07acad8e0604da64184ec5fda14a14a8bb42e9a84,PRIOR_NIGHT_USDJPY_TO_JNU_DAY_G1_V1
2023-04-05,2023-04-04,-0.007645470798290894,-0.010549941391184026,-0.010549941391184026,1,0,1.0,6f49c51a794ccd72f7c5f3f07acad8e0604da64184ec5fda14a14a8bb42e9a84,PRIOR_NIGHT_USDJPY_TO_JNU_DAY_G1_V1
2023-04-06,2023-04-05,-0.002285541144236084,-0.004711860837897664,-0.004711860837897664,1,0,1.0,6f49c51a794ccd72f7c5f3f07acad8e0604da64184ec5fda14a14a8bb42e9a84,PRIOR_NIGHT_USDJPY_TO_JNU_DAY_G1_V1
2023-04-07,2023-04-06,0.0022810228868356255,-0.0027225717879108867,0.0027225717879108867,1,1,1.0,6f49c51a794ccd72f7c5f3f07acad8e0604da64184ec5fda14a14a8bb42e9a84,PRIOR_NIGHT_USDJPY_TO_JNU_DAY_G1_V1
2023-04-10,2023-04-07,0.001666667052469468,-0.00018091361424282256,0.00018091361424282256,1,1,1.0,6f49c51a794ccd72f7c5f3f07acad8e0604da64184ec5fda14a14a8bb42e9a84,PRIOR_NIGHT_USDJPY_TO_JNU_DAY_G1_V1
2023-04-11,2023-04-10,0.01264030072040289,0.002150153130829307,-0.002150153130829307,1,0,1.0,6f49c51a794ccd72f7c5f3f07acad8e0604da64184ec5fda14a14a8bb42e9a84,PRIOR_NIGHT_USDJPY_TO_JNU_DAY_G1_V1
2023-04-12,2023-04-11,0.003598474533028176,0.002137514173310838,-0.002137514173310838,1,0,1.0,6f49c51a794ccd72f7c5f3f07acad8e0604da64184ec5fda14a14a8bb42e9a84,PRIOR_NIGHT_USDJPY_TO_JNU_DAY_G1_V1
2023-04-13,2023-04-12,-0.004492706920407575,0.00997870004989627,0.00997870004989627,1,1,1.0,6f49c51a794ccd72f7c5f3f07acad8e0604da64184ec5fda14a14a8bb42e9a84,PRIOR_NIGHT_USDJPY_TO_JNU_DAY_G1_V1
2023-04-14,2023-04-13,-0.0049736349701349205,0.0026401493818506497,0.0026401493818506497,1,1,1.0,6f49c51a794ccd72f7c5f3f07acad8e0604da64184ec5fda14a14a8bb42e9a84,PRIOR_NIGHT_USDJPY_TO_JNU_DAY_G1_V1
2023-04-17,2023-04-14,0.011430414720400415,-0.00017526947726925453,0.00017526947726925453,1,1,1.0,6f49c51a794ccd72f7c5f3f07acad8e0604da64184ec5fda14a14a8bb42e9a84,PRIOR_NIGHT_USDJPY_TO_JNU_DAY_G1_V1
2023-04-18,2023-04-17,0.0034256810385216276,0.002970731761019082,-0.002970731761019082,1,0,1.0,6f49c51a794ccd72f7c5f3f07acad8e0604da64184ec5fda14a14a8bb42e9a84,PRIOR_NIGHT_USDJPY_TO_JNU_DAY_G1_V1
2023-04-19,2023-04-18,-0.0008943877766958134,-0.0012226007985222127,-0.0012226007985222127,1,0,1.0,6f49c51a794ccd72f7c5f3f07acad8e0604da64184ec5fda14a14a8bb42e9a84,PRIOR_NIGHT_USDJPY_TO_JNU_DAY_G1_V1
2023-04-20,2023-04-19,0.00037101621766430547,0.005079264795058915,-0.005079264795058915,1,0,1.0,6f49c51a794ccd72f7c5f3f07acad8e0604da64184ec5fda14a14a8bb42e9a84,PRIOR_NIGHT_USDJPY_TO_JNU_DAY_G1_V1
2023-04-21,2023-04-20,-0.003795918368368967,0.0,0.0,0,0,1.0,6f49c51a794ccd72f7c5f3f07acad8e0604da64184ec5fda14a14a8bb42e9a84,PRIOR_NIGHT_USDJPY_TO_JNU_DAY_G1_V1
2023-04-24,2023-04-21,0.0026098967128033363,-0.0022725296031389716,0.0022725296031389716,1,1,1.0,6f49c51a794ccd72f7c5f3f07acad8e0604da64184ec5fda14a14a8bb42e9a84,PRIOR_NIGHT_USDJPY_TO_JNU_DAY_G1_V1
2023-04-25,2023-04-24,0.0013400835835122862,-0.0019192189438107295,0.0019192189438107295,1,1,1.0,6f49c51a794ccd72f7c5f3f07acad8e0604da64184ec5fda14a14a8bb42e9a84,PRIOR_NIGHT_USDJPY_TO_JNU_DAY_G1_V1
2023-04-26,2023-04-25,-0.0014918695889494904,-0.0026382919181653797,-0.0026382919181653797,1,0,1.0,6f49c51a794ccd72f7c5f3f07acad8e0604da64184ec5fda14a14a8bb42e9a84,PRIOR_NIGHT_USDJPY_TO_JNU_DAY_G1_V1
2023-04-27,2023-04-26,0.0019462540764374101,0.004583929042112627,-0.004583929042112627,1,0,1.0,6f49c51a794ccd72f7c5f3f07acad8e0604da64184ec5fda14a14a8bb42e9a84,PRIOR_NIGHT_USDJPY_TO_JNU_DAY_G1_V1
2023-04-28,2023-04-27,0.0018668563835817682,0.0045162487740851775,-0.0045162487740851775,1,0,1.0,6f49c51a794ccd72f7c5f3f07acad8e0604da64184ec5fda14a14a8bb42e9a84,PRIOR_NIGHT_USDJPY_TO_JNU_DAY_G1_V1
2023-05-01,2023-04-28,0.0019137353109940818,0.004468129103918838,-0.004468129103918838,1,0,1.0,6f49c51a794ccd72f7c5f3f07acad8e0604da64184ec5fda14a14a8bb42e9a84,PRIOR_NIGHT_USDJPY_TO_JNU_DAY_G1_V1
2023-05-02,2023-05-01,0.004524234220292568,-0.004793708888743504,0.004793708888743504,1,1,1.0,6f49c51a794ccd72f7c5f3f07acad8e0604da64184ec5fda14a14a8bb42e9a84,PRIOR_NIGHT_USDJPY_TO_JNU_DAY_G1_V1
2023-05-03,2023-05-02,-0.008319394111965655,0.0031244601012625534,0.0031244601012625534,1,1,1.0,6f49c51a794ccd72f7c5f3f07acad8e0604da64184ec5fda14a14a8bb42e9a84,PRIOR_NIGHT_USDJPY_TO_JNU_DAY_G1_V1
2023-05-04,2023-05-02,-0.008319394111965655,0.00418556592917936,0.00418556592917936,1,1,1.0,6f49c51a794ccd72f7c5f3f07acad8e0604da64184ec5fda14a14a8bb42e9a84,PRIOR_NIGHT_USDJPY_TO_JNU_DAY_G1_V1
2023-05-05,2023-05-02,-0.008319394111965655,0.0031347988053714785,0.0031347988053714785,1,1,1.0,6f49c51a794ccd72f7c5f3f07acad8e0604da64184ec5fda14a14a8bb42e9a84,PRIOR_NIGHT_USDJPY_TO_JNU_DAY_G1_V1
2023-05-08,2023-05-02,-0.008319394111965655,-0.0037911470532688957,-0.0037911470532688957,1,0,1.0,6f49c51a794ccd72f7c5f3f07acad8e0604da64184ec5fda14a14a8bb42e9a84,PRIOR_NIGHT_USDJPY_TO_JNU_DAY_G1_V1
2023-05-09,2023-05-08,-0.0014822503269676815,0.006693580299141394,0.006693580299141394,1,1,1.0,6f49c51a794ccd72f7c5f3f07acad8e0604da64184ec5fda14a14a8bb42e9a84,PRIOR_NIGHT_USDJPY_TO_JNU_DAY_G1_V1
2023-05-10,2023-05-09,0.0025188930194839864,-0.0034264210325962922,0.0034264210325962922,1,1,1.0,6f49c51a794ccd72f7c5f3f07acad8e0604da64184ec5fda14a14a8bb42e9a84,PRIOR_NIGHT_USDJPY_TO_JNU_DAY_G1_V1
2023-05-11,2023-05-10,-0.005338090967616353,0.0024067400305650593,0.0024067400305650593,1,1,1.0,6f49c51a794ccd72f7c5f3f07acad8e0604da64184ec5fda14a14a8bb42e9a84,PRIOR_NIGHT_USDJPY_TO_JNU_DAY_G1_V1
2023-05-12,2023-05-11,-0.0006691201320242076,0.01007608217499729,0.01007608217499729,1,1,1.0,6f49c51a794ccd72f7c5f3f07acad8e0604da64184ec5fda14a14a8bb42e9a84,PRIOR_NIGHT_USDJPY_TO_JNU_DAY_G1_V1
2023-05-15,2023-05-12,0.005693386668187373,0.003209733307223778,-0.003209733307223778,1,0,1.0,6f49c51a794ccd72f7c5f3f07acad8e0604da64184ec5fda14a14a8bb42e9a84,PRIOR_NIGHT_USDJPY_TO_JNU_DAY_G1_V1
2023-05-16,2023-05-15,0.0008087343748517811,-0.0005028073515803333,0.0005028073515803333,1,1,1.0,6f49c51a794ccd72f7c5f3f07acad8e0604da64184ec5fda14a14a8bb42e9a84,PRIOR_NIGHT_USDJPY_TO_JNU_DAY_G1_V1
2023-05-17,2023-05-16,0.006020134179107476,0.005669516603796975,-0.005669516603796975,1,0,1.0,6f49c51a794ccd72f7c5f3f07acad8e0604da64184ec5fda14a14a8bb42e9a84,PRIOR_NIGHT_USDJPY_TO_JNU_DAY_G1_V1
2023-05-18,2023-05-17,0.003788711271555031,0.002454792166353762,-0.002454792166353762,1,0,1.0,6f49c51a794ccd72f7c5f3f07acad8e0604da64184ec5fda14a14a8bb42e9a84,PRIOR_NIGHT_USDJPY_TO_JNU_DAY_G1_V1
2023-05-19,2023-05-18,0.004921839698331327,-0.0011329611958836546,0.0011329611958836546,1,1,1.0,6f49c51a794ccd72f7c5f3f07acad8e0604da64184ec5fda14a14a8bb42e9a84,PRIOR_NIGHT_USDJPY_TO_JNU_DAY_G1_V1
2023-05-22,2023-05-19,-0.003263355446939847,0.00954005133443879,0.00954005133443879,1,1,1.0,6f49c51a794ccd72f7c5f3f07acad8e0604da64184ec5fda14a14a8bb42e9a84,PRIOR_NIGHT_USDJPY_TO_JNU_DAY_G1_V1
2023-05-23,2023-05-22,0.005859179842112843,-0.011744966480387723,0.011744966480387723,1,1,1.0,6f49c51a794ccd72f7c5f3f07acad8e0604da64184ec5fda14a14a8bb42e9a84,PRIOR_NIGHT_USDJPY_TO_JNU_DAY_G1_V1
2023-05-24,2023-05-23,0.0026704212758621856,-0.0009776764669912595,0.0009776764669912595,1,1,1.0,6f49c51a794ccd72f7c5f3f07acad8e0604da64184ec5fda14a14a8bb42e9a84,PRIOR_NIGHT_USDJPY_TO_JNU_DAY_G1_V1
2023-05-25,2023-05-24,0.0035278484337081064,0.005042710970538332,-0.005042710970538332,1,0,1.0,6f49c51a794ccd72f7c5f3f07acad8e0604da64184ec5fda14a14a8bb42e9a84,PRIOR_NIGHT_USDJPY_TO_JNU_DAY_G1_V1
2023-05-26,2023-05-25,0.0029368596733097057,-0.0020989755021941065,0.0020989755021941065,1,1,1.0,6f49c51a794ccd72f7c5f3f07acad8e0604da64184ec5fda14a14a8bb42e9a84,PRIOR_NIGHT_USDJPY_TO_JNU_DAY_G1_V1
2023-05-29,2023-05-26,0.0070696906015631136,-0.011286980964582636,0.011286980964582636,1,1,1.0,6f49c51a794ccd72f7c5f3f07acad8e0604da64184ec5fda14a14a8bb42e9a84,PRIOR_NIGHT_USDJPY_TO_JNU_DAY_G1_V1
2023-05-30,2023-05-26,0.0070696906015631136,0.0028735651957317787,-0.0028735651957317787,1,0,1.0,6f49c51a794ccd72f7c5f3f07acad8e0604da64184ec5fda14a14a8bb42e9a84,PRIOR_NIGHT_USDJPY_TO_JNU_DAY_G1_V1
2023-05-31,2023-05-30,-0.0030704440560049566,-0.009521576010060661,-0.009521576010060661,1,0,1.0,6f49c51a794ccd72f7c5f3f07acad8e0604da64184ec5fda14a14a8bb42e9a84,PRIOR_NIGHT_USDJPY_TO_JNU_DAY_G1_V1
2023-06-01,2023-05-31,0.00021464601377434926,0.010653853797275807,-0.010653853797275807,1,0,1.0,6f49c51a794ccd72f7c5f3f07acad8e0604da64184ec5fda14a14a8bb42e9a84,PRIOR_NIGHT_USDJPY_TO_JNU_DAY_G1_V1
2023-06-02,2023-06-01,-0.008469152753191234,0.00620280318773968,0.00620280318773968,1,1,1.0,6f49c51a794ccd72f7c5f3f07acad8e0604da64184ec5fda14a14a8bb42e9a84,PRIOR_NIGHT_USDJPY_TO_JNU_DAY_G1_V1
2023-06-05,2023-06-02,0.005380792836799911,0.009807815834632347,-0.009807815834632347,1,0,1.0,6f49c51a794ccd72f7c5f3f07acad8e0604da64184ec5fda14a14a8bb42e9a84,PRIOR_NIGHT_USDJPY_TO_JNU_DAY_G1_V1
2023-06-06,2023-06-05,-0.005499031889715634,0.011959449835153759,0.011959449835153759,1,1,1.0,6f49c51a794ccd72f7c5f3f07acad8e0604da64184ec5fda14a14a8bb42e9a84,PRIOR_NIGHT_USDJPY_TO_JNU_DAY_G1_V1
2023-06-07,2023-06-06,0.0025808315995463505,-0.022811137281018648,0.022811137281018648,1,1,1.0,6f49c51a794ccd72f7c5f3f07acad8e0604da64184ec5fda14a14a8bb42e9a84,PRIOR_NIGHT_USDJPY_TO_JNU_DAY_G1_V1
2023-06-08,2023-06-07,0.0038651540496279797,-0.005508788622226384,0.005508788622226384,1,1,1.0,6f49c51a794ccd72f7c5f3f07acad8e0604da64184ec5fda14a14a8bb42e9a84,PRIOR_NIGHT_USDJPY_TO_JNU_DAY_G1_V1
2023-06-09,2023-06-08,-0.006461826045645348,0.006706724039419808,0.006706724039419808,1,1,1.0,6f49c51a794ccd72f7c5f3f07acad8e0604da64184ec5fda14a14a8bb42e9a84,PRIOR_NIGHT_USDJPY_TO_JNU_DAY_G1_V1
2023-06-12,2023-06-09,-0.0015058623906162528,0.0006178560591980444,0.0006178560591980444,1,1,1.0,6f49c51a794ccd72f7c5f3f07acad8e0604da64184ec5fda14a14a8bb42e9a84,PRIOR_NIGHT_USDJPY_TO_JNU_DAY_G1_V1
2023-06-13,2023-06-12,0.0015041366586146462,0.011879518321208276,-0.011879518321208276,1,0,1.0,6f49c51a794ccd72f7c5f3f07acad8e0604da64184ec5fda14a14a8bb42e9a84,PRIOR_NIGHT_USDJPY_TO_JNU_DAY_G1_V1
2023-06-14,2023-06-13,0.0036495085051604383,0.0043338631683051305,-0.0043338631683051305,1,0,1.0,6f49c51a794ccd72f7c5f3f07acad8e0604da64184ec5fda14a14a8bb42e9a84,PRIOR_NIGHT_USDJPY_TO_JNU_DAY_G1_V1
2023-06-15,2023-06-14,-0.004725771361233456,-0.005371543801910877,-0.005371543801910877,1,0,1.0,6f49c51a794ccd72f7c5f3f07acad8e0604da64184ec5fda14a14a8bb42e9a84,PRIOR_NIGHT_USDJPY_TO_JNU_DAY_G1_V1
2023-06-16,2023-06-15,-0.005678203914156247,0.0064193696593263525,0.0064193696593263525,1,1,1.0,6f49c51a794ccd72f7c5f3f07acad8e0604da64184ec5fda14a14a8bb42e9a84,PRIOR_NIGHT_USDJPY_TO_JNU_DAY_G1_V1
2023-06-19,2023-06-16,0.004735493176352171,-0.01251133388910798,0.01251133388910798,1,1,1.0,6f49c51a794ccd72f7c5f3f07acad8e0604da64184ec5fda14a14a8bb42e9a84,PRIOR_NIGHT_USDJPY_TO_JNU_DAY_G1_V1
2023-06-20,2023-06-16,0.004735493176352171,-0.0003000750210063504,0.0003000750210063504,1,1,1.0,6f49c51a794ccd72f7c5f3f07acad8e0604da64184ec5fda14a14a8bb42e9a84,PRIOR_NIGHT_USDJPY_TO_JNU_DAY_G1_V1
2023-06-21,2023-06-20,-0.002259568819027603,0.01426557715882244,0.01426557715882244,1,1,1.0,6f49c51a794ccd72f7c5f3f07acad8e0604da64184ec5fda14a14a8bb42e9a84,PRIOR_NIGHT_USDJPY_TO_JNU_DAY_G1_V1
2023-06-22,2023-06-21,0.0,-0.005851918567938633,0.0,0,0,1.0,6f49c51a794ccd72f7c5f3f07acad8e0604da64184ec5fda14a14a8bb42e9a84,PRIOR_NIGHT_USDJPY_TO_JNU_DAY_G1_V1
2023-06-23,2023-06-22,0.0077280137314122135,-0.021912474778273856,0.021912474778273856,1,1,1.0,6f49c51a794ccd72f7c5f3f07acad8e0604da64184ec5fda14a14a8bb42e9a84,PRIOR_NIGHT_USDJPY_TO_JNU_DAY_G1_V1
2023-06-26,2023-06-23,0.006209250074846839,0.0029121026020699,-0.0029121026020699,1,0,1.0,6f49c51a794ccd72f7c5f3f07acad8e0604da64184ec5fda14a14a8bb42e9a84,PRIOR_NIGHT_USDJPY_TO_JNU_DAY_G1_V1
2023-06-27,2023-06-26,0.0025109868811580885,0.00230503367521705,-0.00230503367521705,1,0,1.0,6f49c51a794ccd72f7c5f3f07acad8e0604da64184ec5fda14a14a8bb42e9a84,PRIOR_NIGHT_USDJPY_TO_JNU_DAY_G1_V1
2023-06-28,2023-06-27,0.0033389012655146303,0.012770012391215163,-0.012770012391215163,1,0,1.0,6f49c51a794ccd72f7c5f3f07acad8e0604da64184ec5fda14a14a8bb42e9a84,PRIOR_NIGHT_USDJPY_TO_JNU_DAY_G1_V1
2023-06-29,2023-06-28,0.0010405467277180972,-0.00330827369402005,0.00330827369402005,1,1,1.0,6f49c51a794ccd72f7c5f3f07acad8e0604da64184ec5fda14a14a8bb42e9a84,PRIOR_NIGHT_USDJPY_TO_JNU_DAY_G1_V1
2023-06-30,2023-06-29,0.0027677847727263106,0.002567007827129541,-0.002567007827129541,1,0,1.0,6f49c51a794ccd72f7c5f3f07acad8e0604da64184ec5fda14a14a8bb42e9a84,PRIOR_NIGHT_USDJPY_TO_JNU_DAY_G1_V1
2023-07-03,2023-06-30,-0.0026268506740693893,0.006403119189387862,0.006403119189387862,1,1,1.0,6f49c51a794ccd72f7c5f3f07acad8e0604da64184ec5fda14a14a8bb42e9a84,PRIOR_NIGHT_USDJPY_TO_JNU_DAY_G1_V1
2023-07-04,2023-07-03,-0.0023501773449536266,-0.006432814463636696,-0.006432814463636696,1,0,1.0,6f49c51a794ccd72f7c5f3f07acad8e0604da64184ec5fda14a14a8bb42e9a84,PRIOR_NIGHT_USDJPY_TO_JNU_DAY_G1_V1
2023-07-05,2023-07-03,-0.0023501773449536266,0.0036111986279725597,0.0036111986279725597,1,1,1.0,6f49c51a794ccd72f7c5f3f07acad8e0604da64184ec5fda14a14a8bb42e9a84,PRIOR_NIGHT_USDJPY_TO_JNU_DAY_G1_V1
2023-07-06,2023-07-05,0.0007612193717288907,-0.008517161753480038,0.008517161753480038,1,1,1.0,6f49c51a794ccd72f7c5f3f07acad8e0604da64184ec5fda14a14a8bb42e9a84,PRIOR_NIGHT_USDJPY_TO_JNU_DAY_G1_V1
2023-07-07,2023-07-06,0.0011805147025652548,0.0041657084077025485,-0.0041657084077025485,1,0,1.0,6f49c51a794ccd72f7c5f3f07acad8e0604da64184ec5fda14a14a8bb42e9a84,PRIOR_NIGHT_USDJPY_TO_JNU_DAY_G1_V1
2023-07-10,2023-07-07,-0.007146891407168701,-0.006351194767298667,-0.006351194767298667,1,0,1.0,6f49c51a794ccd72f7c5f3f07acad8e0604da64184ec5fda14a14a8bb42e9a84,PRIOR_NIGHT_USDJPY_TO_JNU_DAY_G1_V1
2023-07-11,2023-07-10,-0.005213849618544152,-0.003715174551863431,-0.003715174551863431,1,0,1.0,6f49c51a794ccd72f7c5f3f07acad8e0604da64184ec5fda14a14a8bb42e9a84,PRIOR_NIGHT_USDJPY_TO_JNU_DAY_G1_V1
2023-07-12,2023-07-11,-0.00021348514580281342,-0.012750911366747122,-0.012750911366747122,1,0,1.0,6f49c51a794ccd72f7c5f3f07acad8e0604da64184ec5fda14a14a8bb42e9a84,PRIOR_NIGHT_USDJPY_TO_JNU_DAY_G1_V1
2023-07-13,2023-07-12,-0.009720348702637998,0.010820943428674835,0.010820943428674835,1,1,1.0,6f49c51a794ccd72f7c5f3f07acad8e0604da64184ec5fda14a14a8bb42e9a84,PRIOR_NIGHT_USDJPY_TO_JNU_DAY_G1_V1
2023-07-14,2023-07-13,-0.0016635930204663063,-0.013196447451945021,-0.013196447451945021,1,0,1.0,6f49c51a794ccd72f7c5f3f07acad8e0604da64184ec5fda14a14a8bb42e9a84,PRIOR_NIGHT_USDJPY_TO_JNU_DAY_G1_V1
2023-07-17,2023-07-14,0.0036827134808894947,-0.0017068822516346255,0.0017068822516346255,1,1,1.0,6f49c51a794ccd72f7c5f3f07acad8e0604da64184ec5fda14a14a8bb42e9a84,PRIOR_NIGHT_USDJPY_TO_JNU_DAY_G1_V1
2023-07-18,2023-07-14,0.0036827134808894947,0.0006172839702180086,-0.0006172839702180086,1,0,1.0,6f49c51a794ccd72f7c5f3f07acad8e0604da64184ec5fda14a14a8bb42e9a84,PRIOR_NIGHT_USDJPY_TO_JNU_DAY_G1_V1
2023-07-19,2023-07-18,0.005123220788469099,0.003951372922326925,-0.003951372922326925,1,0,1.0,6f49c51a794ccd72f7c5f3f07acad8e0604da64184ec5fda14a14a8bb42e9a84,PRIOR_NIGHT_USDJPY_TO_JNU_DAY_G1_V1
2023-07-20,2023-07-19,0.0017903825457845019,-0.011195577408052748,0.011195577408052748,1,1,1.0,6f49c51a794ccd72f7c5f3f07acad8e0604da64184ec5fda14a14a8bb42e9a84,PRIOR_NIGHT_USDJPY_TO_JNU_DAY_G1_V1
2023-07-21,2023-07-20,0.005428197029756331,0.00015497869074031627,-0.00015497869074031627,1,0,1.0,6f49c51a794ccd72f7c5f3f07acad8e0604da64184ec5fda14a14a8bb42e9a84,PRIOR_NIGHT_USDJPY_TO_JNU_DAY_G1_V1
