trading_date,first30_return,middle_return,last30_return,day_session_return,first30_bars,middle_bars,last30_bars,day_session_bars,middle_coverage_ratio,source_file_sha256,transform_version
2023-07-24,0.00045945325871421923,-0.0004593125702736288,0.0,0.0001531745426906247,30,330,30,390,1.0,d5622e9bd2c263141135471c91b29745d2afa224336343daae58238e478aed43,225LABO_JNU_MICRO_PATH_V1
2023-07-25,-0.0029076460916887784,0.00030670142856591625,0.0004598758416297593,-0.0029076460916887784,30,330,30,390,1.0,d5622e9bd2c263141135471c91b29745d2afa224336343daae58238e478aed43,225LABO_JNU_MICRO_PATH_V1
2023-07-26,-0.0015351553521519594,0.005067189345119708,-0.0007662248478469104,0.0006134028715566454,30,330,30,390,1.0,d5622e9bd2c263141135471c91b29745d2afa224336343daae58238e478aed43,225LABO_JNU_MICRO_PATH_V1
2023-07-27,0.0038393658465556368,0.008705667811476428,0.0009118541665257408,0.01284224957352791,30,330,30,390,1.0,d5622e9bd2c263141135471c91b29745d2afa224336343daae58238e478aed43,225LABO_JNU_MICRO_PATH_V1
2023-07-28,-0.00030811893634611996,0.006454609776679692,0.0019867050165680443,0.0088943999948157,30,330,30,390,1.0,d5622e9bd2c263141135471c91b29745d2afa224336343daae58238e478aed43,225LABO_JNU_MICRO_PATH_V1
2023-07-31,-0.00015109163736536834,0.0028677100627806863,0.001956800503974809,0.004672553530976992,30,330,30,390,1.0,d5622e9bd2c263141135471c91b29745d2afa224336343daae58238e478aed43,225LABO_JNU_MICRO_PATH_V1
2023-08-01,-0.0018050546417301423,0.0062987610768261435,-0.0002989536644089483,0.005246208539985945,30,330,30,390,1.0,d5622e9bd2c263141135471c91b29745d2afa224336343daae58238e478aed43,225LABO_JNU_MICRO_PATH_V1
2023-08-02,-0.00408750852961517,-0.007159753336318177,-0.00352139994904007,-0.015069925198224206,30,330,30,390,1.0,d5622e9bd2c263141135471c91b29745d2afa224336343daae58238e478aed43,225LABO_JNU_MICRO_PATH_V1
2023-08-03,-0.0009285051734851152,-0.0029500836549550546,0.0,-0.0055840070642711554,30,330,30,390,1.0,d5622e9bd2c263141135471c91b29745d2afa224336343daae58238e478aed43,225LABO_JNU_MICRO_PATH_V1
2023-08-04,-0.00046944684376736966,0.004993768180486974,-0.00031128404920620345,0.004993768180486974,30,330,30,390,1.0,d5622e9bd2c263141135471c91b29745d2afa224336343daae58238e478aed43,225LABO_JNU_MICRO_PATH_V1
2023-08-07,-0.0001567766719523943,0.00920227970870186,0.0015508687971972567,0.01153379369388452,30,330,30,390,1.0,d5622e9bd2c263141135471c91b29745d2afa224336343daae58238e478aed43,225LABO_JNU_MICRO_PATH_V1
2023-08-08,-0.0016994982846818443,0.0010809977116296465,-0.002163499530343268,-0.002163499530343268,30,330,30,390,1.0,d5622e9bd2c263141135471c91b29745d2afa224336343daae58238e478aed43,225LABO_JNU_MICRO_PATH_V1
2023-08-09,0.002323241190553994,-0.0027885378255481227,-0.0006206361719777064,-0.0009308098717350013,30,330,30,390,1.0,d5622e9bd2c263141135471c91b29745d2afa224336343daae58238e478aed43,225LABO_JNU_MICRO_PATH_V1
2023-08-10,-0.003116723732264644,0.013173379189984118,0.001384935206360527,0.011755742497865583,30,330,30,390,1.0,d5622e9bd2c263141135471c91b29745d2afa224336343daae58238e478aed43,225LABO_JNU_MICRO_PATH_V1
2023-08-11,0.0019940186068644495,-0.0010730437145188,0.0006132147976918687,0.001840773644492622,30,330,30,390,1.0,d5622e9bd2c263141135471c91b29745d2afa224336343daae58238e478aed43,225LABO_JNU_MICRO_PATH_V1
2023-08-14,-0.0015396461855927501,-0.010231061185764573,-0.0007797271350210455,-0.01394290596901275,30,330,30,390,1.0,d5622e9bd2c263141135471c91b29745d2afa224336343daae58238e478aed43,225LABO_JNU_MICRO_PATH_V1
2023-08-15,-0.0004642166427658592,-0.0030988559040662565,0.00046551323674069224,-0.0027885378255481227,30,330,30,390,1.0,d5622e9bd2c263141135471c91b29745d2afa224336343daae58238e478aed43,225LABO_JNU_MICRO_PATH_V1
2023-08-16,0.0001565802868618574,-0.005494088068369822,-0.0015750515147775126,-0.006598609960043424,30,330,30,390,1.0,d5622e9bd2c263141135471c91b29745d2afa224336343daae58238e478aed43,225LABO_JNU_MICRO_PATH_V1
2023-08-17,-0.0030089499303427468,0.001110142053589472,0.002689662249595232,0.0007903264459426672,30,330,30,390,1.0,d5622e9bd2c263141135471c91b29745d2afa224336343daae58238e478aed43,225LABO_JNU_MICRO_PATH_V1
2023-08-18,0.003666219137996823,0.00031842063634755053,0.0023856870162031526,0.005256044592096532,30,330,30,390,1.0,d5622e9bd2c263141135471c91b29745d2afa224336343daae58238e478aed43,225LABO_JNU_MICRO_PATH_V1
2023-08-21,0.0009516257657090132,-0.0009511731852195638,0.00015864202460484314,0.0003173092204951138,30,330,30,390,1.0,d5622e9bd2c263141135471c91b29745d2afa224336343daae58238e478aed43,225LABO_JNU_MICRO_PATH_V1
2023-08-22,0.0021995295591912037,-0.001413427797146964,0.0026672958466819226,0.0037676653674407414,30,330,30,390,1.0,d5622e9bd2c263141135471c91b29745d2afa224336343daae58238e478aed43,225LABO_JNU_MICRO_PATH_V1
2023-08-23,0.002517703926322032,0.003605867354555142,0.0,0.00737779031331669,30,330,30,390,1.0,d5622e9bd2c263141135471c91b29745d2afa224336343daae58238e478aed43,225LABO_JNU_MICRO_PATH_V1
2023-08-24,0.0,0.0041935294816788735,-0.0015513499853509263,0.002487176783470252,30,330,30,390,1.0,d5622e9bd2c263141135471c91b29745d2afa224336343daae58238e478aed43,225LABO_JNU_MICRO_PATH_V1
2023-08-25,-0.0001574183395616444,-0.004575222937170656,-0.000949818022966149,-0.006157752148596249,30,330,30,390,1.0,d5622e9bd2c263141135471c91b29745d2afa224336343daae58238e478aed43,225LABO_JNU_MICRO_PATH_V1
2023-08-28,-0.0004700352612978573,0.007648519296674428,0.0007773027985620129,0.007956980900582443,30,330,30,390,1.0,d5622e9bd2c263141135471c91b29745d2afa224336343daae58238e478aed43,225LABO_JNU_MICRO_PATH_V1
2023-08-29,0.0006191950662230042,-0.00325455537175131,0.0006207324842391204,-0.0018598889428373669,30,330,30,390,1.0,d5622e9bd2c263141135471c91b29745d2afa224336343daae58238e478aed43,225LABO_JNU_MICRO_PATH_V1
2023-08-30,0.0,-0.0027803539690377586,-0.00046414482151428015,-0.0035529503661007396,30,330,30,390,1.0,d5622e9bd2c263141135471c91b29745d2afa224336343daae58238e478aed43,225LABO_JNU_MICRO_PATH_V1
2023-08-31,0.002006018726865766,0.005381730525938992,-0.00030660739164003564,0.007386921863074773,30,330,30,390,1.0,d5622e9bd2c263141135471c91b29745d2afa224336343daae58238e478aed43,225LABO_JNU_MICRO_PATH_V1
2023-09-01,0.002765828438031497,0.005201970114957575,-0.0013743607569138298,0.00690028038823411,30,330,30,390,1.0,d5622e9bd2c263141135471c91b29745d2afa224336343daae58238e478aed43,225LABO_JNU_MICRO_PATH_V1
2023-09-04,0.00030534351382285207,0.004265048354121544,0.0016705904105550674,0.006240982278499328,30,330,30,390,1.0,d5622e9bd2c263141135471c91b29745d2afa224336343daae58238e478aed43,225LABO_JNU_MICRO_PATH_V1
2023-09-05,-0.0015174509740336118,0.000758782948614712,0.001061329794114003,0.0006063362320065837,30,330,30,390,1.0,d5622e9bd2c263141135471c91b29745d2afa224336343daae58238e478aed43,225LABO_JNU_MICRO_PATH_V1
2023-09-06,0.0006043209127866051,0.004070255110527984,-0.0009026629167143254,0.0040720967211259635,30,330,30,390,1.0,d5622e9bd2c263141135471c91b29745d2afa224336343daae58238e478aed43,225LABO_JNU_MICRO_PATH_V1
2023-09-07,0.002410365734631389,-0.006640531495265437,-0.000908953251491851,-0.004838231391381442,30,330,30,390,1.0,d5622e9bd2c263141135471c91b29745d2afa224336343daae58238e478aed43,225LABO_JNU_MICRO_PATH_V1
2023-09-08,-0.00444070862206457,-0.006926834438349645,0.0001544043853913812,-0.010443959161083262,30,330,30,390,1.0,d5622e9bd2c263141135471c91b29745d2afa224336343daae58238e478aed43,225LABO_JNU_MICRO_PATH_V1
2023-09-11,-0.0021604946675451903,-0.005417550592632211,0.0017063526982086853,-0.005410013967955918,30,330,30,390,1.0,d5622e9bd2c263141135471c91b29745d2afa224336343daae58238e478aed43,225LABO_JNU_MICRO_PATH_V1
2023-09-12,0.0009244992954314201,0.0009229349986008987,0.0024570036930520837,0.005074201707643283,30,330,30,390,1.0,d5622e9bd2c263141135471c91b29745d2afa224336343daae58238e478aed43,225LABO_JNU_MICRO_PATH_V1
2023-09-13,0.002608763851965672,-0.003991408430748719,-0.0012317168608803205,-0.0026155873054598835,30,330,30,390,1.0,d5622e9bd2c263141135471c91b29745d2afa224336343daae58238e478aed43,225LABO_JNU_MICRO_PATH_V1
2023-09-14,-0.0003057636470848173,0.00974577532509931,-0.0006064281568503394,0.007917215533347144,30,330,30,390,1.0,d5622e9bd2c263141135471c91b29745d2afa224336343daae58238e478aed43,225LABO_JNU_MICRO_PATH_V1
2023-09-15,-0.0003010234821045516,0.0030048099531453775,0.0004500112578755289,0.003455272723338954,30,330,30,390,1.0,d5622e9bd2c263141135471c91b29745d2afa224336343daae58238e478aed43,225LABO_JNU_MICRO_PATH_V1
2023-09-18,0.0004532749189944098,-0.0009071666784813445,0.00075625807128524,-0.0004534804703213812,30,330,30,390,1.0,d5622e9bd2c263141135471c91b29745d2afa224336343daae58238e478aed43,225LABO_JNU_MICRO_PATH_V1
2023-09-19,0.0007560293699491187,-0.0033318219524304253,0.0022722118387764985,-0.00030257186312530816,30,330,30,390,1.0,d5622e9bd2c263141135471c91b29745d2afa224336343daae58238e478aed43,225LABO_JNU_MICRO_PATH_V1
2023-09-20,-0.0025740039951728773,-0.0036463121530201986,0.0,-0.006523576196006189,30,330,30,390,1.0,d5622e9bd2c263141135471c91b29745d2afa224336343daae58238e478aed43,225LABO_JNU_MICRO_PATH_V1
2023-09-21,-0.0010705820400069488,-0.008143242356829627,-0.0013892106888060344,-0.010448773612139535,30,330,30,390,1.0,d5622e9bd2c263141135471c91b29745d2afa224336343daae58238e478aed43,225LABO_JNU_MICRO_PATH_V1
2023-09-22,-0.000781066977144995,0.009335683176329275,-0.001859600721852549,0.006692111194014836,30,330,30,390,1.0,d5622e9bd2c263141135471c91b29745d2afa224336343daae58238e478aed43,225LABO_JNU_MICRO_PATH_V1
2023-09-25,-0.004027266905342958,0.009428928345544879,-0.001077503375241736,0.0037031364645013537,30,330,30,390,1.0,d5622e9bd2c263141135471c91b29745d2afa224336343daae58238e478aed43,225LABO_JNU_MICRO_PATH_V1
2023-09-26,-0.0057129777864793445,-0.004498572699363194,-0.0015559362093430843,-0.011303054455240661,30,330,30,390,1.0,d5622e9bd2c263141135471c91b29745d2afa224336343daae58238e478aed43,225LABO_JNU_MICRO_PATH_V1
2023-09-27,0.0006274510009774876,0.00610091841514935,0.0024922131279595436,0.00859313154310914,30,330,30,390,1.0,d5622e9bd2c263141135471c91b29745d2afa224336343daae58238e478aed43,225LABO_JNU_MICRO_PATH_V1
2023-09-28,-0.0010912776825448534,-0.004217767714833794,-0.00266562290336157,-0.007664071298436399,30,330,30,390,1.0,d5622e9bd2c263141135471c91b29745d2afa224336343daae58238e478aed43,225LABO_JNU_MICRO_PATH_V1
2023-09-29,-0.004068863203530593,-0.004714025071505441,0.007373160706488482,-0.0007811890093388861,30,330,30,390,1.0,d5622e9bd2c263141135471c91b29745d2afa224336343daae58238e478aed43,225LABO_JNU_MICRO_PATH_V1
2023-10-02,0.004664187560104923,-0.013726623263717536,0.0,-0.007822317733489995,30,330,30,390,1.0,d5622e9bd2c263141135471c91b29745d2afa224336343daae58238e478aed43,225LABO_JNU_MICRO_PATH_V1
2023-10-03,-0.0069786167439373215,-0.006555303672702263,0.0004807307199383487,-0.013525546316159561,30,330,30,390,1.0,d5622e9bd2c263141135471c91b29745d2afa224336343daae58238e478aed43,225LABO_JNU_MICRO_PATH_V1
2023-10-04,0.0019518548812195195,-0.006845992507990002,-0.004423698538622114,-0.00850234029682501,30,330,30,390,1.0,d5622e9bd2c263141135471c91b29745d2afa224336343daae58238e478aed43,225LABO_JNU_MICRO_PATH_V1
2023-10-05,-0.004728912196160672,0.012345835822299362,0.004353792251854732,0.011001567037802005,30,330,30,390,1.0,d5622e9bd2c263141135471c91b29745d2afa224336343daae58238e478aed43,225LABO_JNU_MICRO_PATH_V1
2023-10-06,-0.0016116038943415328,0.0008063866254240298,0.0006445375666252888,-0.0003221130644697274,30,330,30,390,1.0,d5622e9bd2c263141135471c91b29745d2afa224336343daae58238e478aed43,225LABO_JNU_MICRO_PATH_V1
2023-10-09,-0.0014475273938884274,-0.0008049585880999596,0.001126760682590667,-0.000964785410099001,30,330,30,390,1.0,d5622e9bd2c263141135471c91b29745d2afa224336343daae58238e478aed43,225LABO_JNU_MICRO_PATH_V1
2023-10-10,0.005249355886143745,0.007734234749928375,-0.002833755044907095,0.011575488006930734,30,330,30,390,1.0,d5622e9bd2c263141135471c91b29745d2afa224336343daae58238e478aed43,225LABO_JNU_MICRO_PATH_V1
2023-10-11,-0.0015691200457840255,0.0043900979884331824,-0.0020352257514398772,0.000470256298343931,30,330,30,390,1.0,d5622e9bd2c263141135471c91b29745d2afa224336343daae58238e478aed43,225LABO_JNU_MICRO_PATH_V1
2023-10-12,0.0054284739742928865,0.004010494346567568,0.005526572248841748,0.015738636858690633,30,330,30,390,1.0,d5622e9bd2c263141135471c91b29745d2afa224336343daae58238e478aed43,225LABO_JNU_MICRO_PATH_V1
2023-10-13,0.006018072325562945,-0.0077184699333121085,-0.00015495467606737313,-0.0012389656223257294,30,330,30,390,1.0,d5622e9bd2c263141135471c91b29745d2afa224336343daae58238e478aed43,225LABO_JNU_MICRO_PATH_V1
2023-10-16,-0.0032938622832204374,-0.005994654329844918,0.003792672055738976,-0.007229325843455705,30,330,30,390,1.0,d5622e9bd2c263141135471c91b29745d2afa224336343daae58238e478aed43,225LABO_JNU_MICRO_PATH_V1
2023-10-17,0.004043551388127041,-0.007316915962856881,0.001249804880696894,-0.0018717834196807367,30,330,30,390,1.0,d5622e9bd2c263141135471c91b29745d2afa224336343daae58238e478aed43,225LABO_JNU_MICRO_PATH_V1
2023-10-18,-0.005935662537991064,0.003906560167854346,-0.0009358915049050915,-0.002026659045853216,30,330,30,390,1.0,d5622e9bd2c263141135471c91b29745d2afa224336343daae58238e478aed43,225LABO_JNU_MICRO_PATH_V1
2023-10-19,0.002376615235740154,-0.003488191264791314,-0.00159007824884038,-0.0031776321622032457,30,330,30,390,1.0,d5622e9bd2c263141135471c91b29745d2afa224336343daae58238e478aed43,225LABO_JNU_MICRO_PATH_V1
2023-10-20,-0.002247191956904721,0.0059233343762798,-0.0025579550318429295,0.001602050967447221,30,330,30,390,1.0,d5622e9bd2c263141135471c91b29745d2afa224336343daae58238e478aed43,225LABO_JNU_MICRO_PATH_V1
2023-10-23,0.0017663593512683348,-0.0032144032820065303,-0.0008054772888168686,-0.0027359798188747488,30,330,30,390,1.0,d5622e9bd2c263141135471c91b29745d2afa224336343daae58238e478aed43,225LABO_JNU_MICRO_PATH_V1
2023-10-24,-0.004180070395197831,0.0022551555949335052,0.0,-0.001766359351268271,30,330,30,390,1.0,d5622e9bd2c263141135471c91b29745d2afa224336343daae58238e478aed43,225LABO_JNU_MICRO_PATH_V1
2023-10-25,-0.00015980823046396128,-0.001278976992889124,0.0006401024382423691,-0.001119194297015112,30,330,30,390,1.0,d5622e9bd2c263141135471c91b29745d2afa224336343daae58238e478aed43,225LABO_JNU_MICRO_PATH_V1
2023-10-26,0.0027586224390796607,-0.008469105995315895,-0.000654236202596486,-0.006848225035630738,30,330,30,390,1.0,d5622e9bd2c263141135471c91b29745d2afa224336343daae58238e478aed43,225LABO_JNU_MICRO_PATH_V1
2023-10-27,-0.0008128099285174276,0.005993376651009071,0.002580230426831939,0.0088975754829056,30,330,30,390,1.0,d5622e9bd2c263141135471c91b29745d2afa224336343daae58238e478aed43,225LABO_JNU_MICRO_PATH_V1
2023-10-30,0.0004887983804042888,-0.0014671124972392355,0.001955034835803295,0.0013029317804160619,30,330,30,390,1.0,d5622e9bd2c263141135471c91b29745d2afa224336343daae58238e478aed43,225LABO_JNU_MICRO_PATH_V1
2023-10-31,-0.0035947751129209713,0.009444786053077001,-0.0011351659371903215,0.005205803199555293,30,330,30,390,1.0,d5622e9bd2c263141135471c91b29745d2afa224336343daae58238e478aed43,225LABO_JNU_MICRO_PATH_V1
2023-11-01,0.005413163990330935,0.0009519277253821558,0.002375486111911813,0.009216655104924048,30,330,30,390,1.0,d5622e9bd2c263141135471c91b29745d2afa224336343daae58238e478aed43,225LABO_JNU_MICRO_PATH_V1
2023-11-02,-0.0003124023767988215,-0.0021864759608708475,-0.001564700679117494,-0.0026585362440748215,30,330,30,390,1.0,d5622e9bd2c263141135471c91b29745d2afa224336343daae58238e478aed43,225LABO_JNU_MICRO_PATH_V1
2023-11-06,-0.00045973489431290737,0.0010725504743807905,0.001682600779382972,0.0024483562345212653,30,330,30,390,1.0,d5622e9bd2c263141135471c91b29745d2afa224336343daae58238e478aed43,225LABO_JNU_MICRO_PATH_V1
2023-11-07,-0.003070312513257984,-0.006943936550931289,0.0001548586917535223,-0.010168012422683979,30,330,30,390,1.0,d5622e9bd2c263141135471c91b29745d2afa224336343daae58238e478aed43,225LABO_JNU_MICRO_PATH_V1
2023-11-08,-0.0032335080910389385,-0.005417550592632211,-0.0007765784346168677,-0.010663882834331872,30,330,30,390,1.0,d5622e9bd2c263141135471c91b29745d2afa224336343daae58238e478aed43,225LABO_JNU_MICRO_PATH_V1
2023-11-09,-0.0026334148903112012,0.014780869559118668,-0.002448356234521341,0.009699098434286083,30,330,30,390,1.0,d5622e9bd2c263141135471c91b29745d2afa224336343daae58238e478aed43,225LABO_JNU_MICRO_PATH_V1
2023-11-10,-0.0027773509598080373,0.006468527097851268,0.0003069367734348045,0.0041516166342446615,30,330,30,390,1.0,d5622e9bd2c263141135471c91b29745d2afa224336343daae58238e478aed43,225LABO_JNU_MICRO_PATH_V1
2023-11-13,-0.0025829992329767315,-0.0077940334949661095,-0.0001534801629902279,-0.011446137937607398,30,330,30,390,1.0,d5622e9bd2c263141135471c91b29745d2afa224336343daae58238e478aed43,225LABO_JNU_MICRO_PATH_V1
2023-11-14,-0.0013726838119721356,-0.0003055300970910189,-0.001069437119724339,-0.0029001012465482696,30,330,30,390,1.0,d5622e9bd2c263141135471c91b29745d2afa224336343daae58238e478aed43,225LABO_JNU_MICRO_PATH_V1
2023-11-15,-0.0019556230377083626,0.010038289402385851,-0.0014916470546204473,0.006740083929845422,30,330,30,390,1.0,d5622e9bd2c263141135471c91b29745d2afa224336343daae58238e478aed43,225LABO_JNU_MICRO_PATH_V1
2023-11-16,0.004332568217463488,-0.004478287824695867,-0.0008975318478357328,0.00044906819106582533,30,330,30,390,1.0,d5622e9bd2c263141135471c91b29745d2afa224336343daae58238e478aed43,225LABO_JNU_MICRO_PATH_V1
2023-11-17,-0.000899280636144002,0.005832664408113776,0.001787044407077776,0.006867748701515684,30,330,30,390,1.0,d5622e9bd2c263141135471c91b29745d2afa224336343daae58238e478aed43,225LABO_JNU_MICRO_PATH_V1
2023-11-20,0.006100755474381435,-0.007740437574976825,-0.002394493810954764,-0.003888146067738117,30,330,30,390,1.0,d5622e9bd2c263141135471c91b29745d2afa224336343daae58238e478aed43,225LABO_JNU_MICRO_PATH_V1
2023-11-21,-0.0028462306683585807,0.002397004893010085,-0.00239700489301017,-0.0026962269179835615,30,330,30,390,1.0,d5622e9bd2c263141135471c91b29745d2afa224336343daae58238e478aed43,225LABO_JNU_MICRO_PATH_V1
2023-11-22,0.00676846984967427,0.0017969456767016347,0.0005983545429084225,0.009164039194137389,30,330,30,390,1.0,d5622e9bd2c263141135471c91b29745d2afa224336343daae58238e478aed43,225LABO_JNU_MICRO_PATH_V1
2023-11-23,-0.0007417847680838003,0.0005934718275077906,0.0002966038876853437,0.00014829094710949327,30,330,30,390,1.0,d5622e9bd2c263141135471c91b29745d2afa224336343daae58238e478aed43,225LABO_JNU_MICRO_PATH_V1
2023-11-24,-0.0007414547681566458,-0.002672607381476437,-0.0013383896711227391,-0.003861582104400307,30,330,30,390,1.0,d5622e9bd2c263141135471c91b29745d2afa224336343daae58238e478aed43,225LABO_JNU_MICRO_PATH_V1
2023-11-27,0.0008891524000142121,-0.009372976452567811,0.00014948800386598926,-0.008187615519582152,30,330,30,390,1.0,d5622e9bd2c263141135471c91b29745d2afa224336343daae58238e478aed43,225LABO_JNU_MICRO_PATH_V1
2023-11-28,-0.0028347650463999407,-0.000598175582364523,-0.0007482230053521195,-0.004778981616350692,30,330,30,390,1.0,d5622e9bd2c263141135471c91b29745d2afa224336343daae58238e478aed43,225LABO_JNU_MICRO_PATH_V1
2023-11-29,0.0,0.0006003301996297089,-0.0010511300614926484,0.00030052592262251967,30,330,30,390,1.0,d5622e9bd2c263141135471c91b29745d2afa224336343daae58238e478aed43,225LABO_JNU_MICRO_PATH_V1
2023-11-30,-0.0019556230377083626,0.006304433970356416,0.0007473283361046744,0.005844026522220176,30,330,30,390,1.0,d5622e9bd2c263141135471c91b29745d2afa224336343daae58238e478aed43,225LABO_JNU_MICRO_PATH_V1
2023-12-01,-0.002835611182910579,0.0019424735282235494,-0.0020920509722240632,-0.0037327404296839083,30,330,30,390,1.0,d5622e9bd2c263141135471c91b29745d2afa224336343daae58238e478aed43,225LABO_JNU_MICRO_PATH_V1
2023-12-04,-0.009912967928393985,0.002413274172728335,-0.00030115946621232006,-0.007651376312337387,30,330,30,390,1.0,d5622e9bd2c263141135471c91b29745d2afa224336343daae58238e478aed43,225LABO_JNU_MICRO_PATH_V1
2023-12-05,0.0004544421800544764,-0.005923917984589806,-0.0016772131704846228,-0.0071466889750200074,30,330,30,390,1.0,d5622e9bd2c263141135471c91b29745d2afa224336343daae58238e478aed43,225LABO_JNU_MICRO_PATH_V1
2023-12-06,0.006513694165616513,0.008417305071054374,0.0013468015503787952,0.016130597734615667,30,330,30,390,1.0,d5622e9bd2c263141135471c91b29745d2afa224336343daae58238e478aed43,225LABO_JNU_MICRO_PATH_V1
2023-12-07,-0.0027165727542483612,-0.005912243402176254,0.00045616970303703275,-0.008627920017305593,30,330,30,390,1.0,d5622e9bd2c263141135471c91b29745d2afa224336343daae58238e478aed43,225LABO_JNU_MICRO_PATH_V1
2023-12-08,0.00046242775390513505,-0.007430374743292937,-0.0007768197392118845,-0.008049579068291653,30,330,30,390,1.0,d5622e9bd2c263141135471c91b29745d2afa224336343daae58238e478aed43,225LABO_JNU_MICRO_PATH_V1
2023-12-11,0.007798800900717747,-0.004272206681019759,0.0015281176567777486,0.005358659381874803,30,330,30,390,1.0,d5622e9bd2c263141135471c91b29745d2afa224336343daae58238e478aed43,225LABO_JNU_MICRO_PATH_V1
2023-12-12,-0.0013627074559359016,-0.007449673373641403,-0.0018317819196190886,-0.009730957126452545,30,330,30,390,1.0,d5622e9bd2c263141135471c91b29745d2afa224336343daae58238e478aed43,225LABO_JNU_MICRO_PATH_V1
2023-12-13,0.00015198723336500348,-0.0009122700951981941,-0.0015225337898534242,-0.002434942612275099,30,330,30,390,1.0,d5622e9bd2c263141135471c91b29745d2afa224336343daae58238e478aed43,225LABO_JNU_MICRO_PATH_V1
2023-12-14,0.0009119927672694428,-0.010088743473578035,-0.00046079410998893874,-0.010240823163628537,30,330,30,390,1.0,d5622e9bd2c263141135471c91b29745d2afa224336343daae58238e478aed43,225LABO_JNU_MICRO_PATH_V1
2023-12-15,0.005033183812331897,-0.0022832797803041057,0.0027405620076155486,0.0056415488501066835,30,330,30,390,1.0,d5622e9bd2c263141135471c91b29745d2afa224336343daae58238e478aed43,225LABO_JNU_MICRO_PATH_V1
2023-12-18,-0.0029045346415205943,0.0,-0.0004591719679666055,-0.0029045346415205943,30,330,30,390,1.0,d5622e9bd2c263141135471c91b29745d2afa224336343daae58238e478aed43,225LABO_JNU_MICRO_PATH_V1
2023-12-19,-0.004588567243400911,0.013097963674356729,0.002869442427952739,0.011832662329370726,30,330,30,390,1.0,d5622e9bd2c263141135471c91b29745d2afa224336343daae58238e478aed43,225LABO_JNU_MICRO_PATH_V1
2023-12-20,0.0035842332278151067,0.003422367747808663,0.0001485332345841959,0.007304198829996616,30,330,30,390,1.0,d5622e9bd2c263141135471c91b29745d2afa224336343daae58238e478aed43,225LABO_JNU_MICRO_PATH_V1
2023-12-21,-0.0003012955732344369,-0.0028690091404685253,0.00015122873374764123,-0.003923941044497005,30,330,30,390,1.0,d5622e9bd2c263141135471c91b29745d2afa224336343daae58238e478aed43,225LABO_JNU_MICRO_PATH_V1
2023-12-22,0.0012046380014207078,-0.003016138615867557,-0.00015109163736536834,-0.002866844664367535,30,330,30,390,1.0,d5622e9bd2c263141135471c91b29745d2afa224336343daae58238e478aed43,225LABO_JNU_MICRO_PATH_V1
2023-12-25,-0.0027039223324008582,-0.002558508431552367,-0.0009044317770573206,-0.00526435749881735,30,330,30,390,1.0,d5622e9bd2c263141135471c91b29745d2afa224336343daae58238e478aed43,225LABO_JNU_MICRO_PATH_V1
2023-12-26,-0.0027112533553759663,0.0003014318033372914,0.00105445517038391,-0.0009029345985922534,30,330,30,390,1.0,d5622e9bd2c263141135471c91b29745d2afa224336343daae58238e478aed43,225LABO_JNU_MICRO_PATH_V1
2023-12-27,0.0022406462432770884,0.0035746240029592047,0.0008923260556399329,0.005963935971627275,30,330,30,390,1.0,d5622e9bd2c263141135471c91b29745d2afa224336343daae58238e478aed43,225LABO_JNU_MICRO_PATH_V1
2023-12-28,0.00044859813836401467,0.0019416031788476648,-0.0013437851966135337,0.0010464161205981804,30,330,30,390,1.0,d5622e9bd2c263141135471c91b29745d2afa224336343daae58238e478aed43,225LABO_JNU_MICRO_PATH_V1
2023-12-29,0.001642649514438692,-0.003593356164756934,0.0017985616359148977,-0.0019447982792170848,30,330,30,390,1.0,d5622e9bd2c263141135471c91b29745d2afa224336343daae58238e478aed43,225LABO_JNU_MICRO_PATH_V1
2024-01-03,0.0006033182686773806,0.001506478139685177,0.0003009781813541898,0.0027120703680860968,30,330,30,390,1.0,913df08ebebe029ca3cf1d942a62bf228ce90c87cfaf823562c8f6edb7abe514,225LABO_JNU_MICRO_PATH_V1
2024-01-04,-0.007760824161745079,0.017291497110061043,-0.00045129748791536455,0.007400169691668642,30,330,30,390,1.0,913df08ebebe029ca3cf1d942a62bf228ce90c87cfaf823562c8f6edb7abe514,225LABO_JNU_MICRO_PATH_V1
2024-01-05,-0.0015001502963360258,0.0026994617472463514,-0.0014985766329152369,-0.0004498088388308193,30,330,30,390,1.0,913df08ebebe029ca3cf1d942a62bf228ce90c87cfaf823562c8f6edb7abe514,225LABO_JNU_MICRO_PATH_V1
2024-01-09,0.0034011123358465983,-0.003547151221483635,0.0007401376993932509,0.0010363462323648416,30,330,30,390,1.0,913df08ebebe029ca3cf1d942a62bf228ce90c87cfaf823562c8f6edb7abe514,225LABO_JNU_MICRO_PATH_V1
2024-01-10,0.0020652020911494477,0.015497386181893415,0.0007252157834709036,0.0182900701782653,30,330,30,390,1.0,913df08ebebe029ca3cf1d942a62bf228ce90c87cfaf823562c8f6edb7abe514,225LABO_JNU_MICRO_PATH_V1
2024-01-11,-0.0008584919685941476,0.004713284452098137,0.0024183808642816527,0.0065574005461590396,30,330,30,390,1.0,913df08ebebe029ca3cf1d942a62bf228ce90c87cfaf823562c8f6edb7abe514,225LABO_JNU_MICRO_PATH_V1
2024-01-12,0.011577144694554486,-0.0025273812947884627,0.0007028889022077687,0.010453549070727965,30,330,30,390,1.0,913df08ebebe029ca3cf1d942a62bf228ce90c87cfaf823562c8f6edb7abe514,225LABO_JNU_MICRO_PATH_V1
2024-01-15,-0.0005625088040320482,0.009656502158751912,0.00097459109698111,0.010210592939948937,30,330,30,390,1.0,913df08ebebe029ca3cf1d942a62bf228ce90c87cfaf823562c8f6edb7abe514,225LABO_JNU_MICRO_PATH_V1
2024-01-16,-0.007811449958694305,-0.0016792615197200253,-0.002103935133344315,-0.01047568767008125,30,330,30,390,1.0,913df08ebebe029ca3cf1d942a62bf228ce90c87cfaf823562c8f6edb7abe514,225LABO_JNU_MICRO_PATH_V1
2024-01-17,0.006257407610612075,-0.010462535279734978,-0.003231928619444281,-0.008967413321671176,30,330,30,390,1.0,913df08ebebe029ca3cf1d942a62bf228ce90c87cfaf823562c8f6edb7abe514,225LABO_JNU_MICRO_PATH_V1
2024-01-18,0.00422297924885578,-0.003943667082983257,0.001269125179159348,0.0009869581343978577,30,330,30,390,1.0,913df08ebebe029ca3cf1d942a62bf228ce90c87cfaf823562c8f6edb7abe514,225LABO_JNU_MICRO_PATH_V1
2024-01-19,-0.0034743972133722775,0.0020889917770151615,0.0012516516480042465,-0.001805179966705672,30,330,30,390,1.0,913df08ebebe029ca3cf1d942a62bf228ce90c87cfaf823562c8f6edb7abe514,225LABO_JNU_MICRO_PATH_V1
2024-01-22,0.0008244023550177622,0.0024681213680836697,0.0006843222055873614,0.004662652440698473,30,330,30,390,1.0,913df08ebebe029ca3cf1d942a62bf228ce90c87cfaf823562c8f6edb7abe514,225LABO_JNU_MICRO_PATH_V1
2024-01-23,0.0034062298755592178,-0.0060109470603866575,0.0013694880255976218,-0.0027333623687460923,30,330,30,390,1.0,913df08ebebe029ca3cf1d942a62bf228ce90c87cfaf823562c8f6edb7abe514,225LABO_JNU_MICRO_PATH_V1
2024-01-24,-0.0038445742809846734,-0.003857816854010789,0.000966383729519357,-0.00687571465633868,30,330,30,390,1.0,913df08ebebe029ca3cf1d942a62bf228ce90c87cfaf823562c8f6edb7abe514,225LABO_JNU_MICRO_PATH_V1
2024-01-25,-0.002355061003986281,0.004009129583654248,-0.0015183935555789989,0.001659063010160449,30,330,30,390,1.0,913df08ebebe029ca3cf1d942a62bf228ce90c87cfaf823562c8f6edb7abe514,225LABO_JNU_MICRO_PATH_V1
2024-01-26,-0.004180608095554237,0.0004189066597599723,-0.0032161112808211526,-0.0071174677688639896,30,330,30,390,1.0,913df08ebebe029ca3cf1d942a62bf228ce90c87cfaf823562c8f6edb7abe514,225LABO_JNU_MICRO_PATH_V1
2024-01-29,0.0030670594236576086,0.0022268624372842804,0.00125008697437855,0.005847155737468734,30,330,30,390,1.0,913df08ebebe029ca3cf1d942a62bf228ce90c87cfaf823562c8f6edb7abe514,225LABO_JNU_MICRO_PATH_V1
2024-01-30,-0.0030437212208681455,-0.001662510773613414,-0.001526611912612847,-0.005402049288994771,30,330,30,390,1.0,913df08ebebe029ca3cf1d942a62bf228ce90c87cfaf823562c8f6edb7abe514,225LABO_JNU_MICRO_PATH_V1
2024-01-31,0.002929893968955049,0.00860757778701971,0.004827262666781033,0.015390251777464215,30,330,30,390,1.0,913df08ebebe029ca3cf1d942a62bf228ce90c87cfaf823562c8f6edb7abe514,225LABO_JNU_MICRO_PATH_V1
2024-02-01,0.006109433054551522,-0.003883500026397633,-0.0012516516480041964,0.0008353056311942492,30,330,30,390,1.0,913df08ebebe029ca3cf1d942a62bf228ce90c87cfaf823562c8f6edb7abe514,225LABO_JNU_MICRO_PATH_V1
2024-02-02,-0.0024872197429034195,0.001937448710119821,-0.0019366446777827418,-0.003317669617619471,30,330,30,390,1.0,913df08ebebe029ca3cf1d942a62bf228ce90c87cfaf823562c8f6edb7abe514,225LABO_JNU_MICRO_PATH_V1
2024-02-05,-0.0028871952413303983,0.0009625301533773415,0.0006870491510383883,-0.0005492996567668725,30,330,30,390,1.0,913df08ebebe029ca3cf1d942a62bf228ce90c87cfaf823562c8f6edb7abe514,225LABO_JNU_MICRO_PATH_V1
2024-02-06,-0.002484130452160476,0.000966650631094974,-0.0034580572533132957,-0.0052515322460149755,30,330,30,390,1.0,913df08ebebe029ca3cf1d942a62bf228ce90c87cfaf823562c8f6edb7abe514,225LABO_JNU_MICRO_PATH_V1
2024-02-07,-0.0006957490018360118,0.004166094068995566,0.0008310249785735885,0.004718299066975282,30,330,30,390,1.0,913df08ebebe029ca3cf1d942a62bf228ce90c87cfaf823562c8f6edb7abe514,225LABO_JNU_MICRO_PATH_V1
2024-02-08,0.0020639842208514275,0.013259711736332488,0.002168316339448972,0.017341869709895905,30,330,30,390,1.0,913df08ebebe029ca3cf1d942a62bf228ce90c87cfaf823562c8f6edb7abe514,225LABO_JNU_MICRO_PATH_V1
2024-02-09,-0.0016205270258079342,-0.00027037988538388216,-0.002165381817815356,-0.004056252181306542,30,330,30,390,1.0,913df08ebebe029ca3cf1d942a62bf228ce90c87cfaf823562c8f6edb7abe514,225LABO_JNU_MICRO_PATH_V1
2024-02-12,0.0001347981399897653,0.004170877220345023,0.0,0.004036060907366995,30,330,30,390,1.0,913df08ebebe029ca3cf1d942a62bf228ce90c87cfaf823562c8f6edb7abe514,225LABO_JNU_MICRO_PATH_V1
2024-02-13,0.0009330223935766571,0.009541551318099806,0.0035542721547960803,0.014693493554342107,30,330,30,390,1.0,913df08ebebe029ca3cf1d942a62bf228ce90c87cfaf823562c8f6edb7abe514,225LABO_JNU_MICRO_PATH_V1
2024-02-14,0.0007950179297768977,0.0010594624219716165,-0.0007941760840976127,0.0010598835120432524,30,330,30,390,1.0,913df08ebebe029ca3cf1d942a62bf228ce90c87cfaf823562c8f6edb7abe514,225LABO_JNU_MICRO_PATH_V1
2024-02-15,-0.0009186955170725805,0.0011805602473000767,-0.0009178522902288858,0.0,30,330,30,390,1.0,913df08ebebe029ca3cf1d942a62bf228ce90c87cfaf823562c8f6edb7abe514,225LABO_JNU_MICRO_PATH_V1
2024-02-16,0.0028412779026530093,-0.007900060513548406,0.002206217233855681,-0.0023307015600484674,30,330,30,390,1.0,913df08ebebe029ca3cf1d942a62bf228ce90c87cfaf823562c8f6edb7abe514,225LABO_JNU_MICRO_PATH_V1
2024-02-19,0.0027320644067269388,-0.000650068280059589,0.0010400416954139326,0.002602135217951914,30,330,30,390,1.0,913df08ebebe029ca3cf1d942a62bf228ce90c87cfaf823562c8f6edb7abe514,225LABO_JNU_MICRO_PATH_V1
2024-02-20,-0.0007800312407987771,-0.001821494128391132,0.0005204944814971604,-0.0010401769238476597,30,330,30,390,1.0,913df08ebebe029ca3cf1d942a62bf228ce90c87cfaf823562c8f6edb7abe514,225LABO_JNU_MICRO_PATH_V1
2024-02-21,-0.0006544074574225311,0.0007844163037854424,0.0014366880287424808,0.0024828500177101957,30,330,30,390,1.0,913df08ebebe029ca3cf1d942a62bf228ce90c87cfaf823562c8f6edb7abe514,225LABO_JNU_MICRO_PATH_V1
2024-02-22,-0.0012896571299990652,0.008728074917482377,-0.0003834110852770912,0.008214652791131384,30,330,30,390,1.0,913df08ebebe029ca3cf1d942a62bf228ce90c87cfaf823562c8f6edb7abe514,225LABO_JNU_MICRO_PATH_V1
2024-02-23,-0.0038090447272785158,0.003808561160700413,0.0001267025658965017,0.0002534211873674546,30,330,30,390,1.0,913df08ebebe029ca3cf1d942a62bf228ce90c87cfaf823562c8f6edb7abe514,225LABO_JNU_MICRO_PATH_V1
2024-02-26,-0.005212649270439503,-0.0025497209121783473,0.0003825798682129951,-0.0054676212249059695,30,330,30,390,1.0,913df08ebebe029ca3cf1d942a62bf228ce90c87cfaf823562c8f6edb7abe514,225LABO_JNU_MICRO_PATH_V1
2024-02-27,-0.0011446742108374409,-0.002804693322482941,0.0015300270739491988,-0.002290660202428835,30,330,30,390,1.0,913df08ebebe029ca3cf1d942a62bf228ce90c87cfaf823562c8f6edb7abe514,225LABO_JNU_MICRO_PATH_V1
2024-02-28,-0.0005097489596807786,0.0,-0.0015313938674281365,-0.0024236251419649303,30,330,30,390,1.0,913df08ebebe029ca3cf1d942a62bf228ce90c87cfaf823562c8f6edb7abe514,225LABO_JNU_MICRO_PATH_V1
2024-02-29,-0.001925422583154513,0.008320047994695734,-0.00025484199934050397,0.0062640025849306355,30,330,30,390,1.0,913df08ebebe029ca3cf1d942a62bf228ce90c87cfaf823562c8f6edb7abe514,225LABO_JNU_MICRO_PATH_V1
2024-03-01,0.003045301173418996,0.0127181718073544,-0.000125101645249813,0.015635169091035607,30,330,30,390,1.0,913df08ebebe029ca3cf1d942a62bf228ce90c87cfaf823562c8f6edb7abe514,225LABO_JNU_MICRO_PATH_V1
2024-03-04,-0.0029843344705921407,-0.002992894115828358,0.0019957596745344224,-0.003607193413182898,30,330,30,390,1.0,913df08ebebe029ca3cf1d942a62bf228ce90c87cfaf823562c8f6edb7abe514,225LABO_JNU_MICRO_PATH_V1
2024-03-05,0.0006244146315898487,0.0012478164833464186,0.0007481297107042845,0.0022460703228409005,30,330,30,390,1.0,913df08ebebe029ca3cf1d942a62bf228ce90c87cfaf823562c8f6edb7abe514,225LABO_JNU_MICRO_PATH_V1
2024-03-06,0.002132330691921875,0.005249355886143745,-0.0013723413045196348,0.005759374878317886,30,330,30,390,1.0,913df08ebebe029ca3cf1d942a62bf228ce90c87cfaf823562c8f6edb7abe514,225LABO_JNU_MICRO_PATH_V1
2024-03-07,-0.002105915922297788,-0.020169803713686006,0.0032844900674235565,-0.018988702961048716,30,330,30,390,1.0,913df08ebebe029ca3cf1d942a62bf228ce90c87cfaf823562c8f6edb7abe514,225LABO_JNU_MICRO_PATH_V1
2024-03-08,-0.0018981340719571114,-0.0006332721381922637,-0.000126622349013699,-0.0016448412641185915,30,330,30,390,1.0,913df08ebebe029ca3cf1d942a62bf228ce90c87cfaf823562c8f6edb7abe514,225LABO_JNU_MICRO_PATH_V1
2024-03-11,0.0,-0.009720768658216018,0.0038961088245648857,-0.005042353433613213,30,330,30,390,1.0,913df08ebebe029ca3cf1d942a62bf228ce90c87cfaf823562c8f6edb7abe514,225LABO_JNU_MICRO_PATH_V1
2024-03-12,-0.005368964641922251,0.009655607375011574,-0.0032499216124982255,0.0029992850285943265,30,330,30,390,1.0,913df08ebebe029ca3cf1d942a62bf228ce90c87cfaf823562c8f6edb7abe514,225LABO_JNU_MICRO_PATH_V1
2024-03-13,-0.0030868191713057753,-0.009964495259431829,-0.001561890204282271,-0.014226830749087623,30,330,30,390,1.0,913df08ebebe029ca3cf1d942a62bf228ce90c87cfaf823562c8f6edb7abe514,225LABO_JNU_MICRO_PATH_V1
2024-03-14,0.0003909558921237398,0.004678979162790971,0.0,0.005459522204898974,30,330,30,390,1.0,913df08ebebe029ca3cf1d942a62bf228ce90c87cfaf823562c8f6edb7abe514,225LABO_JNU_MICRO_PATH_V1
2024-03-15,0.0056037157128360025,0.0,-0.0007799298458527387,0.004953731939546207,30,330,30,390,1.0,913df08ebebe029ca3cf1d942a62bf228ce90c87cfaf823562c8f6edb7abe514,225LABO_JNU_MICRO_PATH_V1
2024-03-18,0.008878653191105904,0.010700739049577582,0.0022781936191934907,0.02211376621224512,30,330,30,390,1.0,913df08ebebe029ca3cf1d942a62bf228ce90c87cfaf823562c8f6edb7abe514,225LABO_JNU_MICRO_PATH_V1
2024-03-19,-0.002033812827658904,0.008745857128719978,0.0007563343358151625,0.0077161852708749964,30,330,30,390,1.0,913df08ebebe029ca3cf1d942a62bf228ce90c87cfaf823562c8f6edb7abe514,225LABO_JNU_MICRO_PATH_V1
2024-03-20,0.004002506906835824,-0.001373883935584886,-0.0006250390852903886,0.0022533810236089725,30,330,30,390,1.0,913df08ebebe029ca3cf1d942a62bf228ce90c87cfaf823562c8f6edb7abe514,225LABO_JNU_MICRO_PATH_V1
2024-03-21,-0.0030965529171152577,0.006678234070553625,0.0,0.0037032507449892642,30,330,30,390,1.0,913df08ebebe029ca3cf1d942a62bf228ce90c87cfaf823562c8f6edb7abe514,225LABO_JNU_MICRO_PATH_V1
2024-03-22,-0.002084994929605469,0.0022088608809177376,-0.0017180026314216285,-0.002453386902826893,30,330,30,390,1.0,913df08ebebe029ca3cf1d942a62bf228ce90c87cfaf823562c8f6edb7abe514,225LABO_JNU_MICRO_PATH_V1
2024-03-25,-0.0009872887387172334,-0.003959911126805117,-0.004970806805397474,-0.009917026856130278,30,330,30,390,1.0,913df08ebebe029ca3cf1d942a62bf228ce90c87cfaf823562c8f6edb7abe514,225LABO_JNU_MICRO_PATH_V1
2024-03-26,0.0011193334916585022,0.0008697273331985496,-0.002612754207943561,-0.00112058780324813,30,330,30,390,1.0,913df08ebebe029ca3cf1d942a62bf228ce90c87cfaf823562c8f6edb7abe514,225LABO_JNU_MICRO_PATH_V1
2024-03-27,-0.0004959087629525672,0.009748951155981454,-0.005667133560775052,0.0032174263617084074,30,330,30,390,1.0,913df08ebebe029ca3cf1d942a62bf228ce90c87cfaf823562c8f6edb7abe514,225LABO_JNU_MICRO_PATH_V1
2024-03-28,0.0007415647355035913,-0.007939503311017906,0.0011207273447508246,-0.006574482528694336,30,330,30,390,1.0,913df08ebebe029ca3cf1d942a62bf228ce90c87cfaf823562c8f6edb7abe514,225LABO_JNU_MICRO_PATH_V1
2024-03-29,0.0019809341627007116,0.0013594514853980928,0.0014805678213547968,0.005191606221838109,30,330,30,390,1.0,913df08ebebe029ca3cf1d942a62bf228ce90c87cfaf823562c8f6edb7abe514,225LABO_JNU_MICRO_PATH_V1
2024-04-01,-0.003936528641080436,-0.0177743788198754,0.0003761991391788817,-0.020967209394471213,30,330,30,390,1.0,913df08ebebe029ca3cf1d942a62bf228ce90c87cfaf823562c8f6edb7abe514,225LABO_JNU_MICRO_PATH_V1
2024-04-02,0.0012526620703538383,-0.002130994225418504,0.0016306055666914056,0.00012533684292898213,30,330,30,390,1.0,913df08ebebe029ca3cf1d942a62bf228ce90c87cfaf823562c8f6edb7abe514,225LABO_JNU_MICRO_PATH_V1
2024-04-03,-0.006461034701462797,0.005714664101229266,0.0005065214746767128,-0.002528766045993426,30,330,30,390,1.0,913df08ebebe029ca3cf1d942a62bf228ce90c87cfaf823562c8f6edb7abe514,225LABO_JNU_MICRO_PATH_V1
2024-04-04,0.0001250234420582434,-0.004507332033066979,-0.0003764351634889809,-0.003757990142329479,30,330,30,390,1.0,913df08ebebe029ca3cf1d942a62bf228ce90c87cfaf823562c8f6edb7abe514,225LABO_JNU_MICRO_PATH_V1
2024-04-05,0.0016586925652992697,-0.004477714895278577,-0.0003847387030465824,-0.004479434123486234,30,330,30,390,1.0,913df08ebebe029ca3cf1d942a62bf228ce90c87cfaf823562c8f6edb7abe514,225LABO_JNU_MICRO_PATH_V1
2024-04-08,0.00012687940129944126,-0.0034283571132839733,0.0019068206375077912,-0.0008886068499667415,30,330,30,390,1.0,913df08ebebe029ca3cf1d942a62bf228ce90c87cfaf823562c8f6edb7abe514,225LABO_JNU_MICRO_PATH_V1
2024-04-09,0.0016433857437300632,0.004288063071996274,0.0005030813840226731,0.006180255529431425,30,330,30,390,1.0,913df08ebebe029ca3cf1d942a62bf228ce90c87cfaf823562c8f6edb7abe514,225LABO_JNU_MICRO_PATH_V1
2024-04-10,0.0025214335093347784,-0.00264934236841919,0.0003791469239731263,-0.0010103562364923173,30,330,30,390,1.0,913df08ebebe029ca3cf1d942a62bf228ce90c87cfaf823562c8f6edb7abe514,225LABO_JNU_MICRO_PATH_V1
2024-04-11,0.0003838526053146065,0.0075097406327344265,-0.0013954965791469888,0.008030124088308489,30,330,30,390,1.0,913df08ebebe029ca3cf1d942a62bf228ce90c87cfaf823562c8f6edb7abe514,225LABO_JNU_MICRO_PATH_V1
2024-04-12,-0.0026470047597665757,0.0,-0.00012636633617629447,-0.0039099501158151645,30,330,30,390,1.0,913df08ebebe029ca3cf1d942a62bf228ce90c87cfaf823562c8f6edb7abe514,225LABO_JNU_MICRO_PATH_V1
2024-04-15,-0.0021824259256124534,0.007939598628760949,0.0001275266213551098,0.00562661330973439,30,330,30,390,1.0,913df08ebebe029ca3cf1d942a62bf228ce90c87cfaf823562c8f6edb7abe514,225LABO_JNU_MICRO_PATH_V1
2024-04-16,-0.0011634672632980698,-0.0034976394229325313,-0.0028586298052970427,-0.007131310611076614,30,330,30,390,1.0,913df08ebebe029ca3cf1d942a62bf228ce90c87cfaf823562c8f6edb7abe514,225LABO_JNU_MICRO_PATH_V1
2024-04-17,-0.0018155886196025944,-0.008995562908577873,-0.006834937228894936,-0.017778246021283944,30,330,30,390,1.0,913df08ebebe029ca3cf1d942a62bf228ce90c87cfaf823562c8f6edb7abe514,225LABO_JNU_MICRO_PATH_V1
2024-04-18,-0.00212173531393019,0.012255539834430364,0.00013105301113058604,0.010803794150008317,30,330,30,390,1.0,913df08ebebe029ca3cf1d942a62bf228ce90c87cfaf823562c8f6edb7abe514,225LABO_JNU_MICRO_PATH_V1
2024-04-19,-0.004914667526687991,-0.009092187251051247,-0.0030936873151152324,-0.016566845167321483,30,330,30,390,1.0,913df08ebebe029ca3cf1d942a62bf228ce90c87cfaf823562c8f6edb7abe514,225LABO_JNU_MICRO_PATH_V1
2024-04-22,0.007629027164491011,-0.002936467673323837,0.00253620906154495,0.007762351609725641,30,330,30,390,1.0,913df08ebebe029ca3cf1d942a62bf228ce90c87cfaf823562c8f6edb7abe514,225LABO_JNU_MICRO_PATH_V1
2024-04-23,-0.0023856870162032085,-0.0034533172849464866,-0.0011976846198464893,-0.005841758514221732,30,330,30,390,1.0,913df08ebebe029ca3cf1d942a62bf228ce90c87cfaf823562c8f6edb7abe514,225LABO_JNU_MICRO_PATH_V1
2024-04-24,0.0034129725962399426,0.007575793808457723,-0.0007810466421526885,0.009683404637150254,30,330,30,390,1.0,913df08ebebe029ca3cf1d942a62bf228ce90c87cfaf823562c8f6edb7abe514,225LABO_JNU_MICRO_PATH_V1
2024-04-25,0.001712216420940754,-0.008854878448727755,-0.0015932026736982126,-0.007940751095461628,30,330,30,390,1.0,913df08ebebe029ca3cf1d942a62bf228ce90c87cfaf823562c8f6edb7abe514,225LABO_JNU_MICRO_PATH_V1
2024-04-26,-0.0035730865778636346,0.007397655929268537,-0.0017124419649382436,0.0019795453511381764,30,330,30,390,1.0,913df08ebebe029ca3cf1d942a62bf228ce90c87cfaf823562c8f6edb7abe514,225LABO_JNU_MICRO_PATH_V1
2024-04-29,0.0026055251842887657,0.0032478105846788607,-0.0002594033736983906,0.00559351051876168,30,330,30,390,1.0,913df08ebebe029ca3cf1d942a62bf228ce90c87cfaf823562c8f6edb7abe514,225LABO_JNU_MICRO_PATH_V1
2024-04-30,-0.0022177296937741947,-0.00326690914534838,0.005347955092773966,0.0016925985422343245,30,330,30,390,1.0,913df08ebebe029ca3cf1d942a62bf228ce90c87cfaf823562c8f6edb7abe514,225LABO_JNU_MICRO_PATH_V1
2024-05-01,0.005370371149341383,0.001176393835425991,-0.0018307838250813638,0.003408945218123482,30,330,30,390,1.0,913df08ebebe029ca3cf1d942a62bf228ce90c87cfaf823562c8f6edb7abe514,225LABO_JNU_MICRO_PATH_V1
2024-05-02,0.00013141467920878473,0.004976437718995924,-0.001961425931217951,0.004065845984043375,30,330,30,390,1.0,913df08ebebe029ca3cf1d942a62bf228ce90c87cfaf823562c8f6edb7abe514,225LABO_JNU_MICRO_PATH_V1
2024-05-03,-0.0021080376712906976,-0.002244669853823862,0.0,-0.004220528554596363,30,330,30,390,1.0,913df08ebebe029ca3cf1d942a62bf228ce90c87cfaf823562c8f6edb7abe514,225LABO_JNU_MICRO_PATH_V1
2024-05-06,0.0011690590407253383,0.0024628957941890137,-0.0006475425985511822,0.003244017637613441,30,330,30,390,1.0,913df08ebebe029ca3cf1d942a62bf228ce90c87cfaf823562c8f6edb7abe514,225LABO_JNU_MICRO_PATH_V1
2024-05-07,-0.0028317691725248456,-0.0007735946749902144,0.002447666278371707,-0.0010288066751066353,30,330,30,390,1.0,913df08ebebe029ca3cf1d942a62bf228ce90c87cfaf823562c8f6edb7abe514,225LABO_JNU_MICRO_PATH_V1
2024-05-08,-0.003623661270714229,-0.006378984072979442,-0.0009152121969807912,-0.012479038841550782,30,330,30,390,1.0,913df08ebebe029ca3cf1d942a62bf228ce90c87cfaf823562c8f6edb7abe514,225LABO_JNU_MICRO_PATH_V1
2024-05-09,-0.0015663754671103192,-0.00274743418717715,-0.0024922948560277,-0.006936746616451808,30,330,30,390,1.0,913df08ebebe029ca3cf1d942a62bf228ce90c87cfaf823562c8f6edb7abe514,225LABO_JNU_MICRO_PATH_V1
2024-05-10,0.0033757497650803874,-0.010675794663615474,0.000523149371073524,-0.00534656030094358,30,330,30,390,1.0,913df08ebebe029ca3cf1d942a62bf228ce90c87cfaf823562c8f6edb7abe514,225LABO_JNU_MICRO_PATH_V1
2024-05-13,-0.000654150608791408,0.000523903089913806,-0.0007862665848653139,-0.0023569475360484564,30,330,30,390,1.0,913df08ebebe029ca3cf1d942a62bf228ce90c87cfaf823562c8f6edb7abe514,225LABO_JNU_MICRO_PATH_V1
2024-05-14,0.0035213600130343053,-0.0020871387696578653,0.00026113069739725164,0.0007835967489893986,30,330,30,390,1.0,913df08ebebe029ca3cf1d942a62bf228ce90c87cfaf823562c8f6edb7abe514,225LABO_JNU_MICRO_PATH_V1
2024-05-15,0.0037460484289584556,-0.01075488176635869,0.000520969014127415,-0.006101141791866054,30,330,30,390,1.0,913df08ebebe029ca3cf1d942a62bf228ce90c87cfaf823562c8f6edb7abe514,225LABO_JNU_MICRO_PATH_V1
2024-05-16,-0.0014194466542262543,0.004511770463662165,0.0011567381278237332,0.0038610086574595933,30,330,30,390,1.0,913df08ebebe029ca3cf1d942a62bf228ce90c87cfaf823562c8f6edb7abe514,225LABO_JNU_MICRO_PATH_V1
2024-05-17,-0.0005180005295831919,0.003493114361103958,0.001032791209799289,0.0033604787989875277,30,330,30,390,1.0,913df08ebebe029ca3cf1d942a62bf228ce90c87cfaf823562c8f6edb7abe514,225LABO_JNU_MICRO_PATH_V1
2024-05-20,0.0023186922664561968,0.004750602758597799,0.0010238035191684476,0.00821992812202577,30,330,30,390,1.0,913df08ebebe029ca3cf1d942a62bf228ce90c87cfaf823562c8f6edb7abe514,225LABO_JNU_MICRO_PATH_V1
2024-05-21,-0.0006367399132674289,-0.007158409706378686,-0.0020541796926698574,-0.009465407072791374,30,330,30,390,1.0,913df08ebebe029ca3cf1d942a62bf228ce90c87cfaf823562c8f6edb7abe514,225LABO_JNU_MICRO_PATH_V1
2024-05-22,-0.00489439410841917,-0.0016807813123595047,-0.0011652749425000455,-0.008257046009534301,30,330,30,390,1.0,913df08ebebe029ca3cf1d942a62bf228ce90c87cfaf823562c8f6edb7abe514,225LABO_JNU_MICRO_PATH_V1
2024-05-23,-0.004774510650686126,0.01054536521316389,0.000511378175296574,0.007183201743492352,30,330,30,390,1.0,913df08ebebe029ca3cf1d942a62bf228ce90c87cfaf823562c8f6edb7abe514,225LABO_JNU_MICRO_PATH_V1
2024-05-24,-0.0015610774602526959,0.005713559238720219,-0.001036001128662573,0.003244438638629464,30,330,30,390,1.0,913df08ebebe029ca3cf1d942a62bf228ce90c87cfaf823562c8f6edb7abe514,225LABO_JNU_MICRO_PATH_V1
2024-05-27,-0.001161215535941678,0.0032235215844373744,0.001800412008967494,0.003604071348749039,30,330,30,390,1.0,913df08ebebe029ca3cf1d942a62bf228ce90c87cfaf823562c8f6edb7abe514,225LABO_JNU_MICRO_PATH_V1
2024-05-28,-0.0017980996367868904,-0.0011574819631950865,-0.000257400258821445,-0.003084438893140194,30,330,30,390,1.0,913df08ebebe029ca3cf1d942a62bf228ce90c87cfaf823562c8f6edb7abe514,225LABO_JNU_MICRO_PATH_V1
2024-05-29,-0.0012856777291684676,-0.008779914373813407,-0.0010386913424114293,-0.01098131311569674,30,330,30,390,1.0,913df08ebebe029ca3cf1d942a62bf228ce90c87cfaf823562c8f6edb7abe514,225LABO_JNU_MICRO_PATH_V1
2024-05-30,-0.006986122132633963,0.0043607601314321325,0.001581861653346408,-0.0027622510164487754,30,330,30,390,1.0,913df08ebebe029ca3cf1d942a62bf228ce90c87cfaf823562c8f6edb7abe514,225LABO_JNU_MICRO_PATH_V1
2024-05-31,0.0007872982954886326,0.010310042386580533,0.0005192108112487505,0.01148537814755353,30,330,30,390,1.0,913df08ebebe029ca3cf1d942a62bf228ce90c87cfaf823562c8f6edb7abe514,225LABO_JNU_MICRO_PATH_V1
2024-06-03,0.0018034269991507267,0.002698710113128908,0.00038493616950590253,0.005015765129334573,30,330,30,390,1.0,913df08ebebe029ca3cf1d942a62bf228ce90c87cfaf823562c8f6edb7abe514,225LABO_JNU_MICRO_PATH_V1
2024-06-04,0.0037450808930415496,-0.0005154639289391776,0.0002578648802324062,0.0036161733840006575,30,330,30,390,1.0,913df08ebebe029ca3cf1d942a62bf228ce90c87cfaf823562c8f6edb7abe514,225LABO_JNU_MICRO_PATH_V1
2024-06-05,-0.0012995453420855034,0.0005204267616811663,0.0013000521851854443,-0.0003896863074577921,30,330,30,390,1.0,913df08ebebe029ca3cf1d942a62bf228ce90c87cfaf823562c8f6edb7abe514,225LABO_JNU_MICRO_PATH_V1
2024-06-06,-0.001155401630555874,-0.003862002740429144,0.00025796466027220563,-0.005145367667780154,30,330,30,390,1.0,913df08ebebe029ca3cf1d942a62bf228ce90c87cfaf823562c8f6edb7abe514,225LABO_JNU_MICRO_PATH_V1
2024-06-07,0.0015513900978423576,-0.000776196675451553,0.0007763975545285779,0.0002587322136037485,30,330,30,390,1.0,913df08ebebe029ca3cf1d942a62bf228ce90c87cfaf823562c8f6edb7abe514,225LABO_JNU_MICRO_PATH_V1
2024-06-10,0.002067718493229838,0.0070717106021397445,-0.00038434437728911424,0.009527560161534134,30,330,30,390,1.0,913df08ebebe029ca3cf1d942a62bf228ce90c87cfaf823562c8f6edb7abe514,225LABO_JNU_MICRO_PATH_V1
2024-06-11,0.0010202781142683631,-0.002552649758778978,0.0015325673497782106,-0.00012760798843319858,30,330,30,390,1.0,913df08ebebe029ca3cf1d942a62bf228ce90c87cfaf823562c8f6edb7abe514,225LABO_JNU_MICRO_PATH_V1
2024-06-12,0.0005140727526139875,0.0003854802489108581,0.00038543072359976157,0.0007710100613246902,30,330,30,390,1.0,913df08ebebe029ca3cf1d942a62bf228ce90c87cfaf823562c8f6edb7abe514,225LABO_JNU_MICRO_PATH_V1
2024-06-13,-0.0019158317374051881,-0.008345686239068948,-0.0012904892744614639,-0.011937758096451678,30,330,30,390,1.0,913df08ebebe029ca3cf1d942a62bf228ce90c87cfaf823562c8f6edb7abe514,225LABO_JNU_MICRO_PATH_V1
2024-06-14,0.0009060902826892203,0.006321378206691164,-0.0009008429925211777,0.005810591595465744,30,330,30,390,1.0,913df08ebebe029ca3cf1d942a62bf228ce90c87cfaf823562c8f6edb7abe514,225LABO_JNU_MICRO_PATH_V1
2024-06-17,-0.007447607430237777,-0.0009186955170725805,-0.0034197060815256194,-0.01204833851617448,30,330,30,390,1.0,913df08ebebe029ca3cf1d942a62bf228ce90c87cfaf823562c8f6edb7abe514,225LABO_JNU_MICRO_PATH_V1
2024-06-18,-0.00039039625715431227,-0.0007812500397364871,0.0014321986693913084,0.0,30,330,30,390,1.0,913df08ebebe029ca3cf1d942a62bf228ce90c87cfaf823562c8f6edb7abe514,225LABO_JNU_MICRO_PATH_V1
2024-06-19,0.0024565271904667704,-0.0068657566157628285,0.0015590492959120016,-0.002851959412980465,30,330,30,390,1.0,913df08ebebe029ca3cf1d942a62bf228ce90c87cfaf823562c8f6edb7abe514,225LABO_JNU_MICRO_PATH_V1
2024-06-20,0.001824342439787403,0.005065932767020449,0.00012957563996103698,0.006629858538669582,30,330,30,390,1.0,913df08ebebe029ca3cf1d942a62bf228ce90c87cfaf823562c8f6edb7abe514,225LABO_JNU_MICRO_PATH_V1
2024-06-21,0.0019423767842065226,-0.00207119815143243,0.0005184033293909974,0.0003887773003027801,30,330,30,390,1.0,913df08ebebe029ca3cf1d942a62bf228ce90c87cfaf823562c8f6edb7abe514,225LABO_JNU_MICRO_PATH_V1
2024-06-24,0.0012990388940311605,0.008268780963073746,-0.0024479816386400017,0.007640050111667518,30,330,30,390,1.0,913df08ebebe029ca3cf1d942a62bf228ce90c87cfaf823562c8f6edb7abe514,225LABO_JNU_MICRO_PATH_V1
2024-06-25,0.0025756614367956703,0.00794061549377893,-0.0010209291341072334,0.009880108599707019,30,330,30,390,1.0,913df08ebebe029ca3cf1d942a62bf228ce90c87cfaf823562c8f6edb7abe514,225LABO_JNU_MICRO_PATH_V1
2024-06-26,-0.003308732975317207,0.011913955878209159,-0.0008821120854268416,0.007720091497236377,30,330,30,390,1.0,913df08ebebe029ca3cf1d942a62bf228ce90c87cfaf823562c8f6edb7abe514,225LABO_JNU_MICRO_PATH_V1
2024-06-27,0.0,-0.0003811701971059746,0.0,-0.0002540973206404316,30,330,30,390,1.0,913df08ebebe029ca3cf1d942a62bf228ce90c87cfaf823562c8f6edb7abe514,225LABO_JNU_MICRO_PATH_V1
2024-06-28,0.0002527167059191789,-0.0006323111181271348,0.0026536946134663015,0.0013891522092482572,30,330,30,390,1.0,913df08ebebe029ca3cf1d942a62bf228ce90c87cfaf823562c8f6edb7abe514,225LABO_JNU_MICRO_PATH_V1
2024-07-01,-0.0011283145433235557,-0.0074218844998093815,0.0012619890619864251,-0.0065367926036099516,30,330,30,390,1.0,913df08ebebe029ca3cf1d942a62bf228ce90c87cfaf823562c8f6edb7abe514,225LABO_JNU_MICRO_PATH_V1
2024-07-02,-0.0002532286668381501,0.014701527587838707,0.0011219847839105091,0.015950102662442952,30,330,30,390,1.0,913df08ebebe029ca3cf1d942a62bf228ce90c87cfaf823562c8f6edb7abe514,225LABO_JNU_MICRO_PATH_V1
2024-07-03,0.004095060633637952,0.006293597623214247,-0.00036920805292952637,0.01014483524305593,30,330,30,390,1.0,913df08ebebe029ca3cf1d942a62bf228ce90c87cfaf823562c8f6edb7abe514,225LABO_JNU_MICRO_PATH_V1
2024-07-04,0.0031874490637445203,0.0025670816615534445,-0.0014660967806279402,0.004288433944670191,30,330,30,390,1.0,913df08ebebe029ca3cf1d942a62bf228ce90c87cfaf823562c8f6edb7abe514,225LABO_JNU_MICRO_PATH_V1
2024-07-05,0.0014659176824961902,-0.003666589294755011,0.000489596093011087,-0.0009784736592801115,30,330,30,390,1.0,913df08ebebe029ca3cf1d942a62bf228ce90c87cfaf823562c8f6edb7abe514,225LABO_JNU_MICRO_PATH_V1
2024-07-08,-0.0009783539975685481,0.0008562167974614112,-0.0012235410800861366,-0.0015903116691967846,30,330,30,390,1.0,913df08ebebe029ca3cf1d942a62bf228ce90c87cfaf823562c8f6edb7abe514,225LABO_JNU_MICRO_PATH_V1
2024-07-09,0.0035359422319459484,0.015940441379368307,-0.003718591221990083,0.01623490952398168,30,330,30,390,1.0,913df08ebebe029ca3cf1d942a62bf228ce90c87cfaf823562c8f6edb7abe514,225LABO_JNU_MICRO_PATH_V1
2024-07-10,0.00048163757704102123,0.008158413577838416,0.001910676482872989,0.009469654222986136,30,330,30,390,1.0,913df08ebebe029ca3cf1d942a62bf228ce90c87cfaf823562c8f6edb7abe514,225LABO_JNU_MICRO_PATH_V1
2024-07-11,-0.0029496806237131116,0.0007083825561869426,0.0,-0.00200483586226812,30,330,30,390,1.0,913df08ebebe029ca3cf1d942a62bf228ce90c87cfaf823562c8f6edb7abe514,225LABO_JNU_MICRO_PATH_V1
2024-07-12,-0.002519648582410462,-0.008695706967553932,-0.0009708738626695356,-0.013147767948255371,30,330,30,390,1.0,913df08ebebe029ca3cf1d942a62bf228ce90c87cfaf823562c8f6edb7abe514,225LABO_JNU_MICRO_PATH_V1
2024-07-15,0.0019377503943929161,-0.0021812902492777293,0.0003639230949366321,-0.0004850248670323804,30,330,30,390,1.0,913df08ebebe029ca3cf1d942a62bf228ce90c87cfaf823562c8f6edb7abe514,225LABO_JNU_MICRO_PATH_V1
2024-07-16,-0.00012111669608461962,-0.0006051437401008443,-0.0016967644356859258,-0.0015756624070789335,30,330,30,390,1.0,913df08ebebe029ca3cf1d942a62bf228ce90c87cfaf823562c8f6edb7abe514,225LABO_JNU_MICRO_PATH_V1
2024-07-17,-0.0027702516963640116,-0.005931143696098409,-0.0019448164632406898,-0.011492293664082706,30,330,30,390,1.0,913df08ebebe029ca3cf1d942a62bf228ce90c87cfaf823562c8f6edb7abe514,225LABO_JNU_MICRO_PATH_V1
2024-07-18,0.0001244322778932926,0.00024881811524243516,0.0008704844173371768,0.0011193334916585022,30,330,30,390,1.0,913df08ebebe029ca3cf1d942a62bf228ce90c87cfaf823562c8f6edb7abe514,225LABO_JNU_MICRO_PATH_V1
2024-07-19,0.0014983146766071017,0.0007484096644704017,0.001122404557566034,0.002495945386609869,30,330,30,390,1.0,913df08ebebe029ca3cf1d942a62bf228ce90c87cfaf823562c8f6edb7abe514,225LABO_JNU_MICRO_PATH_V1
2024-07-22,0.00037690810170419424,-0.005922023229235304,-0.0017701357511203484,-0.007061820015537941,30,330,30,390,1.0,913df08ebebe029ca3cf1d942a62bf228ce90c87cfaf823562c8f6edb7abe514,225LABO_JNU_MICRO_PATH_V1
2024-07-23,-0.00012524265781285447,-0.006039273514243779,-0.002652018981891315,-0.00968987635860524,30,330,30,390,1.0,913df08ebebe029ca3cf1d942a62bf228ce90c87cfaf823562c8f6edb7abe514,225LABO_JNU_MICRO_PATH_V1
2024-07-24,0.003933765620939262,-0.0077554263231962624,0.00038301947483886366,-0.003949301266601533,30,330,30,390,1.0,913df08ebebe029ca3cf1d942a62bf228ce90c87cfaf823562c8f6edb7abe514,225LABO_JNU_MICRO_PATH_V1
2024-07-25,-0.0017003470187837912,-0.0060478753892938,-0.0034377926228438146,-0.013419488317073073,30,330,30,390,1.0,913df08ebebe029ca3cf1d942a62bf228ce90c87cfaf823562c8f6edb7abe514,225LABO_JNU_MICRO_PATH_V1
2024-07-26,0.0,-0.0011899254395374727,-0.0017217407074264885,-0.0027798019091628953,30,330,30,390,1.0,913df08ebebe029ca3cf1d942a62bf228ce90c87cfaf823562c8f6edb7abe514,225LABO_JNU_MICRO_PATH_V1
2024-07-29,0.001302592342575985,0.004023105809126038,-0.004546348026937773,0.0011724094354077456,30,330,30,390,1.0,913df08ebebe029ca3cf1d942a62bf228ce90c87cfaf823562c8f6edb7abe514,225LABO_JNU_MICRO_PATH_V1
2024-07-30,-0.004182465906161598,0.00704963755066159,0.001170122996410331,0.0037753087866478807,30,330,30,390,1.0,913df08ebebe029ca3cf1d942a62bf228ce90c87cfaf823562c8f6edb7abe514,225LABO_JNU_MICRO_PATH_V1
2024-07-31,-0.0009209921050981535,0.02585734912422985,0.0030674870678618796,0.030054075456111544,30,330,30,390,1.0,913df08ebebe029ca3cf1d942a62bf228ce90c87cfaf823562c8f6edb7abe514,225LABO_JNU_MICRO_PATH_V1
2024-08-01,-0.01051343320027251,-0.0044502691248497084,-0.004337831317269871,-0.020084138834200852,30,330,30,390,1.0,913df08ebebe029ca3cf1d942a62bf228ce90c87cfaf823562c8f6edb7abe514,225LABO_JNU_MICRO_PATH_V1
2024-08-02,-0.004792232078133521,-0.012705598348814023,0.0016687529946789504,-0.01708265813883838,30,330,30,390,1.0,913df08ebebe029ca3cf1d942a62bf228ce90c87cfaf823562c8f6edb7abe514,225LABO_JNU_MICRO_PATH_V1
2024-08-05,-0.012055423861819854,-0.07470303316503292,0.01167546249602007,-0.08442415640899434,30,330,30,390,1.0,913df08ebebe029ca3cf1d942a62bf228ce90c87cfaf823562c8f6edb7abe514,225LABO_JNU_MICRO_PATH_V1
2024-08-06,0.0005908419669666447,0.018880912145231986,-0.006857836755000342,0.009119051278776484,30,330,30,390,1.0,913df08ebebe029ca3cf1d942a62bf228ce90c87cfaf823562c8f6edb7abe514,225LABO_JNU_MICRO_PATH_V1
2024-08-07,0.012222539995890947,0.03964797229244501,0.0004273199979560792,0.051728112857693034,30,330,30,390,1.0,913df08ebebe029ca3cf1d942a62bf228ce90c87cfaf823562c8f6edb7abe514,225LABO_JNU_MICRO_PATH_V1
2024-08-08,0.014047641013250269,0.007512315017466559,0.0007186489709219531,0.025317807984289786,30,330,30,390,1.0,913df08ebebe029ca3cf1d942a62bf228ce90c87cfaf823562c8f6edb7abe514,225LABO_JNU_MICRO_PATH_V1
2024-08-09,-0.008834103585044394,-0.008940668368847358,-0.0031374811818228265,-0.022875891637253686,30,330,30,390,1.0,913df08ebebe029ca3cf1d942a62bf228ce90c87cfaf823562c8f6edb7abe514,225LABO_JNU_MICRO_PATH_V1
2024-08-13,0.008274361772597568,0.009175651752894184,-0.00027674000453355114,0.01745001352549186,30,330,30,390,1.0,913df08ebebe029ca3cf1d942a62bf228ce90c87cfaf823562c8f6edb7abe514,225LABO_JNU_MICRO_PATH_V1
2024-08-14,-0.0013717423275807702,0.0005496015527188268,-0.0024725287321560926,-0.0032953483068292435,30,330,30,390,1.0,913df08ebebe029ca3cf1d942a62bf228ce90c87cfaf823562c8f6edb7abe514,225LABO_JNU_MICRO_PATH_V1
2024-08-15,0.0050862711892605845,0.005193396939907736,-0.0009549144713075035,0.00973744236499131,30,330,30,390,1.0,913df08ebebe029ca3cf1d942a62bf228ce90c87cfaf823562c8f6edb7abe514,225LABO_JNU_MICRO_PATH_V1
2024-08-16,-0.001328903850053752,0.010451904369543989,0.0002630540591257744,0.009779382814380597,30,330,30,390,1.0,913df08ebebe029ca3cf1d942a62bf228ce90c87cfaf823562c8f6edb7abe514,225LABO_JNU_MICRO_PATH_V1
2024-08-19,0.003041726870752364,-0.011688272260093956,-0.0046907544295262315,-0.014139224480929021,30,330,30,390,1.0,913df08ebebe029ca3cf1d942a62bf228ce90c87cfaf823562c8f6edb7abe514,225LABO_JNU_MICRO_PATH_V1
2024-08-20,-0.002643056910653482,0.009613559257782891,-0.0026236404922577285,0.00473996937483922,30,330,30,390,1.0,913df08ebebe029ca3cf1d942a62bf228ce90c87cfaf823562c8f6edb7abe514,225LABO_JNU_MICRO_PATH_V1
2024-08-21,0.005047161730260446,0.002909670086143015,0.0027699021864571495,0.010859595531583322,30,330,30,390,1.0,913df08ebebe029ca3cf1d942a62bf228ce90c87cfaf823562c8f6edb7abe514,225LABO_JNU_MICRO_PATH_V1
2024-08-22,0.0015770801008255907,0.00013122498542555595,0.00327718717636539,0.004985578419130101,30,330,30,390,1.0,913df08ebebe029ca3cf1d942a62bf228ce90c87cfaf823562c8f6edb7abe514,225LABO_JNU_MICRO_PATH_V1
2024-08-23,0.003400029429461957,0.0005219206799061428,0.001302592342575985,0.0062679756006751314,30,330,30,390,1.0,913df08ebebe029ca3cf1d942a62bf228ce90c87cfaf823562c8f6edb7abe514,225LABO_JNU_MICRO_PATH_V1
2024-08-26,-0.0003949187176976296,0.0023665538260405255,0.00013134563623018014,0.0021036031948717462,30,330,30,390,1.0,913df08ebebe029ca3cf1d942a62bf228ce90c87cfaf823562c8f6edb7abe514,225LABO_JNU_MICRO_PATH_V1
2024-08-27,0.0009220839749683388,0.00917678175717059,-0.00013057387235368038,0.009182800982334982,30,330,30,390,1.0,913df08ebebe029ca3cf1d942a62bf228ce90c87cfaf823562c8f6edb7abe514,225LABO_JNU_MICRO_PATH_V1
2024-08-28,0.0031405417071448502,0.0026140388692541916,0.001043569100707652,0.005228770082799276,30,330,30,390,1.0,913df08ebebe029ca3cf1d942a62bf228ce90c87cfaf823562c8f6edb7abe514,225LABO_JNU_MICRO_PATH_V1
2024-08-29,0.0027593473916950775,0.006933116920746867,-0.00039121080240744487,0.008777157284471992,30,330,30,390,1.0,913df08ebebe029ca3cf1d942a62bf228ce90c87cfaf823562c8f6edb7abe514,225LABO_JNU_MICRO_PATH_V1
2024-08-30,-0.001822442576782901,0.00506659089686003,0.003362651901115115,0.007256737818788217,30,330,30,390,1.0,913df08ebebe029ca3cf1d942a62bf228ce90c87cfaf823562c8f6edb7abe514,225LABO_JNU_MICRO_PATH_V1
2024-09-02,-0.0030710196880768897,-0.006949834922876385,-0.0011622652564274088,-0.011306814534379043,30,330,30,390,1.0,913df08ebebe029ca3cf1d942a62bf228ce90c87cfaf823562c8f6edb7abe514,225LABO_JNU_MICRO_PATH_V1
2024-09-03,0.0025793153324879634,-0.005422166653701166,0.0043927719216076185,0.0016773115344587259,30,330,30,390,1.0,913df08ebebe029ca3cf1d942a62bf228ce90c87cfaf823562c8f6edb7abe514,225LABO_JNU_MICRO_PATH_V1
2024-09-04,-0.0013331557767080658,-0.013289678109128292,-0.00027001485245727557,-0.01341221822140811,30,330,30,390,1.0,913df08ebebe029ca3cf1d942a62bf228ce90c87cfaf823562c8f6edb7abe514,225LABO_JNU_MICRO_PATH_V1
2024-09-05,0.008089438779940636,0.0006819887054212341,-0.0006823609954291395,0.008362513604138918,30,330,30,390,1.0,913df08ebebe029ca3cf1d942a62bf228ce90c87cfaf823562c8f6edb7abe514,225LABO_JNU_MICRO_PATH_V1
2024-09-06,-0.007455134495016822,-0.011643169678594786,0.0017878021677218239,-0.017299348529794065,30,330,30,390,1.0,913df08ebebe029ca3cf1d942a62bf228ce90c87cfaf823562c8f6edb7abe514,225LABO_JNU_MICRO_PATH_V1
2024-09-09,0.004816555564678025,0.02223712354856952,0.0020736856812351915,0.02786709767382302,30,330,30,390,1.0,913df08ebebe029ca3cf1d942a62bf228ce90c87cfaf823562c8f6edb7abe514,225LABO_JNU_MICRO_PATH_V1
2024-09-10,-0.009254848846502106,0.008156539310321476,-0.003450420923734868,-0.005514973305260001,30,330,30,390,1.0,913df08ebebe029ca3cf1d942a62bf228ce90c87cfaf823562c8f6edb7abe514,225LABO_JNU_MICRO_PATH_V1
2024-09-11,-0.0036141268141235113,-0.010365690235598855,0.005048391033336556,-0.008080289157589264,30,330,30,390,1.0,913df08ebebe029ca3cf1d942a62bf228ce90c87cfaf823562c8f6edb7abe514,225LABO_JNU_MICRO_PATH_V1
2024-09-12,0.0019096991208260494,0.004210532536343458,-0.00040675209021245954,0.006803672999688417,30,330,30,390,1.0,913df08ebebe029ca3cf1d942a62bf228ce90c87cfaf823562c8f6edb7abe514,225LABO_JNU_MICRO_PATH_V1
2024-09-13,-0.003557748689756632,-0.0030215652709885818,-0.001101170104388646,-0.008229370266395903,30,330,30,390,1.0,913df08ebebe029ca3cf1d942a62bf228ce90c87cfaf823562c8f6edb7abe514,225LABO_JNU_MICRO_PATH_V1
2024-09-17,-0.007847496732969398,-0.010138271685525294,0.00598762493467171,-0.012280250909190776,30,330,30,390,1.0,913df08ebebe029ca3cf1d942a62bf228ce90c87cfaf823562c8f6edb7abe514,225LABO_JNU_MICRO_PATH_V1
2024-09-18,0.0004118333505939061,-0.00910602318673977,0.0015223862880798904,-0.007165526042963309,30,330,30,390,1.0,913df08ebebe029ca3cf1d942a62bf228ce90c87cfaf823562c8f6edb7abe514,225LABO_JNU_MICRO_PATH_V1
2024-09-19,0.010756451997888142,0.0028403346342226123,-0.003517795536767149,0.009943553971821052,30,330,30,390,1.0,913df08ebebe029ca3cf1d942a62bf228ce90c87cfaf823562c8f6edb7abe514,225LABO_JNU_MICRO_PATH_V1
2024-09-20,-0.0007977662967977263,-0.0026641816744068076,0.0029337266007525534,-0.0018624456627406305,30,330,30,390,1.0,913df08ebebe029ca3cf1d942a62bf228ce90c87cfaf823562c8f6edb7abe514,225LABO_JNU_MICRO_PATH_V1
2024-09-23,0.0024877263239153832,0.0018303051259449918,-0.0011762400885650217,0.0024877263239153832,30,330,30,390,1.0,913df08ebebe029ca3cf1d942a62bf228ce90c87cfaf823562c8f6edb7abe514,225LABO_JNU_MICRO_PATH_V1
2024-09-24,-0.005371074679434998,-0.005669472632175484,-0.0009253751734443688,-0.012224930427377694,30,330,30,390,1.0,913df08ebebe029ca3cf1d942a62bf228ce90c87cfaf823562c8f6edb7abe514,225LABO_JNU_MICRO_PATH_V1
2024-09-25,0.004773911731955178,-0.0014564716245658187,-0.0007956504862127275,0.0019919002668590986,30,330,30,390,1.0,913df08ebebe029ca3cf1d942a62bf228ce90c87cfaf823562c8f6edb7abe514,225LABO_JNU_MICRO_PATH_V1
2024-09-26,0.004055739189283796,0.00845313571105819,0.0018111259801905206,0.014188327829144712,30,330,30,390,1.0,913df08ebebe029ca3cf1d942a62bf228ce90c87cfaf823562c8f6edb7abe514,225LABO_JNU_MICRO_PATH_V1
2024-09-27,-0.002806482260487288,0.01140696779337638,0.00276729736346469,0.014041088312124137,30,330,30,390,1.0,913df08ebebe029ca3cf1d942a62bf228ce90c87cfaf823562c8f6edb7abe514,225LABO_JNU_MICRO_PATH_V1
2024-09-30,0.010758434914100485,-0.012207278976700998,0.0038220804353714184,0.00276625349289011,30,330,30,390,1.0,913df08ebebe029ca3cf1d942a62bf228ce90c87cfaf823562c8f6edb7abe514,225LABO_JNU_MICRO_PATH_V1
2024-10-01,0.0029996761977532697,0.007271814929205704,0.0021973769586150827,0.011557819718178907,30,330,30,390,1.0,913df08ebebe029ca3cf1d942a62bf228ce90c87cfaf823562c8f6edb7abe514,225LABO_JNU_MICRO_PATH_V1
2024-10-02,0.007490671729157659,-0.010133665714805428,-0.0002646903138799272,-0.0034355213494640193,30,330,30,390,1.0,913df08ebebe029ca3cf1d942a62bf228ce90c87cfaf823562c8f6edb7abe514,225LABO_JNU_MICRO_PATH_V1
2024-10-03,-0.0068250860519118925,-0.0015525944379026198,0.0002590338053597655,-0.009024168498189338,30,330,30,390,1.0,913df08ebebe029ca3cf1d942a62bf228ce90c87cfaf823562c8f6edb7abe514,225LABO_JNU_MICRO_PATH_V1
2024-10-04,0.003238135074778517,-0.0011652749425000455,-0.0002591680719443692,0.001037344491362722,30,330,30,390,1.0,913df08ebebe029ca3cf1d942a62bf228ce90c87cfaf823562c8f6edb7abe514,225LABO_JNU_MICRO_PATH_V1
2024-10-07,-0.008716028146534499,0.004307075318072046,-0.004308166825583464,-0.009604522207649686,30,330,30,390,1.0,913df08ebebe029ca3cf1d942a62bf228ce90c87cfaf823562c8f6edb7abe514,225LABO_JNU_MICRO_PATH_V1
2024-10-08,0.003975638452245479,-0.0029481531319503476,-0.0007704160627594449,0.00038543072359976157,30,330,30,390,1.0,913df08ebebe029ca3cf1d942a62bf228ce90c87cfaf823562c8f6edb7abe514,225LABO_JNU_MICRO_PATH_V1
2024-10-09,-0.0017771012546886295,-0.00012695994430814823,-0.0017795860804305892,-0.003175613973886551,30,330,30,390,1.0,913df08ebebe029ca3cf1d942a62bf228ce90c87cfaf823562c8f6edb7abe514,225LABO_JNU_MICRO_PATH_V1
2024-10-10,-0.0037878833169370917,-0.0030410565757789344,-0.001396027893455926,-0.007717161456826641,30,330,30,390,1.0,913df08ebebe029ca3cf1d942a62bf228ce90c87cfaf823562c8f6edb7abe514,225LABO_JNU_MICRO_PATH_V1
2024-10-11,0.0030410565757789205,0.003157166226688815,-0.0018931033608632832,0.0045581238705315165,30,330,30,390,1.0,913df08ebebe029ca3cf1d942a62bf228ce90c87cfaf823562c8f6edb7abe514,225LABO_JNU_MICRO_PATH_V1
2024-10-14,-0.002011567185718308,-0.0006297626003211813,-0.00012598425213513546,-0.0031448544693869866,30,330,30,390,1.0,913df08ebebe029ca3cf1d942a62bf228ce90c87cfaf823562c8f6edb7abe514,225LABO_JNU_MICRO_PATH_V1
2024-10-15,-0.001370289843814314,-0.003617994090683366,-0.0021264627438795326,-0.00586804855064592,30,330,30,390,1.0,913df08ebebe029ca3cf1d942a62bf228ce90c87cfaf823562c8f6edb7abe514,225LABO_JNU_MICRO_PATH_V1
2024-10-16,-0.0005115743812809974,0.003444979483602238,-0.003189388427897739,0.0006391001687462982,30,330,30,390,1.0,913df08ebebe029ca3cf1d942a62bf228ce90c87cfaf823562c8f6edb7abe514,225LABO_JNU_MICRO_PATH_V1
2024-10-17,-0.0055972668711860175,-0.0034489399967000157,0.0005117707378841788,-0.00827977470700808,30,330,30,390,1.0,913df08ebebe029ca3cf1d942a62bf228ce90c87cfaf823562c8f6edb7abe514,225LABO_JNU_MICRO_PATH_V1
2024-10-18,-0.003059275808583076,-0.003198365164912316,0.0001280983797307566,-0.0063840870555306,30,330,30,390,1.0,913df08ebebe029ca3cf1d942a62bf228ce90c87cfaf823562c8f6edb7abe514,225LABO_JNU_MICRO_PATH_V1
2024-10-21,-0.007185045023846783,0.005004180584575951,-0.000512426349926634,-0.002303853572457595,30,330,30,390,1.0,913df08ebebe029ca3cf1d942a62bf228ce90c87cfaf823562c8f6edb7abe514,225LABO_JNU_MICRO_PATH_V1
2024-10-22,-0.001794872276730023,-0.010595783328745861,-0.0010400416954139703,-0.015360095470162568,30,330,30,390,1.0,913df08ebebe029ca3cf1d942a62bf228ce90c87cfaf823562c8f6edb7abe514,225LABO_JNU_MICRO_PATH_V1
2024-10-23,0.0007818608686022961,-0.006798300467124103,-0.0006559527949203843,-0.006670615278604367,30,330,30,390,1.0,913df08ebebe029ca3cf1d942a62bf228ce90c87cfaf823562c8f6edb7abe514,225LABO_JNU_MICRO_PATH_V1
2024-10-24,0.0,0.009463793030950142,-0.0011787048709329413,0.007893739186326574,30,330,30,390,1.0,913df08ebebe029ca3cf1d942a62bf228ce90c87cfaf823562c8f6edb7abe514,225LABO_JNU_MICRO_PATH_V1
2024-10-25,-0.0009212345193208752,-0.0021099836391982965,0.0032957646337483017,-0.0005263158016231548,30,330,30,390,1.0,913df08ebebe029ca3cf1d942a62bf228ce90c87cfaf823562c8f6edb7abe514,225LABO_JNU_MICRO_PATH_V1
2024-10-28,0.022198323993569198,0.0027196804952609663,-0.0007770008160923857,0.02492259109973153,30,330,30,390,1.0,913df08ebebe029ca3cf1d942a62bf228ce90c87cfaf823562c8f6edb7abe514,225LABO_JNU_MICRO_PATH_V1
2024-10-29,-0.0018146472899246546,0.009820469155693262,0.001926659127868296,0.009152497019379226,30,330,30,390,1.0,913df08ebebe029ca3cf1d942a62bf228ce90c87cfaf823562c8f6edb7abe514,225LABO_JNU_MICRO_PATH_V1
2024-10-30,0.001914120408322791,0.003311261303656005,0.0033003330286566998,0.007888081613120742,30,330,30,390,1.0,913df08ebebe029ca3cf1d942a62bf228ce90c87cfaf823562c8f6edb7abe514,225LABO_JNU_MICRO_PATH_V1
2024-10-31,-0.00012746160236487173,-0.0006386104055082218,-0.0011502333685573878,-0.0033192932301411003,30,330,30,390,1.0,913df08ebebe029ca3cf1d942a62bf228ce90c87cfaf823562c8f6edb7abe514,225LABO_JNU_MICRO_PATH_V1
2024-11-01,0.0,-0.005105725564230121,0.0017061491112965556,-0.00405680069561443,30,330,30,390,1.0,913df08ebebe029ca3cf1d942a62bf228ce90c87cfaf823562c8f6edb7abe514,225LABO_JNU_MICRO_PATH_V1
2024-11-05,-0.0010439776493009604,0.007023048765025345,0.0016831751238646276,0.008183458022573293,30,360,30,420,1.0,913df08ebebe029ca3cf1d942a62bf228ce90c87cfaf823562c8f6edb7abe514,225LABO_JNU_MICRO_PATH_V1
2024-11-06,-0.005658451311668167,0.017889564750775123,0.006430890330290331,0.02005907043132026,30,360,30,420,1.0,913df08ebebe029ca3cf1d942a62bf228ce90c87cfaf823562c8f6edb7abe514,225LABO_JNU_MICRO_PATH_V1
2024-11-07,-0.004642126145631954,-0.010869672236903879,-0.0020361422153006834,-0.01755206370558776,30,360,30,420,1.0,913df08ebebe029ca3cf1d942a62bf228ce90c87cfaf823562c8f6edb7abe514,225LABO_JNU_MICRO_PATH_V1
2024-11-08,0.00012607955636689534,-0.0031539797797438293,-0.0020242921892305683,-0.004422828970002055,30,360,30,420,1.0,913df08ebebe029ca3cf1d942a62bf228ce90c87cfaf823562c8f6edb7abe514,225LABO_JNU_MICRO_PATH_V1
2024-11-11,0.005840544789544388,0.0007594937073943544,0.0010120177966839088,0.007105727144542501,30,360,30,420,1.0,913df08ebebe029ca3cf1d942a62bf228ce90c87cfaf823562c8f6edb7abe514,225LABO_JNU_MICRO_PATH_V1
2024-11-12,0.0011344300706118218,-0.00872705216312156,0.0012700027107046838,-0.006325932026710842,30,360,30,420,1.0,913df08ebebe029ca3cf1d942a62bf228ce90c87cfaf823562c8f6edb7abe514,225LABO_JNU_MICRO_PATH_V1
2024-11-13,0.0007636502852973969,-0.015249863035103096,-0.0027158115625418463,-0.01694955831377332,30,360,30,420,1.0,913df08ebebe029ca3cf1d942a62bf228ce90c87cfaf823562c8f6edb7abe514,225LABO_JNU_MICRO_PATH_V1
2024-11-14,-0.0002571024567447039,-0.007866440719693597,-0.0009065596683821137,-0.0080010750748732,30,360,30,420,1.0,913df08ebebe029ca3cf1d942a62bf228ce90c87cfaf823562c8f6edb7abe514,225LABO_JNU_MICRO_PATH_V1
2024-11-15,0.0,-0.005660635210365433,-0.0023243812117924776,-0.00644332126093223,30,360,30,420,1.0,913df08ebebe029ca3cf1d942a62bf228ce90c87cfaf823562c8f6edb7abe514,225LABO_JNU_MICRO_PATH_V1
2024-11-18,0.004981003875505657,0.00026174584627904827,-0.00013076168701207902,0.004850242188493648,30,360,30,420,1.0,913df08ebebe029ca3cf1d942a62bf228ce90c87cfaf823562c8f6edb7abe514,225LABO_JNU_MICRO_PATH_V1
2024-11-19,0.004301081899390702,-0.0018231545615151365,0.0011724094354077456,0.0032600928658916483,30,360,30,420,1.0,913df08ebebe029ca3cf1d942a62bf228ce90c87cfaf823562c8f6edb7abe514,225LABO_JNU_MICRO_PATH_V1
2024-11-20,0.0020836053898355875,-0.0032549992933995093,0.0022154175999355295,0.0014329449465538063,30,360,30,420,1.0,913df08ebebe029ca3cf1d942a62bf228ce90c87cfaf823562c8f6edb7abe514,225LABO_JNU_MICRO_PATH_V1
2024-11-21,-0.002488703884551291,-0.003152919059615642,-0.00013157029161798772,-0.005772779085741173,30,360,30,420,1.0,913df08ebebe029ca3cf1d942a62bf228ce90c87cfaf823562c8f6edb7abe514,225LABO_JNU_MICRO_PATH_V1
2024-11-22,-0.002357564942654566,0.004052028287767628,-0.00026085822503468293,0.0028739405803366682,30,360,30,420,1.0,913df08ebebe029ca3cf1d942a62bf228ce90c87cfaf823562c8f6edb7abe514,225LABO_JNU_MICRO_PATH_V1
2024-11-25,-0.00012909055720500834,0.0014179828350782335,-0.0016768788192517315,-0.00012909055720500834,30,360,30,420,1.0,913df08ebebe029ca3cf1d942a62bf228ce90c87cfaf823562c8f6edb7abe514,225LABO_JNU_MICRO_PATH_V1
2024-11-26,-0.006611808620330692,-0.002867572350814062,0.003907781448076,-0.006091652561788793,30,360,30,420,1.0,913df08ebebe029ca3cf1d942a62bf228ce90c87cfaf823562c8f6edb7abe514,225LABO_JNU_MICRO_PATH_V1
2024-11-27,-0.00482935089883371,-0.0040599885511599315,-0.000919057374479335,-0.008762234835505207,30,360,30,420,1.0,913df08ebebe029ca3cf1d942a62bf228ce90c87cfaf823562c8f6edb7abe514,225LABO_JNU_MICRO_PATH_V1
2024-11-28,0.0013170026926660864,0.00812054233218065,0.0018248180246291173,0.011921278275638731,30,360,30,420,1.0,913df08ebebe029ca3cf1d942a62bf228ce90c87cfaf823562c8f6edb7abe514,225LABO_JNU_MICRO_PATH_V1
2024-11-29,-0.002487726323915396,0.00013091575589814684,-0.00026188293982333294,-0.0014395081985868758,30,360,30,420,1.0,913df08ebebe029ca3cf1d942a62bf228ce90c87cfaf823562c8f6edb7abe514,225LABO_JNU_MICRO_PATH_V1
2024-12-02,-0.0028792062816407824,0.00874736304142562,0.000259976603570076,0.005473752752096996,30,360,30,420,1.0,913df08ebebe029ca3cf1d942a62bf228ce90c87cfaf823562c8f6edb7abe514,225LABO_JNU_MICRO_PATH_V1
2024-12-03,0.008507398564911868,0.006901867888655589,-0.001273561048348318,0.015669470361526907,30,360,30,420,1.0,913df08ebebe029ca3cf1d942a62bf228ce90c87cfaf823562c8f6edb7abe514,225LABO_JNU_MICRO_PATH_V1
2024-12-04,0.0024171502131934463,-0.0012708096766803566,-0.0013999365951643582,0.0001273641980962445,30,360,30,420,1.0,913df08ebebe029ca3cf1d942a62bf228ce90c87cfaf823562c8f6edb7abe514,225LABO_JNU_MICRO_PATH_V1
2024-12-05,-0.0008844526446795275,-0.004180661058375234,0.0006343970269227614,-0.004303259393465154,30,360,30,420,1.0,913df08ebebe029ca3cf1d942a62bf228ce90c87cfaf823562c8f6edb7abe514,225LABO_JNU_MICRO_PATH_V1
2024-12-06,-0.0006352029686994135,-0.006249621769759479,-0.0008961147626485276,-0.008417343410754381,30,360,30,420,1.0,913df08ebebe029ca3cf1d942a62bf228ce90c87cfaf823562c8f6edb7abe514,225LABO_JNU_MICRO_PATH_V1
2024-12-09,-0.004452083929451196,-0.0014040464365392888,0.0012768132480264296,-0.005344884192823472,30,360,30,420,1.0,913df08ebebe029ca3cf1d942a62bf228ce90c87cfaf823562c8f6edb7abe514,225LABO_JNU_MICRO_PATH_V1
2024-12-10,0.0007626795844463301,-0.00038131554322848484,0.0020322628612713823,0.0021594165266470874,30,360,30,420,1.0,913df08ebebe029ca3cf1d942a62bf228ce90c87cfaf823562c8f6edb7abe514,225LABO_JNU_MICRO_PATH_V1
2024-12-11,-0.0006357683474368263,0.0011440921606445905,0.0007620015608741709,0.0012703253740817383,30,360,30,420,1.0,913df08ebebe029ca3cf1d942a62bf228ce90c87cfaf823562c8f6edb7abe514,225LABO_JNU_MICRO_PATH_V1
2024-12-12,0.00025031289242087655,0.00037521106062103464,-0.002378717866537926,-0.0013778420166900194,30,360,30,420,1.0,913df08ebebe029ca3cf1d942a62bf228ce90c87cfaf823562c8f6edb7abe514,225LABO_JNU_MICRO_PATH_V1
2024-12-13,-0.0016396547786475008,-0.0036678723217736706,-0.0007606491238962185,-0.0063211335633707125,30,360,30,420,1.0,913df08ebebe029ca3cf1d942a62bf228ce90c87cfaf823562c8f6edb7abe514,225LABO_JNU_MICRO_PATH_V1
2024-12-16,-0.003159161027647096,-0.0022790589758374434,-0.0003804933776642788,-0.005439952690472093,30,360,30,420,1.0,913df08ebebe029ca3cf1d942a62bf228ce90c87cfaf823562c8f6edb7abe514,225LABO_JNU_MICRO_PATH_V1
2024-12-17,0.0007568113378382607,-0.006196668579778311,-0.0008882685692864597,-0.006075199042157076,30,360,30,420,1.0,913df08ebebe029ca3cf1d942a62bf228ce90c87cfaf823562c8f6edb7abe514,225LABO_JNU_MICRO_PATH_V1
2024-12-18,-0.0012733988732061133,-0.00012754288646841,-0.0021718309399173224,-0.004975451993891015,30,360,30,420,1.0,913df08ebebe029ca3cf1d942a62bf228ce90c87cfaf823562c8f6edb7abe514,225LABO_JNU_MICRO_PATH_V1
2024-12-19,0.002080083953328005,0.00866142057556649,0.0026976700797084114,0.014342257603429567,30,360,30,420,1.0,913df08ebebe029ca3cf1d942a62bf228ce90c87cfaf823562c8f6edb7abe514,225LABO_JNU_MICRO_PATH_V1
2024-12-20,-0.0026924819137831494,-0.005277736393062027,-0.0006452029386996825,-0.008099292201829096,30,360,30,420,1.0,913df08ebebe029ca3cf1d942a62bf228ce90c87cfaf823562c8f6edb7abe514,225LABO_JNU_MICRO_PATH_V1
2024-12-23,-0.000899338404548812,0.007300704857657222,-0.0008934840086390794,0.005634539173951518,30,360,30,420,1.0,913df08ebebe029ca3cf1d942a62bf228ce90c87cfaf823562c8f6edb7abe514,225LABO_JNU_MICRO_PATH_V1
2024-12-24,-0.002420845929682859,-0.0038338705107219006,0.0017914272225309088,-0.004591844802945629,30,360,30,420,1.0,913df08ebebe029ca3cf1d942a62bf228ce90c87cfaf823562c8f6edb7abe514,225LABO_JNU_MICRO_PATH_V1
2024-12-25,-0.004213220404195004,-0.0010240656296902568,0.0030674870678618796,-0.0016576350623822669,30,360,30,420,1.0,913df08ebebe029ca3cf1d942a62bf228ce90c87cfaf823562c8f6edb7abe514,225LABO_JNU_MICRO_PATH_V1
2024-12-26,0.0019133879171268971,0.006599008718675926,0.0003793866627865212,0.009783446309071029,30,360,30,420,1.0,913df08ebebe029ca3cf1d942a62bf228ce90c87cfaf823562c8f6edb7abe514,225LABO_JNU_MICRO_PATH_V1
2024-12-27,0.005791278933117896,0.012602325375222392,-0.0006200781497125097,0.017646412475129394,30,360,30,420,1.0,913df08ebebe029ca3cf1d942a62bf228ce90c87cfaf823562c8f6edb7abe514,225LABO_JNU_MICRO_PATH_V1
2024-12-30,0.0013680743381205326,-0.006734872052020757,0.0006256647892269236,-0.005115738900344115,30,360,30,420,1.0,913df08ebebe029ca3cf1d942a62bf228ce90c87cfaf823562c8f6edb7abe514,225LABO_JNU_MICRO_PATH_V1
2025-01-03,-0.00025416190249927424,-0.0021624380365742775,0.0022897860150971282,0.0,30,360,30,420,1.0,28cd5a0985fdc7afdcdcf37cc34c4c70ebf792a3dca0af0906eed6573be77326,225LABO_JNU_MICRO_PATH_V1
2025-01-06,0.0037783420264058997,-0.012527844961535294,0.0012725886166413743,-0.0078541067539653,30,360,30,420,1.0,28cd5a0985fdc7afdcdcf37cc34c4c70ebf792a3dca0af0906eed6573be77326,225LABO_JNU_MICRO_PATH_V1
2025-01-07,-0.0013837350468787388,0.008765395465441105,-0.001996257681022175,0.006515497300746525,30,360,30,420,1.0,28cd5a0985fdc7afdcdcf37cc34c4c70ebf792a3dca0af0906eed6573be77326,225LABO_JNU_MICRO_PATH_V1
2025-01-08,0.002008032803245613,0.0028787803847720394,-0.0013759461799310734,0.0036365956436132923,30,360,30,420,1.0,28cd5a0985fdc7afdcdcf37cc34c4c70ebf792a3dca0af0906eed6573be77326,225LABO_JNU_MICRO_PATH_V1
2025-01-09,-0.0007528231221294263,-0.004532300343096781,-0.0016423476624447294,-0.008059481983078225,30,360,30,420,1.0,28cd5a0985fdc7afdcdcf37cc34c4c70ebf792a3dca0af0906eed6573be77326,225LABO_JNU_MICRO_PATH_V1
2025-01-10,-0.0019073055562678074,-0.0005094243615008427,0.0002548095312551709,-0.0027986279556352473,30,360,30,420,1.0,28cd5a0985fdc7afdcdcf37cc34c4c70ebf792a3dca0af0906eed6573be77326,225LABO_JNU_MICRO_PATH_V1
2025-01-14,0.008743787223573668,-0.015094139374796972,-0.0010405828202230594,-0.007648964498276342,30,360,30,420,1.0,28cd5a0985fdc7afdcdcf37cc34c4c70ebf792a3dca0af0906eed6573be77326,225LABO_JNU_MICRO_PATH_V1
2025-01-15,0.0,-0.00894773524679896,0.0019512201312617493,-0.0068639782539069395,30,360,30,420,1.0,28cd5a0985fdc7afdcdcf37cc34c4c70ebf792a3dca0af0906eed6573be77326,225LABO_JNU_MICRO_PATH_V1
2025-01-16,-0.0020637180031697947,-0.0019393632040095798,-0.0014227513232278602,-0.0045199276279122074,30,360,30,420,1.0,28cd5a0985fdc7afdcdcf37cc34c4c70ebf792a3dca0af0906eed6573be77326,225LABO_JNU_MICRO_PATH_V1
2025-01-17,-0.0037831889098659923,0.006002888964223135,0.0,0.0009110432074141933,30,360,30,420,1.0,28cd5a0985fdc7afdcdcf37cc34c4c70ebf792a3dca0af0906eed6573be77326,225LABO_JNU_MICRO_PATH_V1
2025-01-20,0.00218860724632583,0.001414518335256669,0.0012848517763977539,0.003730627598141065,30,360,30,420,1.0,28cd5a0985fdc7afdcdcf37cc34c4c70ebf792a3dca0af0906eed6573be77326,225LABO_JNU_MICRO_PATH_V1
2025-01-21,0.00025552574560896627,-0.004348945201808015,-0.0016665602216364185,-0.004097316871703262,30,360,30,420,1.0,28cd5a0985fdc7afdcdcf37cc34c4c70ebf792a3dca0af0906eed6573be77326,225LABO_JNU_MICRO_PATH_V1
2025-01-22,0.0007622919947330656,0.006325131776968795,-0.00037852501871430577,0.007092228309491837,30,360,30,420,1.0,28cd5a0985fdc7afdcdcf37cc34c4c70ebf792a3dca0af0906eed6573be77326,225LABO_JNU_MICRO_PATH_V1
2025-01-23,0.0005028284203994959,0.006264114695099041,-0.0026261504494672415,0.004140792666031387,30,360,30,420,1.0,28cd5a0985fdc7afdcdcf37cc34c4c70ebf792a3dca0af0906eed6573be77326,225LABO_JNU_MICRO_PATH_V1
2025-01-24,0.004124748051651813,-0.0024981277043553646,-0.0027544777650894275,-0.00100250634962559,30,360,30,420,1.0,28cd5a0985fdc7afdcdcf37cc34c4c70ebf792a3dca0af0906eed6573be77326,225LABO_JNU_MICRO_PATH_V1
2025-01-27,-0.003600922746141528,-0.014659161207770114,-0.0016427627375445242,-0.0201571770031753,30,360,30,420,1.0,28cd5a0985fdc7afdcdcf37cc34c4c70ebf792a3dca0af0906eed6573be77326,225LABO_JNU_MICRO_PATH_V1
2025-01-28,-0.00012798361827156784,0.0015378703530750893,0.0003841967134406023,-0.0005120327812841997,30,360,30,420,1.0,28cd5a0985fdc7afdcdcf37cc34c4c70ebf792a3dca0af0906eed6573be77326,225LABO_JNU_MICRO_PATH_V1
2025-01-29,-0.0021602397370946813,0.0011429298342391938,0.0036729824080500534,0.004053717230848266,30,360,30,420,1.0,28cd5a0985fdc7afdcdcf37cc34c4c70ebf792a3dca0af0906eed6573be77326,225LABO_JNU_MICRO_PATH_V1
2025-01-30,0.0020338128276588263,0.002281369810769569,-0.0008866933255596947,0.004063497654860176,30,360,30,420,1.0,28cd5a0985fdc7afdcdcf37cc34c4c70ebf792a3dca0af0906eed6573be77326,225LABO_JNU_MICRO_PATH_V1
2025-01-31,-0.001263264442883271,0.00290275965796141,-0.0018923868638629669,-0.0002525252538672321,30,360,30,420,1.0,28cd5a0985fdc7afdcdcf37cc34c4c70ebf792a3dca0af0906eed6573be77326,225LABO_JNU_MICRO_PATH_V1
2025-02-03,-0.0005167291162644633,-0.0031120357066298705,0.0010385564999436127,-0.004660202608730319,30,360,30,420,1.0,28cd5a0985fdc7afdcdcf37cc34c4c70ebf792a3dca0af0906eed6573be77326,225LABO_JNU_MICRO_PATH_V1
2025-02-04,-0.0037011081748427386,-0.008341402231089552,-0.0005156632833100843,-0.012175735165814916,30,360,30,420,1.0,28cd5a0985fdc7afdcdcf37cc34c4c70ebf792a3dca0af0906eed6573be77326,225LABO_JNU_MICRO_PATH_V1
2025-02-05,0.0026886899239283953,-0.008217817176814326,-0.001160466895753015,-0.00630186639617169,30,360,30,420,1.0,28cd5a0985fdc7afdcdcf37cc34c4c70ebf792a3dca0af0906eed6573be77326,225LABO_JNU_MICRO_PATH_V1
2025-02-06,0.004101518182499064,-0.0008955415426124702,-0.00012798361827156784,0.0034617638263432495,30,360,30,420,1.0,28cd5a0985fdc7afdcdcf37cc34c4c70ebf792a3dca0af0906eed6573be77326,225LABO_JNU_MICRO_PATH_V1
2025-02-07,-0.004500747004705289,0.0006439564907957111,-0.00012879129388654922,-0.0038565416097536467,30,360,30,420,1.0,28cd5a0985fdc7afdcdcf37cc34c4c70ebf792a3dca0af0906eed6573be77326,225LABO_JNU_MICRO_PATH_V1
2025-02-10,0.0042666041839472734,0.0027077574406436174,-0.0014172520571048566,0.004911474264978398,30,360,30,420,1.0,28cd5a0985fdc7afdcdcf37cc34c4c70ebf792a3dca0af0906eed6573be77326,225LABO_JNU_MICRO_PATH_V1
2025-02-11,-0.0023177965565632733,0.0002577984030777944,-0.00012889089403681766,-0.002188889047522408,30,360,30,420,1.0,28cd5a0985fdc7afdcdcf37cc34c4c70ebf792a3dca0af0906eed6573be77326,225LABO_JNU_MICRO_PATH_V1
2025-02-12,-0.0035879074881061805,0.0007700205719284696,0.00012832852118991938,-0.00320287250933918,30,360,30,420,1.0,28cd5a0985fdc7afdcdcf37cc34c4c70ebf792a3dca0af0906eed6573be77326,225LABO_JNU_MICRO_PATH_V1
2025-02-13,0.0011477397166332409,0.007241345242446404,0.0,0.008133225669868639,30,360,30,420,1.0,28cd5a0985fdc7afdcdcf37cc34c4c70ebf792a3dca0af0906eed6573be77326,225LABO_JNU_MICRO_PATH_V1
2025-02-14,-0.003424878086132097,-0.005222609157601399,-0.0006387735764947879,-0.009159204089226986,30,360,30,420,1.0,28cd5a0985fdc7afdcdcf37cc34c4c70ebf792a3dca0af0906eed6573be77326,225LABO_JNU_MICRO_PATH_V1
2025-02-17,0.00012765685853816124,-0.0008939404209385366,0.00165953953961546,0.0008932559772149207,30,360,30,420,1.0,28cd5a0985fdc7afdcdcf37cc34c4c70ebf792a3dca0af0906eed6573be77326,225LABO_JNU_MICRO_PATH_V1
2025-02-18,0.002295919375876017,0.0007635531040349699,-0.0001272183705042748,0.0036963906723145763,30,360,30,420,1.0,28cd5a0985fdc7afdcdcf37cc34c4c70ebf792a3dca0af0906eed6573be77326,225LABO_JNU_MICRO_PATH_V1
2025-02-19,-0.00012747785089611274,-0.0014040464365392888,0.00089394042093857,-0.0014031509413563845,30,360,30,420,1.0,28cd5a0985fdc7afdcdcf37cc34c4c70ebf792a3dca0af0906eed6573be77326,225LABO_JNU_MICRO_PATH_V1
2025-02-20,-0.0006437906615198622,-0.00606570873138444,0.0010351967798164275,-0.004773894622199282,30,360,30,420,1.0,28cd5a0985fdc7afdcdcf37cc34c4c70ebf792a3dca0af0906eed6573be77326,225LABO_JNU_MICRO_PATH_V1
2025-02-21,0.0028515897482650292,0.004264398786457518,-0.0009028181434789582,0.005953168869431205,30,360,30,420,1.0,28cd5a0985fdc7afdcdcf37cc34c4c70ebf792a3dca0af0906eed6573be77326,225LABO_JNU_MICRO_PATH_V1
2025-02-24,-0.0009148533605468841,0.0027424111213098933,0.0,0.002087955867512239,30,360,30,420,1.0,28cd5a0985fdc7afdcdcf37cc34c4c70ebf792a3dca0af0906eed6573be77326,225LABO_JNU_MICRO_PATH_V1
2025-02-25,0.004852786754679192,0.0006537229754937686,-0.0015698590351200178,0.004198379297256507,30,360,30,420,1.0,28cd5a0985fdc7afdcdcf37cc34c4c70ebf792a3dca0af0906eed6573be77326,225LABO_JNU_MICRO_PATH_V1
2025-02-26,-0.0009222054536728425,0.002497536625217191,0.0017050302510837475,0.004860436497885579,30,360,30,420,1.0,28cd5a0985fdc7afdcdcf37cc34c4c70ebf792a3dca0af0906eed6573be77326,225LABO_JNU_MICRO_PATH_V1
2025-02-27,-0.0009168904958283291,0.001963222932766884,0.0014368756962393498,0.003006734731359314,30,360,30,420,1.0,28cd5a0985fdc7afdcdcf37cc34c4c70ebf792a3dca0af0906eed6573be77326,225LABO_JNU_MICRO_PATH_V1
2025-02-28,-0.0023939365070351237,-0.009504120800710695,-0.002018164156237236,-0.01377671759431522,30,360,30,420,1.0,28cd5a0985fdc7afdcdcf37cc34c4c70ebf792a3dca0af0906eed6573be77326,225LABO_JNU_MICRO_PATH_V1
2025-03-03,-0.006914001748170298,0.006910326502036101,0.002908516064122002,0.0037032180927014328,30,360,30,420,1.0,28cd5a0985fdc7afdcdcf37cc34c4c70ebf792a3dca0af0906eed6573be77326,225LABO_JNU_MICRO_PATH_V1
2025-03-04,-0.001742744592835283,-0.0012070007500352277,0.0018764246224094406,0.00026784518708407556,30,360,30,420,1.0,28cd5a0985fdc7afdcdcf37cc34c4c70ebf792a3dca0af0906eed6573be77326,225LABO_JNU_MICRO_PATH_V1
2025-03-05,0.008163310639160835,-0.0009336446160036731,-0.0012024852808441423,0.005093162061955075,30,360,30,420,1.0,28cd5a0985fdc7afdcdcf37cc34c4c70ebf792a3dca0af0906eed6573be77326,225LABO_JNU_MICRO_PATH_V1
2025-03-06,0.002784593723984857,-0.0015902468233348279,0.000397746110646384,0.001724710211941679,30,360,30,420,1.0,28cd5a0985fdc7afdcdcf37cc34c4c70ebf792a3dca0af0906eed6573be77326,225LABO_JNU_MICRO_PATH_V1
2025-03-07,-0.0006757213582336317,-0.0016251357856265376,-0.0033942059603986694,-0.006641840749878989,30,360,30,420,1.0,28cd5a0985fdc7afdcdcf37cc34c4c70ebf792a3dca0af0906eed6573be77326,225LABO_JNU_MICRO_PATH_V1
2025-03-10,-0.0014896068838808694,0.005005760300481941,0.00013490725146932117,0.0031074807144723807,30,360,30,420,1.0,28cd5a0985fdc7afdcdcf37cc34c4c70ebf792a3dca0af0906eed6573be77326,225LABO_JNU_MICRO_PATH_V1
2025-03-11,0.0,0.013428538319399674,-0.00040852455119805867,0.013023694947498225,30,360,30,420,1.0,28cd5a0985fdc7afdcdcf37cc34c4c70ebf792a3dca0af0906eed6573be77326,225LABO_JNU_MICRO_PATH_V1
2025-03-12,0.00680274732275262,-0.0013574048507474523,0.0,0.005038480053698308,30,360,30,420,1.0,28cd5a0985fdc7afdcdcf37cc34c4c70ebf792a3dca0af0906eed6573be77326,225LABO_JNU_MICRO_PATH_V1
2025-03-13,0.0030924394392508603,-0.010259269249279888,-0.00217420930872601,-0.01015099736293774,30,360,30,420,1.0,28cd5a0985fdc7afdcdcf37cc34c4c70ebf792a3dca0af0906eed6573be77326,225LABO_JNU_MICRO_PATH_V1
2025-03-14,0.0,0.008998015719560583,-0.0012220790440773872,0.007090294225024616,30,360,30,420,1.0,28cd5a0985fdc7afdcdcf37cc34c4c70ebf792a3dca0af0906eed6573be77326,225LABO_JNU_MICRO_PATH_V1
2025-03-17,-0.003356383630179756,0.0013439055913274914,-0.0010754134656552781,-0.0034908735772588998,30,360,30,420,1.0,28cd5a0985fdc7afdcdcf37cc34c4c70ebf792a3dca0af0906eed6573be77326,225LABO_JNU_MICRO_PATH_V1
2025-03-18,-0.0009281973748685225,-0.001062699356122012,-0.00039875058679476666,-0.003053032171667522,30,360,30,420,1.0,28cd5a0985fdc7afdcdcf37cc34c4c70ebf792a3dca0af0906eed6573be77326,225LABO_JNU_MICRO_PATH_V1
2025-03-19,0.004520683141020154,-0.003187253694179076,-0.0021307772078325393,-0.0003998667164242803,30,360,30,420,1.0,28cd5a0985fdc7afdcdcf37cc34c4c70ebf792a3dca0af0906eed6573be77326,225LABO_JNU_MICRO_PATH_V1
2025-03-20,-0.0011964109104087243,-0.00026609899039398523,-0.0005322688083083199,-0.0018617026653713214,30,360,30,420,1.0,28cd5a0985fdc7afdcdcf37cc34c4c70ebf792a3dca0af0906eed6573be77326,225LABO_JNU_MICRO_PATH_V1
2025-03-21,0.005597029536718034,-0.0031961673233410143,-0.0016023504563395432,0.0,30,360,30,420,1.0,28cd5a0985fdc7afdcdcf37cc34c4c70ebf792a3dca0af0906eed6573be77326,225LABO_JNU_MICRO_PATH_V1
2025-03-24,-0.0016000003413334915,-0.0021361823877658706,-0.002675944866800508,-0.005611237167786426,30,360,30,420,1.0,28cd5a0985fdc7afdcdcf37cc34c4c70ebf792a3dca0af0906eed6573be77326,225LABO_JNU_MICRO_PATH_V1
2025-03-25,0.0011910277329332758,-0.005574742337679303,-0.0002662406831487753,-0.005443816139324833,30,360,30,420,1.0,28cd5a0985fdc7afdcdcf37cc34c4c70ebf792a3dca0af0906eed6573be77326,225LABO_JNU_MICRO_PATH_V1
2025-03-26,-0.0018513626023275319,0.0002645502660931806,-0.00039685164883556165,-0.0014543533997331114,30,360,30,420,1.0,28cd5a0985fdc7afdcdcf37cc34c4c70ebf792a3dca0af0906eed6573be77326,225LABO_JNU_MICRO_PATH_V1
2025-03-27,0.002001201388300706,-0.0022686337881039405,0.0,0.0,30,360,30,420,1.0,28cd5a0985fdc7afdcdcf37cc34c4c70ebf792a3dca0af0906eed6573be77326,225LABO_JNU_MICRO_PATH_V1
2025-03-28,-0.0033500868852819744,-0.005250062540246128,-0.0006749915882333652,-0.00940867155698799,30,360,30,420,1.0,28cd5a0985fdc7afdcdcf37cc34c4c70ebf792a3dca0af0906eed6573be77326,225LABO_JNU_MICRO_PATH_V1
2025-03-31,-0.006531883414137548,-0.0027968134578298357,-0.002241839246339272,-0.01254546702153257,30,360,30,420,1.0,28cd5a0985fdc7afdcdcf37cc34c4c70ebf792a3dca0af0906eed6573be77326,225LABO_JNU_MICRO_PATH_V1
2025-04-01,0.0004168113988791837,-0.009915589933572411,0.0004210821874275483,-0.00977524890464233,30,360,30,420,1.0,28cd5a0985fdc7afdcdcf37cc34c4c70ebf792a3dca0af0906eed6573be77326,225LABO_JNU_MICRO_PATH_V1
2025-04-02,-0.007556711022561115,0.0002804262497345675,0.0020998117885506714,-0.003071770078038509,30,360,30,420,1.0,28cd5a0985fdc7afdcdcf37cc34c4c70ebf792a3dca0af0906eed6573be77326,225LABO_JNU_MICRO_PATH_V1
2025-04-03,0.014088874077741224,0.011017797740446846,0.0028776998276151956,0.028269403987811647,30,360,30,420,1.0,28cd5a0985fdc7afdcdcf37cc34c4c70ebf792a3dca0af0906eed6573be77326,225LABO_JNU_MICRO_PATH_V1
2025-04-04,0.013054824203491444,-0.007333561761195823,-0.0022168042773629167,-0.0020691701145495074,30,360,30,420,1.0,28cd5a0985fdc7afdcdcf37cc34c4c70ebf792a3dca0af0906eed6573be77326,225LABO_JNU_MICRO_PATH_V1
2025-04-07,-0.005352376738591954,0.021050026059057772,-0.009275614240364369,0.006770943166166021,30,360,30,420,1.0,28cd5a0985fdc7afdcdcf37cc34c4c70ebf792a3dca0af0906eed6573be77326,225LABO_JNU_MICRO_PATH_V1
2025-04-08,0.007602286880232944,-0.003337381738452226,0.0060587886039062885,0.010627092574286193,30,360,30,420,1.0,28cd5a0985fdc7afdcdcf37cc34c4c70ebf792a3dca0af0906eed6573be77326,225LABO_JNU_MICRO_PATH_V1
2025-04-09,0.005617992304223274,-0.0010917883015416068,-0.0073593066819236,-0.004234304138788344,30,360,30,420,1.0,28cd5a0985fdc7afdcdcf37cc34c4c70ebf792a3dca0af0906eed6573be77326,225LABO_JNU_MICRO_PATH_V1
2025-04-10,-0.003014428465062866,-0.006473445608215141,0.00014422730247829537,-0.006182177694267823,30,360,30,420,1.0,28cd5a0985fdc7afdcdcf37cc34c4c70ebf792a3dca0af0906eed6573be77326,225LABO_JNU_MICRO_PATH_V1
2025-04-11,-0.013151122953463646,0.02186621086818347,-0.002535233629930019,0.005690341799427884,30,360,30,420,1.0,28cd5a0985fdc7afdcdcf37cc34c4c70ebf792a3dca0af0906eed6573be77326,225LABO_JNU_MICRO_PATH_V1
2025-04-14,0.0070268185484632486,-0.0030726485510341765,0.001025565982498139,0.0032267555131379405,30,360,30,420,1.0,28cd5a0985fdc7afdcdcf37cc34c4c70ebf792a3dca0af0906eed6573be77326,225LABO_JNU_MICRO_PATH_V1
2025-04-15,0.0023344043282644248,-0.0007280670143236201,-0.0001456558155659421,0.0027714991119407893,30,360,30,420,1.0,28cd5a0985fdc7afdcdcf37cc34c4c70ebf792a3dca0af0906eed6573be77326,225LABO_JNU_MICRO_PATH_V1
2025-04-16,-0.002920136401225359,-0.008518189264805373,0.0011794192727927885,-0.010552640795563045,30,360,30,420,1.0,28cd5a0985fdc7afdcdcf37cc34c4c70ebf792a3dca0af0906eed6573be77326,225LABO_JNU_MICRO_PATH_V1
2025-04-17,0.005288685751513486,0.007153837356618774,0.0010173680115938611,0.013896223029782944,30,360,30,420,1.0,28cd5a0985fdc7afdcdcf37cc34c4c70ebf792a3dca0af0906eed6573be77326,225LABO_JNU_MICRO_PATH_V1
2025-04-18,-0.003631877312453094,0.011582582072204415,0.002301165980222271,0.009381608825137484,30,360,30,420,1.0,28cd5a0985fdc7afdcdcf37cc34c4c70ebf792a3dca0af0906eed6573be77326,225LABO_JNU_MICRO_PATH_V1
2025-04-21,0.00260228569579796,-0.006524126076943239,-0.0033505749169162108,-0.007993647680745586,30,360,30,420,1.0,28cd5a0985fdc7afdcdcf37cc34c4c70ebf792a3dca0af0906eed6573be77326,225LABO_JNU_MICRO_PATH_V1
2025-04-22,0.007892470083248532,-0.002187705969892992,0.0011680538632744721,0.005560447455190654,30,360,30,420,1.0,28cd5a0985fdc7afdcdcf37cc34c4c70ebf792a3dca0af0906eed6573be77326,225LABO_JNU_MICRO_PATH_V1
2025-04-23,-0.004980444304144815,-0.004577976521835667,0.0014332810250697267,-0.0089827366677992,30,360,30,420,1.0,28cd5a0985fdc7afdcdcf37cc34c4c70ebf792a3dca0af0906eed6573be77326,225LABO_JNU_MICRO_PATH_V1
2025-04-24,-0.0053832117533205905,-0.004267431796219244,-0.00028518465899828743,-0.009368414864283612,30,360,30,420,1.0,28cd5a0985fdc7afdcdcf37cc34c4c70ebf792a3dca0af0906eed6573be77326,225LABO_JNU_MICRO_PATH_V1
2025-04-25,-0.00028117531466002155,0.004068753420878562,0.0005599104289613909,0.0044880860749546905,30,360,30,420,1.0,28cd5a0985fdc7afdcdcf37cc34c4c70ebf792a3dca0af0906eed6573be77326,225LABO_JNU_MICRO_PATH_V1
2025-04-28,0.0008336807485774087,-0.0026427444270330706,-0.0009756778249777453,-0.0032022303729943875,30,360,30,420,1.0,28cd5a0985fdc7afdcdcf37cc34c4c70ebf792a3dca0af0906eed6573be77326,225LABO_JNU_MICRO_PATH_V1
2025-04-29,-0.0002783964383236564,0.0037507858100825583,0.0004157716087889209,0.004443834559147967,30,360,30,420,1.0,28cd5a0985fdc7afdcdcf37cc34c4c70ebf792a3dca0af0906eed6573be77326,225LABO_JNU_MICRO_PATH_V1
2025-04-30,-0.0005556327410625333,0.002498266393060572,-0.001665048254805851,0.0,30,360,30,420,1.0,28cd5a0985fdc7afdcdcf37cc34c4c70ebf792a3dca0af0906eed6573be77326,225LABO_JNU_MICRO_PATH_V1
2025-05-01,0.002480706895101857,0.004948463706096077,0.0016438359866022601,0.00810833824594644,30,360,30,420,1.0,28cd5a0985fdc7afdcdcf37cc34c4c70ebf792a3dca0af0906eed6573be77326,225LABO_JNU_MICRO_PATH_V1
2025-05-02,0.0013607295608908452,0.002172143129370133,-0.000678564184278244,0.0029911647046841332,30,360,30,420,1.0,28cd5a0985fdc7afdcdcf37cc34c4c70ebf792a3dca0af0906eed6573be77326,225LABO_JNU_MICRO_PATH_V1
2025-05-05,0.001889594299589852,-0.0006747183307044218,0.0006748093919613059,0.001350074459149122,30,360,30,420,1.0,28cd5a0985fdc7afdcdcf37cc34c4c70ebf792a3dca0af0906eed6573be77326,225LABO_JNU_MICRO_PATH_V1
2025-05-06,0.0017502528870637873,-0.0008075370559970571,0.00013461667920978694,0.0010774411816726127,30,360,30,420,1.0,28cd5a0985fdc7afdcdcf37cc34c4c70ebf792a3dca0af0906eed6573be77326,225LABO_JNU_MICRO_PATH_V1
2025-05-07,-0.006093038957298515,0.0013574048507473768,-0.0016295495186626546,-0.00677234066129564,30,360,30,420,1.0,28cd5a0985fdc7afdcdcf37cc34c4c70ebf792a3dca0af0906eed6573be77326,225LABO_JNU_MICRO_PATH_V1
2025-05-08,0.00040669694860040424,0.005277057100843819,0.0008091706442856756,0.005813576841515491,30,360,30,420,1.0,28cd5a0985fdc7afdcdcf37cc34c4c70ebf792a3dca0af0906eed6573be77326,225LABO_JNU_MICRO_PATH_V1
2025-05-09,-0.0021390382487494184,0.0032047029697207913,0.0003999733404432167,0.0018679124844047724,30,360,30,420,1.0,28cd5a0985fdc7afdcdcf37cc34c4c70ebf792a3dca0af0906eed6573be77326,225LABO_JNU_MICRO_PATH_V1
2025-05-12,-0.003183026560121101,0.001062276026063921,0.00039816843050429965,-0.0021208915691376244,30,360,30,420,1.0,28cd5a0985fdc7afdcdcf37cc34c4c70ebf792a3dca0af0906eed6573be77326,225LABO_JNU_MICRO_PATH_V1
2025-05-13,-0.004538683794630595,-0.00403777819834037,-0.0009143753494500127,-0.010012436546727527,30,360,30,420,1.0,28cd5a0985fdc7afdcdcf37cc34c4c70ebf792a3dca0af0906eed6573be77326,225LABO_JNU_MICRO_PATH_V1
2025-05-14,-0.0022191772047157987,-0.0031405417071448272,-0.0014423394620049486,-0.00627863409874175,30,360,30,420,1.0,28cd5a0985fdc7afdcdcf37cc34c4c70ebf792a3dca0af0906eed6573be77326,225LABO_JNU_MICRO_PATH_V1
2025-05-15,0.0033110420289487537,-0.0005288906641864464,-0.0018525875352777318,0.0015906684159895748,30,360,30,420,1.0,28cd5a0985fdc7afdcdcf37cc34c4c70ebf792a3dca0af0906eed6573be77326,225LABO_JNU_MICRO_PATH_V1
2025-05-16,-0.0035763995998305564,0.002915840369413881,-0.001058901488751129,-0.0015879320526039312,30,360,30,420,1.0,28cd5a0985fdc7afdcdcf37cc34c4c70ebf792a3dca0af0906eed6573be77326,225LABO_JNU_MICRO_PATH_V1
2025-05-19,-0.0009316564192884488,-0.0006663557253298638,-0.001869159422703536,-0.004533341097110338,30,360,30,420,1.0,28cd5a0985fdc7afdcdcf37cc34c4c70ebf792a3dca0af0906eed6573be77326,225LABO_JNU_MICRO_PATH_V1
2025-05-20,0.002915453960124135,-0.007435965746447965,0.00013323562740373093,-0.003856131365629715,30,360,30,420,1.0,28cd5a0985fdc7afdcdcf37cc34c4c70ebf792a3dca0af0906eed6573be77326,225LABO_JNU_MICRO_PATH_V1
2025-05-21,0.0009309130268657354,-0.006803201054480449,-0.0020103203178629507,-0.008283280494152232,30,360,30,420,1.0,28cd5a0985fdc7afdcdcf37cc34c4c70ebf792a3dca0af0906eed6573be77326,225LABO_JNU_MICRO_PATH_V1
2025-05-22,0.0012181093744120708,0.0004055424185354894,0.0002702702719154115,0.0022996290147783054,30,360,30,420,1.0,28cd5a0985fdc7afdcdcf37cc34c4c70ebf792a3dca0af0906eed6573be77326,225LABO_JNU_MICRO_PATH_V1
2025-05-23,0.002829618542315527,-0.0001346166792098443,0.0009418096895284727,0.003367686889975865,30,360,30,420,1.0,28cd5a0985fdc7afdcdcf37cc34c4c70ebf792a3dca0af0906eed6573be77326,225LABO_JNU_MICRO_PATH_V1
2025-05-26,0.0009404178835080201,0.005080224829874945,0.0018651750677712456,0.009764004542023016,30,360,30,420,1.0,28cd5a0985fdc7afdcdcf37cc34c4c70ebf792a3dca0af0906eed6573be77326,225LABO_JNU_MICRO_PATH_V1
2025-05-27,-0.002399041534466108,0.00664807660599768,0.0014566644964641641,0.005972544132621083,30,360,30,420,1.0,28cd5a0985fdc7afdcdcf37cc34c4c70ebf792a3dca0af0906eed6573be77326,225LABO_JNU_MICRO_PATH_V1
2025-05-28,-0.004587464628185026,-0.006852952491564544,-0.0013243280971443542,-0.013295792519969329,30,360,30,420,1.0,28cd5a0985fdc7afdcdcf37cc34c4c70ebf792a3dca0af0906eed6573be77326,225LABO_JNU_MICRO_PATH_V1
2025-05-29,-0.0011783962083749095,0.006002888964223135,0.00013011515209291824,0.00574114311794405,30,360,30,420,1.0,28cd5a0985fdc7afdcdcf37cc34c4c70ebf792a3dca0af0906eed6573be77326,225LABO_JNU_MICRO_PATH_V1
2025-05-30,-0.0010577814023448545,0.009093967120357633,-0.004868110396729529,0.001980329381758562,30,360,30,420,1.0,28cd5a0985fdc7afdcdcf37cc34c4c70ebf792a3dca0af0906eed6573be77326,225LABO_JNU_MICRO_PATH_V1
2025-06-02,-0.003328233119531605,-0.0006670669315466068,0.0,-0.0042621268569418835,30,360,30,420,1.0,28cd5a0985fdc7afdcdcf37cc34c4c70ebf792a3dca0af0906eed6573be77326,225LABO_JNU_MICRO_PATH_V1
2025-06-03,-0.004518880629644703,-0.0009326494580512607,-0.0003998667164242803,-0.005318454233010733,30,360,30,420,1.0,28cd5a0985fdc7afdcdcf37cc34c4c70ebf792a3dca0af0906eed6573be77326,225LABO_JNU_MICRO_PATH_V1
2025-06-04,0.0007949126014763421,0.0006615069368696381,-0.0013234517548443095,0.0007949126014763421,30,360,30,420,1.0,28cd5a0985fdc7afdcdcf37cc34c4c70ebf792a3dca0af0906eed6573be77326,225LABO_JNU_MICRO_PATH_V1
2025-06-05,0.0014632526721228263,-0.00026588673381850944,-0.0021296427588407573,-0.0009322768205364687,30,360,30,420,1.0,28cd5a0985fdc7afdcdcf37cc34c4c70ebf792a3dca0af0906eed6573be77326,225LABO_JNU_MICRO_PATH_V1
2025-06-06,0.0041215241485036995,0.0,0.002385370863370161,0.0065068950118737385,30,360,30,420,1.0,28cd5a0985fdc7afdcdcf37cc34c4c70ebf792a3dca0af0906eed6573be77326,225LABO_JNU_MICRO_PATH_V1
2025-06-09,0.004205552262378573,-0.0010498688628368148,0.000787608336855255,0.0036808244528837176,30,360,30,420,1.0,28cd5a0985fdc7afdcdcf37cc34c4c70ebf792a3dca0af0906eed6573be77326,225LABO_JNU_MICRO_PATH_V1
2025-06-10,-0.001567193738552483,-0.0028773234603906603,0.0017014597390499866,-0.002090137926179226,30,360,30,420,1.0,28cd5a0985fdc7afdcdcf37cc34c4c70ebf792a3dca0af0906eed6573be77326,225LABO_JNU_MICRO_PATH_V1
2025-06-11,0.0029926507274197142,-0.0035131127147753636,0.0014331316373800015,0.0009117551917843482,30,360,30,420,1.0,28cd5a0985fdc7afdcdcf37cc34c4c70ebf792a3dca0af0906eed6573be77326,225LABO_JNU_MICRO_PATH_V1
2025-06-12,-0.00013042060664066954,-0.004181919319896904,-0.0007860605671355002,-0.00496797988703246,30,360,30,420,1.0,28cd5a0985fdc7afdcdcf37cc34c4c70ebf792a3dca0af0906eed6573be77326,225LABO_JNU_MICRO_PATH_V1
2025-06-13,-0.00408405811063507,-0.002908900636403477,-0.0001324064881113717,-0.0071249806628683535,30,360,30,420,1.0,28cd5a0985fdc7afdcdcf37cc34c4c70ebf792a3dca0af0906eed6573be77326,225LABO_JNU_MICRO_PATH_V1
2025-06-16,0.0034129725962399426,0.003533803821409027,0.001958097355613969,0.00824989947214184,30,360,30,420,1.0,28cd5a0985fdc7afdcdcf37cc34c4c70ebf792a3dca0af0906eed6573be77326,225LABO_JNU_MICRO_PATH_V1
2025-06-17,-0.0031250025431352776,0.004552853392914208,0.0002596054012503386,0.0016886410455457376,30,360,30,420,1.0,28cd5a0985fdc7afdcdcf37cc34c4c70ebf792a3dca0af0906eed6573be77326,225LABO_JNU_MICRO_PATH_V1
2025-06-18,0.007422392302405226,0.006336091540650249,0.0018027303362703946,0.01581983199836786,30,360,30,420,1.0,28cd5a0985fdc7afdcdcf37cc34c4c70ebf792a3dca0af0906eed6573be77326,225LABO_JNU_MICRO_PATH_V1
2025-06-19,-0.0029736915054335796,-0.0025943716718042874,0.00012987856372570145,-0.005956252232922294,30,360,30,420,1.0,28cd5a0985fdc7afdcdcf37cc34c4c70ebf792a3dca0af0906eed6573be77326,225LABO_JNU_MICRO_PATH_V1
2025-06-20,0.0002594706812688609,-0.0025967295817111834,-0.0023428359017726073,-0.004291014971095593,30,360,30,420,1.0,28cd5a0985fdc7afdcdcf37cc34c4c70ebf792a3dca0af0906eed6573be77326,225LABO_JNU_MICRO_PATH_V1
2025-06-23,-0.0018336612865355244,0.0051023856363662705,0.001564741484993508,0.004308944448552691,30,360,30,420,1.0,28cd5a0985fdc7afdcdcf37cc34c4c70ebf792a3dca0af0906eed6573be77326,225LABO_JNU_MICRO_PATH_V1
2025-06-24,0.0033474989415628437,-0.00360685693099313,0.0015477882620468105,0.000644620663074871,30,360,30,420,1.0,28cd5a0985fdc7afdcdcf37cc34c4c70ebf792a3dca0af0906eed6573be77326,225LABO_JNU_MICRO_PATH_V1
2025-06-25,-0.0005163289129811856,0.003606856930993063,0.0011567381278237332,0.004635002504148483,30,360,30,420,1.0,28cd5a0985fdc7afdcdcf37cc34c4c70ebf792a3dca0af0906eed6573be77326,225LABO_JNU_MICRO_PATH_V1
2025-06-26,0.004092600673359867,0.008771428512386931,0.0015180268569772544,0.013745920904635136,30,360,30,420,1.0,28cd5a0985fdc7afdcdcf37cc34c4c70ebf792a3dca0af0906eed6573be77326,225LABO_JNU_MICRO_PATH_V1
2025-06-27,0.0003756338865929843,0.004622985680885371,0.002241315843013917,0.006864301523899217,30,360,30,420,1.0,28cd5a0985fdc7afdcdcf37cc34c4c70ebf792a3dca0af0906eed6573be77326,225LABO_JNU_MICRO_PATH_V1
2025-06-30,0.0012313756019667673,-0.005919366155567946,0.0018542560476952534,-0.002343799259590976,30,360,30,420,1.0,28cd5a0985fdc7afdcdcf37cc34c4c70ebf792a3dca0af0906eed6573be77326,225LABO_JNU_MICRO_PATH_V1
2025-07-01,-0.00310655732906096,-0.0062422175225001425,0.0003755868588752576,-0.008847961018632087,30,360,30,420,1.0,28cd5a0985fdc7afdcdcf37cc34c4c70ebf792a3dca0af0906eed6573be77326,225LABO_JNU_MICRO_PATH_V1
2025-07-02,0.001519564683940281,0.0058029682206737505,0.0008798944694392958,0.008580494284814251,30,360,30,420,1.0,28cd5a0985fdc7afdcdcf37cc34c4c70ebf792a3dca0af0906eed6573be77326,225LABO_JNU_MICRO_PATH_V1
2025-07-03,-0.002012832482323918,-0.00025204789043326606,0.00037790515030593864,-0.0021387691363534194,30,360,30,420,1.0,28cd5a0985fdc7afdcdcf37cc34c4c70ebf792a3dca0af0906eed6573be77326,225LABO_JNU_MICRO_PATH_V1
2025-07-04,-0.0047625105683350094,0.0010057833384964072,-0.00012565181897544652,-0.005013798419889721,30,360,30,420,1.0,28cd5a0985fdc7afdcdcf37cc34c4c70ebf792a3dca0af0906eed6573be77326,225LABO_JNU_MICRO_PATH_V1
2025-07-07,-0.0008800050853905091,-0.004286981726337884,0.00012638230664541958,-0.005670735377680623,30,360,30,420,1.0,28cd5a0985fdc7afdcdcf37cc34c4c70ebf792a3dca0af0906eed6573be77326,225LABO_JNU_MICRO_PATH_V1
2025-07-08,0.00833338155914424,-0.0015100040619242959,0.0017612282826660478,0.008710526575871824,30,360,30,420,1.0,28cd5a0985fdc7afdcdcf37cc34c4c70ebf792a3dca0af0906eed6573be77326,225LABO_JNU_MICRO_PATH_V1
2025-07-09,-0.006019581758386039,-0.0005030813840225999,0.0008801157291573117,-0.005139466029228875,30,360,30,420,1.0,28cd5a0985fdc7afdcdcf37cc34c4c70ebf792a3dca0af0906eed6573be77326,225LABO_JNU_MICRO_PATH_V1
2025-07-10,-0.006037754190920033,-0.0002522704352430345,0.0005044772461638198,-0.005407117857980667,30,360,30,420,1.0,28cd5a0985fdc7afdcdcf37cc34c4c70ebf792a3dca0af0906eed6573be77326,225LABO_JNU_MICRO_PATH_V1
2025-07-11,0.003386644817317289,-0.009564633700792356,-0.0003794346469351924,-0.006807893162276953,30,360,30,420,1.0,28cd5a0985fdc7afdcdcf37cc34c4c70ebf792a3dca0af0906eed6573be77326,225LABO_JNU_MICRO_PATH_V1
2025-07-14,0.0026644690000557155,0.0007603599403211582,-0.0007606491238962185,0.0017771012546886143,30,360,30,420,1.0,28cd5a0985fdc7afdcdcf37cc34c4c70ebf792a3dca0af0906eed6573be77326,225LABO_JNU_MICRO_PATH_V1
2025-07-15,-0.001138880224332318,0.0029064277741454227,0.0001261431726681265,0.00265235393889689,30,360,30,420,1.0,28cd5a0985fdc7afdcdcf37cc34c4c70ebf792a3dca0af0906eed6573be77326,225LABO_JNU_MICRO_PATH_V1
2025-07-16,-0.0022741639618106815,0.003534464674201114,-0.0020179096265959145,-0.00037866835416182706,30,360,30,420,1.0,28cd5a0985fdc7afdcdcf37cc34c4c70ebf792a3dca0af0906eed6573be77326,225LABO_JNU_MICRO_PATH_V1
2025-07-17,-0.0027883414770452225,0.011603106593137137,0.0006264486830189107,0.010450205268566557,30,360,30,420,1.0,28cd5a0985fdc7afdcdcf37cc34c4c70ebf792a3dca0af0906eed6573be77326,225LABO_JNU_MICRO_PATH_V1
2025-07-18,-0.0022491575144400707,-0.0045107205913770135,0.0007532957041715595,-0.0055068975212747215,30,360,30,420,1.0,28cd5a0985fdc7afdcdcf37cc34c4c70ebf792a3dca0af0906eed6573be77326,225LABO_JNU_MICRO_PATH_V1
2025-07-21,0.0007541478487140704,0.00012560447168428085,0.00012558869718239793,0.0012565973003096948,30,360,30,420,1.0,28cd5a0985fdc7afdcdcf37cc34c4c70ebf792a3dca0af0906eed6573be77326,225LABO_JNU_MICRO_PATH_V1
2025-07-22,0.010370555866221055,-0.013381053779476947,0.0006292870385754728,-0.0017598998885550866,30,360,30,420,1.0,28cd5a0985fdc7afdcdcf37cc34c4c70ebf792a3dca0af0906eed6573be77326,225LABO_JNU_MICRO_PATH_V1
2025-07-23,0.006672457722410236,0.016862569643992725,0.0009694620245481637,0.023282512288030573,30,360,30,420,1.0,28cd5a0985fdc7afdcdcf37cc34c4c70ebf792a3dca0af0906eed6573be77326,225LABO_JNU_MICRO_PATH_V1
2025-07-24,0.001798453814884603,0.005258138309754003,-0.001908852882163222,0.004908132196881804,30,360,30,420,1.0,28cd5a0985fdc7afdcdcf37cc34c4c70ebf792a3dca0af0906eed6573be77326,225LABO_JNU_MICRO_PATH_V1
2025-07-25,0.0014393669271652843,-0.005772021797122289,-0.001085841935729003,-0.005657553459434448,30,360,30,420,1.0,28cd5a0985fdc7afdcdcf37cc34c4c70ebf792a3dca0af0906eed6573be77326,225LABO_JNU_MICRO_PATH_V1
2025-07-28,-0.008218562092485551,-0.003889163871525494,-0.0029271883323406236,-0.014671375619554755,30,360,30,420,1.0,28cd5a0985fdc7afdcdcf37cc34c4c70ebf792a3dca0af0906eed6573be77326,225LABO_JNU_MICRO_PATH_V1
2025-07-29,-0.003188230781577321,-0.002335444488473464,0.003685055146673751,-0.0014702281501557052,30,360,30,420,1.0,28cd5a0985fdc7afdcdcf37cc34c4c70ebf792a3dca0af0906eed6573be77326,225LABO_JNU_MICRO_PATH_V1
2025-07-30,-0.0006144393434477721,-0.0008610616191032041,0.0006150439950323835,-0.00098328424834876,30,360,30,420,1.0,28cd5a0985fdc7afdcdcf37cc34c4c70ebf792a3dca0af0906eed6573be77326,225LABO_JNU_MICRO_PATH_V1
2025-07-31,-0.0017161073101080045,0.008188252288174382,0.0019450528864949984,0.008415196925284498,30,360,30,420,1.0,28cd5a0985fdc7afdcdcf37cc34c4c70ebf792a3dca0af0906eed6573be77326,225LABO_JNU_MICRO_PATH_V1
2025-08-01,-0.002578428587944365,0.004664874651360584,0.0009793121115642884,0.0022048024610155275,30,360,30,420,1.0,28cd5a0985fdc7afdcdcf37cc34c4c70ebf792a3dca0af0906eed6573be77326,225LABO_JNU_MICRO_PATH_V1
2025-08-04,0.006010536502142323,0.007971146951710934,-0.000992555912751628,0.011736930838135672,30,360,30,420,1.0,28cd5a0985fdc7afdcdcf37cc34c4c70ebf792a3dca0af0906eed6573be77326,225LABO_JNU_MICRO_PATH_V1
2025-08-05,-0.0022235957278031607,0.0020996734694690993,0.0024642693594182498,0.0027110306191527865,30,360,30,420,1.0,28cd5a0985fdc7afdcdcf37cc34c4c70ebf792a3dca0af0906eed6573be77326,225LABO_JNU_MICRO_PATH_V1
2025-08-06,0.0018496829985398281,0.006268842359784209,0.0006123323931454485,0.00811313608186561,30,360,30,420,1.0,28cd5a0985fdc7afdcdcf37cc34c4c70ebf792a3dca0af0906eed6573be77326,225LABO_JNU_MICRO_PATH_V1
2025-08-07,0.002208318895228497,0.0050125418235441935,0.0012195123462611901,0.0077078744612670514,30,360,30,420,1.0,28cd5a0985fdc7afdcdcf37cc34c4c70ebf792a3dca0af0906eed6573be77326,225LABO_JNU_MICRO_PATH_V1
2025-08-08,0.008102106114350582,0.006364476602085091,0.002392059506826852,0.01625856251237637,30,360,30,420,1.0,28cd5a0985fdc7afdcdcf37cc34c4c70ebf792a3dca0af0906eed6573be77326,225LABO_JNU_MICRO_PATH_V1
2025-08-11,0.0009464096293773618,0.0014177696136661545,0.000472310789273761,0.0026004742787060363,30,360,30,420,1.0,28cd5a0985fdc7afdcdcf37cc34c4c70ebf792a3dca0af0906eed6573be77326,225LABO_JNU_MICRO_PATH_V1
2025-08-12,0.0035394090748626,0.006104738376829323,-0.0015243011686836777,0.007183685135356361,30,360,30,420,1.0,28cd5a0985fdc7afdcdcf37cc34c4c70ebf792a3dca0af0906eed6573be77326,225LABO_JNU_MICRO_PATH_V1
2025-08-13,-0.005907239046235558,0.005561362960835083,0.0015012416931159144,0.0008080808520535348,30,360,30,420,1.0,28cd5a0985fdc7afdcdcf37cc34c4c70ebf792a3dca0af0906eed6573be77326,225LABO_JNU_MICRO_PATH_V1
2025-08-14,0.0010442653382685724,-0.009329513733489052,-0.0014072947086288508,-0.010855081786099974,30,360,30,420,1.0,28cd5a0985fdc7afdcdcf37cc34c4c70ebf792a3dca0af0906eed6573be77326,225LABO_JNU_MICRO_PATH_V1
2025-08-15,0.0038508712037242133,0.010086457317170384,0.0017292067251940095,0.014969818278757074,30,360,30,420,1.0,28cd5a0985fdc7afdcdcf37cc34c4c70ebf792a3dca0af0906eed6573be77326,225LABO_JNU_MICRO_PATH_V1
2025-08-18,0.004014457418661868,0.001946305497336128,0.0004575612067933654,0.004929789290350173,30,360,30,420,1.0,28cd5a0985fdc7afdcdcf37cc34c4c70ebf792a3dca0af0906eed6573be77326,225LABO_JNU_MICRO_PATH_V1
2025-08-19,-0.0009135549339257766,-0.00481100584309154,0.00045924225835827304,-0.005608668053567406,30,360,30,420,1.0,28cd5a0985fdc7afdcdcf37cc34c4c70ebf792a3dca0af0906eed6573be77326,225LABO_JNU_MICRO_PATH_V1
2025-08-20,-0.005431341716016096,-0.005347606326595242,0.0012821261736534202,-0.010659352461913787,30,360,30,420,1.0,28cd5a0985fdc7afdcdcf37cc34c4c70ebf792a3dca0af0906eed6573be77326,225LABO_JNU_MICRO_PATH_V1
2025-08-21,0.0012860234425714552,-0.002693052385771666,-0.00046909816739189206,-0.002694314287320681,30,360,30,420,1.0,28cd5a0985fdc7afdcdcf37cc34c4c70ebf792a3dca0af0906eed6573be77326,225LABO_JNU_MICRO_PATH_V1
2025-08-22,-0.00600037096521301,0.00588860493250108,-0.00011743291658140616,-0.0011737090549289277,30,360,30,420,1.0,28cd5a0985fdc7afdcdcf37cc34c4c70ebf792a3dca0af0906eed6573be77326,225LABO_JNU_MICRO_PATH_V1
2025-08-25,-0.00452936143941714,-0.0036166404701885504,-0.0008185698872555701,-0.009547167638435442,30,360,30,420,1.0,28cd5a0985fdc7afdcdcf37cc34c4c70ebf792a3dca0af0906eed6573be77326,225LABO_JNU_MICRO_PATH_V1
2025-08-26,-0.0031721814769606685,-0.002354604337210793,-0.0030692976521391898,-0.007890284119283606,30,360,30,420,1.0,28cd5a0985fdc7afdcdcf37cc34c4c70ebf792a3dca0af0906eed6573be77326,225LABO_JNU_MICRO_PATH_V1
2025-08-27,-0.001766472814053196,0.0030617075259591515,-0.001765017814215375,-0.0009417304992627655,30,360,30,420,1.0,28cd5a0985fdc7afdcdcf37cc34c4c70ebf792a3dca0af0906eed6573be77326,225LABO_JNU_MICRO_PATH_V1
2025-08-28,0.007991580902967628,0.004212010439110755,0.001983086097547621,0.012429803558469989,30,360,30,420,1.0,28cd5a0985fdc7afdcdcf37cc34c4c70ebf792a3dca0af0906eed6573be77326,225LABO_JNU_MICRO_PATH_V1
2025-08-29,-0.004325215697166676,0.0011697275868777942,-0.002691476670109508,-0.0045595449308107,30,360,30,420,1.0,28cd5a0985fdc7afdcdcf37cc34c4c70ebf792a3dca0af0906eed6573be77326,225LABO_JNU_MICRO_PATH_V1
2025-09-01,0.0035440084347293315,-0.00721683108586163,0.002253455261846807,-0.0010656563674995337,30,360,30,420,1.0,28cd5a0985fdc7afdcdcf37cc34c4c70ebf792a3dca0af0906eed6573be77326,225LABO_JNU_MICRO_PATH_V1
2025-09-02,-0.00023612750995192887,-0.0005910514977905669,0.0009454030484351666,-0.0005904233506819663,30,360,30,420,1.0,28cd5a0985fdc7afdcdcf37cc34c4c70ebf792a3dca0af0906eed6573be77326,225LABO_JNU_MICRO_PATH_V1
2025-09-03,0.00047500297769960647,-0.004876027975671647,0.0023826554040676873,-0.0017832733727729448,30,360,30,420,1.0,28cd5a0985fdc7afdcdcf37cc34c4c70ebf792a3dca0af0906eed6573be77326,225LABO_JNU_MICRO_PATH_V1
2025-09-04,0.006398126091463521,0.004711988927958345,0.0016443508520716792,0.012755576277142397,30,360,30,420,1.0,28cd5a0985fdc7afdcdcf37cc34c4c70ebf792a3dca0af0906eed6573be77326,225LABO_JNU_MICRO_PATH_V1
2025-09-05,0.003716181259629158,-0.0029037711326358015,0.001860033086836031,0.0017436796048268374,30,360,30,420,1.0,28cd5a0985fdc7afdcdcf37cc34c4c70ebf792a3dca0af0906eed6573be77326,225LABO_JNU_MICRO_PATH_V1
2025-09-08,-0.0014915957099721237,0.0021777760913850495,-0.00022906883618657926,0.0009168004309362193,30,360,30,420,1.0,28cd5a0985fdc7afdcdcf37cc34c4c70ebf792a3dca0af0906eed6573be77326,225LABO_JNU_MICRO_PATH_V1
2025-09-09,0.003409094210773096,-0.011530466237485645,-0.00034460973289168035,-0.009263031525473664,30,360,30,420,1.0,28cd5a0985fdc7afdcdcf37cc34c4c70ebf792a3dca0af0906eed6573be77326,225LABO_JNU_MICRO_PATH_V1
2025-09-10,0.004017683186612394,0.004118527729870405,0.002167342432841726,0.00938759040632871,30,360,30,420,1.0,28cd5a0985fdc7afdcdcf37cc34c4c70ebf792a3dca0af0906eed6573be77326,225LABO_JNU_MICRO_PATH_V1
2025-09-11,-0.0014795427498398208,0.010198388674462766,0.0015767544656508905,0.010521054116851579,30,360,30,420,1.0,28cd5a0985fdc7afdcdcf37cc34c4c70ebf792a3dca0af0906eed6573be77326,225LABO_JNU_MICRO_PATH_V1
2025-09-12,-0.00348608730893885,0.002587614651911789,0.0003369083079764377,-0.00022454249561052042,30,360,30,420,1.0,28cd5a0985fdc7afdcdcf37cc34c4c70ebf792a3dca0af0906eed6573be77326,225LABO_JNU_MICRO_PATH_V1
2025-09-16,0.0017899098637099062,-0.0007836552318201648,-0.001120322770102582,-0.001120322770102582,30,360,30,420,1.0,28cd5a0985fdc7afdcdcf37cc34c4c70ebf792a3dca0af0906eed6573be77326,225LABO_JNU_MICRO_PATH_V1
2025-09-17,-0.00101174759909219,0.004493379836162501,0.00011205109541679998,0.0028050509276086816,30,360,30,420,1.0,28cd5a0985fdc7afdcdcf37cc34c4c70ebf792a3dca0af0906eed6573be77326,225LABO_JNU_MICRO_PATH_V1
2025-09-18,-0.0001116881667548704,0.008009832566925734,0.001994681512425786,0.008784178348932659,30,360,30,420,1.0,28cd5a0985fdc7afdcdcf37cc34c4c70ebf792a3dca0af0906eed6573be77326,225LABO_JNU_MICRO_PATH_V1
2025-09-19,-0.00285181722290197,-0.016165099564129877,-0.001451622163230082,-0.020023900406155887,30,360,30,420,1.0,28cd5a0985fdc7afdcdcf37cc34c4c70ebf792a3dca0af0906eed6573be77326,225LABO_JNU_MICRO_PATH_V1
2025-09-22,0.0066327901801200425,-0.0025370925307233324,0.0006624710411210125,0.004868343317412833,30,360,30,420,1.0,28cd5a0985fdc7afdcdcf37cc34c4c70ebf792a3dca0af0906eed6573be77326,225LABO_JNU_MICRO_PATH_V1
2025-09-23,-0.001979980847044988,0.00274740543167104,0.00010976345985450631,0.0012080612089170896,30,360,30,420,1.0,28cd5a0985fdc7afdcdcf37cc34c4c70ebf792a3dca0af0906eed6573be77326,225LABO_JNU_MICRO_PATH_V1
2025-09-24,-0.005197114589386822,0.0075196638751871695,-0.0001101503553462189,0.0012124553703548194,30,360,30,420,1.0,28cd5a0985fdc7afdcdcf37cc34c4c70ebf792a3dca0af0906eed6573be77326,225LABO_JNU_MICRO_PATH_V1
2025-09-25,0.0005506304858025881,0.002089635074373657,-0.0007693576243646265,0.0018709079358116025,30,360,30,420,1.0,28cd5a0985fdc7afdcdcf37cc34c4c70ebf792a3dca0af0906eed6573be77326,225LABO_JNU_MICRO_PATH_V1
2025-09-26,-0.0017654202974304002,-0.0011058278247313823,-0.002216312963955878,-0.0063035873643505986,30,360,30,420,1.0,28cd5a0985fdc7afdcdcf37cc34c4c70ebf792a3dca0af0906eed6573be77326,225LABO_JNU_MICRO_PATH_V1
2025-09-29,-0.002881526985510324,-0.0012210691421167847,0.0012205271972866043,-0.0019940186068643953,30,360,30,420,1.0,28cd5a0985fdc7afdcdcf37cc34c4c70ebf792a3dca0af0906eed6573be77326,225LABO_JNU_MICRO_PATH_V1
2025-09-30,-0.002995508979798451,-0.0004441483528487497,-0.0020013348908174268,-0.004663566080495456,30,360,30,420,1.0,28cd5a0985fdc7afdcdcf37cc34c4c70ebf792a3dca0af0906eed6573be77326,225LABO_JNU_MICRO_PATH_V1
2025-10-01,-0.003908654258706967,-0.0015670475559559926,-0.001681520490374869,-0.006597731509381636,30,360,30,420,1.0,28cd5a0985fdc7afdcdcf37cc34c4c70ebf792a3dca0af0906eed6573be77326,225LABO_JNU_MICRO_PATH_V1
2025-10-02,0.005110554395962612,-0.0018848057023889688,-0.0005550313735204088,0.0031138815196394593,30,360,30,420,1.0,28cd5a0985fdc7afdcdcf37cc34c4c70ebf792a3dca0af0906eed6573be77326,225LABO_JNU_MICRO_PATH_V1
2025-10-03,0.0034343356195131705,0.01164336528056141,0.0034892631628553423,0.019343388036429043,30,360,30,420,1.0,28cd5a0985fdc7afdcdcf37cc34c4c70ebf792a3dca0af0906eed6573be77326,225LABO_JNU_MICRO_PATH_V1
2025-10-06,-0.00770596336434907,0.008032171697264253,0.001765775582146404,-0.00041502386982931344,30,360,30,420,1.0,28cd5a0985fdc7afdcdcf37cc34c4c70ebf792a3dca0af0906eed6573be77326,225LABO_JNU_MICRO_PATH_V1
2025-10-07,0.0,-0.008286767951415332,-0.0009364757981103758,-0.010150268399116405,30,360,30,420,1.0,28cd5a0985fdc7afdcdcf37cc34c4c70ebf792a3dca0af0906eed6573be77326,225LABO_JNU_MICRO_PATH_V1
2025-10-08,-0.0004170576642663957,-0.0028185205777053308,0.0006273525927211256,-0.002713989139780305,30,360,30,420,1.0,28cd5a0985fdc7afdcdcf37cc34c4c70ebf792a3dca0af0906eed6573be77326,225LABO_JNU_MICRO_PATH_V1
2025-10-09,-0.0002077490399078564,0.009396527396082611,0.0028747453062667855,0.013001937367035312,30,360,30,420,1.0,28cd5a0985fdc7afdcdcf37cc34c4c70ebf792a3dca0af0906eed6573be77326,225LABO_JNU_MICRO_PATH_V1
2025-10-10,-0.003195714280966897,-0.0035174875911472927,-0.013040714772920714,-0.020064085928017145,30,360,30,420,1.0,28cd5a0985fdc7afdcdcf37cc34c4c70ebf792a3dca0af0906eed6573be77326,225LABO_JNU_MICRO_PATH_V1
2025-10-13,-0.000322320711896111,0.0019340287537014597,0.0022502018602693413,0.003645725676465848,30,360,30,420,1.0,28cd5a0985fdc7afdcdcf37cc34c4c70ebf792a3dca0af0906eed6573be77326,225LABO_JNU_MICRO_PATH_V1
2025-10-14,0.007945377886119142,-0.015034692940196914,-0.0025627349850741994,-0.0052252851495249,30,360,30,420,1.0,28cd5a0985fdc7afdcdcf37cc34c4c70ebf792a3dca0af0906eed6573be77326,225LABO_JNU_MICRO_PATH_V1
2025-10-15,0.0029711397069073987,0.010960168730512993,0.001780571300492192,0.015396275866274798,30,360,30,420,1.0,28cd5a0985fdc7afdcdcf37cc34c4c70ebf792a3dca0af0906eed6573be77326,225LABO_JNU_MICRO_PATH_V1
2025-10-16,-0.0018732443816803362,0.003736382136133397,0.002895555280581596,0.006838696220341185,30,360,30,420,1.0,28cd5a0985fdc7afdcdcf37cc34c4c70ebf792a3dca0af0906eed6573be77326,225LABO_JNU_MICRO_PATH_V1
2025-10-17,0.000732102736249769,-0.0051360104515050025,-0.0009461235922588755,-0.005244950658019001,30,360,30,420,1.0,28cd5a0985fdc7afdcdcf37cc34c4c70ebf792a3dca0af0906eed6573be77326,225LABO_JNU_MICRO_PATH_V1
2025-10-20,0.0007230284878325001,0.013941794248484745,0.0041656143548037235,0.018935113600729764,30,360,30,420,1.0,28cd5a0985fdc7afdcdcf37cc34c4c70ebf792a3dca0af0906eed6573be77326,225LABO_JNU_MICRO_PATH_V1
2025-10-21,-0.004125376882560392,-0.007989120714740752,0.0003043676785025141,-0.010193356666316414,30,360,30,420,1.0,28cd5a0985fdc7afdcdcf37cc34c4c70ebf792a3dca0af0906eed6573be77326,225LABO_JNU_MICRO_PATH_V1
2025-10-22,-0.006712117135020303,0.010356473924161082,-0.0036444664756427173,-0.0006083341970024511,30,360,30,420,1.0,28cd5a0985fdc7afdcdcf37cc34c4c70ebf792a3dca0af0906eed6573be77326,225LABO_JNU_MICRO_PATH_V1
2025-10-23,-0.0011296535219279848,0.001232539186437203,-0.00123253918643726,-0.0013351822452905265,30,360,30,420,1.0,28cd5a0985fdc7afdcdcf37cc34c4c70ebf792a3dca0af0906eed6573be77326,225LABO_JNU_MICRO_PATH_V1
2025-10-24,-0.0005089835708192741,0.0031470509705240316,0.0006080259611721952,0.004569231689294473,30,360,30,420,1.0,28cd5a0985fdc7afdcdcf37cc34c4c70ebf792a3dca0af0906eed6573be77326,225LABO_JNU_MICRO_PATH_V1
2025-10-27,0.005079439236386727,0.004362489567863174,0.0004943398192517171,0.010133208105971864,30,360,30,420,1.0,28cd5a0985fdc7afdcdcf37cc34c4c70ebf792a3dca0af0906eed6573be77326,225LABO_JNU_MICRO_PATH_V1
2025-10-28,-0.003073112703549204,-0.003378717315369575,0.004371591661496295,-0.0015849433728968322,30,360,30,420,1.0,28cd5a0985fdc7afdcdcf37cc34c4c70ebf792a3dca0af0906eed6573be77326,225LABO_JNU_MICRO_PATH_V1
2025-10-29,0.0023649991314978833,0.013298328370344918,-0.0018472612321156672,0.013717636228799126,30,360,30,420,1.0,28cd5a0985fdc7afdcdcf37cc34c4c70ebf792a3dca0af0906eed6573be77326,225LABO_JNU_MICRO_PATH_V1
2025-10-30,0.007814829260847447,-0.0006810995155053105,0.0011683381720391792,0.007814829260847447,30,360,30,420,1.0,28cd5a0985fdc7afdcdcf37cc34c4c70ebf792a3dca0af0906eed6573be77326,225LABO_JNU_MICRO_PATH_V1
2025-10-31,0.006958566785510479,0.009016847662050815,0.0017177215789532727,0.017020459925592136,30,360,30,420,1.0,28cd5a0985fdc7afdcdcf37cc34c4c70ebf792a3dca0af0906eed6573be77326,225LABO_JNU_MICRO_PATH_V1
2025-11-03,-0.0021932970219066495,-0.001432322994933059,-0.0005735589489040008,-0.003817527064169141,30,360,30,420,1.0,28cd5a0985fdc7afdcdcf37cc34c4c70ebf792a3dca0af0906eed6573be77326,225LABO_JNU_MICRO_PATH_V1
2025-11-04,-0.0013368985948415196,-0.011438582929353845,-0.0028074949463412612,-0.01577410796958951,30,360,30,420,1.0,28cd5a0985fdc7afdcdcf37cc34c4c70ebf792a3dca0af0906eed6573be77326,225LABO_JNU_MICRO_PATH_V1
2025-11-05,-0.0072892363724395256,-0.008143852736333043,0.0032788543459616906,-0.010656242920343768,30,360,30,420,1.0,28cd5a0985fdc7afdcdcf37cc34c4c70ebf792a3dca0af0906eed6573be77326,225LABO_JNU_MICRO_PATH_V1
2025-11-06,-0.0047924195592005305,-0.0023545581367494283,-0.0005888703673947019,-0.006165911387013014,30,360,30,420,1.0,28cd5a0985fdc7afdcdcf37cc34c4c70ebf792a3dca0af0906eed6573be77326,225LABO_JNU_MICRO_PATH_V1
2025-11-07,0.0,0.0008953888077690814,-0.0003976933836468765,0.0008953888077690814,30,360,30,420,1.0,28cd5a0985fdc7afdcdcf37cc34c4c70ebf792a3dca0af0906eed6573be77326,225LABO_JNU_MICRO_PATH_V1
2025-11-10,-0.0026615423075128965,0.005115603876113827,0.0010784843439581178,0.004616223882754888,30,360,30,420,1.0,28cd5a0985fdc7afdcdcf37cc34c4c70ebf792a3dca0af0906eed6573be77326,225LABO_JNU_MICRO_PATH_V1
2025-11-11,0.001752336897004237,-0.010953654751581096,0.0047072755353279065,-0.004100767316638123,30,360,30,420,1.0,28cd5a0985fdc7afdcdcf37cc34c4c70ebf792a3dca0af0906eed6573be77326,225LABO_JNU_MICRO_PATH_V1
2025-11-12,-0.009234764518378692,0.008553362867764964,0.0018590093901341535,0.00039108330572769964,30,360,30,420,1.0,28cd5a0985fdc7afdcdcf37cc34c4c70ebf792a3dca0af0906eed6573be77326,225LABO_JNU_MICRO_PATH_V1
2025-11-13,0.00029315483671123096,0.001757641307875514,0.001267241969072208,0.003219986194355394,30,360,30,420,1.0,28cd5a0985fdc7afdcdcf37cc34c4c70ebf792a3dca0af0906eed6573be77326,225LABO_JNU_MICRO_PATH_V1
2025-11-14,0.006762830350050384,-0.002677908865379537,-0.0006953757792748112,0.00418243987500432,30,360,30,420,1.0,28cd5a0985fdc7afdcdcf37cc34c4c70ebf792a3dca0af0906eed6573be77326,225LABO_JNU_MICRO_PATH_V1
2025-11-17,-0.006080257954484266,0.007881519324124413,-0.00039753528649159105,-0.00029816627960296745,30,360,30,420,1.0,28cd5a0985fdc7afdcdcf37cc34c4c70ebf792a3dca0af0906eed6573be77326,225LABO_JNU_MICRO_PATH_V1
2025-11-18,0.0012046984691595397,-0.017843133567584168,-0.005748912250612026,-0.02460974309596609,30,360,30,420,1.0,28cd5a0985fdc7afdcdcf37cc34c4c70ebf792a3dca0af0906eed6573be77326,225LABO_JNU_MICRO_PATH_V1
2025-11-19,-0.007704594073084882,0.0038083520888532655,-0.0014387013066321911,-0.004924096941617098,30,360,30,420,1.0,28cd5a0985fdc7afdcdcf37cc34c4c70ebf792a3dca0af0906eed6573be77326,225LABO_JNU_MICRO_PATH_V1
2025-11-20,0.0033891579490401046,-0.007489923664867458,0.002204630615364791,-0.0024993764573194707,30,360,30,420,1.0,28cd5a0985fdc7afdcdcf37cc34c4c70ebf792a3dca0af0906eed6573be77326,225LABO_JNU_MICRO_PATH_V1
2025-11-21,0.00020561324221712407,0.0019526238155117633,-0.0003079291787226234,0.0015410698072245224,30,360,30,420,1.0,28cd5a0985fdc7afdcdcf37cc34c4c70ebf792a3dca0af0906eed6573be77326,225LABO_JNU_MICRO_PATH_V1
2025-11-24,-0.0032760062059008425,0.004195452559687119,0.0,0.0012257407050500384,30,360,30,420,1.0,28cd5a0985fdc7afdcdcf37cc34c4c70ebf792a3dca0af0906eed6573be77326,225LABO_JNU_MICRO_PATH_V1
2025-11-25,-0.011766034916945226,-0.00644866352653363,-0.0008215239730883074,-0.018625544792725435,30,360,30,420,1.0,28cd5a0985fdc7afdcdcf37cc34c4c70ebf792a3dca0af0906eed6573be77326,225LABO_JNU_MICRO_PATH_V1
2025-11-26,0.0027518745389418777,0.008203823800363056,0.0020159264966500795,0.013482894704838431,30,360,30,420,1.0,28cd5a0985fdc7afdcdcf37cc34c4c70ebf792a3dca0af0906eed6573be77326,225LABO_JNU_MICRO_PATH_V1
2025-11-27,0.0019954112178098824,0.00019922303084125636,-0.0009966116033182982,0.001596647380405569,30,360,30,420,1.0,28cd5a0985fdc7afdcdcf37cc34c4c70ebf792a3dca0af0906eed6573be77326,225LABO_JNU_MICRO_PATH_V1
2025-11-28,0.0001996605776823692,0.002390677500814423,-0.0004976857714830655,0.002791626937595972,30,360,30,420,1.0,28cd5a0985fdc7afdcdcf37cc34c4c70ebf792a3dca0af0906eed6573be77326,225LABO_JNU_MICRO_PATH_V1
2025-12-01,-0.003788638629475006,-0.0151967902193357,-0.00040584416141467675,-0.01959566294505034,30,360,30,420,1.0,28cd5a0985fdc7afdcdcf37cc34c4c70ebf792a3dca0af0906eed6573be77326,225LABO_JNU_MICRO_PATH_V1
2025-12-02,0.00020189784037896147,-0.004955261188717231,-0.00030421335731241876,-0.00455351153597022,30,360,30,420,1.0,28cd5a0985fdc7afdcdcf37cc34c4c70ebf792a3dca0af0906eed6573be77326,225LABO_JNU_MICRO_PATH_V1
2025-12-03,0.0022155094661513094,0.005016061881715783,-0.0031073046602479487,0.004225358399171823,30,360,30,420,1.0,28cd5a0985fdc7afdcdcf37cc34c4c70ebf792a3dca0af0906eed6573be77326,225LABO_JNU_MICRO_PATH_V1
2025-12-04,0.0072945614486828085,0.014125784345072823,0.0010788016541782928,0.022902899654078896,30,360,30,420,1.0,28cd5a0985fdc7afdcdcf37cc34c4c70ebf792a3dca0af0906eed6573be77326,225LABO_JNU_MICRO_PATH_V1
2025-12-05,-0.0038611997875150385,0.0013884758751538174,0.00039615727961904684,-0.0020772548148996627,30,360,30,420,1.0,28cd5a0985fdc7afdcdcf37cc34c4c70ebf792a3dca0af0906eed6573be77326,225LABO_JNU_MICRO_PATH_V1
2025-12-08,-0.006635987309395828,0.0036690010914269475,0.0007914523563115516,-0.0017784808560904297,30,360,30,420,1.0,28cd5a0985fdc7afdcdcf37cc34c4c70ebf792a3dca0af0906eed6573be77326,225LABO_JNU_MICRO_PATH_V1
2025-12-09,0.0031676922152107144,0.001678598271215088,0.00029598934654448357,0.005043772745729109,30,360,30,420,1.0,28cd5a0985fdc7afdcdcf37cc34c4c70ebf792a3dca0af0906eed6573be77326,225LABO_JNU_MICRO_PATH_V1
2025-12-10,0.004022176413840821,-0.009146855018687988,0.0002964280442633476,-0.00502587901972501,30,360,30,420,1.0,28cd5a0985fdc7afdcdcf37cc34c4c70ebf792a3dca0af0906eed6573be77326,225LABO_JNU_MICRO_PATH_V1
2025-12-11,-0.00039443842341588877,-0.010703769190694299,-9.965618624019331e-05,-0.01080448633179738,30,360,30,420,1.0,28cd5a0985fdc7afdcdcf37cc34c4c70ebf792a3dca0af0906eed6573be77326,225LABO_JNU_MICRO_PATH_V1
2025-12-12,-0.0004921502141760716,0.002555786312077082,-0.0028511055050487472,-0.0004921502141760716,30,360,30,420,1.0,28cd5a0985fdc7afdcdcf37cc34c4c70ebf792a3dca0af0906eed6573be77326,225LABO_JNU_MICRO_PATH_V1
2025-12-15,0.003887370955679963,-0.0021886200538968684,-0.0009959168236771008,0.002294379778510018,30,360,30,420,1.0,28cd5a0985fdc7afdcdcf37cc34c4c70ebf792a3dca0af0906eed6573be77326,225LABO_JNU_MICRO_PATH_V1
2025-12-16,-0.008829193505242203,0.00010090308267484584,-0.0034353878386057485,-0.013171976677570234,30,360,30,420,1.0,28cd5a0985fdc7afdcdcf37cc34c4c70ebf792a3dca0af0906eed6573be77326,225LABO_JNU_MICRO_PATH_V1
2025-12-17,-0.006156971254138537,0.0045466105095959275,0.001209189990139177,-0.0008053151230476195,30,360,30,420,1.0,28cd5a0985fdc7afdcdcf37cc34c4c70ebf792a3dca0af0906eed6573be77326,225LABO_JNU_MICRO_PATH_V1
2025-12-18,-0.003879139204890159,0.003672349327597584,0.000407166129403651,0.0011201060180322051,30,360,30,420,1.0,28cd5a0985fdc7afdcdcf37cc34c4c70ebf792a3dca0af0906eed6573be77326,225LABO_JNU_MICRO_PATH_V1
2025-12-19,-0.0014180089482299697,0.00636397925411125,-0.0023203036891769843,0.002123250380601089,30,360,30,420,1.0,28cd5a0985fdc7afdcdcf37cc34c4c70ebf792a3dca0af0906eed6573be77326,225LABO_JNU_MICRO_PATH_V1
2025-12-22,-0.0025793665094361574,0.0016877641137198363,0.0014872839983161416,0.0,30,360,30,420,1.0,28cd5a0985fdc7afdcdcf37cc34c4c70ebf792a3dca0af0906eed6573be77326,225LABO_JNU_MICRO_PATH_V1
2025-12-23,0.003965505345239161,-0.0019825541783176437,0.002180809746154532,0.003173661297133625,30,360,30,420,1.0,28cd5a0985fdc7afdcdcf37cc34c4c70ebf792a3dca0af0906eed6573be77326,225LABO_JNU_MICRO_PATH_V1
2025-12-24,0.0,-0.0030712859135141523,-0.000297692882377049,-0.003467581618898264,30,360,30,420,1.0,28cd5a0985fdc7afdcdcf37cc34c4c70ebf792a3dca0af0906eed6573be77326,225LABO_JNU_MICRO_PATH_V1
2025-12-25,0.0015858859503795585,-0.0020811662038245117,0.001685254426116392,0.0014868417270527709,30,360,30,420,1.0,28cd5a0985fdc7afdcdcf37cc34c4c70ebf792a3dca0af0906eed6573be77326,225LABO_JNU_MICRO_PATH_V1
2025-12-26,0.0040495882295879925,-0.00019731649629926062,0.0014783425547599566,0.00493633147701271,30,360,30,420,1.0,28cd5a0985fdc7afdcdcf37cc34c4c70ebf792a3dca0af0906eed6573be77326,225LABO_JNU_MICRO_PATH_V1
2025-12-29,-0.005430771185134212,-0.0007920008334003039,0.00039607882486316465,-0.0053317661853008545,30,360,30,420,1.0,28cd5a0985fdc7afdcdcf37cc34c4c70ebf792a3dca0af0906eed6573be77326,225LABO_JNU_MICRO_PATH_V1
2025-12-30,0.0019876770607003946,0.00138861359349546,0.00019819641329375044,0.003971411097465539,30,360,30,420,1.0,28cd5a0985fdc7afdcdcf37cc34c4c70ebf792a3dca0af0906eed6573be77326,225LABO_JNU_MICRO_PATH_V1
2026-01-05,0.01094402167931721,0.009564828245770665,-0.0018280661270240028,0.020037631795093356,30,360,30,420,1.0,e6149c02097814f885a1414cb405ff687b2c4be0aeaef561d9a20b7881c58378,225LABO_JNU_MICRO_PATH_V1
2026-01-06,0.0018193139503691015,0.005629517276493184,0.0018065134458942929,0.008873680668986882,30,360,30,420,1.0,e6149c02097814f885a1414cb405ff687b2c4be0aeaef561d9a20b7881c58378,225LABO_JNU_MICRO_PATH_V1
2026-01-07,0.005738347804426794,-0.007852190110279166,0.000576590444573196,-0.001631869812582841,30,360,30,420,1.0,e6149c02097814f885a1414cb405ff687b2c4be0aeaef561d9a20b7881c58378,225LABO_JNU_MICRO_PATH_V1
2026-01-08,-0.004438019826472297,-0.011374253768566139,0.002539807949238149,-0.013373588216084779,30,360,30,420,1.0,e6149c02097814f885a1414cb405ff687b2c4be0aeaef561d9a20b7881c58378,225LABO_JNU_MICRO_PATH_V1
2026-01-09,0.002517917270624018,0.005789845374066748,0.002498559823762132,0.010225827096114635,30,360,30,420,1.0,e6149c02097814f885a1414cb405ff687b2c4be0aeaef561d9a20b7881c58378,225LABO_JNU_MICRO_PATH_V1
2026-01-12,0.002968186948676905,-0.0012053221059633661,9.278589661033173e-05,0.0012068886949786561,30,360,30,420,1.0,e6149c02097814f885a1414cb405ff687b2c4be0aeaef561d9a20b7881c58378,225LABO_JNU_MICRO_PATH_V1
2026-01-13,-0.00454736062708298,-0.0026998107913261005,0.002143024346833729,-0.0051986749092375545,30,360,30,420,1.0,e6149c02097814f885a1414cb405ff687b2c4be0aeaef561d9a20b7881c58378,225LABO_JNU_MICRO_PATH_V1
2026-01-14,0.0044415729536647465,0.005623948811104959,-0.0009195402946785459,0.008035881233182838,30,360,30,420,1.0,e6149c02097814f885a1414cb405ff687b2c4be0aeaef561d9a20b7881c58378,225LABO_JNU_MICRO_PATH_V1
2026-01-15,-0.0002779450613159322,0.0008342216732580704,-0.0021244177389003367,0.0018509954382513586,30,360,30,420,1.0,e6149c02097814f885a1414cb405ff687b2c4be0aeaef561d9a20b7881c58378,225LABO_JNU_MICRO_PATH_V1
2026-01-16,-0.001018188637970673,0.0012036481245775157,-0.00027776492007667355,-0.0009255831834431608,30,360,30,420,1.0,e6149c02097814f885a1414cb405ff687b2c4be0aeaef561d9a20b7881c58378,225LABO_JNU_MICRO_PATH_V1
2026-01-19,0.001964545278452412,0.001493652256783372,0.001025975932929971,0.0044847314258840065,30,360,30,420,1.0,e6149c02097814f885a1414cb405ff687b2c4be0aeaef561d9a20b7881c58378,225LABO_JNU_MICRO_PATH_V1
2026-01-20,-0.005620623696203271,-0.0015985710301558084,-0.005666807760055199,-0.013827055640221646,30,360,30,420,1.0,e6149c02097814f885a1414cb405ff687b2c4be0aeaef561d9a20b7881c58378,225LABO_JNU_MICRO_PATH_V1
2026-01-21,0.00334880473701682,0.009425499398223075,0.0003789314179483846,0.011814161801223431,30,360,30,420,1.0,e6149c02097814f885a1414cb405ff687b2c4be0aeaef561d9a20b7881c58378,225LABO_JNU_MICRO_PATH_V1
2026-01-22,-0.0016855514806278955,0.007282945356498681,-0.0007443245598573315,0.005225842426646483,30,360,30,420,1.0,e6149c02097814f885a1414cb405ff687b2c4be0aeaef561d9a20b7881c58378,225LABO_JNU_MICRO_PATH_V1
2026-01-23,-0.00520060607503958,0.0039048022839502042,-0.0034391445339760113,-0.00520060607503958,30,360,30,420,1.0,e6149c02097814f885a1414cb405ff687b2c4be0aeaef561d9a20b7881c58378,225LABO_JNU_MICRO_PATH_V1
2026-01-26,0.011104370734234356,-0.0016990753568327062,-0.0010399433695446427,0.008931175756014901,30,360,30,420,1.0,e6149c02097814f885a1414cb405ff687b2c4be0aeaef561d9a20b7881c58378,225LABO_JNU_MICRO_PATH_V1
2026-01-27,-0.001232402867268839,0.011407147025290552,-0.0003750234433603165,0.010273901576123689,30,360,30,420,1.0,e6149c02097814f885a1414cb405ff687b2c4be0aeaef561d9a20b7881c58378,225LABO_JNU_MICRO_PATH_V1
2026-01-28,-0.0016984340750157546,0.006869645422727398,0.0060790460763821925,0.011063304290747443,30,360,30,420,1.0,e6149c02097814f885a1414cb405ff687b2c4be0aeaef561d9a20b7881c58378,225LABO_JNU_MICRO_PATH_V1
2026-01-29,-0.005109398453456263,-0.0033566465082723496,-0.0023378698636311937,-0.010338656797896303,30,360,30,420,1.0,e6149c02097814f885a1414cb405ff687b2c4be0aeaef561d9a20b7881c58378,225LABO_JNU_MICRO_PATH_V1
2026-01-30,0.00028178274736764656,0.0029982220529896,0.0004680114280211288,0.003844175190136758,30,360,30,420,1.0,e6149c02097814f885a1414cb405ff687b2c4be0aeaef561d9a20b7881c58378,225LABO_JNU_MICRO_PATH_V1
2026-02-02,0.0023291574325271093,-0.018485161582240933,-0.0032248913465281553,-0.018356047942515535,30,360,30,420,1.0,e6149c02097814f885a1414cb405ff687b2c4be0aeaef561d9a20b7881c58378,225LABO_JNU_MICRO_PATH_V1
2026-02-03,-0.0010196988137322496,0.014346392830389559,-0.0009140768460951542,0.013070878285521842,30,360,30,420,1.0,e6149c02097814f885a1414cb405ff687b2c4be0aeaef561d9a20b7881c58378,225LABO_JNU_MICRO_PATH_V1
2026-02-04,0.0029615940203086125,0.006172006143380335,-0.0005512679301679629,0.008491052399671866,30,360,30,420,1.0,e6149c02097814f885a1414cb405ff687b2c4be0aeaef561d9a20b7881c58378,225LABO_JNU_MICRO_PATH_V1
2026-02-05,-0.006991748813422911,-0.005268764788037203,-0.000834376352119561,-0.011618387953865076,30,360,30,420,1.0,e6149c02097814f885a1414cb405ff687b2c4be0aeaef561d9a20b7881c58378,225LABO_JNU_MICRO_PATH_V1
2026-02-06,-0.0077836000414387594,0.022282187895535665,0.0015666040157445405,0.014375392464143313,30,360,30,420,1.0,e6149c02097814f885a1414cb405ff687b2c4be0aeaef561d9a20b7881c58378,225LABO_JNU_MICRO_PATH_V1
2026-02-09,-0.010030174359937357,-0.007830755778011936,-0.0001769285213391138,-0.019276860823283413,30,360,30,420,1.0,e6149c02097814f885a1414cb405ff687b2c4be0aeaef561d9a20b7881c58378,225LABO_JNU_MICRO_PATH_V1
2026-02-10,0.0032361072541097166,0.008089462632526473,-0.0027765744519136866,0.008201058004595084,30,360,30,420,1.0,e6149c02097814f885a1414cb405ff687b2c4be0aeaef561d9a20b7881c58378,225LABO_JNU_MICRO_PATH_V1
2026-02-11,0.0034438260467600512,-0.003617263439503216,0.0016380020042383698,0.001206688648403801,30,360,30,420,1.0,e6149c02097814f885a1414cb405ff687b2c4be0aeaef561d9a20b7881c58378,225LABO_JNU_MICRO_PATH_V1
2026-02-12,-0.0006892986659275521,-0.0046652352431839576,-0.0048602768822527944,-0.010041635624250323,30,360,30,420,1.0,e6149c02097814f885a1414cb405ff687b2c4be0aeaef561d9a20b7881c58378,225LABO_JNU_MICRO_PATH_V1
2026-02-13,0.007358127101778213,-0.002711569559959713,-0.0016649874590798591,0.0024587297247821447,30,360,30,420,1.0,e6149c02097814f885a1414cb405ff687b2c4be0aeaef561d9a20b7881c58378,225LABO_JNU_MICRO_PATH_V1
2026-02-16,-0.007583387834468552,-0.0031545767485154324,-0.0015820006814984229,-0.01284701960295986,30,360,30,420,1.0,e6149c02097814f885a1414cb405ff687b2c4be0aeaef561d9a20b7881c58378,225LABO_JNU_MICRO_PATH_V1
2026-02-17,-0.0011446182187392127,-0.005823203326559726,0.0005306447458027145,-0.00476317386391244,30,360,30,420,1.0,e6149c02097814f885a1414cb405ff687b2c4be0aeaef561d9a20b7881c58378,225LABO_JNU_MICRO_PATH_V1
2026-02-18,0.0035087755296792705,0.001400315299712036,0.0008744316751655505,0.005345966020621915,30,360,30,420,1.0,e6149c02097814f885a1414cb405ff687b2c4be0aeaef561d9a20b7881c58378,225LABO_JNU_MICRO_PATH_V1
2026-02-19,-0.001563450331500541,8.69905615790112e-05,0.0012167566249997547,-0.000781419618663951,30,360,30,420,1.0,e6149c02097814f885a1414cb405ff687b2c4be0aeaef561d9a20b7881c58378,225LABO_JNU_MICRO_PATH_V1
2026-02-20,-0.004390979216318466,0.0008799718976849201,0.00026395671263202525,-0.0039510126466800995,30,360,30,420,1.0,e6149c02097814f885a1414cb405ff687b2c4be0aeaef561d9a20b7881c58378,225LABO_JNU_MICRO_PATH_V1
2026-02-23,0.0008797396538182281,-0.004231318019762585,0.0007066513852932673,-0.003261782765837378,30,360,30,420,1.0,e6149c02097814f885a1414cb405ff687b2c4be0aeaef561d9a20b7881c58378,225LABO_JNU_MICRO_PATH_V1
2026-02-24,0.0025511339985356324,0.0075234367638882145,-0.0015705439054107568,0.008682361053471921,30,360,30,420,1.0,e6149c02097814f885a1414cb405ff687b2c4be0aeaef561d9a20b7881c58378,225LABO_JNU_MICRO_PATH_V1
2026-02-25,-0.0009488075926351809,0.01199774439664589,0.0011076557175600142,0.012338430883204852,30,360,30,420,1.0,e6149c02097814f885a1414cb405ff687b2c4be0aeaef561d9a20b7881c58378,225LABO_JNU_MICRO_PATH_V1
2026-02-26,0.0003374388424122416,-0.007031245876469099,0.0021250379878352834,-0.006348152851907386,30,360,30,420,1.0,e6149c02097814f885a1414cb405ff687b2c4be0aeaef561d9a20b7881c58378,225LABO_JNU_MICRO_PATH_V1
2026-02-27,-0.0017969456767016304,0.007246717420206319,0.003987618230966565,0.009614231540701002,30,360,30,420,1.0,e6149c02097814f885a1414cb405ff687b2c4be0aeaef561d9a20b7881c58378,225LABO_JNU_MICRO_PATH_V1
2026-03-02,-0.0003461105857861641,0.006052763831351252,0.0,0.003971685414270211,30,360,30,420,1.0,e6149c02097814f885a1414cb405ff687b2c4be0aeaef561d9a20b7881c58378,225LABO_JNU_MICRO_PATH_V1
2026-03-03,-0.0006072962490902597,-0.02387334723913277,0.0006222498978500861,-0.02431757451310763,30,360,30,420,1.0,e6149c02097814f885a1414cb405ff687b2c4be0aeaef561d9a20b7881c58378,225LABO_JNU_MICRO_PATH_V1
2026-03-04,0.0006349494521454342,-0.021159479607469674,0.007468570053158942,-0.012324983697396567,30,360,30,420,1.0,e6149c02097814f885a1414cb405ff687b2c4be0aeaef561d9a20b7881c58378,225LABO_JNU_MICRO_PATH_V1
2026-03-05,0.00026667852062564216,-0.02234178434228,-0.0005447117701639572,-0.0212047477879482,30,360,30,420,1.0,e6149c02097814f885a1414cb405ff687b2c4be0aeaef561d9a20b7881c58378,225LABO_JNU_MICRO_PATH_V1
2026-03-06,0.009740188970393112,0.009299872904260646,0.0008090979000296264,0.017770186555320196,30,360,30,420,1.0,e6149c02097814f885a1414cb405ff687b2c4be0aeaef561d9a20b7881c58378,225LABO_JNU_MICRO_PATH_V1
2026-03-09,0.011707263548637567,0.009801667661663776,-0.005321183213280272,0.013041995370396157,30,360,30,420,1.0,e6149c02097814f885a1414cb405ff687b2c4be0aeaef561d9a20b7881c58378,225LABO_JNU_MICRO_PATH_V1
2026-03-10,-0.005797651172584245,0.0005539654836524655,0.0029487673412526235,-0.002756594596805292,30,360,30,420,1.0,e6149c02097814f885a1414cb405ff687b2c4be0aeaef561d9a20b7881c58378,225LABO_JNU_MICRO_PATH_V1
2026-03-11,0.007973945839144115,-0.00588316852783463,0.002177266577245592,0.0039043042287062913,30,360,30,420,1.0,e6149c02097814f885a1414cb405ff687b2c4be0aeaef561d9a20b7881c58378,225LABO_JNU_MICRO_PATH_V1
2026-03-12,0.004160701300713281,0.0015681936703943475,0.004045238576919455,0.009773266063965424,30,360,30,420,1.0,e6149c02097814f885a1414cb405ff687b2c4be0aeaef561d9a20b7881c58378,225LABO_JNU_MICRO_PATH_V1
2026-03-13,-0.003363860394941487,0.0017736294031074128,-0.0041121553273514655,-0.003925605564661494,30,360,30,420,1.0,e6149c02097814f885a1414cb405ff687b2c4be0aeaef561d9a20b7881c58378,225LABO_JNU_MICRO_PATH_V1
2026-03-16,0.005052878721070098,-0.001026933759670469,-0.0003735873770918433,0.0042125033039475904,30,360,30,420,1.0,e6149c02097814f885a1414cb405ff687b2c4be0aeaef561d9a20b7881c58378,225LABO_JNU_MICRO_PATH_V1
2026-03-17,-0.003789458760877497,-0.012107812997431425,0.00149798735998087,-0.014027820719691412,30,360,30,420,1.0,e6149c02097814f885a1414cb405ff687b2c4be0aeaef561d9a20b7881c58378,225LABO_JNU_MICRO_PATH_V1
2026-03-18,0.003964052206263638,0.009703481483316168,-0.0002734108014297423,0.013304779460567719,30,360,30,420,1.0,e6149c02097814f885a1414cb405ff687b2c4be0aeaef561d9a20b7881c58378,225LABO_JNU_MICRO_PATH_V1
2026-03-19,0.0036426510179738748,-0.010498784098219695,-0.0025477720787986644,-0.009684622730105124,30,360,30,420,1.0,e6149c02097814f885a1414cb405ff687b2c4be0aeaef561d9a20b7881c58378,225LABO_JNU_MICRO_PATH_V1
2026-03-20,-0.0011283499081498494,0.0028203459514783234,-0.002538669033039305,-0.0017871424593870722,30,360,30,420,1.0,e6149c02097814f885a1414cb405ff687b2c4be0aeaef561d9a20b7881c58378,225LABO_JNU_MICRO_PATH_V1
2026-03-23,0.0005873715293688682,0.006745882745727265,-0.003904348542031456,0.001272202549628157,30,360,30,420,1.0,e6149c02097814f885a1414cb405ff687b2c4be0aeaef561d9a20b7881c58378,225LABO_JNU_MICRO_PATH_V1
2026-03-24,-0.011960275462971504,-0.00691047955927996,0.005763151096864934,-0.014924940762597086,30,360,30,420,1.0,e6149c02097814f885a1414cb405ff687b2c4be0aeaef561d9a20b7881c58378,225LABO_JNU_MICRO_PATH_V1
2026-03-25,0.00712146937751077,-0.0015872278202695264,-0.0013090230948230046,0.005065201712143174,30,360,30,420,1.0,e6149c02097814f885a1414cb405ff687b2c4be0aeaef561d9a20b7881c58378,225LABO_JNU_MICRO_PATH_V1
2026-03-26,0.008037426445586233,-0.012636476473184664,0.0036659344528819963,9.383063577129562e-05,30,360,30,420,1.0,e6149c02097814f885a1414cb405ff687b2c4be0aeaef561d9a20b7881c58378,225LABO_JNU_MICRO_PATH_V1
2026-03-27,0.0,0.010595123235894946,-0.004903357301830623,0.006258317410943735,30,360,30,420,1.0,e6149c02097814f885a1414cb405ff687b2c4be0aeaef561d9a20b7881c58378,225LABO_JNU_MICRO_PATH_V1
2026-03-30,-0.005416864577341291,0.022551841674144594,0.003949338081265895,0.021474857225821993,30,360,30,420,1.0,e6149c02097814f885a1414cb405ff687b2c4be0aeaef561d9a20b7881c58378,225LABO_JNU_MICRO_PATH_V1
2026-03-31,-0.004523114889329894,0.012242452497091091,-0.0017543864148934732,0.005674051614988834,30,360,30,420,1.0,e6149c02097814f885a1414cb405ff687b2c4be0aeaef561d9a20b7881c58378,225LABO_JNU_MICRO_PATH_V1
2026-04-01,9.437078287572894e-05,0.01442918316384859,0.005382843623739482,0.01943986452054585,30,360,30,420,1.0,e6149c02097814f885a1414cb405ff687b2c4be0aeaef561d9a20b7881c58378,225LABO_JNU_MICRO_PATH_V1
2026-04-02,-0.0032286361702500367,-0.03180231426355071,0.00028583678914059714,-0.03381263342959862,30,360,30,420,1.0,e6149c02097814f885a1414cb405ff687b2c4be0aeaef561d9a20b7881c58378,225LABO_JNU_MICRO_PATH_V1
2026-04-03,0.004684288123222801,-0.002531765616965871,-0.00188005319524339,-0.0019739631356796576,30,360,30,420,1.0,e6149c02097814f885a1414cb405ff687b2c4be0aeaef561d9a20b7881c58378,225LABO_JNU_MICRO_PATH_V1
2026-04-06,0.009372139828863252,0.002701571348270415,-0.0037303036821667687,0.007785060188445872,30,360,30,420,1.0,e6149c02097814f885a1414cb405ff687b2c4be0aeaef561d9a20b7881c58378,225LABO_JNU_MICRO_PATH_V1
2026-04-07,-0.0020411957356231843,-0.005764776541322429,-0.0013060921718620647,-0.007162488180331709,30,360,30,420,1.0,e6149c02097814f885a1414cb405ff687b2c4be0aeaef561d9a20b7881c58378,225LABO_JNU_MICRO_PATH_V1
2026-04-08,0.0025880162586600685,0.008529594138703021,-0.0004425757983282826,0.009250266084076553,30,360,30,420,1.0,e6149c02097814f885a1414cb405ff687b2c4be0aeaef561d9a20b7881c58378,225LABO_JNU_MICRO_PATH_V1
2026-04-09,-0.005478497399656578,-0.008002176603602367,0.005432134110987932,-0.007784894235060623,30,360,30,420,1.0,e6149c02097814f885a1414cb405ff687b2c4be0aeaef561d9a20b7881c58378,225LABO_JNU_MICRO_PATH_V1
2026-04-10,0.0013236269305083458,0.005366188377346309,0.00017553098166880974,0.006161991328549806,30,360,30,420,1.0,e6149c02097814f885a1414cb405ff687b2c4be0aeaef561d9a20b7881c58378,225LABO_JNU_MICRO_PATH_V1
2026-04-13,0.010525016453045098,-0.004408012074467438,0.000618238041330053,0.006999541269728694,30,360,30,420,1.0,e6149c02097814f885a1414cb405ff687b2c4be0aeaef561d9a20b7881c58378,225LABO_JNU_MICRO_PATH_V1
2026-04-14,0.0008665511807417504,0.0035450298679736885,0.002156381566175935,0.006136314142699658,30,360,30,420,1.0,e6149c02097814f885a1414cb405ff687b2c4be0aeaef561d9a20b7881c58378,225LABO_JNU_MICRO_PATH_V1
2026-04-15,-0.0039175659028605325,-0.005305052229693229,0.0006860475356978844,-0.008536116705932476,30,360,30,420,1.0,e6149c02097814f885a1414cb405ff687b2c4be0aeaef561d9a20b7881c58378,225LABO_JNU_MICRO_PATH_V1
2026-04-16,0.005778398131308766,0.012715425413124959,-0.002934151411350315,0.014971732395095652,30,360,30,420,1.0,e6149c02097814f885a1414cb405ff687b2c4be0aeaef561d9a20b7881c58378,225LABO_JNU_MICRO_PATH_V1
2026-04-17,-0.002444267726262382,-0.00499260609717378,-0.003569611133556276,-0.011344517196526469,30,360,30,420,1.0,e6149c02097814f885a1414cb405ff687b2c4be0aeaef561d9a20b7881c58378,225LABO_JNU_MICRO_PATH_V1
2026-04-20,8.492929641180032e-05,-0.0017810954201710318,0.0011028633143300264,0.0016972169722428642,30,360,30,420,1.0,e6149c02097814f885a1414cb405ff687b2c4be0aeaef561d9a20b7881c58378,225LABO_JNU_MICRO_PATH_V1
2026-04-21,0.002106239457616325,0.001177757349903054,-0.0013468015503787388,0.0012642759490911787,30,360,30,420,1.0,e6149c02097814f885a1414cb405ff687b2c4be0aeaef561d9a20b7881c58378,225LABO_JNU_MICRO_PATH_V1
2026-04-22,0.003128305235628925,0.006642308021872213,0.0009215432311374876,0.011199645505656088,30,360,30,420,1.0,e6149c02097814f885a1414cb405ff687b2c4be0aeaef561d9a20b7881c58378,225LABO_JNU_MICRO_PATH_V1
2026-04-23,-0.007623712206291417,-0.0012638498543746238,-0.002786105056907959,-0.01293592167150234,30,360,30,420,1.0,e6149c02097814f885a1414cb405ff687b2c4be0aeaef561d9a20b7881c58378,225LABO_JNU_MICRO_PATH_V1
2026-04-24,0.007575793808457723,0.0034339830219142025,-0.0004182875369474381,0.009753713918796618,30,360,30,420,1.0,e6149c02097814f885a1414cb405ff687b2c4be0aeaef561d9a20b7881c58378,225LABO_JNU_MICRO_PATH_V1
2026-04-27,-0.0019177060114833765,0.012714676627557885,-0.005133736537942898,0.0034094249483127706,30,360,30,420,1.0,e6149c02097814f885a1414cb405ff687b2c4be0aeaef561d9a20b7881c58378,225LABO_JNU_MICRO_PATH_V1
2026-04-28,-0.000579686157593505,-0.007238871731816158,0.001502128297136179,-0.007228646822844779,30,360,30,420,1.0,e6149c02097814f885a1414cb405ff687b2c4be0aeaef561d9a20b7881c58378,225LABO_JNU_MICRO_PATH_V1
2026-04-29,0.0022753138371356054,0.001009421350852226,-0.0006732873508003754,0.0021069494963051392,30,360,30,420,1.0,e6149c02097814f885a1414cb405ff687b2c4be0aeaef561d9a20b7881c58378,225LABO_JNU_MICRO_PATH_V1
2026-04-30,0.0031196011978181304,-0.0042151470267307,0.005475772917209466,0.0051379350761583545,30,360,30,420,1.0,e6149c02097814f885a1414cb405ff687b2c4be0aeaef561d9a20b7881c58378,225LABO_JNU_MICRO_PATH_V1
2026-05-01,-0.005029348405001973,0.0009227801502087914,-0.002854985565062909,-0.005701843386634448,30,360,30,420,1.0,e6149c02097814f885a1414cb405ff687b2c4be0aeaef561d9a20b7881c58378,225LABO_JNU_MICRO_PATH_V1
2026-05-04,-0.0016788386382521753,0.007364050015119617,-0.0013351136829693247,0.004435339293332254,30,360,30,420,1.0,e6149c02097814f885a1414cb405ff687b2c4be0aeaef561d9a20b7881c58378,225LABO_JNU_MICRO_PATH_V1
2026-05-05,-0.0003361344569463912,0.003526155949811693,-8.382581001602804e-05,0.002265957077148547,30,360,30,420,1.0,e6149c02097814f885a1414cb405ff687b2c4be0aeaef561d9a20b7881c58378,225LABO_JNU_MICRO_PATH_V1
2026-05-06,0.0032663755972583753,-0.000734064712217114,0.0010603157471521022,0.0033478984440813305,30,360,30,420,1.0,e6149c02097814f885a1414cb405ff687b2c4be0aeaef561d9a20b7881c58378,225LABO_JNU_MICRO_PATH_V1
2026-05-07,-0.00024184771773323618,0.01696040655100264,0.0006345177877861618,0.016468515131888618,30,360,30,420,1.0,e6149c02097814f885a1414cb405ff687b2c4be0aeaef561d9a20b7881c58378,225LABO_JNU_MICRO_PATH_V1
2026-05-08,0.0040942537022729,0.004234416905051236,0.00015940065388012043,0.009367937518853299,30,360,30,420,1.0,e6149c02097814f885a1414cb405ff687b2c4be0aeaef561d9a20b7881c58378,225LABO_JNU_MICRO_PATH_V1
2026-05-11,-0.004645860555249807,-0.014227478395939042,-0.0006405124318258242,-0.01927483824874513,30,360,30,420,1.0,e6149c02097814f885a1414cb405ff687b2c4be0aeaef561d9a20b7881c58378,225LABO_JNU_MICRO_PATH_V1
2026-05-12,0.000636132336973353,-0.0019077907217273265,-0.0033460834278961804,-0.0032665447521731798,30,360,30,420,1.0,e6149c02097814f885a1414cb405ff687b2c4be0aeaef561d9a20b7881c58378,225LABO_JNU_MICRO_PATH_V1
2026-05-13,0.00024039424772214374,0.012486741156486753,-7.899830157761027e-05,0.014322332664518957,30,360,30,420,1.0,e6149c02097814f885a1414cb405ff687b2c4be0aeaef561d9a20b7881c58378,225LABO_JNU_MICRO_PATH_V1
2026-05-14,-0.0003928810013997876,-0.01296563344650082,0.00039810502536230167,-0.013206470856108527,30,360,30,420,1.0,e6149c02097814f885a1414cb405ff687b2c4be0aeaef561d9a20b7881c58378,225LABO_JNU_MICRO_PATH_V1
2026-05-15,0.0026143805740708936,-0.032291962426984136,0.011360070236453,-0.016960406551002647,30,360,30,420,1.0,e6149c02097814f885a1414cb405ff687b2c4be0aeaef561d9a20b7881c58378,225LABO_JNU_MICRO_PATH_V1
2026-05-18,-0.0061849155493154334,-0.006058639787163102,-0.004772100548723496,-0.016441415716504475,30,360,30,420,1.0,e6149c02097814f885a1414cb405ff687b2c4be0aeaef561d9a20b7881c58378,225LABO_JNU_MICRO_PATH_V1
2026-05-19,-0.005705917013252521,-0.009043139562155933,0.005603640538747508,-0.010951400723368877,30,360,30,420,1.0,e6149c02097814f885a1414cb405ff687b2c4be0aeaef561d9a20b7881c58378,225LABO_JNU_MICRO_PATH_V1
2026-05-20,-0.015676512304109453,-0.0001672940196289879,-0.0019241232355359586,-0.017349872801673973,30,360,30,420,1.0,e6149c02097814f885a1414cb405ff687b2c4be0aeaef561d9a20b7881c58378,225LABO_JNU_MICRO_PATH_V1
2026-05-21,0.00432001323927776,0.0021911146928148915,-0.0018658992149457017,0.0059453691436230464,30,360,30,420,1.0,e6149c02097814f885a1414cb405ff687b2c4be0aeaef561d9a20b7881c58378,225LABO_JNU_MICRO_PATH_V1
2026-05-22,0.0067361922721543436,0.012859361199924467,0.0010248729660526012,0.020941089297226285,30,360,30,420,1.0,e6149c02097814f885a1414cb405ff687b2c4be0aeaef561d9a20b7881c58378,225LABO_JNU_MICRO_PATH_V1
2026-05-25,0.005826390535447365,0.010489067322003031,0.0011497337716904455,0.01691878588992189,30,360,30,420,1.0,e6149c02097814f885a1414cb405ff687b2c4be0aeaef561d9a20b7881c58378,225LABO_JNU_MICRO_PATH_V1
2026-05-26,-0.007291179313088387,0.003000810161643208,0.0010754341180917795,-0.00398437428493464,30,360,30,420,1.0,e6149c02097814f885a1414cb405ff687b2c4be0aeaef561d9a20b7881c58378,225LABO_JNU_MICRO_PATH_V1
2026-05-27,0.004159267916164197,-0.014845539288564814,-0.0013813216838366143,-0.013273518551664707,30,360,30,420,1.0,e6149c02097814f885a1414cb405ff687b2c4be0aeaef561d9a20b7881c58378,225LABO_JNU_MICRO_PATH_V1
2026-05-28,-0.004559689495053262,0.0013926501283722903,-0.0015470300115126819,-0.00394020674332343,30,360,30,420,1.0,e6149c02097814f885a1414cb405ff687b2c4be0aeaef561d9a20b7881c58378,225LABO_JNU_MICRO_PATH_V1
2026-05-29,0.0031127838974699343,0.006870284846870481,-0.0006025457740484236,0.009234095284237414,30,360,30,420,1.0,e6149c02097814f885a1414cb405ff687b2c4be0aeaef561d9a20b7881c58378,225LABO_JNU_MICRO_PATH_V1
2026-06-01,0.004812763087253036,0.006281333746047622,-0.000671366255495828,0.01012495993472697,30,360,30,420,1.0,e6149c02097814f885a1414cb405ff687b2c4be0aeaef561d9a20b7881c58378,225LABO_JNU_MICRO_PATH_V1
2026-06-02,-0.00777457754713004,-0.000824927865596526,0.0003751922904478419,-0.007474434977157144,30,360,30,420,1.0,e6149c02097814f885a1414cb405ff687b2c4be0aeaef561d9a20b7881c58378,225LABO_JNU_MICRO_PATH_V1
2026-06-03,0.0043036350463356195,0.015503047356095034,-0.0004377006197688429,0.0189303336484347,30,360,30,420,1.0,e6149c02097814f885a1414cb405ff687b2c4be0aeaef561d9a20b7881c58378,225LABO_JNU_MICRO_PATH_V1
2026-06-04,-0.00310559255815313,-0.0015582684116314098,0.004077250913169398,-0.0020693230353677574,30,360,30,420,1.0,e6149c02097814f885a1414cb405ff687b2c4be0aeaef561d9a20b7881c58378,225LABO_JNU_MICRO_PATH_V1
2026-06-05,-0.013549632756606115,0.0019525389201124515,0.00037524860660218245,-0.009112701243822205,30,360,30,420,1.0,e6149c02097814f885a1414cb405ff687b2c4be0aeaef561d9a20b7881c58378,225LABO_JNU_MICRO_PATH_V1
2026-06-08,0.0016422291080823708,-0.006186151829134581,0.0032168243972792348,-0.0008612927753205341,30,360,30,420,1.0,e6149c02097814f885a1414cb405ff687b2c4be0aeaef561d9a20b7881c58378,225LABO_JNU_MICRO_PATH_V1
2026-06-09,-0.0065352172008088984,0.006775510983608062,0.0009963595382610061,0.0003830977329159484,30,360,30,420,1.0,e6149c02097814f885a1414cb405ff687b2c4be0aeaef561d9a20b7881c58378,225LABO_JNU_MICRO_PATH_V1
2026-06-10,0.015253286325105303,-0.008515960732400112,0.0009331260397142625,0.0038157582411216945,30,360,30,420,1.0,e6149c02097814f885a1414cb405ff687b2c4be0aeaef561d9a20b7881c58378,225LABO_JNU_MICRO_PATH_V1
2026-06-11,-0.0044610923980653635,0.02032045977335124,0.003189795368100081,0.023022034261430194,30,360,30,420,1.0,e6149c02097814f885a1414cb405ff687b2c4be0aeaef561d9a20b7881c58378,225LABO_JNU_MICRO_PATH_V1
2026-06-12,-0.004643507444911691,-0.005191689927646471,-0.0021915746538634295,-0.012405707765976335,30,360,30,420,1.0,e6149c02097814f885a1414cb405ff687b2c4be0aeaef561d9a20b7881c58378,225LABO_JNU_MICRO_PATH_V1
2026-06-15,0.010195995400552783,0.007660103939492073,-0.0012255345224194154,0.014678362650888819,30,360,30,420,1.0,e6149c02097814f885a1414cb405ff687b2c4be0aeaef561d9a20b7881c58378,225LABO_JNU_MICRO_PATH_V1
2026-06-16,-0.0007901447812592939,-0.00043097256808428594,-0.0018699660224640745,-0.0025882536557027243,30,360,30,420,1.0,e6149c02097814f885a1414cb405ff687b2c4be0aeaef561d9a20b7881c58378,225LABO_JNU_MICRO_PATH_V1
2026-06-17,0.006645502642335387,0.008594194557107493,-0.0009275445707990689,0.015176326090059988,30,360,30,420,1.0,e6149c02097814f885a1414cb405ff687b2c4be0aeaef561d9a20b7881c58378,225LABO_JNU_MICRO_PATH_V1
2026-06-18,0.011568977790605995,-0.0001401738157607353,-0.002314897038796061,0.01023550389402671,30,360,30,420,1.0,e6149c02097814f885a1414cb405ff687b2c4be0aeaef561d9a20b7881c58378,225LABO_JNU_MICRO_PATH_V1
2026-06-19,-0.003201338943989289,-0.007260573643604399,0.002379287336565451,-0.0059235686640349726,30,360,30,420,1.0,e6149c02097814f885a1414cb405ff687b2c4be0aeaef561d9a20b7881c58378,225LABO_JNU_MICRO_PATH_V1
2026-06-22,0.003481897668178038,0.010927558769543046,0.0007567679491570882,0.014268146196015541,30,360,30,420,1.0,e6149c02097814f885a1414cb405ff687b2c4be0aeaef561d9a20b7881c58378,225LABO_JNU_MICRO_PATH_V1
2026-06-23,-0.006464057716139592,-0.03325589110928224,-0.004564915202451225,-0.042068000888629074,30,360,30,420,1.0,e6149c02097814f885a1414cb405ff687b2c4be0aeaef561d9a20b7881c58378,225LABO_JNU_MICRO_PATH_V1
2026-06-24,0.007375879334295985,-0.010672307003725524,0.0009360936777170104,-0.0013665625890505167,30,360,30,420,1.0,e6149c02097814f885a1414cb405ff687b2c4be0aeaef561d9a20b7881c58378,225LABO_JNU_MICRO_PATH_V1
2026-06-25,-0.002592581068882108,0.01939109304528577,-0.0020673978833529168,0.014312757358847425,30,360,30,420,1.0,e6149c02097814f885a1414cb405ff687b2c4be0aeaef561d9a20b7881c58378,225LABO_JNU_MICRO_PATH_V1
2026-06-26,-0.0035901625975413953,-0.023686632119508968,0.0044633289847176,-0.021952360955048125,30,360,30,420,1.0,e6149c02097814f885a1414cb405ff687b2c4be0aeaef561d9a20b7881c58378,225LABO_JNU_MICRO_PATH_V1
2026-06-29,-0.006596424578620763,0.0004321210006024854,0.00402328296130509,-0.0032927731970188957,30,360,30,420,1.0,e6149c02097814f885a1414cb405ff687b2c4be0aeaef561d9a20b7881c58378,225LABO_JNU_MICRO_PATH_V1
2026-06-30,0.0016995967549930852,-0.00382626414520808,-0.0030584326269448518,-0.0050449533227909255,30,360,30,420,1.0,e6149c02097814f885a1414cb405ff687b2c4be0aeaef561d9a20b7881c58378,225LABO_JNU_MICRO_PATH_V1
2026-07-01,0.008896419574121406,-0.014534221094539225,0.0,-0.006211200092640636,30,360,30,420,1.0,e6149c02097814f885a1414cb405ff687b2c4be0aeaef561d9a20b7881c58378,225LABO_JNU_MICRO_PATH_V1
2026-07-02,-0.0005770340610198227,-0.0059300144847061,0.0,-0.005495313901439683,30,360,30,420,1.0,e6149c02097814f885a1414cb405ff687b2c4be0aeaef561d9a20b7881c58378,225LABO_JNU_MICRO_PATH_V1
2026-07-03,-0.00856551962651335,0.0269953262392002,0.001859800249942082,0.019848365496446668,30,360,30,420,1.0,e6149c02097814f885a1414cb405ff687b2c4be0aeaef561d9a20b7881c58378,225LABO_JNU_MICRO_PATH_V1
2026-07-06,0.005271793929098616,-0.011345513970919206,0.0036500308907905102,-0.00014286734791066534,30,360,30,420,1.0,e6149c02097814f885a1414cb405ff687b2c4be0aeaef561d9a20b7881c58378,225LABO_JNU_MICRO_PATH_V1
2026-07-07,-0.005374623278584684,-0.017025078876124207,-0.0005841974753559977,-0.021820098415943383,30,360,30,420,1.0,e6149c02097814f885a1414cb405ff687b2c4be0aeaef561d9a20b7881c58378,225LABO_JNU_MICRO_PATH_V1
2026-07-08,-0.0003698361667954898,-0.004672385850387792,-0.004545293023363396,-0.009809828965405025,30,360,30,420,1.0,e6149c02097814f885a1414cb405ff687b2c4be0aeaef561d9a20b7881c58378,225LABO_JNU_MICRO_PATH_V1
2026-07-09,0.0027922716356676993,-0.002935566470362897,-0.0018393854282913462,-0.0008097464463946245,30,360,30,420,1.0,e6149c02097814f885a1414cb405ff687b2c4be0aeaef561d9a20b7881c58378,225LABO_JNU_MICRO_PATH_V1
2026-07-10,-0.000798055688600018,-0.0019609985584783376,0.0013088055383886452,-0.0019600020793160153,30,360,30,420,1.0,e6149c02097814f885a1414cb405ff687b2c4be0aeaef561d9a20b7881c58378,225LABO_JNU_MICRO_PATH_V1
2026-07-13,0.005951966471428757,-0.028017967660214048,0.0,-0.020892329717151204,30,360,30,420,1.0,e6149c02097814f885a1414cb405ff687b2c4be0aeaef561d9a20b7881c58378,225LABO_JNU_MICRO_PATH_V1
2026-07-14,0.0073172879313830805,0.010230647465238149,-0.0010324484692926783,0.015541079417488045,30,360,30,420,1.0,e6149c02097814f885a1414cb405ff687b2c4be0aeaef561d9a20b7881c58378,225LABO_JNU_MICRO_PATH_V1
2026-07-15,0.004300768374212344,7.267705951821499e-05,0.0008722198546859192,0.005463897321858766,30,360,30,420,1.0,e6149c02097814f885a1414cb405ff687b2c4be0aeaef561d9a20b7881c58378,225LABO_JNU_MICRO_PATH_V1
2026-07-16,-0.0048050360422815875,-0.005734515807846641,-0.0019423284158114607,-0.013886533621589958,30,360,30,420,1.0,e6149c02097814f885a1414cb405ff687b2c4be0aeaef561d9a20b7881c58378,225LABO_JNU_MICRO_PATH_V1
2026-07-17,-0.012639488042299467,-0.014030694104952878,-0.0009365488860628548,-0.02544078004343631,30,360,30,420,1.0,e6149c02097814f885a1414cb405ff687b2c4be0aeaef561d9a20b7881c58378,225LABO_JNU_MICRO_PATH_V1
2026-07-20,0.007537917393368385,-0.007762403039227339,-0.0020072576800494587,-0.0009269273025794587,30,360,30,420,1.0,e6149c02097814f885a1414cb405ff687b2c4be0aeaef561d9a20b7881c58378,225LABO_JNU_MICRO_PATH_V1
2026-07-21,-0.004239744258035806,0.025870109496810397,0.002265348699653531,0.01965178635766307,30,360,30,420,1.0,e6149c02097814f885a1414cb405ff687b2c4be0aeaef561d9a20b7881c58378,225LABO_JNU_MICRO_PATH_V1
2026-07-22,0.003858143975578113,-0.01773932225347819,-0.0003779146713659693,-0.016791998758476836,30,360,30,420,1.0,e6149c02097814f885a1414cb405ff687b2c4be0aeaef561d9a20b7881c58378,225LABO_JNU_MICRO_PATH_V1
2026-07-23,0.0023253207792358252,-0.004513661465859072,0.0005277243893440168,-0.0036111986279724682,30,360,30,420,1.0,e6149c02097814f885a1414cb405ff687b2c4be0aeaef561d9a20b7881c58378,225LABO_JNU_MICRO_PATH_V1
2026-07-24,-0.01125974134069647,-0.00479543033594303,0.0022448436101995465,-0.015041339518866008,30,360,30,420,1.0,e6149c02097814f885a1414cb405ff687b2c4be0aeaef561d9a20b7881c58378,225LABO_JNU_MICRO_PATH_V1
2026-07-27,-0.006677180493427998,0.0005383580210781283,0.0020741317211100713,-0.003217900416954045,30,360,30,420,1.0,e6149c02097814f885a1414cb405ff687b2c4be0aeaef561d9a20b7881c58378,225LABO_JNU_MICRO_PATH_V1
2026-07-28,-0.01112832604181154,-0.011418657225211784,0.0028041519796922257,-0.01917649889115909,30,360,30,420,1.0,e6149c02097814f885a1414cb405ff687b2c4be0aeaef561d9a20b7881c58378,225LABO_JNU_MICRO_PATH_V1
2026-07-29,0.0035838050542515427,-0.026356552849527957,0.014099577227338145,-0.008492960271682818,30,360,30,420,1.0,e6149c02097814f885a1414cb405ff687b2c4be0aeaef561d9a20b7881c58378,225LABO_JNU_MICRO_PATH_V1
2026-07-30,-0.00476095311232124,-0.0011299436230482259,0.00048516213452656814,-0.00419490773271468,30,360,30,420,1.0,e6149c02097814f885a1414cb405ff687b2c4be0aeaef561d9a20b7881c58378,225LABO_JNU_MICRO_PATH_V1
2026-07-31,0.011869345349917385,-0.004338737727459201,-0.009360442759563695,-0.004223045300185978,30,360,30,420,1.0,e6149c02097814f885a1414cb405ff687b2c4be0aeaef561d9a20b7881c58378,225LABO_JNU_MICRO_PATH_V1
2026-08-03,0.0014969472954906346,0.001492596215673628,0.0011767014497575208,0.005660837508482251,30,360,30,420,1.0,e6149c02097814f885a1414cb405ff687b2c4be0aeaef561d9a20b7881c58378,225LABO_JNU_MICRO_PATH_V1
2026-08-04,-0.0005478808887489425,0.0034401910394587934,-0.0032827917553946376,-0.0005478808887489425,30,360,30,420,1.0,e6149c02097814f885a1414cb405ff687b2c4be0aeaef561d9a20b7881c58378,225LABO_JNU_MICRO_PATH_V1
2026-08-05,-0.0021284690665820624,0.008102728818757697,0.0005279632056870772,0.007037220218592763,30,360,30,420,1.0,e6149c02097814f885a1414cb405ff687b2c4be0aeaef561d9a20b7881c58378,225LABO_JNU_MICRO_PATH_V1
2026-08-06,0.0009899859925937761,0.000761672669925666,-0.0018284326288535433,-0.000838446636259723,30,360,30,420,1.0,e6149c02097814f885a1414cb405ff687b2c4be0aeaef561d9a20b7881c58378,225LABO_JNU_MICRO_PATH_V1
2026-08-07,-0.006252879912533094,0.007489526793465886,7.612957256930889e-05,-0.001445361782183612,30,360,30,420,1.0,e6149c02097814f885a1414cb405ff687b2c4be0aeaef561d9a20b7881c58378,225LABO_JNU_MICRO_PATH_V1
2026-08-10,0.001581147037235739,0.008930305868951492,0.0023133475485918095,0.010866821065795618,30,360,30,420,1.0,e6149c02097814f885a1414cb405ff687b2c4be0aeaef561d9a20b7881c58378,225LABO_JNU_MICRO_PATH_V1
2026-08-11,-0.0012773792922998216,0.008169428983854945,-0.0018683911118925211,0.003822376773084769,30,360,30,420,1.0,e6149c02097814f885a1414cb405ff687b2c4be0aeaef561d9a20b7881c58378,225LABO_JNU_MICRO_PATH_V1
2026-08-12,-0.0015654705198644273,0.008549920118336272,0.0019233620369282166,0.007864708886578824,30,360,30,420,1.0,e6149c02097814f885a1414cb405ff687b2c4be0aeaef561d9a20b7881c58378,225LABO_JNU_MICRO_PATH_V1
2026-08-13,0.004518628780190631,-0.006270984529003292,-0.00021954700223577835,-0.001974189944006709,30,360,30,420,1.0,e6149c02097814f885a1414cb405ff687b2c4be0aeaef561d9a20b7881c58378,225LABO_JNU_MICRO_PATH_V1
2026-08-14,-0.0016590330923227066,-0.008975811256302662,-0.0015291079544034083,-0.011015402345002022,30,360,30,420,1.0,e6149c02097814f885a1414cb405ff687b2c4be0aeaef561d9a20b7881c58378,225LABO_JNU_MICRO_PATH_V1
2026-08-17,0.0026812581735953783,0.0005062009725908393,0.00158971057396947,0.004994400740339612,30,360,30,420,1.0,e6149c02097814f885a1414cb405ff687b2c4be0aeaef561d9a20b7881c58378,225LABO_JNU_MICRO_PATH_V1
2026-08-18,-0.002974357446883824,-0.0160672544175824,0.00022196737170790686,-0.021082692880427106,30,360,30,420,1.0,e6149c02097814f885a1414cb405ff687b2c4be0aeaef561d9a20b7881c58378,225LABO_JNU_MICRO_PATH_V1
2026-08-19,-0.00796998412122448,-0.001912265852162889,0.0008409464965604716,-0.010717238596363223,30,360,30,420,1.0,e6149c02097814f885a1414cb405ff687b2c4be0aeaef561d9a20b7881c58378,225LABO_JNU_MICRO_PATH_V1
2026-08-20,-0.005824745088871184,0.004083490247806701,0.0011316912445513319,0.00030165912747617433,30,360,30,420,1.0,e6149c02097814f885a1414cb405ff687b2c4be0aeaef561d9a20b7881c58378,225LABO_JNU_MICRO_PATH_V1
2026-08-21,0.009831272265206274,-7.58754126089686e-05,0.002801864693161017,0.01270897209282142,30,360,30,420,1.0,e6149c02097814f885a1414cb405ff687b2c4be0aeaef561d9a20b7881c58378,225LABO_JNU_MICRO_PATH_V1
2026-08-24,0.0020458427291010816,-0.006464146619889238,-0.001067724323523625,-0.006010136391746194,30,360,30,420,1.0,e6149c02097814f885a1414cb405ff687b2c4be0aeaef561d9a20b7881c58378,225LABO_JNU_MICRO_PATH_V1
2026-08-25,-0.0071574554219967276,0.0180833982949759,0.0006831897635451808,0.01052721599312136,30,360,30,420,1.0,e6149c02097814f885a1414cb405ff687b2c4be0aeaef561d9a20b7881c58378,225LABO_JNU_MICRO_PATH_V1
2026-08-26,-0.005400279334304279,0.009705133420854236,0.0012823899467991724,0.006200866813870026,30,360,30,420,1.0,e6149c02097814f885a1414cb405ff687b2c4be0aeaef561d9a20b7881c58378,225LABO_JNU_MICRO_PATH_V1
2026-08-27,-0.008533624658678286,-0.006711181544026161,0.0012099215027131511,-0.013809886239572243,30,360,30,420,1.0,e6149c02097814f885a1414cb405ff687b2c4be0aeaef561d9a20b7881c58378,225LABO_JNU_MICRO_PATH_V1
2026-08-28,0.00905940062858779,-0.0014289477105249371,0.0,0.00793145374808773,30,360,30,420,1.0,e6149c02097814f885a1414cb405ff687b2c4be0aeaef561d9a20b7881c58378,225LABO_JNU_MICRO_PATH_V1
2026-08-31,-0.0022281135567220915,0.016839134606272278,0.003542494754195865,0.01983272330244205,30,360,30,420,1.0,e6149c02097814f885a1414cb405ff687b2c4be0aeaef561d9a20b7881c58378,225LABO_JNU_MICRO_PATH_V1
