trading_date,rv_5m,rsv_pos_5m,rsv_neg_5m,day_session_rv,night_session_rv,n_5m_returns,valid_5m_bars,session_coverage_ratio,source_file_sha256,transform_version
2023-07-24,8.295620147205908e-05,4.424861032062125e-05,3.8707591151437874e-05,4.189412258336314e-05,4.106207888869597e-05,240,242,1.0,d5622e9bd2c263141135471c91b29745d2afa224336343daae58238e478aed43,225LABO_MICRO_RVRSV_V1
2023-07-25,5.765073350602382e-05,2.686332710869359e-05,3.0787406397330185e-05,3.067712126976616e-05,2.6973612236257636e-05,240,242,1.0,d5622e9bd2c263141135471c91b29745d2afa224336343daae58238e478aed43,225LABO_MICRO_RVRSV_V1
2023-07-26,4.955645912589116e-05,2.1273163964180013e-05,2.828329516171115e-05,3.471827540416369e-05,1.4838183721727463e-05,240,242,1.0,d5622e9bd2c263141135471c91b29745d2afa224336343daae58238e478aed43,225LABO_MICRO_RVRSV_V1
2023-07-27,8.651325743260006e-05,5.3624162479729534e-05,3.288909495287061e-05,4.46681421643785e-05,4.1845115268221614e-05,240,242,1.0,d5622e9bd2c263141135471c91b29745d2afa224336343daae58238e478aed43,225LABO_MICRO_RVRSV_V1
2023-07-28,0.0004044872204617685,0.00015555689422893726,0.00024893032623283124,0.0003037138289371461,0.00010077339152462241,240,242,1.0,d5622e9bd2c263141135471c91b29745d2afa224336343daae58238e478aed43,225LABO_MICRO_RVRSV_V1
2023-07-31,0.00013605745434890667,8.526612988791923e-05,5.079132446098741e-05,6.041077395055805e-05,7.564668039834864e-05,240,242,1.0,d5622e9bd2c263141135471c91b29745d2afa224336343daae58238e478aed43,225LABO_MICRO_RVRSV_V1
2023-08-01,6.356153859771874e-05,3.598762309109037e-05,2.7573915506628364e-05,3.851299505857461e-05,2.504854353914412e-05,240,242,1.0,d5622e9bd2c263141135471c91b29745d2afa224336343daae58238e478aed43,225LABO_MICRO_RVRSV_V1
2023-08-02,0.00012270697828674354,4.0846377717501016e-05,8.18606005692425e-05,9.366328575834747e-05,2.904369252839607e-05,240,242,1.0,d5622e9bd2c263141135471c91b29745d2afa224336343daae58238e478aed43,225LABO_MICRO_RVRSV_V1
2023-08-03,0.00016273820956392389,6.713213202997793e-05,9.560607753394601e-05,8.913777993826605e-05,7.360042962565787e-05,240,242,1.0,d5622e9bd2c263141135471c91b29745d2afa224336343daae58238e478aed43,225LABO_MICRO_RVRSV_V1
2023-08-04,0.00014512529808350682,7.79031996803707e-05,6.72220984031361e-05,6.662932750335395e-05,7.849597058015291e-05,240,242,1.0,d5622e9bd2c263141135471c91b29745d2afa224336343daae58238e478aed43,225LABO_MICRO_RVRSV_V1
2023-08-07,0.0001345198698403466,8.108004105904175e-05,5.34398287813048e-05,6.603530592611188e-05,6.848456391423465e-05,240,242,1.0,d5622e9bd2c263141135471c91b29745d2afa224336343daae58238e478aed43,225LABO_MICRO_RVRSV_V1
2023-08-08,8.275646006779249e-05,3.8009874984001365e-05,4.4746585083791117e-05,4.8363274976201515e-05,3.439318509159097e-05,240,242,1.0,d5622e9bd2c263141135471c91b29745d2afa224336343daae58238e478aed43,225LABO_MICRO_RVRSV_V1
2023-08-09,8.571137210533853e-05,4.161842667843039e-05,4.409294542690813e-05,4.2714970633887756e-05,4.299640147145078e-05,240,242,1.0,d5622e9bd2c263141135471c91b29745d2afa224336343daae58238e478aed43,225LABO_MICRO_RVRSV_V1
2023-08-10,8.566433077275868e-05,4.361012231987807e-05,4.2054208452880554e-05,4.45627270360987e-05,4.1101603736659934e-05,240,242,1.0,d5622e9bd2c263141135471c91b29745d2afa224336343daae58238e478aed43,225LABO_MICRO_RVRSV_V1
2023-08-11,5.179854652943682e-05,2.5595117724746626e-05,2.620342880469019e-05,1.1216881663318227e-05,4.058166486611859e-05,240,242,1.0,d5622e9bd2c263141135471c91b29745d2afa224336343daae58238e478aed43,225LABO_MICRO_RVRSV_V1
2023-08-14,0.00012035896645653721,4.9047541213795134e-05,7.131142524274204e-05,9.398641986003089e-05,2.63725465965063e-05,240,242,1.0,d5622e9bd2c263141135471c91b29745d2afa224336343daae58238e478aed43,225LABO_MICRO_RVRSV_V1
2023-08-15,7.308770485145609e-05,3.4361136421864275e-05,3.8726568429591796e-05,3.9044428237577006e-05,3.4043276613879086e-05,240,242,1.0,d5622e9bd2c263141135471c91b29745d2afa224336343daae58238e478aed43,225LABO_MICRO_RVRSV_V1
2023-08-16,9.938961303647166e-05,4.368609921153e-05,5.5703513824941645e-05,6.240569519162352e-05,3.698391784484811e-05,240,242,1.0,d5622e9bd2c263141135471c91b29745d2afa224336343daae58238e478aed43,225LABO_MICRO_RVRSV_V1
2023-08-17,9.022379298241032e-05,4.1359383778496384e-05,4.886440920391389e-05,5.297676785413248e-05,3.7247025128277786e-05,240,242,1.0,d5622e9bd2c263141135471c91b29745d2afa224336343daae58238e478aed43,225LABO_MICRO_RVRSV_V1
2023-08-18,0.00012637471961599202,6.805138990093309e-05,5.832332971505889e-05,7.957639139952558e-05,4.6798328216466404e-05,240,242,1.0,d5622e9bd2c263141135471c91b29745d2afa224336343daae58238e478aed43,225LABO_MICRO_RVRSV_V1
2023-08-21,0.00010440574847020126,4.8785841669130524e-05,5.56199068010707e-05,5.779596022703875e-05,4.660978824316251e-05,240,242,1.0,d5622e9bd2c263141135471c91b29745d2afa224336343daae58238e478aed43,225LABO_MICRO_RVRSV_V1
2023-08-22,6.672990961567524e-05,3.794909195693214e-05,2.8780817658743107e-05,3.198423032223645e-05,3.474567929343881e-05,240,242,1.0,d5622e9bd2c263141135471c91b29745d2afa224336343daae58238e478aed43,225LABO_MICRO_RVRSV_V1
2023-08-23,5.325386656267602e-05,2.6623345083600613e-05,2.6630521479075417e-05,2.4171724092359646e-05,2.9082142470316398e-05,240,242,1.0,d5622e9bd2c263141135471c91b29745d2afa224336343daae58238e478aed43,225LABO_MICRO_RVRSV_V1
2023-08-24,6.770364071425753e-05,4.3240579030207665e-05,2.4463061684049872e-05,2.7037455884434592e-05,4.066618482982295e-05,240,242,1.0,d5622e9bd2c263141135471c91b29745d2afa224336343daae58238e478aed43,225LABO_MICRO_RVRSV_V1
2023-08-25,8.812556198107542e-05,2.9595013924995645e-05,5.853054805607982e-05,4.914877512161971e-05,3.897678685945573e-05,240,242,1.0,d5622e9bd2c263141135471c91b29745d2afa224336343daae58238e478aed43,225LABO_MICRO_RVRSV_V1
2023-08-28,6.902477068429833e-05,4.232322608021846e-05,2.6701544604079848e-05,2.688077409837114e-05,4.2143996585927144e-05,240,242,1.0,d5622e9bd2c263141135471c91b29745d2afa224336343daae58238e478aed43,225LABO_MICRO_RVRSV_V1
2023-08-29,5.255160605635285e-05,2.5806899283263256e-05,2.6744706773089585e-05,3.170513817445533e-05,2.0846467881897522e-05,240,242,1.0,d5622e9bd2c263141135471c91b29745d2afa224336343daae58238e478aed43,225LABO_MICRO_RVRSV_V1
2023-08-30,4.9425421149490555e-05,2.6268212907297048e-05,2.3157208242193524e-05,2.6820896229084884e-05,2.260452492040569e-05,240,242,1.0,d5622e9bd2c263141135471c91b29745d2afa224336343daae58238e478aed43,225LABO_MICRO_RVRSV_V1
2023-08-31,6.148538581636806e-05,3.6531362445990714e-05,2.495402337037737e-05,3.1135206011949036e-05,3.035017980441903e-05,240,242,1.0,d5622e9bd2c263141135471c91b29745d2afa224336343daae58238e478aed43,225LABO_MICRO_RVRSV_V1
2023-09-01,6.722858659665833e-05,3.938867098146088e-05,2.7839915615197473e-05,3.446604793891678e-05,3.276253865774158e-05,240,242,1.0,d5622e9bd2c263141135471c91b29745d2afa224336343daae58238e478aed43,225LABO_MICRO_RVRSV_V1
2023-09-04,4.846796313071069e-05,2.534636943318233e-05,2.3121593697528342e-05,1.9528206961851265e-05,2.8939756168859426e-05,240,242,1.0,d5622e9bd2c263141135471c91b29745d2afa224336343daae58238e478aed43,225LABO_MICRO_RVRSV_V1
2023-09-05,4.667148477390098e-05,1.8824617327251985e-05,2.7846867446648986e-05,3.573191340795734e-05,1.0939571365943641e-05,240,242,1.0,d5622e9bd2c263141135471c91b29745d2afa224336343daae58238e478aed43,225LABO_MICRO_RVRSV_V1
2023-09-06,5.250052936369539e-05,2.9864596302235102e-05,2.263593306146026e-05,2.4603907943872072e-05,2.7896621419823306e-05,240,242,1.0,d5622e9bd2c263141135471c91b29745d2afa224336343daae58238e478aed43,225LABO_MICRO_RVRSV_V1
2023-09-07,7.402811193444556e-05,3.390895195187135e-05,4.01191599825742e-05,4.2002103139083444e-05,3.20260087953621e-05,240,242,1.0,d5622e9bd2c263141135471c91b29745d2afa224336343daae58238e478aed43,225LABO_MICRO_RVRSV_V1
2023-09-08,0.00011468813530026728,4.461556179289032e-05,7.0072573507377e-05,8.402158375910442e-05,3.066655154116286e-05,240,242,1.0,d5622e9bd2c263141135471c91b29745d2afa224336343daae58238e478aed43,225LABO_MICRO_RVRSV_V1
2023-09-11,0.00010278311936294089,4.185952793809416e-05,6.092359142484666e-05,6.537548676922721e-05,3.7407632593713614e-05,240,242,1.0,d5622e9bd2c263141135471c91b29745d2afa224336343daae58238e478aed43,225LABO_MICRO_RVRSV_V1
2023-09-12,6.030891294312702e-05,3.517877933075772e-05,2.513013361236928e-05,3.773254799280308e-05,2.2576364950323924e-05,240,242,1.0,d5622e9bd2c263141135471c91b29745d2afa224336343daae58238e478aed43,225LABO_MICRO_RVRSV_V1
2023-09-13,6.121578086206429e-05,2.9119695031193555e-05,3.209608583087074e-05,4.0531489984253694e-05,2.0684290877810598e-05,240,242,1.0,d5622e9bd2c263141135471c91b29745d2afa224336343daae58238e478aed43,225LABO_MICRO_RVRSV_V1
2023-09-14,5.111994094117087e-05,3.075237514637043e-05,2.0367565794800466e-05,2.086239455374041e-05,3.025754638743047e-05,240,242,1.0,d5622e9bd2c263141135471c91b29745d2afa224336343daae58238e478aed43,225LABO_MICRO_RVRSV_V1
2023-09-15,5.577786142417802e-05,3.0809129552022e-05,2.4968731872155984e-05,3.100568284125615e-05,2.477217858292185e-05,240,242,1.0,d5622e9bd2c263141135471c91b29745d2afa224336343daae58238e478aed43,225LABO_MICRO_RVRSV_V1
2023-09-18,3.663007438398638e-05,1.3732887320063803e-05,2.2897187063922594e-05,1.1188551845987388e-05,2.5441522537998994e-05,240,242,1.0,d5622e9bd2c263141135471c91b29745d2afa224336343daae58238e478aed43,225LABO_MICRO_RVRSV_V1
2023-09-19,4.970458095851099e-05,2.3625838097110448e-05,2.607874286140054e-05,2.5232409719539097e-05,2.4472171238971915e-05,240,242,1.0,d5622e9bd2c263141135471c91b29745d2afa224336343daae58238e478aed43,225LABO_MICRO_RVRSV_V1
2023-09-20,4.196109072567735e-05,1.7900113282082053e-05,2.406097744359529e-05,2.3847367562394564e-05,1.811372316328279e-05,240,242,1.0,d5622e9bd2c263141135471c91b29745d2afa224336343daae58238e478aed43,225LABO_MICRO_RVRSV_V1
2023-09-21,4.445153171099e-05,1.4966247807262781e-05,2.948528390372724e-05,2.4532813745394976e-05,1.991871796559503e-05,240,242,1.0,d5622e9bd2c263141135471c91b29745d2afa224336343daae58238e478aed43,225LABO_MICRO_RVRSV_V1
2023-09-22,8.578854836551032e-05,4.572495860372008e-05,4.0063589761790225e-05,5.242854273629355e-05,3.336000562921674e-05,240,242,1.0,d5622e9bd2c263141135471c91b29745d2afa224336343daae58238e478aed43,225LABO_MICRO_RVRSV_V1
2023-09-25,6.351812580113853e-05,3.3471104194467736e-05,3.0047021606670787e-05,2.446024208544105e-05,3.905788371569748e-05,240,242,1.0,d5622e9bd2c263141135471c91b29745d2afa224336343daae58238e478aed43,225LABO_MICRO_RVRSV_V1
2023-09-26,8.557869570798077e-05,3.292122979689123e-05,5.265746591108957e-05,4.423888901937468e-05,4.133980668860613e-05,240,242,1.0,d5622e9bd2c263141135471c91b29745d2afa224336343daae58238e478aed43,225LABO_MICRO_RVRSV_V1
2023-09-27,8.454380541201767e-05,4.634615960277598e-05,3.819764580924167e-05,3.926835688016726e-05,4.52754485318504e-05,240,242,1.0,d5622e9bd2c263141135471c91b29745d2afa224336343daae58238e478aed43,225LABO_MICRO_RVRSV_V1
2023-09-28,0.0001454153708902899,5.004248901695936e-05,9.537288187333047e-05,9.865382023612664e-05,4.67615506541632e-05,240,242,1.0,d5622e9bd2c263141135471c91b29745d2afa224336343daae58238e478aed43,225LABO_MICRO_RVRSV_V1
2023-09-29,0.00011809183927757764,6.563422567178431e-05,5.245761360579327e-05,6.256471208898403e-05,5.5527127188593566e-05,240,242,1.0,d5622e9bd2c263141135471c91b29745d2afa224336343daae58238e478aed43,225LABO_MICRO_RVRSV_V1
2023-10-02,0.00014939113489050626,6.09737021018719e-05,8.841743278863435e-05,9.562539574166538e-05,5.3765739148840846e-05,240,242,1.0,d5622e9bd2c263141135471c91b29745d2afa224336343daae58238e478aed43,225LABO_MICRO_RVRSV_V1
2023-10-03,0.00015164052780968033,5.277485927483263e-05,9.886566853484772e-05,8.66116463192589e-05,6.502888149042143e-05,240,242,1.0,d5622e9bd2c263141135471c91b29745d2afa224336343daae58238e478aed43,225LABO_MICRO_RVRSV_V1
2023-10-04,0.0002296393891309258,8.923535255072396e-05,0.00014040403658020187,0.00012946646532956986,0.00010017292380135594,240,242,1.0,d5622e9bd2c263141135471c91b29745d2afa224336343daae58238e478aed43,225LABO_MICRO_RVRSV_V1
2023-10-05,0.00018308992815743502,0.00010910227579258365,7.398765236485138e-05,7.811876209729807e-05,0.00010497116606013692,240,242,1.0,d5622e9bd2c263141135471c91b29745d2afa224336343daae58238e478aed43,225LABO_MICRO_RVRSV_V1
2023-10-06,0.00014320082603621522,6.174649161827627e-05,8.145433441793887e-05,7.418303619252283e-05,6.901778984369233e-05,240,242,1.0,d5622e9bd2c263141135471c91b29745d2afa224336343daae58238e478aed43,225LABO_MICRO_RVRSV_V1
2023-10-09,0.00014441117484638997,4.909515024337302e-05,9.531602460301695e-05,2.151389118235306e-05,0.00012289728366403683,240,242,1.0,d5622e9bd2c263141135471c91b29745d2afa224336343daae58238e478aed43,225LABO_MICRO_RVRSV_V1
2023-10-10,9.302235188980038e-05,5.985991618629036e-05,3.316243570351005e-05,4.19172255357953e-05,5.110512635400512e-05,240,242,1.0,d5622e9bd2c263141135471c91b29745d2afa224336343daae58238e478aed43,225LABO_MICRO_RVRSV_V1
2023-10-11,7.200326769680545e-05,3.6054292605411564e-05,3.5948975091393814e-05,3.697987458301907e-05,3.502339311378632e-05,240,242,1.0,d5622e9bd2c263141135471c91b29745d2afa224336343daae58238e478aed43,225LABO_MICRO_RVRSV_V1
2023-10-12,8.279822733015351e-05,5.7285465595205285e-05,2.551276173494823e-05,5.0097939649919e-05,3.2700287680234535e-05,240,242,1.0,d5622e9bd2c263141135471c91b29745d2afa224336343daae58238e478aed43,225LABO_MICRO_RVRSV_V1
2023-10-13,0.00013099620987963174,5.9004396556092305e-05,7.199181332353951e-05,7.444962163546816e-05,5.654658824416367e-05,240,242,1.0,d5622e9bd2c263141135471c91b29745d2afa224336343daae58238e478aed43,225LABO_MICRO_RVRSV_V1
2023-10-16,0.00015478295713242,6.002602815509678e-05,9.475692897732323e-05,8.341780932543464e-05,7.136514780698531e-05,240,242,1.0,d5622e9bd2c263141135471c91b29745d2afa224336343daae58238e478aed43,225LABO_MICRO_RVRSV_V1
2023-10-17,9.483462685254343e-05,4.947831674181678e-05,4.535631011072662e-05,4.4705452993445705e-05,5.012917385909768e-05,240,242,1.0,d5622e9bd2c263141135471c91b29745d2afa224336343daae58238e478aed43,225LABO_MICRO_RVRSV_V1
2023-10-18,0.00013698682405099757,7.221233762312305e-05,6.477448642787445e-05,6.489692599838859e-05,7.208989805260902e-05,240,242,1.0,d5622e9bd2c263141135471c91b29745d2afa224336343daae58238e478aed43,225LABO_MICRO_RVRSV_V1
2023-10-19,9.956890433735795e-05,4.057198991507395e-05,5.899691442228402e-05,4.616372994270203e-05,5.340517439465596e-05,240,242,1.0,d5622e9bd2c263141135471c91b29745d2afa224336343daae58238e478aed43,225LABO_MICRO_RVRSV_V1
2023-10-20,0.0001836920952890252,8.213849116430162e-05,0.0001015536041247235,6.01988301030496e-05,0.0001234932651859756,240,242,1.0,d5622e9bd2c263141135471c91b29745d2afa224336343daae58238e478aed43,225LABO_MICRO_RVRSV_V1
2023-10-23,0.0001294188395784834,6.0838872655714796e-05,6.857996692276865e-05,5.396244057656835e-05,7.545639900191505e-05,240,242,1.0,d5622e9bd2c263141135471c91b29745d2afa224336343daae58238e478aed43,225LABO_MICRO_RVRSV_V1
2023-10-24,0.00023116281434557855,0.00010884744497649522,0.00012231536936908332,0.0001432530128302165,8.7909801515362e-05,240,242,1.0,d5622e9bd2c263141135471c91b29745d2afa224336343daae58238e478aed43,225LABO_MICRO_RVRSV_V1
2023-10-25,0.0001257624806203571,6.534055431175551e-05,6.042192630860162e-05,5.554147830816325e-05,7.022100231219386e-05,240,242,1.0,d5622e9bd2c263141135471c91b29745d2afa224336343daae58238e478aed43,225LABO_MICRO_RVRSV_V1
2023-10-26,0.00012953523086390407,5.559539000161569e-05,7.39398408622884e-05,6.483572652493445e-05,6.469950433896959e-05,240,242,1.0,d5622e9bd2c263141135471c91b29745d2afa224336343daae58238e478aed43,225LABO_MICRO_RVRSV_V1
2023-10-27,0.00017503570216480097,9.78034292227e-05,7.723227294210098e-05,5.941125633372368e-05,0.00011562444583107733,240,242,1.0,d5622e9bd2c263141135471c91b29745d2afa224336343daae58238e478aed43,225LABO_MICRO_RVRSV_V1
2023-10-30,0.00011695993262038847,5.700173742914534e-05,5.99581951912431e-05,6.323829979505467e-05,5.37216328253338e-05,240,242,1.0,d5622e9bd2c263141135471c91b29745d2afa224336343daae58238e478aed43,225LABO_MICRO_RVRSV_V1
2023-10-31,0.00029136752698133547,0.00014646738779450436,0.00014490013918683122,0.00018454409765053878,0.00010682342933079679,240,242,1.0,d5622e9bd2c263141135471c91b29745d2afa224336343daae58238e478aed43,225LABO_MICRO_RVRSV_V1
2023-11-01,0.00014120777177203792,9.451241878327648e-05,4.669535298876149e-05,6.165760347243833e-05,7.955016829959966e-05,240,242,1.0,d5622e9bd2c263141135471c91b29745d2afa224336343daae58238e478aed43,225LABO_MICRO_RVRSV_V1
2023-11-02,9.433161526903208e-05,4.514207078733305e-05,4.918954448169911e-05,3.0293167954410568e-05,6.403844731462155e-05,240,242,1.0,d5622e9bd2c263141135471c91b29745d2afa224336343daae58238e478aed43,225LABO_MICRO_RVRSV_V1
2023-11-06,6.90987563410212e-05,4.1883251078863245e-05,2.721550526215795e-05,3.361049253491811e-05,3.548826380610308e-05,240,242,1.0,d5622e9bd2c263141135471c91b29745d2afa224336343daae58238e478aed43,225LABO_MICRO_RVRSV_V1
2023-11-07,5.95924261491934e-05,2.4805098500320805e-05,3.478732764887258e-05,3.268332677492089e-05,2.6909099374272516e-05,240,242,1.0,d5622e9bd2c263141135471c91b29745d2afa224336343daae58238e478aed43,225LABO_MICRO_RVRSV_V1
2023-11-08,9.29219430192578e-05,3.8326800075693575e-05,5.4595142943564234e-05,5.4198889001654456e-05,3.872305401760335e-05,240,242,1.0,d5622e9bd2c263141135471c91b29745d2afa224336343daae58238e478aed43,225LABO_MICRO_RVRSV_V1
2023-11-09,8.86639164398843e-05,4.388999589629747e-05,4.4773920543586785e-05,4.9256326799860045e-05,3.940758964002422e-05,240,242,1.0,d5622e9bd2c263141135471c91b29745d2afa224336343daae58238e478aed43,225LABO_MICRO_RVRSV_V1
2023-11-10,0.000151374490339284,7.44684911635321e-05,7.690599917575194e-05,6.180542112576984e-05,8.956906921351422e-05,240,242,1.0,d5622e9bd2c263141135471c91b29745d2afa224336343daae58238e478aed43,225LABO_MICRO_RVRSV_V1
2023-11-13,8.827258258376066e-05,3.820107099906739e-05,5.0071511584693305e-05,3.761866435417813e-05,5.065391822958259e-05,240,242,1.0,d5622e9bd2c263141135471c91b29745d2afa224336343daae58238e478aed43,225LABO_MICRO_RVRSV_V1
2023-11-14,6.074657143244813e-05,3.086939491597043e-05,2.987717651647769e-05,2.5695308008053226e-05,3.505126342439488e-05,240,242,1.0,d5622e9bd2c263141135471c91b29745d2afa224336343daae58238e478aed43,225LABO_MICRO_RVRSV_V1
2023-11-15,7.892623728851717e-05,5.656667850929385e-05,2.2359558779223332e-05,2.993473412651024e-05,4.8991503162006945e-05,240,242,1.0,d5622e9bd2c263141135471c91b29745d2afa224336343daae58238e478aed43,225LABO_MICRO_RVRSV_V1
2023-11-16,0.00010872172983844579,5.124574308968088e-05,5.747598674876499e-05,5.2069192001369684e-05,5.665253783707617e-05,240,242,1.0,d5622e9bd2c263141135471c91b29745d2afa224336343daae58238e478aed43,225LABO_MICRO_RVRSV_V1
2023-11-17,8.284896867742343e-05,4.096985606133414e-05,4.1879112616089356e-05,4.5063846887764213e-05,3.778512178965927e-05,240,242,1.0,d5622e9bd2c263141135471c91b29745d2afa224336343daae58238e478aed43,225LABO_MICRO_RVRSV_V1
2023-11-20,0.00010092170174640451,5.227625981883028e-05,4.8645441927574246e-05,7.192382655734843e-05,2.8997875189056125e-05,240,242,1.0,d5622e9bd2c263141135471c91b29745d2afa224336343daae58238e478aed43,225LABO_MICRO_RVRSV_V1
2023-11-21,8.078375456144467e-05,3.5125277783010536e-05,4.5658476778434125e-05,4.9396351465675024e-05,3.138740309576966e-05,240,242,1.0,d5622e9bd2c263141135471c91b29745d2afa224336343daae58238e478aed43,225LABO_MICRO_RVRSV_V1
2023-11-22,7.333782897075712e-05,4.1815683968988155e-05,3.152214500176895e-05,4.441623618119375e-05,2.8921592789563364e-05,240,242,1.0,d5622e9bd2c263141135471c91b29745d2afa224336343daae58238e478aed43,225LABO_MICRO_RVRSV_V1
2023-11-23,5.372362803031993e-05,2.6725189877632896e-05,2.699843815268703e-05,7.205100520335101e-06,4.651852750998485e-05,240,242,1.0,d5622e9bd2c263141135471c91b29745d2afa224336343daae58238e478aed43,225LABO_MICRO_RVRSV_V1
2023-11-24,3.3275236030931524e-05,1.63013669143495e-05,1.6973869116582046e-05,2.843843242613286e-05,4.836803604798674e-06,240,242,1.0,d5622e9bd2c263141135471c91b29745d2afa224336343daae58238e478aed43,225LABO_MICRO_RVRSV_V1
2023-11-27,5.573781105332105e-05,2.2226158107096528e-05,3.3511652946224505e-05,4.333668283770488e-05,1.240112821561617e-05,240,242,1.0,d5622e9bd2c263141135471c91b29745d2afa224336343daae58238e478aed43,225LABO_MICRO_RVRSV_V1
2023-11-28,7.059999348653088e-05,3.279767616830224e-05,3.780231731822865e-05,4.367907310040398e-05,2.692092038612691e-05,240,242,1.0,d5622e9bd2c263141135471c91b29745d2afa224336343daae58238e478aed43,225LABO_MICRO_RVRSV_V1
2023-11-29,9.268933521118935e-05,4.81959818949972e-05,4.449335331619211e-05,6.217657904220837e-05,3.0512756168980915e-05,240,242,1.0,d5622e9bd2c263141135471c91b29745d2afa224336343daae58238e478aed43,225LABO_MICRO_RVRSV_V1
2023-11-30,7.720585293427486e-05,3.722077968559264e-05,3.998507324868228e-05,5.099678555661196e-05,2.6209067377662968e-05,240,242,1.0,d5622e9bd2c263141135471c91b29745d2afa224336343daae58238e478aed43,225LABO_MICRO_RVRSV_V1
2023-12-01,7.4731965622706e-05,3.2723243374041004e-05,4.200872224866494e-05,4.283323885860645e-05,3.18987267640995e-05,240,242,1.0,d5622e9bd2c263141135471c91b29745d2afa224336343daae58238e478aed43,225LABO_MICRO_RVRSV_V1
2023-12-04,0.00010345582679841046,4.260403813316252e-05,6.085178866524797e-05,7.730629832796675e-05,2.6149528470443757e-05,240,242,1.0,d5622e9bd2c263141135471c91b29745d2afa224336343daae58238e478aed43,225LABO_MICRO_RVRSV_V1
2023-12-05,7.28061289431322e-05,3.068040400706841e-05,4.21257249360638e-05,4.053035120549964e-05,3.2275777737632575e-05,240,242,1.0,d5622e9bd2c263141135471c91b29745d2afa224336343daae58238e478aed43,225LABO_MICRO_RVRSV_V1
2023-12-06,6.18357046772211e-05,4.080812829239068e-05,2.102757638483043e-05,2.3625968560099455e-05,3.820973611712166e-05,240,242,1.0,d5622e9bd2c263141135471c91b29745d2afa224336343daae58238e478aed43,225LABO_MICRO_RVRSV_V1
2023-12-07,8.738308581740867e-05,3.694136491318773e-05,5.0441720904220895e-05,6.228022393559996e-05,2.5102861881808627e-05,240,242,1.0,d5622e9bd2c263141135471c91b29745d2afa224336343daae58238e478aed43,225LABO_MICRO_RVRSV_V1
2023-12-08,0.0001588724045512876,6.114634498371462e-05,9.772605956757298e-05,7.002924909121692e-05,8.884315546007066e-05,240,242,1.0,d5622e9bd2c263141135471c91b29745d2afa224336343daae58238e478aed43,225LABO_MICRO_RVRSV_V1
2023-12-11,0.00010361013994673026,5.651988391226668e-05,4.709025603446368e-05,5.500410630164233e-05,4.860603364508805e-05,240,242,1.0,d5622e9bd2c263141135471c91b29745d2afa224336343daae58238e478aed43,225LABO_MICRO_RVRSV_V1
2023-12-12,8.445013586170832e-05,4.694679383167865e-05,3.7503342030029736e-05,4.4220124502251635e-05,4.0230011359456716e-05,240,242,1.0,d5622e9bd2c263141135471c91b29745d2afa224336343daae58238e478aed43,225LABO_MICRO_RVRSV_V1
2023-12-13,6.44358161843273e-05,3.435504273517026e-05,3.0080773449157046e-05,4.235959280234456e-05,2.207622338198274e-05,240,242,1.0,d5622e9bd2c263141135471c91b29745d2afa224336343daae58238e478aed43,225LABO_MICRO_RVRSV_V1
2023-12-14,0.0001255763341124954,4.483229426744039e-05,8.074403984505497e-05,9.440851434222618e-05,3.1167819770269206e-05,240,242,1.0,d5622e9bd2c263141135471c91b29745d2afa224336343daae58238e478aed43,225LABO_MICRO_RVRSV_V1
2023-12-15,8.513052277959875e-05,4.9384100408573613e-05,3.574642237102516e-05,4.259099471556818e-05,4.2539528064030566e-05,240,242,1.0,d5622e9bd2c263141135471c91b29745d2afa224336343daae58238e478aed43,225LABO_MICRO_RVRSV_V1
2023-12-18,5.778305438347864e-05,2.5264409572056833e-05,3.251864481142178e-05,3.114642409809068e-05,2.663663028538797e-05,240,242,1.0,d5622e9bd2c263141135471c91b29745d2afa224336343daae58238e478aed43,225LABO_MICRO_RVRSV_V1
2023-12-19,0.00020406384203185084,0.00016068280803880413,4.338103399304674e-05,0.00018451531913407749,1.954852289777334e-05,240,242,1.0,d5622e9bd2c263141135471c91b29745d2afa224336343daae58238e478aed43,225LABO_MICRO_RVRSV_V1
2023-12-20,0.0001017043686160024,7.431366814344066e-05,2.7390700472561726e-05,6.622931813375418e-05,3.54750504822482e-05,240,242,1.0,d5622e9bd2c263141135471c91b29745d2afa224336343daae58238e478aed43,225LABO_MICRO_RVRSV_V1
2023-12-21,7.136377980560361e-05,2.5967750577841667e-05,4.539602922776196e-05,3.198272811352785e-05,3.938105169207577e-05,240,242,1.0,d5622e9bd2c263141135471c91b29745d2afa224336343daae58238e478aed43,225LABO_MICRO_RVRSV_V1
2023-12-22,5.986415169567564e-05,3.030440116851524e-05,2.9559750527160432e-05,2.735139098836434e-05,3.2512760707311314e-05,240,242,1.0,d5622e9bd2c263141135471c91b29745d2afa224336343daae58238e478aed43,225LABO_MICRO_RVRSV_V1
2023-12-25,3.990705245691438e-05,1.792750524763202e-05,2.1979547209282367e-05,1.5736856000133534e-05,2.417019645678085e-05,240,242,1.0,d5622e9bd2c263141135471c91b29745d2afa224336343daae58238e478aed43,225LABO_MICRO_RVRSV_V1
2023-12-26,1.5803809665825787e-05,6.655214217367229e-06,9.148595448458559e-06,1.4011686101694252e-05,1.7921235641315371e-06,240,242,1.0,d5622e9bd2c263141135471c91b29745d2afa224336343daae58238e478aed43,225LABO_MICRO_RVRSV_V1
2023-12-27,4.15361039238279e-05,2.5293408670961217e-05,1.624269525286668e-05,3.2405641585342165e-05,9.130462338485739e-06,240,242,1.0,d5622e9bd2c263141135471c91b29745d2afa224336343daae58238e478aed43,225LABO_MICRO_RVRSV_V1
2023-12-28,4.9911563723862035e-05,2.190821006671645e-05,2.800335365714559e-05,2.029314841673676e-05,2.9618415307125282e-05,240,242,1.0,d5622e9bd2c263141135471c91b29745d2afa224336343daae58238e478aed43,225LABO_MICRO_RVRSV_V1
2023-12-29,8.420595368183928e-05,4.856702042277495e-05,3.563893325906428e-05,5.174836938504717e-05,3.2457584296792086e-05,240,242,1.0,d5622e9bd2c263141135471c91b29745d2afa224336343daae58238e478aed43,225LABO_MICRO_RVRSV_V1
2024-01-03,3.770687436452356e-05,1.677334043573335e-05,2.0933533928790254e-05,1.0958876494310305e-05,2.6747997870213275e-05,240,242,1.0,913df08ebebe029ca3cf1d942a62bf228ce90c87cfaf823562c8f6edb7abe514,225LABO_MICRO_RVRSV_V1
2024-01-04,0.00010843457654392267,4.593774875489347e-05,6.24968277890292e-05,7.635656684768168e-05,3.207800969624098e-05,240,242,1.0,913df08ebebe029ca3cf1d942a62bf228ce90c87cfaf823562c8f6edb7abe514,225LABO_MICRO_RVRSV_V1
2024-01-05,7.0823907517015e-05,3.978266406650216e-05,3.104124345051285e-05,3.408422020682838e-05,3.6739687310186624e-05,240,242,1.0,913df08ebebe029ca3cf1d942a62bf228ce90c87cfaf823562c8f6edb7abe514,225LABO_MICRO_RVRSV_V1
2024-01-09,9.630755271172582e-05,5.31229332215792e-05,4.3184619490146625e-05,5.770707431131031e-05,3.8600478400415484e-05,240,242,1.0,913df08ebebe029ca3cf1d942a62bf228ce90c87cfaf823562c8f6edb7abe514,225LABO_MICRO_RVRSV_V1
2024-01-10,7.586670310729783e-05,5.248408874697974e-05,2.3382614360318072e-05,4.04879721210411e-05,3.537873098625673e-05,240,242,1.0,913df08ebebe029ca3cf1d942a62bf228ce90c87cfaf823562c8f6edb7abe514,225LABO_MICRO_RVRSV_V1
2024-01-11,0.00011476674503220992,7.116531652660605e-05,4.360142850560396e-05,6.733766324870849e-05,4.74290817835015e-05,240,242,1.0,913df08ebebe029ca3cf1d942a62bf228ce90c87cfaf823562c8f6edb7abe514,225LABO_MICRO_RVRSV_V1
2024-01-12,0.00017185429157652054,9.539312296577753e-05,7.64611686107431e-05,9.687374384866397e-05,7.498054772785664e-05,240,242,1.0,913df08ebebe029ca3cf1d942a62bf228ce90c87cfaf823562c8f6edb7abe514,225LABO_MICRO_RVRSV_V1
2024-01-15,0.00010446389932401578,5.925093512455478e-05,4.5212964199460996e-05,4.125187449010758e-05,6.321202483390818e-05,240,242,1.0,913df08ebebe029ca3cf1d942a62bf228ce90c87cfaf823562c8f6edb7abe514,225LABO_MICRO_RVRSV_V1
2024-01-16,8.834286800498209e-05,3.23530470315706e-05,5.598982097341147e-05,5.7004721692730186e-05,3.133814631225188e-05,240,242,1.0,913df08ebebe029ca3cf1d942a62bf228ce90c87cfaf823562c8f6edb7abe514,225LABO_MICRO_RVRSV_V1
2024-01-17,0.00024123870342021556,9.73953879995107e-05,0.00014384331542070483,0.00017102398871895493,7.021471470126063e-05,240,242,1.0,913df08ebebe029ca3cf1d942a62bf228ce90c87cfaf823562c8f6edb7abe514,225LABO_MICRO_RVRSV_V1
2024-01-18,0.00015834354963254268,8.902162677874025e-05,6.932192285380245e-05,0.0001114200095883353,4.692354004420743e-05,240,242,1.0,913df08ebebe029ca3cf1d942a62bf228ce90c87cfaf823562c8f6edb7abe514,225LABO_MICRO_RVRSV_V1
2024-01-19,9.379286003917915e-05,4.71636519458041e-05,4.6629208093374994e-05,5.20111460881448e-05,4.178171395103428e-05,240,242,1.0,913df08ebebe029ca3cf1d942a62bf228ce90c87cfaf823562c8f6edb7abe514,225LABO_MICRO_RVRSV_V1
2024-01-22,8.181495034819037e-05,4.413001709614734e-05,3.768493325204299e-05,4.01358501011996e-05,4.1679100246990734e-05,240,242,1.0,913df08ebebe029ca3cf1d942a62bf228ce90c87cfaf823562c8f6edb7abe514,225LABO_MICRO_RVRSV_V1
2024-01-23,0.00014963046407350398,7.750238189085201e-05,7.212808218265201e-05,0.00011242708261263621,3.7203381460867806e-05,240,242,1.0,913df08ebebe029ca3cf1d942a62bf228ce90c87cfaf823562c8f6edb7abe514,225LABO_MICRO_RVRSV_V1
2024-01-24,9.750018414137593e-05,4.4435038931797216e-05,5.3065145209578724e-05,5.1618422576210467e-05,4.5881761565165494e-05,240,242,1.0,913df08ebebe029ca3cf1d942a62bf228ce90c87cfaf823562c8f6edb7abe514,225LABO_MICRO_RVRSV_V1
2024-01-25,0.00011501329788542414,5.470093133028285e-05,6.031236655514133e-05,6.49933829998954e-05,5.001991488552881e-05,240,242,1.0,913df08ebebe029ca3cf1d942a62bf228ce90c87cfaf823562c8f6edb7abe514,225LABO_MICRO_RVRSV_V1
2024-01-26,0.00010691949312007683,4.235761347413759e-05,6.456187964593925e-05,6.779691392490159e-05,3.912257919517526e-05,240,242,1.0,913df08ebebe029ca3cf1d942a62bf228ce90c87cfaf823562c8f6edb7abe514,225LABO_MICRO_RVRSV_V1
2024-01-29,7.087826311869299e-05,4.588013590254006e-05,2.499812721615294e-05,3.720516683815877e-05,3.367309628053424e-05,240,242,1.0,913df08ebebe029ca3cf1d942a62bf228ce90c87cfaf823562c8f6edb7abe514,225LABO_MICRO_RVRSV_V1
2024-01-30,6.295710692791169e-05,2.5414362336532808e-05,3.754274459137882e-05,4.0642381406264036e-05,2.231472552164762e-05,240,242,1.0,913df08ebebe029ca3cf1d942a62bf228ce90c87cfaf823562c8f6edb7abe514,225LABO_MICRO_RVRSV_V1
2024-01-31,6.675839139221952e-05,4.69796021477178e-05,1.977878924450173e-05,4.9204604271132133e-05,1.755378712108739e-05,240,242,1.0,913df08ebebe029ca3cf1d942a62bf228ce90c87cfaf823562c8f6edb7abe514,225LABO_MICRO_RVRSV_V1
2024-02-01,0.00011936567301280841,6.0536351399280514e-05,5.882932161352784e-05,5.602269870732371e-05,6.334297430548464e-05,240,242,1.0,913df08ebebe029ca3cf1d942a62bf228ce90c87cfaf823562c8f6edb7abe514,225LABO_MICRO_RVRSV_V1
2024-02-02,0.00011000401723494509,5.006297926106482e-05,5.9941037973880355e-05,4.2411390783694356e-05,6.759262645125078e-05,240,242,1.0,913df08ebebe029ca3cf1d942a62bf228ce90c87cfaf823562c8f6edb7abe514,225LABO_MICRO_RVRSV_V1
2024-02-05,7.213308521227136e-05,3.468644080324283e-05,3.7446644409028546e-05,2.8968144982398097e-05,4.3164940229873277e-05,240,242,1.0,913df08ebebe029ca3cf1d942a62bf228ce90c87cfaf823562c8f6edb7abe514,225LABO_MICRO_RVRSV_V1
2024-02-06,6.494451581297845e-05,2.8869694986544054e-05,3.60748208264344e-05,2.7924944911875543e-05,3.7019570901102914e-05,240,242,1.0,913df08ebebe029ca3cf1d942a62bf228ce90c87cfaf823562c8f6edb7abe514,225LABO_MICRO_RVRSV_V1
2024-02-07,0.00010618414218928878,4.468559618976339e-05,6.149854599952539e-05,5.677485788729644e-05,4.9409284301992336e-05,240,242,1.0,913df08ebebe029ca3cf1d942a62bf228ce90c87cfaf823562c8f6edb7abe514,225LABO_MICRO_RVRSV_V1
2024-02-08,8.770011948219207e-05,5.628494583975245e-05,3.141517364243965e-05,6.141009036786857e-05,2.6290029114323522e-05,240,242,1.0,913df08ebebe029ca3cf1d942a62bf228ce90c87cfaf823562c8f6edb7abe514,225LABO_MICRO_RVRSV_V1
2024-02-09,0.00012093889330167838,6.426955080488201e-05,5.666934249679636e-05,6.819138078888327e-05,5.274751251279508e-05,240,242,1.0,913df08ebebe029ca3cf1d942a62bf228ce90c87cfaf823562c8f6edb7abe514,225LABO_MICRO_RVRSV_V1
2024-02-12,3.5992107308311526e-05,2.1472005727015135e-05,1.4520101581296383e-05,7.213857624391524e-06,2.8778249683919995e-05,240,242,1.0,913df08ebebe029ca3cf1d942a62bf228ce90c87cfaf823562c8f6edb7abe514,225LABO_MICRO_RVRSV_V1
2024-02-13,6.615883830183096e-05,4.291560346814328e-05,2.324323483368765e-05,3.804133334272571e-05,2.811750495910524e-05,240,242,1.0,913df08ebebe029ca3cf1d942a62bf228ce90c87cfaf823562c8f6edb7abe514,225LABO_MICRO_RVRSV_V1
2024-02-14,9.457685607573969e-05,4.364705685272022e-05,5.0929799223019423e-05,3.5926508999231226e-05,5.865034707650842e-05,240,242,1.0,913df08ebebe029ca3cf1d942a62bf228ce90c87cfaf823562c8f6edb7abe514,225LABO_MICRO_RVRSV_V1
2024-02-15,7.463445665876368e-05,3.715925157718889e-05,3.747520508157481e-05,2.8504693124387814e-05,4.612976353437589e-05,240,242,1.0,913df08ebebe029ca3cf1d942a62bf228ce90c87cfaf823562c8f6edb7abe514,225LABO_MICRO_RVRSV_V1
2024-02-16,0.00016466308591678576,7.605961280579443e-05,8.860347311099131e-05,0.00011466487337576126,4.9998212541024505e-05,240,242,1.0,913df08ebebe029ca3cf1d942a62bf228ce90c87cfaf823562c8f6edb7abe514,225LABO_MICRO_RVRSV_V1
2024-02-19,0.00010019795931628403,4.306289216559693e-05,5.7135067150687044e-05,2.599263436207805e-05,7.420532495420593e-05,240,242,1.0,913df08ebebe029ca3cf1d942a62bf228ce90c87cfaf823562c8f6edb7abe514,225LABO_MICRO_RVRSV_V1
2024-02-20,6.53866124724616e-05,3.590584858917634e-05,2.9480763883285286e-05,4.97266407347466e-05,1.5659971737715004e-05,240,242,1.0,913df08ebebe029ca3cf1d942a62bf228ce90c87cfaf823562c8f6edb7abe514,225LABO_MICRO_RVRSV_V1
2024-02-21,9.281890007341328e-05,4.075805525678893e-05,5.206084481662432e-05,3.476914989232602e-05,5.804975018108724e-05,240,242,1.0,913df08ebebe029ca3cf1d942a62bf228ce90c87cfaf823562c8f6edb7abe514,225LABO_MICRO_RVRSV_V1
2024-02-22,9.678110892193523e-05,5.44906205720227e-05,4.229048834991256e-05,6.111607318729061e-05,3.566503573464469e-05,240,242,1.0,913df08ebebe029ca3cf1d942a62bf228ce90c87cfaf823562c8f6edb7abe514,225LABO_MICRO_RVRSV_V1
2024-02-23,4.886429901074404e-05,2.673923034883419e-05,2.2125068661909816e-05,1.733801518160099e-05,3.152628382914304e-05,240,242,1.0,913df08ebebe029ca3cf1d942a62bf228ce90c87cfaf823562c8f6edb7abe514,225LABO_MICRO_RVRSV_V1
2024-02-26,6.001739033944172e-05,2.573199126146643e-05,3.428539907797529e-05,3.17629120492178e-05,2.8254478290223905e-05,240,242,1.0,913df08ebebe029ca3cf1d942a62bf228ce90c87cfaf823562c8f6edb7abe514,225LABO_MICRO_RVRSV_V1
2024-02-27,6.880266596387982e-05,3.166594988452927e-05,3.713671607935057e-05,4.540810548962312e-05,2.3394560474256707e-05,240,242,1.0,913df08ebebe029ca3cf1d942a62bf228ce90c87cfaf823562c8f6edb7abe514,225LABO_MICRO_RVRSV_V1
2024-02-28,4.26299704936065e-05,2.130812718676836e-05,2.1321843306838126e-05,1.9181321144700532e-05,2.3448649348905965e-05,240,242,1.0,913df08ebebe029ca3cf1d942a62bf228ce90c87cfaf823562c8f6edb7abe514,225LABO_MICRO_RVRSV_V1
2024-02-29,5.8541299560907466e-05,3.206893623228829e-05,2.6472363328619174e-05,3.542470326940656e-05,2.3116596291500894e-05,240,242,1.0,913df08ebebe029ca3cf1d942a62bf228ce90c87cfaf823562c8f6edb7abe514,225LABO_MICRO_RVRSV_V1
2024-03-01,9.121996580810548e-05,5.753481265407319e-05,3.368515315403224e-05,3.476266508205342e-05,5.6457300726052e-05,240,242,1.0,913df08ebebe029ca3cf1d942a62bf228ce90c87cfaf823562c8f6edb7abe514,225LABO_MICRO_RVRSV_V1
2024-03-04,8.146487913679524e-05,3.9854719538582825e-05,4.16101595982124e-05,4.2239817829760985e-05,3.922506130703421e-05,240,242,1.0,913df08ebebe029ca3cf1d942a62bf228ce90c87cfaf823562c8f6edb7abe514,225LABO_MICRO_RVRSV_V1
2024-03-05,5.251697147139814e-05,2.958896966560566e-05,2.2928001805792483e-05,2.9155467017501797e-05,2.3361504453896344e-05,240,242,1.0,913df08ebebe029ca3cf1d942a62bf228ce90c87cfaf823562c8f6edb7abe514,225LABO_MICRO_RVRSV_V1
2024-03-06,5.4387681593788855e-05,2.5989510866066984e-05,2.8398170727721855e-05,2.4062261172007304e-05,3.032542042178155e-05,240,242,1.0,913df08ebebe029ca3cf1d942a62bf228ce90c87cfaf823562c8f6edb7abe514,225LABO_MICRO_RVRSV_V1
2024-03-07,0.00014215778871309878,5.618563711886433e-05,8.597215159423441e-05,9.923190412550942e-05,4.292588458758937e-05,240,242,1.0,913df08ebebe029ca3cf1d942a62bf228ce90c87cfaf823562c8f6edb7abe514,225LABO_MICRO_RVRSV_V1
2024-03-08,0.00015066681968572393,7.397378228720236e-05,7.66930373985216e-05,9.413468988478651e-05,5.653212980093747e-05,240,242,1.0,913df08ebebe029ca3cf1d942a62bf228ce90c87cfaf823562c8f6edb7abe514,225LABO_MICRO_RVRSV_V1
2024-03-11,0.0001709195180548514,7.030844884875523e-05,0.00010061106920609634,7.337510426918494e-05,9.754441378566658e-05,240,242,1.0,913df08ebebe029ca3cf1d942a62bf228ce90c87cfaf823562c8f6edb7abe514,225LABO_MICRO_RVRSV_V1
2024-03-12,0.00017786131676274242,8.485707796387238e-05,9.300423879886995e-05,0.00010349882247061816,7.43624942921242e-05,240,242,1.0,913df08ebebe029ca3cf1d942a62bf228ce90c87cfaf823562c8f6edb7abe514,225LABO_MICRO_RVRSV_V1
2024-03-13,0.0001552229909358719,7.305767308463753e-05,8.216531785123437e-05,8.979585762351634e-05,6.542713331235552e-05,240,242,1.0,913df08ebebe029ca3cf1d942a62bf228ce90c87cfaf823562c8f6edb7abe514,225LABO_MICRO_RVRSV_V1
2024-03-14,0.0001059230759828982,4.865215339994995e-05,5.7270922582948255e-05,5.879209063621364e-05,4.713098534668457e-05,240,242,1.0,913df08ebebe029ca3cf1d942a62bf228ce90c87cfaf823562c8f6edb7abe514,225LABO_MICRO_RVRSV_V1
2024-03-15,0.00010549605553319773,5.165616806428985e-05,5.3839887468907896e-05,5.0902077660538084e-05,5.459397787265964e-05,240,242,1.0,913df08ebebe029ca3cf1d942a62bf228ce90c87cfaf823562c8f6edb7abe514,225LABO_MICRO_RVRSV_V1
2024-03-18,9.569454655726187e-05,6.888511790720928e-05,2.6809428650052597e-05,4.885851120576967e-05,4.683603535149223e-05,240,242,1.0,913df08ebebe029ca3cf1d942a62bf228ce90c87cfaf823562c8f6edb7abe514,225LABO_MICRO_RVRSV_V1
2024-03-19,0.00013094635035239947,6.742146186195109e-05,6.352488849044843e-05,9.657212105097477e-05,3.437422930142473e-05,240,242,1.0,913df08ebebe029ca3cf1d942a62bf228ce90c87cfaf823562c8f6edb7abe514,225LABO_MICRO_RVRSV_V1
2024-03-20,7.454862120951355e-05,4.0678263842001e-05,3.387035736751253e-05,3.02780021559596e-05,4.427061905355396e-05,240,242,1.0,913df08ebebe029ca3cf1d942a62bf228ce90c87cfaf823562c8f6edb7abe514,225LABO_MICRO_RVRSV_V1
2024-03-21,9.576183877396125e-05,5.376978215525681e-05,4.199205661870443e-05,4.9326079752532786e-05,4.643575902142846e-05,240,242,1.0,913df08ebebe029ca3cf1d942a62bf228ce90c87cfaf823562c8f6edb7abe514,225LABO_MICRO_RVRSV_V1
2024-03-22,8.665014542841016e-05,3.429383669640384e-05,5.235630873200633e-05,5.714571490966183e-05,2.9504430518748324e-05,240,242,1.0,913df08ebebe029ca3cf1d942a62bf228ce90c87cfaf823562c8f6edb7abe514,225LABO_MICRO_RVRSV_V1
2024-03-25,6.824699906103701e-05,2.5321852584051827e-05,4.292514647698516e-05,3.546386232665009e-05,3.27831367343869e-05,240,242,1.0,913df08ebebe029ca3cf1d942a62bf228ce90c87cfaf823562c8f6edb7abe514,225LABO_MICRO_RVRSV_V1
2024-03-26,6.586723147291555e-05,3.07349031923147e-05,3.513232828060086e-05,4.287414956490386e-05,2.299308190801169e-05,240,242,1.0,913df08ebebe029ca3cf1d942a62bf228ce90c87cfaf823562c8f6edb7abe514,225LABO_MICRO_RVRSV_V1
2024-03-27,5.754843380640816e-05,2.6759703908617564e-05,3.0788729897790595e-05,3.5810239950399086e-05,2.173819385600906e-05,240,242,1.0,913df08ebebe029ca3cf1d942a62bf228ce90c87cfaf823562c8f6edb7abe514,225LABO_MICRO_RVRSV_V1
2024-03-28,7.633073878123905e-05,3.2504939880853876e-05,4.3825798900385246e-05,4.1669421835981914e-05,3.4661316945257175e-05,240,242,1.0,913df08ebebe029ca3cf1d942a62bf228ce90c87cfaf823562c8f6edb7abe514,225LABO_MICRO_RVRSV_V1
2024-03-29,4.784780364089677e-05,2.9454574205354427e-05,1.8393229435542337e-05,2.4608957154028073e-05,2.3238846486868705e-05,240,242,1.0,913df08ebebe029ca3cf1d942a62bf228ce90c87cfaf823562c8f6edb7abe514,225LABO_MICRO_RVRSV_V1
2024-04-01,9.744513006617727e-05,2.8533394737212778e-05,6.891173532896446e-05,9.268968245056961e-05,4.755447615607632e-06,240,242,1.0,913df08ebebe029ca3cf1d942a62bf228ce90c87cfaf823562c8f6edb7abe514,225LABO_MICRO_RVRSV_V1
2024-04-02,9.855558340977956e-05,4.879325896740421e-05,4.976232444237535e-05,6.952559715848524e-05,2.902998625129435e-05,240,242,1.0,913df08ebebe029ca3cf1d942a62bf228ce90c87cfaf823562c8f6edb7abe514,225LABO_MICRO_RVRSV_V1
2024-04-03,0.00012697654699110784,4.764949078500606e-05,7.932705620610174e-05,8.613965084364295e-05,4.0836896147464924e-05,240,242,1.0,913df08ebebe029ca3cf1d942a62bf228ce90c87cfaf823562c8f6edb7abe514,225LABO_MICRO_RVRSV_V1
2024-04-04,0.00010450976039508342,5.537332050873448e-05,4.913643988634892e-05,5.9073566800048e-05,4.5436193595035405e-05,240,242,1.0,913df08ebebe029ca3cf1d942a62bf228ce90c87cfaf823562c8f6edb7abe514,225LABO_MICRO_RVRSV_V1
2024-04-05,0.00012302005356590936,3.921749843196156e-05,8.380255513394782e-05,5.244468522052562e-05,7.05753683453837e-05,240,242,1.0,913df08ebebe029ca3cf1d942a62bf228ce90c87cfaf823562c8f6edb7abe514,225LABO_MICRO_RVRSV_V1
2024-04-08,0.00013582675244111524,7.547490678508097e-05,6.03518456560343e-05,6.0599540607075294e-05,7.522721183403996e-05,240,242,1.0,913df08ebebe029ca3cf1d942a62bf228ce90c87cfaf823562c8f6edb7abe514,225LABO_MICRO_RVRSV_V1
2024-04-09,7.064634057416013e-05,4.154840306325939e-05,2.9097937510900796e-05,4.149862295017779e-05,2.914771762398238e-05,240,242,1.0,913df08ebebe029ca3cf1d942a62bf228ce90c87cfaf823562c8f6edb7abe514,225LABO_MICRO_RVRSV_V1
2024-04-10,8.7146731118592e-05,4.170174638608134e-05,4.5444984732510636e-05,3.1728801642434256e-05,5.541792947615774e-05,240,242,1.0,913df08ebebe029ca3cf1d942a62bf228ce90c87cfaf823562c8f6edb7abe514,225LABO_MICRO_RVRSV_V1
2024-04-11,0.0002017382612241251,7.299035941110753e-05,0.00012874790181301748,4.956365714836082e-05,0.00015217460407576433,240,242,1.0,913df08ebebe029ca3cf1d942a62bf228ce90c87cfaf823562c8f6edb7abe514,225LABO_MICRO_RVRSV_V1
2024-04-12,0.00010655766765989744,5.812272467631938e-05,4.843494298357809e-05,3.5919323385507926e-05,7.063834427438957e-05,240,242,1.0,913df08ebebe029ca3cf1d942a62bf228ce90c87cfaf823562c8f6edb7abe514,225LABO_MICRO_RVRSV_V1
2024-04-15,0.00014491901144724086,6.12278134187651e-05,8.369119802847575e-05,5.91649661421569e-05,8.575404530508396e-05,240,242,1.0,913df08ebebe029ca3cf1d942a62bf228ce90c87cfaf823562c8f6edb7abe514,225LABO_MICRO_RVRSV_V1
2024-04-16,0.0001564821535632394,6.168831750501208e-05,9.479383605822737e-05,6.36335603625607e-05,9.284859320067874e-05,240,242,1.0,913df08ebebe029ca3cf1d942a62bf228ce90c87cfaf823562c8f6edb7abe514,225LABO_MICRO_RVRSV_V1
2024-04-17,0.00023964618659290523,9.333248122356629e-05,0.0001463137053693389,0.00012180568559343595,0.00011784050099946927,240,242,1.0,913df08ebebe029ca3cf1d942a62bf228ce90c87cfaf823562c8f6edb7abe514,225LABO_MICRO_RVRSV_V1
2024-04-18,0.0002009151111384242,9.529403848824287e-05,0.00010562107265018141,7.512207239576217e-05,0.00012579303874266207,240,242,1.0,913df08ebebe029ca3cf1d942a62bf228ce90c87cfaf823562c8f6edb7abe514,225LABO_MICRO_RVRSV_V1
2024-04-19,0.00025764045781776114,0.00010963868030838306,0.00014800177750937807,0.00015564708009809986,0.00010199337771966132,240,242,1.0,913df08ebebe029ca3cf1d942a62bf228ce90c87cfaf823562c8f6edb7abe514,225LABO_MICRO_RVRSV_V1
2024-04-22,0.00025283024696237005,0.00012973506139766561,0.00012309518556470443,0.0001385421225964118,0.00011428812436595817,240,242,1.0,913df08ebebe029ca3cf1d942a62bf228ce90c87cfaf823562c8f6edb7abe514,225LABO_MICRO_RVRSV_V1
2024-04-23,0.00010600383157117834,5.147390924651938e-05,5.4529922324658995e-05,4.481828372943978e-05,6.118554784173853e-05,240,242,1.0,913df08ebebe029ca3cf1d942a62bf228ce90c87cfaf823562c8f6edb7abe514,225LABO_MICRO_RVRSV_V1
2024-04-24,7.771878180844878e-05,5.22291212364429e-05,2.5489660572005904e-05,3.8565461469979194e-05,3.91533203384696e-05,240,242,1.0,913df08ebebe029ca3cf1d942a62bf228ce90c87cfaf823562c8f6edb7abe514,225LABO_MICRO_RVRSV_V1
2024-04-25,0.00012482036558043725,4.63683757194421e-05,7.845198986099517e-05,6.0693042722771816e-05,6.412732285766545e-05,240,242,1.0,913df08ebebe029ca3cf1d942a62bf228ce90c87cfaf823562c8f6edb7abe514,225LABO_MICRO_RVRSV_V1
2024-04-26,0.0001998837352115135,0.00010598631673382305,9.389741847769056e-05,9.399568679058147e-05,0.00010588804842093213,240,242,1.0,913df08ebebe029ca3cf1d942a62bf228ce90c87cfaf823562c8f6edb7abe514,225LABO_MICRO_RVRSV_V1
2024-04-29,0.00021253974946385893,8.821528911477275e-05,0.00012432446034908628,0.00013985754445693325,7.268220500692572e-05,240,242,1.0,913df08ebebe029ca3cf1d942a62bf228ce90c87cfaf823562c8f6edb7abe514,225LABO_MICRO_RVRSV_V1
2024-04-30,0.00010744484669368798,5.6420742674181036e-05,5.10241040195069e-05,5.964712063674879e-05,4.779772605693918e-05,240,242,1.0,913df08ebebe029ca3cf1d942a62bf228ce90c87cfaf823562c8f6edb7abe514,225LABO_MICRO_RVRSV_V1
2024-05-01,0.00011014690694612086,4.6496088071684165e-05,6.365081887443663e-05,4.896708566998733e-05,6.11798212761335e-05,240,242,1.0,913df08ebebe029ca3cf1d942a62bf228ce90c87cfaf823562c8f6edb7abe514,225LABO_MICRO_RVRSV_V1
2024-05-02,0.00018727633118238027,8.578801119201446e-05,0.00010148831999036583,4.460537330491944e-05,0.0001426709578774609,240,242,1.0,913df08ebebe029ca3cf1d942a62bf228ce90c87cfaf823562c8f6edb7abe514,225LABO_MICRO_RVRSV_V1
2024-05-03,0.00011078904753184921,4.542833388950923e-05,6.536071364234002e-05,2.6982484052666853e-05,8.380656347918233e-05,240,242,1.0,913df08ebebe029ca3cf1d942a62bf228ce90c87cfaf823562c8f6edb7abe514,225LABO_MICRO_RVRSV_V1
2024-05-06,8.03300767353445e-05,4.914790118005251e-05,3.11821755552921e-05,1.4815489133241765e-05,6.551458760210277e-05,240,242,1.0,913df08ebebe029ca3cf1d942a62bf228ce90c87cfaf823562c8f6edb7abe514,225LABO_MICRO_RVRSV_V1
2024-05-07,6.860063607471314e-05,3.4238590349506015e-05,3.436204572520717e-05,4.64320006401661e-05,2.2168635434547074e-05,240,242,1.0,913df08ebebe029ca3cf1d942a62bf228ce90c87cfaf823562c8f6edb7abe514,225LABO_MICRO_RVRSV_V1
2024-05-08,8.271798569240433e-05,2.5626573605689126e-05,5.709141208671519e-05,5.490367282455688e-05,2.7814312867847473e-05,240,242,1.0,913df08ebebe029ca3cf1d942a62bf228ce90c87cfaf823562c8f6edb7abe514,225LABO_MICRO_RVRSV_V1
2024-05-09,6.219972148295462e-05,2.9417335886427128e-05,3.278238559652747e-05,4.0258158826527986e-05,2.1941562656426603e-05,240,242,1.0,913df08ebebe029ca3cf1d942a62bf228ce90c87cfaf823562c8f6edb7abe514,225LABO_MICRO_RVRSV_V1
2024-05-10,0.00010850146171330208,5.665523643715503e-05,5.1846225276147046e-05,7.516064861344657e-05,3.334081309985551e-05,240,242,1.0,913df08ebebe029ca3cf1d942a62bf228ce90c87cfaf823562c8f6edb7abe514,225LABO_MICRO_RVRSV_V1
2024-05-13,7.530888094809391e-05,3.498728747812991e-05,4.032159346996395e-05,4.037413015837466e-05,3.4934750789719215e-05,240,242,1.0,913df08ebebe029ca3cf1d942a62bf228ce90c87cfaf823562c8f6edb7abe514,225LABO_MICRO_RVRSV_V1
2024-05-14,6.205370638969524e-05,3.334424471074008e-05,2.8709461678955143e-05,3.533823444971164e-05,2.671547193998357e-05,240,242,1.0,913df08ebebe029ca3cf1d942a62bf228ce90c87cfaf823562c8f6edb7abe514,225LABO_MICRO_RVRSV_V1
2024-05-15,7.155872736083762e-05,3.9369081187628576e-05,3.218964617320905e-05,3.4368250602264696e-05,3.719047675857291e-05,240,242,1.0,913df08ebebe029ca3cf1d942a62bf228ce90c87cfaf823562c8f6edb7abe514,225LABO_MICRO_RVRSV_V1
2024-05-16,0.00011617912554295685,6.566676832568064e-05,5.05123572172762e-05,7.96902691383907e-05,3.6488856404566146e-05,240,242,1.0,913df08ebebe029ca3cf1d942a62bf228ce90c87cfaf823562c8f6edb7abe514,225LABO_MICRO_RVRSV_V1
2024-05-17,6.394703000064081e-05,2.844850786799857e-05,3.5498522132642215e-05,2.8598792613649867e-05,3.5348237386990925e-05,240,242,1.0,913df08ebebe029ca3cf1d942a62bf228ce90c87cfaf823562c8f6edb7abe514,225LABO_MICRO_RVRSV_V1
2024-05-20,0.00011516158841507363,6.780098533214741e-05,4.736060308292621e-05,7.16542098314217e-05,4.350737858365188e-05,240,242,1.0,913df08ebebe029ca3cf1d942a62bf228ce90c87cfaf823562c8f6edb7abe514,225LABO_MICRO_RVRSV_V1
2024-05-21,5.378106841815206e-05,2.4091762644409545e-05,2.9689305773742518e-05,2.902580415610516e-05,2.4755264262046886e-05,240,242,1.0,913df08ebebe029ca3cf1d942a62bf228ce90c87cfaf823562c8f6edb7abe514,225LABO_MICRO_RVRSV_V1
2024-05-22,6.989176810723321e-05,2.537889171697302e-05,4.451287639026017e-05,4.886718868811064e-05,2.1024579419122542e-05,240,242,1.0,913df08ebebe029ca3cf1d942a62bf228ce90c87cfaf823562c8f6edb7abe514,225LABO_MICRO_RVRSV_V1
2024-05-23,0.00010306554161515044,5.6661524587589275e-05,4.640401702756122e-05,5.663090519959884e-05,4.6434636415551636e-05,240,242,1.0,913df08ebebe029ca3cf1d942a62bf228ce90c87cfaf823562c8f6edb7abe514,225LABO_MICRO_RVRSV_V1
2024-05-24,9.283908690302828e-05,3.786398659379327e-05,5.4975100309235034e-05,3.294922750210257e-05,5.988985940092571e-05,240,242,1.0,913df08ebebe029ca3cf1d942a62bf228ce90c87cfaf823562c8f6edb7abe514,225LABO_MICRO_RVRSV_V1
2024-05-27,5.708146899479621e-05,3.411898890562116e-05,2.296248008917499e-05,1.7869674227637406e-05,3.921179476715877e-05,240,242,1.0,913df08ebebe029ca3cf1d942a62bf228ce90c87cfaf823562c8f6edb7abe514,225LABO_MICRO_RVRSV_V1
2024-05-28,3.2333157155729914e-05,1.482305988462534e-05,1.7510097271104593e-05,2.1799786824675793e-05,1.0533370331054123e-05,240,242,1.0,913df08ebebe029ca3cf1d942a62bf228ce90c87cfaf823562c8f6edb7abe514,225LABO_MICRO_RVRSV_V1
2024-05-29,9.892964955363888e-05,4.828297737067353e-05,5.064667218296533e-05,6.808330172394285e-05,3.084634782969604e-05,240,242,1.0,913df08ebebe029ca3cf1d942a62bf228ce90c87cfaf823562c8f6edb7abe514,225LABO_MICRO_RVRSV_V1
2024-05-30,0.00013384188978298817,4.717091523297298e-05,8.667097455001531e-05,9.99731010672321e-05,3.3868788715756126e-05,240,242,1.0,913df08ebebe029ca3cf1d942a62bf228ce90c87cfaf823562c8f6edb7abe514,225LABO_MICRO_RVRSV_V1
2024-05-31,0.00010043329101098745,6.260244843229326e-05,3.7830842578694175e-05,5.174109017781419e-05,4.869220083317322e-05,240,242,1.0,913df08ebebe029ca3cf1d942a62bf228ce90c87cfaf823562c8f6edb7abe514,225LABO_MICRO_RVRSV_V1
2024-06-03,0.0001233846319415936,6.898979002585379e-05,5.439484191573984e-05,4.410656389094482e-05,7.927806805064881e-05,240,242,1.0,913df08ebebe029ca3cf1d942a62bf228ce90c87cfaf823562c8f6edb7abe514,225LABO_MICRO_RVRSV_V1
2024-06-04,9.220732400367042e-05,4.449766739765629e-05,4.770965660601411e-05,4.1954095151727e-05,5.025322885194339e-05,240,242,1.0,913df08ebebe029ca3cf1d942a62bf228ce90c87cfaf823562c8f6edb7abe514,225LABO_MICRO_RVRSV_V1
2024-06-05,0.00011115946398144805,5.0000871517901394e-05,6.115859246354667e-05,5.1136891368432034e-05,6.0022572613016054e-05,240,242,1.0,913df08ebebe029ca3cf1d942a62bf228ce90c87cfaf823562c8f6edb7abe514,225LABO_MICRO_RVRSV_V1
2024-06-06,6.659366132229246e-05,3.099383322846777e-05,3.559982809382469e-05,3.890288940271727e-05,2.7690771919575187e-05,240,242,1.0,913df08ebebe029ca3cf1d942a62bf228ce90c87cfaf823562c8f6edb7abe514,225LABO_MICRO_RVRSV_V1
2024-06-07,5.536470481219414e-05,2.600308609286874e-05,2.936161871932543e-05,2.4406669116895578e-05,3.095803569529856e-05,240,242,1.0,913df08ebebe029ca3cf1d942a62bf228ce90c87cfaf823562c8f6edb7abe514,225LABO_MICRO_RVRSV_V1
2024-06-10,9.883113710770002e-05,5.968387587613054e-05,3.9147261231569474e-05,5.352526660653925e-05,4.530587050116076e-05,240,242,1.0,913df08ebebe029ca3cf1d942a62bf228ce90c87cfaf823562c8f6edb7abe514,225LABO_MICRO_RVRSV_V1
2024-06-11,5.001028923421001e-05,3.021077007788369e-05,1.9799519156326315e-05,2.609133091456909e-05,2.391895831964091e-05,240,242,1.0,913df08ebebe029ca3cf1d942a62bf228ce90c87cfaf823562c8f6edb7abe514,225LABO_MICRO_RVRSV_V1
2024-06-12,5.806607315539553e-05,2.63520388856226e-05,3.171403426977288e-05,2.3693171135970014e-05,3.437290201942548e-05,240,242,1.0,913df08ebebe029ca3cf1d942a62bf228ce90c87cfaf823562c8f6edb7abe514,225LABO_MICRO_RVRSV_V1
2024-06-13,8.49750239307378e-05,4.1915515239042865e-05,4.305950869169493e-05,3.464248551657084e-05,5.0332538414166934e-05,240,242,1.0,913df08ebebe029ca3cf1d942a62bf228ce90c87cfaf823562c8f6edb7abe514,225LABO_MICRO_RVRSV_V1
2024-06-14,8.667257170153991e-05,4.843496130340237e-05,3.823761039813758e-05,4.612470076271534e-05,4.054787093882458e-05,240,242,1.0,913df08ebebe029ca3cf1d942a62bf228ce90c87cfaf823562c8f6edb7abe514,225LABO_MICRO_RVRSV_V1
2024-06-17,0.00012620226505993427,4.358504802311194e-05,8.261721703682228e-05,5.6886866146674596e-05,6.931539891325963e-05,240,242,1.0,913df08ebebe029ca3cf1d942a62bf228ce90c87cfaf823562c8f6edb7abe514,225LABO_MICRO_RVRSV_V1
2024-06-18,4.889351989092989e-05,2.393207522395986e-05,2.4961444666970024e-05,2.108822756381218e-05,2.78052923271177e-05,240,242,1.0,913df08ebebe029ca3cf1d942a62bf228ce90c87cfaf823562c8f6edb7abe514,225LABO_MICRO_RVRSV_V1
2024-06-19,4.672955731114915e-05,2.3502395365876014e-05,2.322716194527311e-05,2.056081979965043e-05,2.6168737511498708e-05,240,242,1.0,913df08ebebe029ca3cf1d942a62bf228ce90c87cfaf823562c8f6edb7abe514,225LABO_MICRO_RVRSV_V1
2024-06-20,3.367671376412722e-05,1.890001116502085e-05,1.4776702599106369e-05,2.2226924217916473e-05,1.1449789546210746e-05,240,242,1.0,913df08ebebe029ca3cf1d942a62bf228ce90c87cfaf823562c8f6edb7abe514,225LABO_MICRO_RVRSV_V1
2024-06-21,7.940266937351126e-05,3.457340042135354e-05,4.482926895215772e-05,3.0551858114039305e-05,4.885081125947192e-05,240,242,1.0,913df08ebebe029ca3cf1d942a62bf228ce90c87cfaf823562c8f6edb7abe514,225LABO_MICRO_RVRSV_V1
2024-06-24,7.294606576209286e-05,3.888159992567035e-05,3.4064465836422575e-05,4.3573351458182115e-05,2.93727143039108e-05,240,242,1.0,913df08ebebe029ca3cf1d942a62bf228ce90c87cfaf823562c8f6edb7abe514,225LABO_MICRO_RVRSV_V1
2024-06-25,7.46986615586805e-05,3.899151723023922e-05,3.570714432844122e-05,3.1927514637367147e-05,4.277114692131335e-05,240,242,1.0,913df08ebebe029ca3cf1d942a62bf228ce90c87cfaf823562c8f6edb7abe514,225LABO_MICRO_RVRSV_V1
2024-06-26,6.439482103331904e-05,3.7361997436315654e-05,2.7032823597003413e-05,3.75574269332717e-05,2.6837394100047342e-05,240,242,1.0,913df08ebebe029ca3cf1d942a62bf228ce90c87cfaf823562c8f6edb7abe514,225LABO_MICRO_RVRSV_V1
2024-06-27,5.842677629376084e-05,2.87888526137715e-05,2.9637923679989335e-05,2.419068999947336e-05,3.423608629428747e-05,240,242,1.0,913df08ebebe029ca3cf1d942a62bf228ce90c87cfaf823562c8f6edb7abe514,225LABO_MICRO_RVRSV_V1
2024-06-28,7.243797740240928e-05,4.342281850615453e-05,2.9015158896254724e-05,4.070827384361296e-05,3.172970355879631e-05,240,242,1.0,913df08ebebe029ca3cf1d942a62bf228ce90c87cfaf823562c8f6edb7abe514,225LABO_MICRO_RVRSV_V1
2024-07-01,7.571161795557286e-05,3.917428349333297e-05,3.653733446223984e-05,2.7497428449399356e-05,4.8214189506173465e-05,240,242,1.0,913df08ebebe029ca3cf1d942a62bf228ce90c87cfaf823562c8f6edb7abe514,225LABO_MICRO_RVRSV_V1
2024-07-02,0.00011438911878718097,6.02066218696764e-05,5.418249691750463e-05,5.9057147139807026e-05,5.533197164737399e-05,240,242,1.0,913df08ebebe029ca3cf1d942a62bf228ce90c87cfaf823562c8f6edb7abe514,225LABO_MICRO_RVRSV_V1
2024-07-03,6.920162925579423e-05,4.366964857536836e-05,2.5531980680425847e-05,3.910383760933298e-05,3.009779164646123e-05,240,242,1.0,913df08ebebe029ca3cf1d942a62bf228ce90c87cfaf823562c8f6edb7abe514,225LABO_MICRO_RVRSV_V1
2024-07-04,5.523699249788191e-05,3.098542867790658e-05,2.4251563819975312e-05,3.359682665764341e-05,2.164016584023849e-05,240,242,1.0,913df08ebebe029ca3cf1d942a62bf228ce90c87cfaf823562c8f6edb7abe514,225LABO_MICRO_RVRSV_V1
2024-07-05,6.32489282800772e-05,3.4957333898175064e-05,2.829159438190212e-05,5.6400093045927695e-05,6.8488352341494785e-06,240,242,1.0,913df08ebebe029ca3cf1d942a62bf228ce90c87cfaf823562c8f6edb7abe514,225LABO_MICRO_RVRSV_V1
2024-07-08,5.556268512514459e-05,2.8970406756586755e-05,2.659227836855782e-05,3.13071328159174e-05,2.425555230922718e-05,240,242,1.0,913df08ebebe029ca3cf1d942a62bf228ce90c87cfaf823562c8f6edb7abe514,225LABO_MICRO_RVRSV_V1
2024-07-09,7.129439993739921e-05,4.234623331862676e-05,2.894816661877243e-05,5.6726127130697475e-05,1.4568272806701718e-05,240,242,1.0,913df08ebebe029ca3cf1d942a62bf228ce90c87cfaf823562c8f6edb7abe514,225LABO_MICRO_RVRSV_V1
2024-07-10,5.782001521735426e-05,3.44898400923546e-05,2.3330175124999648e-05,3.816004669403476e-05,1.965996852331948e-05,240,242,1.0,913df08ebebe029ca3cf1d942a62bf228ce90c87cfaf823562c8f6edb7abe514,225LABO_MICRO_RVRSV_V1
2024-07-11,9.345708603188769e-05,5.284032883857226e-05,4.0616757193315446e-05,6.220700996225226e-05,3.125007606963544e-05,240,242,1.0,913df08ebebe029ca3cf1d942a62bf228ce90c87cfaf823562c8f6edb7abe514,225LABO_MICRO_RVRSV_V1
2024-07-12,0.0001796376162141573,5.298991847244267e-05,0.0001266476977417146,6.423465977497387e-05,0.00011540295643918339,240,242,1.0,913df08ebebe029ca3cf1d942a62bf228ce90c87cfaf823562c8f6edb7abe514,225LABO_MICRO_RVRSV_V1
2024-07-15,8.361501327688151e-05,4.029289565901188e-05,4.3322117617869555e-05,1.70031638828696e-05,6.661184939401186e-05,240,242,1.0,913df08ebebe029ca3cf1d942a62bf228ce90c87cfaf823562c8f6edb7abe514,225LABO_MICRO_RVRSV_V1
2024-07-16,8.256337686696471e-05,3.431879384962863e-05,4.824458301733608e-05,4.612398130892282e-05,3.643939555804187e-05,240,242,1.0,913df08ebebe029ca3cf1d942a62bf228ce90c87cfaf823562c8f6edb7abe514,225LABO_MICRO_RVRSV_V1
2024-07-17,9.036290398262773e-05,3.5688089128008116e-05,5.4674814854619624e-05,6.139812000912904e-05,2.8964783973498708e-05,240,242,1.0,913df08ebebe029ca3cf1d942a62bf228ce90c87cfaf823562c8f6edb7abe514,225LABO_MICRO_RVRSV_V1
2024-07-18,0.00012625654296831998,5.650693022570177e-05,6.974961274261819e-05,7.213677736206968e-05,5.411976560625021e-05,240,242,1.0,913df08ebebe029ca3cf1d942a62bf228ce90c87cfaf823562c8f6edb7abe514,225LABO_MICRO_RVRSV_V1
2024-07-19,0.00018647017562966489,8.100041341298024e-05,0.00010546976221668461,8.256501162318333e-05,0.00010390516400648159,240,242,1.0,913df08ebebe029ca3cf1d942a62bf228ce90c87cfaf823562c8f6edb7abe514,225LABO_MICRO_RVRSV_V1
2024-07-22,0.00014476454957427514,6.0921462695107375e-05,8.38430868791677e-05,7.241317878673719e-05,7.235137078753788e-05,240,242,1.0,913df08ebebe029ca3cf1d942a62bf228ce90c87cfaf823562c8f6edb7abe514,225LABO_MICRO_RVRSV_V1
2024-07-23,9.484901762795033e-05,4.2835032292322386e-05,5.201398533562797e-05,4.999467800697277e-05,4.485433962097758e-05,240,242,1.0,913df08ebebe029ca3cf1d942a62bf228ce90c87cfaf823562c8f6edb7abe514,225LABO_MICRO_RVRSV_V1
2024-07-24,0.00011879007377416192,5.9815206469062295e-05,5.8974867305099614e-05,8.01308023419e-05,3.865927143226189e-05,240,242,1.0,913df08ebebe029ca3cf1d942a62bf228ce90c87cfaf823562c8f6edb7abe514,225LABO_MICRO_RVRSV_V1
2024-07-25,0.00023093805333262022,9.292893748737715e-05,0.00013800911584524307,0.00013679735434038947,9.414069899223076e-05,240,242,1.0,913df08ebebe029ca3cf1d942a62bf228ce90c87cfaf823562c8f6edb7abe514,225LABO_MICRO_RVRSV_V1
2024-07-26,0.0004211572797788232,0.00021017585981940873,0.00021098141995941453,0.00010133572157138857,0.0003198215582074347,240,242,1.0,913df08ebebe029ca3cf1d942a62bf228ce90c87cfaf823562c8f6edb7abe514,225LABO_MICRO_RVRSV_V1
2024-07-29,0.0001656110349142526,7.981789220860168e-05,8.579314270565079e-05,6.497423626565925e-05,0.00010063679864859333,240,242,1.0,913df08ebebe029ca3cf1d942a62bf228ce90c87cfaf823562c8f6edb7abe514,225LABO_MICRO_RVRSV_V1
2024-07-30,0.00010625538633777634,5.2732773631149433e-05,5.352261270662689e-05,4.042405022666358e-05,6.583133611111278e-05,240,242,1.0,913df08ebebe029ca3cf1d942a62bf228ce90c87cfaf823562c8f6edb7abe514,225LABO_MICRO_RVRSV_V1
2024-07-31,0.00032425875255492746,0.00018577066892689934,0.00013848808362802817,0.00018869494263216963,0.00013556380992275788,240,242,1.0,913df08ebebe029ca3cf1d942a62bf228ce90c87cfaf823562c8f6edb7abe514,225LABO_MICRO_RVRSV_V1
2024-08-01,0.0003464988195232813,0.00013951282731092932,0.0002069859922123521,0.00016107513188457178,0.0001854236876387097,240,242,1.0,913df08ebebe029ca3cf1d942a62bf228ce90c87cfaf823562c8f6edb7abe514,225LABO_MICRO_RVRSV_V1
2024-08-02,0.0005981496534986763,0.0002499525337686678,0.00034819711973000853,0.000284290767299295,0.00031385888619938116,240,242,1.0,913df08ebebe029ca3cf1d942a62bf228ce90c87cfaf823562c8f6edb7abe514,225LABO_MICRO_RVRSV_V1
2024-08-05,0.006337027176871213,0.002320877340202536,0.004016149836668677,0.005445405130861089,0.0008916220460101239,240,242,1.0,913df08ebebe029ca3cf1d942a62bf228ce90c87cfaf823562c8f6edb7abe514,225LABO_MICRO_RVRSV_V1
2024-08-06,0.004064318787434553,0.0024626215794294436,0.001601697208005108,0.0011190436300985928,0.0029452751573359605,240,242,1.0,913df08ebebe029ca3cf1d942a62bf228ce90c87cfaf823562c8f6edb7abe514,225LABO_MICRO_RVRSV_V1
2024-08-07,0.0026956976282008155,0.0015264519912020626,0.0011692456369987525,0.001343645679276612,0.0013520519489242024,240,242,1.0,913df08ebebe029ca3cf1d942a62bf228ce90c87cfaf823562c8f6edb7abe514,225LABO_MICRO_RVRSV_V1
2024-08-08,0.0011808103068189576,0.0006904799952032254,0.0004903303116157306,0.0006454544530617411,0.0005353558537572147,240,242,1.0,913df08ebebe029ca3cf1d942a62bf228ce90c87cfaf823562c8f6edb7abe514,225LABO_MICRO_RVRSV_V1
2024-08-09,0.0008457914678374158,0.00042802301385550136,0.0004177684539819145,0.0003670269131203069,0.0004787645547171087,240,242,1.0,913df08ebebe029ca3cf1d942a62bf228ce90c87cfaf823562c8f6edb7abe514,225LABO_MICRO_RVRSV_V1
2024-08-13,0.00041814379451104707,0.00023509368481766614,0.00018305010969338082,0.0001253432802009959,0.0002928005143100512,240,242,1.0,913df08ebebe029ca3cf1d942a62bf228ce90c87cfaf823562c8f6edb7abe514,225LABO_MICRO_RVRSV_V1
2024-08-14,0.00030546738073147886,0.00011218611201239488,0.00019328126871908432,0.00021959371265083,8.587366808064907e-05,240,242,1.0,913df08ebebe029ca3cf1d942a62bf228ce90c87cfaf823562c8f6edb7abe514,225LABO_MICRO_RVRSV_V1
2024-08-15,0.00021865921562618797,0.00010793366948769793,0.00011072554613849015,7.593427737626239e-05,0.00014272493824992564,240,242,1.0,913df08ebebe029ca3cf1d942a62bf228ce90c87cfaf823562c8f6edb7abe514,225LABO_MICRO_RVRSV_V1
2024-08-16,0.0003065206105179404,0.00023571215873046942,7.080845178747076e-05,8.956839352234465e-05,0.00021695221699559553,240,242,1.0,913df08ebebe029ca3cf1d942a62bf228ce90c87cfaf823562c8f6edb7abe514,225LABO_MICRO_RVRSV_V1
2024-08-19,0.0002653449353614958,0.00010308643646649356,0.00016225849889500222,0.0001392938357630531,0.00012605109959844266,240,242,1.0,913df08ebebe029ca3cf1d942a62bf228ce90c87cfaf823562c8f6edb7abe514,225LABO_MICRO_RVRSV_V1
2024-08-20,0.00016497437096139216,9.461599300939426e-05,7.035837795199786e-05,8.15942840119483e-05,8.338008694944378e-05,240,242,1.0,913df08ebebe029ca3cf1d942a62bf228ce90c87cfaf823562c8f6edb7abe514,225LABO_MICRO_RVRSV_V1
2024-08-21,0.00017719016357682535,8.863268005614742e-05,8.855748352067794e-05,6.120589088463556e-05,0.00011598427269218976,240,242,1.0,913df08ebebe029ca3cf1d942a62bf228ce90c87cfaf823562c8f6edb7abe514,225LABO_MICRO_RVRSV_V1
2024-08-22,0.00024290693950135956,0.00010681372526580828,0.00013609321423555112,7.195528227194543e-05,0.00017095165722941406,240,242,1.0,913df08ebebe029ca3cf1d942a62bf228ce90c87cfaf823562c8f6edb7abe514,225LABO_MICRO_RVRSV_V1
2024-08-23,0.0001589783810326087,8.311542681011518e-05,7.586295422249324e-05,5.4791220235877445e-05,0.00010418716079673108,240,242,1.0,913df08ebebe029ca3cf1d942a62bf228ce90c87cfaf823562c8f6edb7abe514,225LABO_MICRO_RVRSV_V1
2024-08-26,0.00015888838910025786,6.244363270857421e-05,9.644475639168368e-05,3.5965890133197164e-05,0.00012292249896706068,240,242,1.0,913df08ebebe029ca3cf1d942a62bf228ce90c87cfaf823562c8f6edb7abe514,225LABO_MICRO_RVRSV_V1
2024-08-27,0.00011714829924354705,5.9419845527375364e-05,5.7728453716171655e-05,5.514727093918212e-05,6.20010283043649e-05,240,242,1.0,913df08ebebe029ca3cf1d942a62bf228ce90c87cfaf823562c8f6edb7abe514,225LABO_MICRO_RVRSV_V1
2024-08-28,8.338339634138493e-05,4.115650052154405e-05,4.222689581984092e-05,3.973883210767357e-05,4.364456423371136e-05,240,242,1.0,913df08ebebe029ca3cf1d942a62bf228ce90c87cfaf823562c8f6edb7abe514,225LABO_MICRO_RVRSV_V1
2024-08-29,0.00018783626010816334,7.73730807994255e-05,0.00011046317930873786,4.798764245212715e-05,0.00013984861765603624,240,242,1.0,913df08ebebe029ca3cf1d942a62bf228ce90c87cfaf823562c8f6edb7abe514,225LABO_MICRO_RVRSV_V1
2024-08-30,0.00013842832073851668,6.889255516158094e-05,6.95357655769358e-05,4.3565928594311586e-05,9.486239214420509e-05,240,242,1.0,913df08ebebe029ca3cf1d942a62bf228ce90c87cfaf823562c8f6edb7abe514,225LABO_MICRO_RVRSV_V1
2024-09-02,0.0001253887406062232,5.8769724835701205e-05,6.6619015770522e-05,5.8286489160018884e-05,6.710225144620433e-05,240,242,1.0,913df08ebebe029ca3cf1d942a62bf228ce90c87cfaf823562c8f6edb7abe514,225LABO_MICRO_RVRSV_V1
2024-09-03,7.059883020623868e-05,3.841965226681633e-05,3.217917793942234e-05,4.467133547866117e-05,2.59274947275775e-05,240,242,1.0,913df08ebebe029ca3cf1d942a62bf228ce90c87cfaf823562c8f6edb7abe514,225LABO_MICRO_RVRSV_V1
2024-09-04,0.0003588914737889325,0.00014125017684693533,0.0002176412969419972,0.0002216071462661967,0.00013728432752273582,240,242,1.0,913df08ebebe029ca3cf1d942a62bf228ce90c87cfaf823562c8f6edb7abe514,225LABO_MICRO_RVRSV_V1
2024-09-05,0.00036859291379706357,0.00021176171506949017,0.0001568311987275734,0.0002009459996716977,0.0001676469141253657,240,242,1.0,913df08ebebe029ca3cf1d942a62bf228ce90c87cfaf823562c8f6edb7abe514,225LABO_MICRO_RVRSV_V1
2024-09-06,0.0003100473688200397,0.00014925853657838693,0.00016078883224165304,0.00011394317787194355,0.0001961041909480963,240,242,1.0,913df08ebebe029ca3cf1d942a62bf228ce90c87cfaf823562c8f6edb7abe514,225LABO_MICRO_RVRSV_V1
2024-09-09,0.0014093284917101082,0.0006977122244328089,0.000711616267277298,0.00019509102244482488,0.0012142374692652833,240,242,1.0,913df08ebebe029ca3cf1d942a62bf228ce90c87cfaf823562c8f6edb7abe514,225LABO_MICRO_RVRSV_V1
2024-09-10,0.000349930494535062,0.00014392503152820657,0.00020600546300685523,0.00019874246688713796,0.00015118802764792387,240,242,1.0,913df08ebebe029ca3cf1d942a62bf228ce90c87cfaf823562c8f6edb7abe514,225LABO_MICRO_RVRSV_V1
2024-09-11,0.00042029286221133917,0.000206366543268946,0.00021392631894239287,0.00022648013244037452,0.0001938127297709644,240,242,1.0,913df08ebebe029ca3cf1d942a62bf228ce90c87cfaf823562c8f6edb7abe514,225LABO_MICRO_RVRSV_V1
2024-09-12,0.00037091380448951396,0.00020655239867477184,0.00016436140581474188,0.000132758579532367,0.00023815522495714694,240,242,1.0,913df08ebebe029ca3cf1d942a62bf228ce90c87cfaf823562c8f6edb7abe514,225LABO_MICRO_RVRSV_V1
2024-09-13,0.0002610361241665501,0.00012410186307405165,0.00013693426109249844,9.476149300259763e-05,0.00016627463116395246,240,242,1.0,913df08ebebe029ca3cf1d942a62bf228ce90c87cfaf823562c8f6edb7abe514,225LABO_MICRO_RVRSV_V1
2024-09-17,0.00021807572319009042,8.94322030607482e-05,0.00012864352012934225,0.00013011192472909205,8.79637984609984e-05,240,242,1.0,913df08ebebe029ca3cf1d942a62bf228ce90c87cfaf823562c8f6edb7abe514,225LABO_MICRO_RVRSV_V1
2024-09-18,0.0001671665620053083,8.087319151431844e-05,8.629337049098989e-05,7.378008948299269e-05,9.338647252231559e-05,240,242,1.0,913df08ebebe029ca3cf1d942a62bf228ce90c87cfaf823562c8f6edb7abe514,225LABO_MICRO_RVRSV_V1
2024-09-19,0.0002044474925095082,0.00012339931257177405,8.104817993773426e-05,0.0001112532129547355,9.319427955477278e-05,240,242,1.0,913df08ebebe029ca3cf1d942a62bf228ce90c87cfaf823562c8f6edb7abe514,225LABO_MICRO_RVRSV_V1
2024-09-20,0.00016548998822614523,8.993050211977687e-05,7.555948610636827e-05,6.822834976662915e-05,9.726163845951605e-05,240,242,1.0,913df08ebebe029ca3cf1d942a62bf228ce90c87cfaf823562c8f6edb7abe514,225LABO_MICRO_RVRSV_V1
2024-09-23,0.00011351008147610539,5.833242415204668e-05,5.5177657324058727e-05,2.5600102773090116e-05,8.790997870301524e-05,240,242,1.0,913df08ebebe029ca3cf1d942a62bf228ce90c87cfaf823562c8f6edb7abe514,225LABO_MICRO_RVRSV_V1
2024-09-24,0.0001539970905491539,7.089171602104223e-05,8.310537452811151e-05,7.680627599805943e-05,7.71908145510944e-05,240,242,1.0,913df08ebebe029ca3cf1d942a62bf228ce90c87cfaf823562c8f6edb7abe514,225LABO_MICRO_RVRSV_V1
2024-09-25,0.00015584532060622367,6.589152725093274e-05,8.995379335529109e-05,5.9302373690572534e-05,9.654294691565121e-05,240,242,1.0,913df08ebebe029ca3cf1d942a62bf228ce90c87cfaf823562c8f6edb7abe514,225LABO_MICRO_RVRSV_V1
2024-09-26,9.847850417866712e-05,6.25021421447823e-05,3.597636203388484e-05,5.8344850683887416e-05,4.0133653494779696e-05,240,242,1.0,913df08ebebe029ca3cf1d942a62bf228ce90c87cfaf823562c8f6edb7abe514,225LABO_MICRO_RVRSV_V1
2024-09-27,0.00031014155397056197,0.00018046835526993728,0.00012967319870062463,0.00018266356619849706,0.00012747798777206485,240,242,1.0,913df08ebebe029ca3cf1d942a62bf228ce90c87cfaf823562c8f6edb7abe514,225LABO_MICRO_RVRSV_V1
2024-09-30,0.0005709398808536567,0.0003467379856623714,0.00022420189519128535,0.0002443880918291578,0.00032655178902449896,240,242,1.0,913df08ebebe029ca3cf1d942a62bf228ce90c87cfaf823562c8f6edb7abe514,225LABO_MICRO_RVRSV_V1
2024-10-01,0.00019626064002165435,0.00012011807233269579,7.614256768895874e-05,8.47278715700354e-05,0.00011153276845161909,240,242,1.0,913df08ebebe029ca3cf1d942a62bf228ce90c87cfaf823562c8f6edb7abe514,225LABO_MICRO_RVRSV_V1
2024-10-02,0.00035020088348405566,0.00014207707286717334,0.00020812381061688213,9.786206857575394e-05,0.00025233881490830155,240,242,1.0,913df08ebebe029ca3cf1d942a62bf228ce90c87cfaf823562c8f6edb7abe514,225LABO_MICRO_RVRSV_V1
2024-10-03,0.00024076760900880386,0.00013467607587952147,0.00010609153312928234,6.995179616959334e-05,0.0001708158128392106,240,242,1.0,913df08ebebe029ca3cf1d942a62bf228ce90c87cfaf823562c8f6edb7abe514,225LABO_MICRO_RVRSV_V1
2024-10-04,0.00021419511924064956,0.00011632194584894099,9.787317339170871e-05,4.4189297689599005e-05,0.0001700058215510506,240,242,1.0,913df08ebebe029ca3cf1d942a62bf228ce90c87cfaf823562c8f6edb7abe514,225LABO_MICRO_RVRSV_V1
2024-10-07,0.0002329224875064769,0.00016044875336662914,7.247373413984768e-05,5.9760009407753667e-05,0.0001731624780987232,240,242,1.0,913df08ebebe029ca3cf1d942a62bf228ce90c87cfaf823562c8f6edb7abe514,225LABO_MICRO_RVRSV_V1
2024-10-08,0.00017768223717390296,7.071471543376964e-05,0.00010696752174013335,8.216131086294803e-05,9.552092631095496e-05,240,242,1.0,913df08ebebe029ca3cf1d942a62bf228ce90c87cfaf823562c8f6edb7abe514,225LABO_MICRO_RVRSV_V1
2024-10-09,0.00011588001413610309,5.8816288673256097e-05,5.706372546284705e-05,5.529803078707102e-05,6.058198334903214e-05,240,242,1.0,913df08ebebe029ca3cf1d942a62bf228ce90c87cfaf823562c8f6edb7abe514,225LABO_MICRO_RVRSV_V1
2024-10-10,8.222291962445566e-05,3.511437048402284e-05,4.710854914043282e-05,3.792982015154361e-05,4.4293099472912056e-05,240,242,1.0,913df08ebebe029ca3cf1d942a62bf228ce90c87cfaf823562c8f6edb7abe514,225LABO_MICRO_RVRSV_V1
2024-10-11,0.00012507610854685123,6.192717813823016e-05,6.314893040862105e-05,3.9332238582251674e-05,8.574386996459962e-05,240,242,1.0,913df08ebebe029ca3cf1d942a62bf228ce90c87cfaf823562c8f6edb7abe514,225LABO_MICRO_RVRSV_V1
2024-10-14,5.683442128113343e-05,3.3755286946366724e-05,2.3079134334766737e-05,1.9763153548328963e-05,3.7071267732804484e-05,240,242,1.0,913df08ebebe029ca3cf1d942a62bf228ce90c87cfaf823562c8f6edb7abe514,225LABO_MICRO_RVRSV_V1
2024-10-15,7.920604422852418e-05,3.883763435286639e-05,4.036840987565778e-05,4.7576441172657136e-05,3.162960305586702e-05,240,242,1.0,913df08ebebe029ca3cf1d942a62bf228ce90c87cfaf823562c8f6edb7abe514,225LABO_MICRO_RVRSV_V1
2024-10-16,0.00021521031079059676,9.188926047150048e-05,0.00012332105031909624,8.295456562393344e-05,0.00013225574516666333,240,242,1.0,913df08ebebe029ca3cf1d942a62bf228ce90c87cfaf823562c8f6edb7abe514,225LABO_MICRO_RVRSV_V1
2024-10-17,0.00011456980817133227,5.295854850366028e-05,6.161125966767194e-05,6.643090996134453e-05,4.813889820998773e-05,240,242,1.0,913df08ebebe029ca3cf1d942a62bf228ce90c87cfaf823562c8f6edb7abe514,225LABO_MICRO_RVRSV_V1
2024-10-18,0.00010694052500763744,4.693076704031368e-05,6.000975796732376e-05,3.4011741572841833e-05,7.292878343479562e-05,240,242,1.0,913df08ebebe029ca3cf1d942a62bf228ce90c87cfaf823562c8f6edb7abe514,225LABO_MICRO_RVRSV_V1
2024-10-21,6.806989170488533e-05,3.1639776844982195e-05,3.643011485990318e-05,3.673902601883005e-05,3.133086568605529e-05,240,242,1.0,913df08ebebe029ca3cf1d942a62bf228ce90c87cfaf823562c8f6edb7abe514,225LABO_MICRO_RVRSV_V1
2024-10-22,0.00016139078977517934,5.386781279757666e-05,0.00010752297697760262,0.00010911534750084001,5.2275442274339246e-05,240,242,1.0,913df08ebebe029ca3cf1d942a62bf228ce90c87cfaf823562c8f6edb7abe514,225LABO_MICRO_RVRSV_V1
2024-10-23,0.00010359962747171408,3.981906775911941e-05,6.378055971259467e-05,5.128720350079845e-05,5.231242397091563e-05,240,242,1.0,913df08ebebe029ca3cf1d942a62bf228ce90c87cfaf823562c8f6edb7abe514,225LABO_MICRO_RVRSV_V1
2024-10-24,0.00015470610403023962,8.693099043917326e-05,6.777511359106632e-05,7.693741839629069e-05,7.776868563394895e-05,240,242,1.0,913df08ebebe029ca3cf1d942a62bf228ce90c87cfaf823562c8f6edb7abe514,225LABO_MICRO_RVRSV_V1
2024-10-25,0.00010335924214337948,4.704628800307116e-05,5.6312954140308286e-05,3.947277900658578e-05,6.388646313679369e-05,240,242,1.0,913df08ebebe029ca3cf1d942a62bf228ce90c87cfaf823562c8f6edb7abe514,225LABO_MICRO_RVRSV_V1
2024-10-28,0.00023753007583522277,0.00018098735565689672,5.654272017832605e-05,0.00018138273874066215,5.614733709456064e-05,240,242,1.0,913df08ebebe029ca3cf1d942a62bf228ce90c87cfaf823562c8f6edb7abe514,225LABO_MICRO_RVRSV_V1
2024-10-29,0.0001340002729329935,7.764070832073542e-05,5.6359564612258e-05,5.680324914460861e-05,7.719702378838482e-05,240,242,1.0,913df08ebebe029ca3cf1d942a62bf228ce90c87cfaf823562c8f6edb7abe514,225LABO_MICRO_RVRSV_V1
2024-10-30,0.00010856470643372093,6.110588054168063e-05,4.745882589204026e-05,4.650663193402756e-05,6.205807449969333e-05,240,242,1.0,913df08ebebe029ca3cf1d942a62bf228ce90c87cfaf823562c8f6edb7abe514,225LABO_MICRO_RVRSV_V1
2024-10-31,0.00013924627263848445,6.157390985542404e-05,7.76723627830603e-05,5.743898563792409e-05,8.180728700056032e-05,240,242,1.0,913df08ebebe029ca3cf1d942a62bf228ce90c87cfaf823562c8f6edb7abe514,225LABO_MICRO_RVRSV_V1
2024-11-01,0.00023557023004297002,9.111919174155156e-05,0.0001444510383014185,5.036020402673007e-05,0.00018521002601623989,240,242,1.0,913df08ebebe029ca3cf1d942a62bf228ce90c87cfaf823562c8f6edb7abe514,225LABO_MICRO_RVRSV_V1
2024-11-05,0.00015788573901163745,8.11316935413618e-05,7.675404547027569e-05,5.940780210868051e-05,9.847793690295691e-05,240,242,1.0,913df08ebebe029ca3cf1d942a62bf228ce90c87cfaf823562c8f6edb7abe514,225LABO_MICRO_RVRSV_V1
2024-11-06,0.00025751940254025,0.0001487294761880365,0.00010878992635221348,0.00020354093358185466,5.3978468958395395e-05,240,242,1.0,913df08ebebe029ca3cf1d942a62bf228ce90c87cfaf823562c8f6edb7abe514,225LABO_MICRO_RVRSV_V1
2024-11-07,0.00034260691976358476,0.00012731308709133262,0.00021529383267225238,0.00016062257081188706,0.00018198434895169786,240,242,1.0,913df08ebebe029ca3cf1d942a62bf228ce90c87cfaf823562c8f6edb7abe514,225LABO_MICRO_RVRSV_V1
2024-11-08,0.00015186536851149259,8.13510045953707e-05,7.0514363916122e-05,6.806962254329974e-05,8.379574596819293e-05,240,242,1.0,913df08ebebe029ca3cf1d942a62bf228ce90c87cfaf823562c8f6edb7abe514,225LABO_MICRO_RVRSV_V1
2024-11-11,0.00011659243031871169,6.187505355976791e-05,5.471737675894385e-05,4.795975264354775e-05,6.863267767516397e-05,240,242,1.0,913df08ebebe029ca3cf1d942a62bf228ce90c87cfaf823562c8f6edb7abe514,225LABO_MICRO_RVRSV_V1
2024-11-12,0.00018563095102059867,6.687396031840288e-05,0.0001187569907021958,0.00013431366632180145,5.131728469879722e-05,240,242,1.0,913df08ebebe029ca3cf1d942a62bf228ce90c87cfaf823562c8f6edb7abe514,225LABO_MICRO_RVRSV_V1
2024-11-13,0.0001827747007476093,6.354896027093153e-05,0.0001192257404766777,9.971978764570353e-05,8.30549131019057e-05,240,242,1.0,913df08ebebe029ca3cf1d942a62bf228ce90c87cfaf823562c8f6edb7abe514,225LABO_MICRO_RVRSV_V1
2024-11-14,0.0001627640099666916,6.836929527059047e-05,9.439471469610097e-05,9.245350404186603e-05,7.031050592482547e-05,240,242,1.0,913df08ebebe029ca3cf1d942a62bf228ce90c87cfaf823562c8f6edb7abe514,225LABO_MICRO_RVRSV_V1
2024-11-15,0.0001491502986779487,8.124850604609541e-05,6.790179263185331e-05,8.275923394408136e-05,6.639106473386735e-05,240,242,1.0,913df08ebebe029ca3cf1d942a62bf228ce90c87cfaf823562c8f6edb7abe514,225LABO_MICRO_RVRSV_V1
2024-11-18,0.00015412910896529225,7.702412809960944e-05,7.710498086568286e-05,6.248171388146304e-05,9.16473950838292e-05,240,242,1.0,913df08ebebe029ca3cf1d942a62bf228ce90c87cfaf823562c8f6edb7abe514,225LABO_MICRO_RVRSV_V1
2024-11-19,0.00011194002636407323,5.9103375708912386e-05,5.2836650655160827e-05,3.701473749082091e-05,7.49252888732523e-05,240,242,1.0,913df08ebebe029ca3cf1d942a62bf228ce90c87cfaf823562c8f6edb7abe514,225LABO_MICRO_RVRSV_V1
2024-11-20,0.00026008050788125484,0.00010608474142378853,0.0001539957664574667,7.446830118921869e-05,0.00018561220669203627,240,242,1.0,913df08ebebe029ca3cf1d942a62bf228ce90c87cfaf823562c8f6edb7abe514,225LABO_MICRO_RVRSV_V1
2024-11-21,0.00016929225799394837,6.54752873011994e-05,0.00010381697069274908,6.208318112290772e-05,0.00010720907687104068,240,242,1.0,913df08ebebe029ca3cf1d942a62bf228ce90c87cfaf823562c8f6edb7abe514,225LABO_MICRO_RVRSV_V1
2024-11-22,0.0002070510152449759,0.00010960099538981618,9.745001985515972e-05,5.111461213327136e-05,0.0001559364031117046,240,242,1.0,913df08ebebe029ca3cf1d942a62bf228ce90c87cfaf823562c8f6edb7abe514,225LABO_MICRO_RVRSV_V1
2024-11-25,0.00014830841577203184,6.377817679034004e-05,8.453023898169173e-05,6.487190899914216e-05,8.343650677288969e-05,240,242,1.0,913df08ebebe029ca3cf1d942a62bf228ce90c87cfaf823562c8f6edb7abe514,225LABO_MICRO_RVRSV_V1
2024-11-26,0.00015482501443496227,5.886966620397408e-05,9.59553482309881e-05,9.948756911209947e-05,5.533744532286272e-05,240,242,1.0,913df08ebebe029ca3cf1d942a62bf228ce90c87cfaf823562c8f6edb7abe514,225LABO_MICRO_RVRSV_V1
2024-11-27,9.717556406669935e-05,4.048060779727858e-05,5.669495626942077e-05,4.425949272022913e-05,5.2916071346470235e-05,240,242,1.0,913df08ebebe029ca3cf1d942a62bf228ce90c87cfaf823562c8f6edb7abe514,225LABO_MICRO_RVRSV_V1
2024-11-28,0.00015670017709038634,9.635237661399081e-05,6.03478004763955e-05,9.89994721432185e-05,5.770070494716781e-05,240,242,1.0,913df08ebebe029ca3cf1d942a62bf228ce90c87cfaf823562c8f6edb7abe514,225LABO_MICRO_RVRSV_V1
2024-11-29,6.0451815936250755e-05,2.530454871866557e-05,3.514726721758517e-05,3.988316269074758e-05,2.0568653245503152e-05,240,242,1.0,913df08ebebe029ca3cf1d942a62bf228ce90c87cfaf823562c8f6edb7abe514,225LABO_MICRO_RVRSV_V1
2024-12-02,0.0001694919133596585,9.431487552571538e-05,7.517703783394317e-05,0.00012026462320568439,4.922729015397415e-05,240,242,1.0,913df08ebebe029ca3cf1d942a62bf228ce90c87cfaf823562c8f6edb7abe514,225LABO_MICRO_RVRSV_V1
2024-12-03,0.0001355484809125021,9.319964470604852e-05,4.234883620645368e-05,8.966161059137425e-05,4.588687032112795e-05,240,242,1.0,913df08ebebe029ca3cf1d942a62bf228ce90c87cfaf823562c8f6edb7abe514,225LABO_MICRO_RVRSV_V1
2024-12-04,0.00015036442444282515,7.380125629370825e-05,7.65631681491168e-05,4.921866822399395e-05,0.00010114575621883116,240,242,1.0,913df08ebebe029ca3cf1d942a62bf228ce90c87cfaf823562c8f6edb7abe514,225LABO_MICRO_RVRSV_V1
2024-12-05,9.638894508236144e-05,4.834271064201312e-05,4.804623444034832e-05,5.863277889396796e-05,3.775616618839346e-05,240,242,1.0,913df08ebebe029ca3cf1d942a62bf228ce90c87cfaf823562c8f6edb7abe514,225LABO_MICRO_RVRSV_V1
2024-12-06,7.16359525176975e-05,2.8352318286545394e-05,4.328363423115213e-05,3.326659880836885e-05,3.836935370932867e-05,240,242,1.0,913df08ebebe029ca3cf1d942a62bf228ce90c87cfaf823562c8f6edb7abe514,225LABO_MICRO_RVRSV_V1
2024-12-09,6.689116699035624e-05,3.0219389097171776e-05,3.6671777893184466e-05,3.768114959022903e-05,2.9210017400127224e-05,240,242,1.0,913df08ebebe029ca3cf1d942a62bf228ce90c87cfaf823562c8f6edb7abe514,225LABO_MICRO_RVRSV_V1
2024-12-10,6.318230902910952e-05,2.8465738166556623e-05,3.471657086255291e-05,3.0246222280809967e-05,3.293608674829956e-05,240,242,1.0,913df08ebebe029ca3cf1d942a62bf228ce90c87cfaf823562c8f6edb7abe514,225LABO_MICRO_RVRSV_V1
2024-12-11,5.531875737069796e-05,2.474374496649978e-05,3.0575012404198157e-05,1.927836626934646e-05,3.6040391101351494e-05,240,242,1.0,913df08ebebe029ca3cf1d942a62bf228ce90c87cfaf823562c8f6edb7abe514,225LABO_MICRO_RVRSV_V1
2024-12-12,8.582955278027242e-05,4.822934747886486e-05,3.760020530140758e-05,5.217593917006979e-05,3.3653613610202645e-05,240,242,1.0,913df08ebebe029ca3cf1d942a62bf228ce90c87cfaf823562c8f6edb7abe514,225LABO_MICRO_RVRSV_V1
2024-12-13,8.526863392846014e-05,3.4159093506458784e-05,5.1109540422001306e-05,3.722363550161924e-05,4.804499842684086e-05,240,242,1.0,913df08ebebe029ca3cf1d942a62bf228ce90c87cfaf823562c8f6edb7abe514,225LABO_MICRO_RVRSV_V1
2024-12-16,7.30022039931526e-05,3.634818983880725e-05,3.665401415434527e-05,3.060959907600495e-05,4.2392604917147626e-05,240,242,1.0,913df08ebebe029ca3cf1d942a62bf228ce90c87cfaf823562c8f6edb7abe514,225LABO_MICRO_RVRSV_V1
2024-12-17,5.133410959475111e-05,2.676634057075987e-05,2.4567769023991196e-05,2.7434314862566672e-05,2.3899794732184402e-05,240,242,1.0,913df08ebebe029ca3cf1d942a62bf228ce90c87cfaf823562c8f6edb7abe514,225LABO_MICRO_RVRSV_V1
2024-12-18,7.18405256673876e-05,3.949819375517664e-05,3.234233191221099e-05,4.1808671237029044e-05,3.003185443035861e-05,240,242,1.0,913df08ebebe029ca3cf1d942a62bf228ce90c87cfaf823562c8f6edb7abe514,225LABO_MICRO_RVRSV_V1
2024-12-19,0.00024645133784374947,0.00013216130476388717,0.00011429003307986206,0.00012862287039064162,0.00011782846745310762,240,242,1.0,913df08ebebe029ca3cf1d942a62bf228ce90c87cfaf823562c8f6edb7abe514,225LABO_MICRO_RVRSV_V1
2024-12-20,0.00015936036392441596,6.866491211261838e-05,9.069545181179751e-05,5.8973492014150145e-05,0.00010038687191026583,240,242,1.0,913df08ebebe029ca3cf1d942a62bf228ce90c87cfaf823562c8f6edb7abe514,225LABO_MICRO_RVRSV_V1
2024-12-23,0.00016401627307446442,9.606246530264657e-05,6.795380777181792e-05,4.241842813494516e-05,0.00012159784493951935,240,242,1.0,913df08ebebe029ca3cf1d942a62bf228ce90c87cfaf823562c8f6edb7abe514,225LABO_MICRO_RVRSV_V1
2024-12-24,6.888645490924796e-05,2.8399023108033353e-05,4.048743180121465e-05,3.0102087614868164e-05,3.87843672943798e-05,240,242,1.0,913df08ebebe029ca3cf1d942a62bf228ce90c87cfaf823562c8f6edb7abe514,225LABO_MICRO_RVRSV_V1
2024-12-25,4.487019930897428e-05,2.2197933415603373e-05,2.2672265893370942e-05,2.938340541096936e-05,1.548679389800495e-05,240,242,1.0,913df08ebebe029ca3cf1d942a62bf228ce90c87cfaf823562c8f6edb7abe514,225LABO_MICRO_RVRSV_V1
2024-12-26,4.71467348554963e-05,2.9245144212565624e-05,1.7901590642930673e-05,3.874152443195426e-05,8.40521042354205e-06,240,242,1.0,913df08ebebe029ca3cf1d942a62bf228ce90c87cfaf823562c8f6edb7abe514,225LABO_MICRO_RVRSV_V1
2024-12-27,8.718545769526189e-05,4.887960028985391e-05,3.830585740540797e-05,5.070832202783313e-05,3.647713566742874e-05,240,242,1.0,913df08ebebe029ca3cf1d942a62bf228ce90c87cfaf823562c8f6edb7abe514,225LABO_MICRO_RVRSV_V1
2024-12-30,0.00011187667077421212,5.181922268706177e-05,6.005744808715031e-05,4.219844373940048e-05,6.96782270348116e-05,240,242,1.0,913df08ebebe029ca3cf1d942a62bf228ce90c87cfaf823562c8f6edb7abe514,225LABO_MICRO_RVRSV_V1
2025-01-03,0.00010223995691712977,4.093992104990773e-05,6.1300035867222e-05,2.0204731400749923e-05,8.20352255163798e-05,240,242,1.0,28cd5a0985fdc7afdcdcf37cc34c4c70ebf792a3dca0af0906eed6573be77326,225LABO_MICRO_RVRSV_V1
2025-01-06,0.00011538523784508756,4.515178328149402e-05,7.023345456359354e-05,8.362806071576052e-05,3.175717712932702e-05,240,242,1.0,28cd5a0985fdc7afdcdcf37cc34c4c70ebf792a3dca0af0906eed6573be77326,225LABO_MICRO_RVRSV_V1
2025-01-07,0.00013776053029842432,6.941184047931484e-05,6.834868981910958e-05,7.839503129040859e-05,5.9365499008015835e-05,240,242,1.0,28cd5a0985fdc7afdcdcf37cc34c4c70ebf792a3dca0af0906eed6573be77326,225LABO_MICRO_RVRSV_V1
2025-01-08,0.00011961990580404682,5.5146736929006584e-05,6.447316887504027e-05,4.301770572311e-05,7.660220008093681e-05,240,242,1.0,28cd5a0985fdc7afdcdcf37cc34c4c70ebf792a3dca0af0906eed6573be77326,225LABO_MICRO_RVRSV_V1
2025-01-09,0.00014770324443008257,5.654626759820289e-05,9.11569768318796e-05,5.086077763326205e-05,9.684246679682051e-05,240,242,1.0,28cd5a0985fdc7afdcdcf37cc34c4c70ebf792a3dca0af0906eed6573be77326,225LABO_MICRO_RVRSV_V1
2025-01-10,6.183922551363041e-05,2.7258482143313893e-05,3.4580743370316554e-05,4.115817647165344e-05,2.0681049041976976e-05,240,242,1.0,28cd5a0985fdc7afdcdcf37cc34c4c70ebf792a3dca0af0906eed6573be77326,225LABO_MICRO_RVRSV_V1
2025-01-14,0.00022781653430020455,7.894072116671043e-05,0.00014887581313349419,8.354464191183158e-05,0.00014427189238837315,240,242,1.0,28cd5a0985fdc7afdcdcf37cc34c4c70ebf792a3dca0af0906eed6573be77326,225LABO_MICRO_RVRSV_V1
2025-01-15,0.00017489828948553062,8.032793560964123e-05,9.457035387588936e-05,7.565753910800545e-05,9.924075037752508e-05,240,242,1.0,28cd5a0985fdc7afdcdcf37cc34c4c70ebf792a3dca0af0906eed6573be77326,225LABO_MICRO_RVRSV_V1
2025-01-16,0.00014510438369312045,8.671886814071625e-05,5.838551555240402e-05,7.734713271020821e-05,6.775725098291217e-05,240,242,1.0,28cd5a0985fdc7afdcdcf37cc34c4c70ebf792a3dca0af0906eed6573be77326,225LABO_MICRO_RVRSV_V1
2025-01-17,0.00011655831532195254,4.920571929733807e-05,6.735259602461446e-05,7.098538469407053e-05,4.557293062788202e-05,240,242,1.0,28cd5a0985fdc7afdcdcf37cc34c4c70ebf792a3dca0af0906eed6573be77326,225LABO_MICRO_RVRSV_V1
2025-01-20,9.149985486398956e-05,5.515852402184815e-05,3.6341330842141365e-05,5.798871794371818e-05,3.3511136920271356e-05,240,242,1.0,28cd5a0985fdc7afdcdcf37cc34c4c70ebf792a3dca0af0906eed6573be77326,225LABO_MICRO_RVRSV_V1
2025-01-21,0.00013659904998121068,5.698351759082554e-05,7.961553239038521e-05,9.467580201456737e-05,4.192324796664333e-05,240,242,1.0,28cd5a0985fdc7afdcdcf37cc34c4c70ebf792a3dca0af0906eed6573be77326,225LABO_MICRO_RVRSV_V1
2025-01-22,7.347400542489385e-05,4.447083145101003e-05,2.900317397388377e-05,3.862496166262181e-05,3.484904376227201e-05,240,242,1.0,28cd5a0985fdc7afdcdcf37cc34c4c70ebf792a3dca0af0906eed6573be77326,225LABO_MICRO_RVRSV_V1
2025-01-23,6.329137226446012e-05,3.436959528566576e-05,2.8921776978794366e-05,4.026871836965059e-05,2.3022653894809516e-05,240,242,1.0,28cd5a0985fdc7afdcdcf37cc34c4c70ebf792a3dca0af0906eed6573be77326,225LABO_MICRO_RVRSV_V1
2025-01-24,0.00012160198359729818,5.010096349290569e-05,7.150102010439247e-05,0.00010183797899383916,1.9764004603459028e-05,240,242,1.0,28cd5a0985fdc7afdcdcf37cc34c4c70ebf792a3dca0af0906eed6573be77326,225LABO_MICRO_RVRSV_V1
2025-01-27,0.00011838089548027664,5.2373877336016195e-05,6.60070181442604e-05,6.902211139531377e-05,4.935878408496288e-05,240,242,1.0,28cd5a0985fdc7afdcdcf37cc34c4c70ebf792a3dca0af0906eed6573be77326,225LABO_MICRO_RVRSV_V1
2025-01-28,0.0002547565785837847,0.00011021697547563864,0.00014453960310814625,0.0001132023080520268,0.00014155427053175803,240,242,1.0,28cd5a0985fdc7afdcdcf37cc34c4c70ebf792a3dca0af0906eed6573be77326,225LABO_MICRO_RVRSV_V1
2025-01-29,0.00015033404565667607,8.42469189688646e-05,6.608712668781159e-05,6.487154170415021e-05,8.546250395252588e-05,240,242,1.0,28cd5a0985fdc7afdcdcf37cc34c4c70ebf792a3dca0af0906eed6573be77326,225LABO_MICRO_RVRSV_V1
2025-01-30,0.00011458119147414984,5.4886243871080125e-05,5.969494760306979e-05,4.437664564594307e-05,7.020454582820682e-05,240,242,1.0,28cd5a0985fdc7afdcdcf37cc34c4c70ebf792a3dca0af0906eed6573be77326,225LABO_MICRO_RVRSV_V1
2025-01-31,8.726021010183135e-05,4.2125294634029394e-05,4.513491546780202e-05,2.7157388473853997e-05,6.0102821627977414e-05,240,242,1.0,28cd5a0985fdc7afdcdcf37cc34c4c70ebf792a3dca0af0906eed6573be77326,225LABO_MICRO_RVRSV_V1
2025-02-03,0.00016010396294362657,6.92383762962484e-05,9.086558664737811e-05,9.442694439252225e-05,6.567701855110423e-05,240,242,1.0,28cd5a0985fdc7afdcdcf37cc34c4c70ebf792a3dca0af0906eed6573be77326,225LABO_MICRO_RVRSV_V1
2025-02-04,0.00027015565623291746,0.0001615323625970022,0.00010862329363591533,7.029865915465039e-05,0.00019985699707826722,240,242,1.0,28cd5a0985fdc7afdcdcf37cc34c4c70ebf792a3dca0af0906eed6573be77326,225LABO_MICRO_RVRSV_V1
2025-02-05,7.71529386657021e-05,3.9446082126884545e-05,3.770685653881752e-05,3.689210670268064e-05,4.026083196302144e-05,240,242,1.0,28cd5a0985fdc7afdcdcf37cc34c4c70ebf792a3dca0af0906eed6573be77326,225LABO_MICRO_RVRSV_V1
2025-02-06,0.00010463576068918122,4.9592237770081214e-05,5.504352291909998e-05,4.677979195698064e-05,5.7855968732200564e-05,240,242,1.0,28cd5a0985fdc7afdcdcf37cc34c4c70ebf792a3dca0af0906eed6573be77326,225LABO_MICRO_RVRSV_V1
2025-02-07,6.818942778492277e-05,2.842102196772718e-05,3.976840581719567e-05,3.354464616635934e-05,3.4644781618563515e-05,240,242,1.0,28cd5a0985fdc7afdcdcf37cc34c4c70ebf792a3dca0af0906eed6573be77326,225LABO_MICRO_RVRSV_V1
2025-02-10,0.00015746762094267835,5.297974738579698e-05,0.00010448787355688132,3.8673502136128624e-05,0.00011879411880654967,240,242,1.0,28cd5a0985fdc7afdcdcf37cc34c4c70ebf792a3dca0af0906eed6573be77326,225LABO_MICRO_RVRSV_V1
2025-02-11,1.927585765809092e-05,1.0165977130573428e-05,9.109880527517528e-06,7.0357100980605665e-06,1.224014756003037e-05,240,242,1.0,28cd5a0985fdc7afdcdcf37cc34c4c70ebf792a3dca0af0906eed6573be77326,225LABO_MICRO_RVRSV_V1
2025-02-12,4.231716095535835e-05,1.8888358402218205e-05,2.3428802553140132e-05,2.7651830761654466e-05,1.4665330193703855e-05,240,242,1.0,28cd5a0985fdc7afdcdcf37cc34c4c70ebf792a3dca0af0906eed6573be77326,225LABO_MICRO_RVRSV_V1
2025-02-13,9.229647047757739e-05,5.04410696886255e-05,4.185540078895185e-05,4.71779292350716e-05,4.511854124250576e-05,240,242,1.0,28cd5a0985fdc7afdcdcf37cc34c4c70ebf792a3dca0af0906eed6573be77326,225LABO_MICRO_RVRSV_V1
2025-02-14,7.503704228887254e-05,2.8624350356525783e-05,4.641269193234671e-05,3.6945057092976796e-05,3.809198519589572e-05,240,242,1.0,28cd5a0985fdc7afdcdcf37cc34c4c70ebf792a3dca0af0906eed6573be77326,225LABO_MICRO_RVRSV_V1
2025-02-17,5.6497133989651424e-05,3.0574075532831904e-05,2.5923058456819523e-05,3.722600753266296e-05,1.9271126456988455e-05,240,242,1.0,28cd5a0985fdc7afdcdcf37cc34c4c70ebf792a3dca0af0906eed6573be77326,225LABO_MICRO_RVRSV_V1
2025-02-18,4.8029473116292065e-05,3.287323739213152e-05,1.5156235724160538e-05,4.278295756260077e-05,5.246515553691292e-06,240,242,1.0,28cd5a0985fdc7afdcdcf37cc34c4c70ebf792a3dca0af0906eed6573be77326,225LABO_MICRO_RVRSV_V1
2025-02-19,4.715155352885632e-05,1.8281579016922123e-05,2.886997451193418e-05,3.369721684335644e-05,1.3454336685499866e-05,240,242,1.0,28cd5a0985fdc7afdcdcf37cc34c4c70ebf792a3dca0af0906eed6573be77326,225LABO_MICRO_RVRSV_V1
2025-02-20,7.369605919277603e-05,3.1548775942075557e-05,4.214728325070048e-05,4.6274975369058474e-05,2.7421083823717563e-05,240,242,1.0,28cd5a0985fdc7afdcdcf37cc34c4c70ebf792a3dca0af0906eed6573be77326,225LABO_MICRO_RVRSV_V1
2025-02-21,9.347070177721491e-05,5.131196481150844e-05,4.215873696570645e-05,5.395760894452654e-05,3.951309283268836e-05,240,242,1.0,28cd5a0985fdc7afdcdcf37cc34c4c70ebf792a3dca0af0906eed6573be77326,225LABO_MICRO_RVRSV_V1
2025-02-24,7.314607715222538e-05,2.3998022038871026e-05,4.914805511335436e-05,2.362990008391299e-05,4.9516177068312397e-05,240,242,1.0,28cd5a0985fdc7afdcdcf37cc34c4c70ebf792a3dca0af0906eed6573be77326,225LABO_MICRO_RVRSV_V1
2025-02-25,0.0001376617539210717,6.782815568360929e-05,6.983359823746227e-05,6.325830652362713e-05,7.440344739744452e-05,240,242,1.0,28cd5a0985fdc7afdcdcf37cc34c4c70ebf792a3dca0af0906eed6573be77326,225LABO_MICRO_RVRSV_V1
2025-02-26,0.0001635049622189542,7.245481083480373e-05,9.105015138415062e-05,4.6988520776148115e-05,0.00011651644144280623,240,242,1.0,28cd5a0985fdc7afdcdcf37cc34c4c70ebf792a3dca0af0906eed6573be77326,225LABO_MICRO_RVRSV_V1
2025-02-27,0.00012363852364839024,6.514979402644717e-05,5.8488729621943056e-05,6.12739431010462e-05,6.236458054734403e-05,240,242,1.0,28cd5a0985fdc7afdcdcf37cc34c4c70ebf792a3dca0af0906eed6573be77326,225LABO_MICRO_RVRSV_V1
2025-02-28,0.00023357568725357957,8.840152575050212e-05,0.00014517416150307743,0.00011802975115989518,0.0001155459360936844,240,242,1.0,28cd5a0985fdc7afdcdcf37cc34c4c70ebf792a3dca0af0906eed6573be77326,225LABO_MICRO_RVRSV_V1
2025-03-03,0.000273525319093093,0.0001354051817325874,0.00013812013736050577,7.932073499316817e-05,0.00019420458409992515,240,242,1.0,28cd5a0985fdc7afdcdcf37cc34c4c70ebf792a3dca0af0906eed6573be77326,225LABO_MICRO_RVRSV_V1
2025-03-04,0.00027709139670304745,0.00011015185063093747,0.0001669395460721101,0.00011625947267372357,0.00016083192402932396,240,242,1.0,28cd5a0985fdc7afdcdcf37cc34c4c70ebf792a3dca0af0906eed6573be77326,225LABO_MICRO_RVRSV_V1
2025-03-05,0.00043361789246677146,0.00019668255125634924,0.00023693534121042208,0.00011018663394714026,0.0003234312585196312,240,242,1.0,28cd5a0985fdc7afdcdcf37cc34c4c70ebf792a3dca0af0906eed6573be77326,225LABO_MICRO_RVRSV_V1
2025-03-06,0.00028138272128392717,0.00015996973305121867,0.0001214129882327085,5.567315661596894e-05,0.00022570956466795827,240,242,1.0,28cd5a0985fdc7afdcdcf37cc34c4c70ebf792a3dca0af0906eed6573be77326,225LABO_MICRO_RVRSV_V1
2025-03-07,0.00028695659184112065,0.00011907987991606646,0.00016787671192505403,7.61681050588944e-05,0.00021078848678222618,240,242,1.0,28cd5a0985fdc7afdcdcf37cc34c4c70ebf792a3dca0af0906eed6573be77326,225LABO_MICRO_RVRSV_V1
2025-03-10,0.0003771148684460646,0.00020879633193525917,0.00016831853651080533,5.0176513300934474e-05,0.00032693835514512997,240,242,1.0,28cd5a0985fdc7afdcdcf37cc34c4c70ebf792a3dca0af0906eed6573be77326,225LABO_MICRO_RVRSV_V1
2025-03-11,0.0002781603183869095,0.0001453890540414239,0.00013277126434548564,9.392664180445075e-05,0.0001842336765824588,240,242,1.0,28cd5a0985fdc7afdcdcf37cc34c4c70ebf792a3dca0af0906eed6573be77326,225LABO_MICRO_RVRSV_V1
2025-03-12,0.0003626931450106198,0.00019469105495149828,0.00016800209005912156,6.223195930685515e-05,0.0003004611857037648,240,242,1.0,28cd5a0985fdc7afdcdcf37cc34c4c70ebf792a3dca0af0906eed6573be77326,225LABO_MICRO_RVRSV_V1
2025-03-13,0.0002054035901093946,9.621701911711274e-05,0.00010918657099228195,7.069172897769377e-05,0.00013471186113170086,240,242,1.0,28cd5a0985fdc7afdcdcf37cc34c4c70ebf792a3dca0af0906eed6573be77326,225LABO_MICRO_RVRSV_V1
2025-03-14,0.00017025079749003675,8.989058783659504e-05,8.036020965344158e-05,5.551684363024893e-05,0.00011473395385978769,240,242,1.0,28cd5a0985fdc7afdcdcf37cc34c4c70ebf792a3dca0af0906eed6573be77326,225LABO_MICRO_RVRSV_V1
2025-03-17,7.67206409353588e-05,4.1973578189891425e-05,3.474706274546736e-05,2.538501425756484e-05,5.1335626677793984e-05,240,242,1.0,28cd5a0985fdc7afdcdcf37cc34c4c70ebf792a3dca0af0906eed6573be77326,225LABO_MICRO_RVRSV_V1
2025-03-18,7.629456640186576e-05,4.4293941422156754e-05,3.2000624979708995e-05,2.4569356125125145e-05,5.172521027674057e-05,240,242,1.0,28cd5a0985fdc7afdcdcf37cc34c4c70ebf792a3dca0af0906eed6573be77326,225LABO_MICRO_RVRSV_V1
2025-03-19,9.209666270106222e-05,4.66542062841566e-05,4.544245641690563e-05,3.319277157268084e-05,5.890389112838136e-05,240,242,1.0,28cd5a0985fdc7afdcdcf37cc34c4c70ebf792a3dca0af0906eed6573be77326,225LABO_MICRO_RVRSV_V1
2025-03-20,6.815064509676022e-05,3.8099167976570576e-05,3.0051477120189654e-05,1.0586687543879602e-05,5.7563957552880626e-05,240,242,1.0,28cd5a0985fdc7afdcdcf37cc34c4c70ebf792a3dca0af0906eed6573be77326,225LABO_MICRO_RVRSV_V1
2025-03-21,0.00010690515805864218,5.657840551509335e-05,5.0326752543548844e-05,3.9433683859791285e-05,6.747147419885087e-05,240,242,1.0,28cd5a0985fdc7afdcdcf37cc34c4c70ebf792a3dca0af0906eed6573be77326,225LABO_MICRO_RVRSV_V1
2025-03-24,8.570467725968334e-05,3.794131610913518e-05,4.776336115054808e-05,3.9511333157071424e-05,4.619334410261182e-05,240,242,1.0,28cd5a0985fdc7afdcdcf37cc34c4c70ebf792a3dca0af0906eed6573be77326,225LABO_MICRO_RVRSV_V1
2025-03-25,5.7145047774218774e-05,2.6865035884256874e-05,3.0280011889961886e-05,3.1416076659755636e-05,2.5728971114463145e-05,240,242,1.0,28cd5a0985fdc7afdcdcf37cc34c4c70ebf792a3dca0af0906eed6573be77326,225LABO_MICRO_RVRSV_V1
2025-03-26,6.5449095788543e-05,2.855048461463173e-05,3.6898611173911256e-05,3.961828849015883e-05,2.5830807298384153e-05,240,242,1.0,28cd5a0985fdc7afdcdcf37cc34c4c70ebf792a3dca0af0906eed6573be77326,225LABO_MICRO_RVRSV_V1
2025-03-27,8.349157991996062e-05,4.0168108766432566e-05,4.3323471153528056e-05,4.747857906640111e-05,3.6013000853559515e-05,240,242,1.0,28cd5a0985fdc7afdcdcf37cc34c4c70ebf792a3dca0af0906eed6573be77326,225LABO_MICRO_RVRSV_V1
2025-03-28,0.00010110135258523003,4.6142374402822404e-05,5.4958978182407644e-05,4.850722930968649e-05,5.259412327554355e-05,240,242,1.0,28cd5a0985fdc7afdcdcf37cc34c4c70ebf792a3dca0af0906eed6573be77326,225LABO_MICRO_RVRSV_V1
2025-03-31,0.00023520575153237027,9.205373893538522e-05,0.00014315201259698502,0.00014876655667584484,8.643919485652552e-05,240,242,1.0,28cd5a0985fdc7afdcdcf37cc34c4c70ebf792a3dca0af0906eed6573be77326,225LABO_MICRO_RVRSV_V1
2025-04-01,0.0002812356391862552,0.00013174334490856037,0.00014949229427769502,0.00010262612953560329,0.0001786095096506521,240,242,1.0,28cd5a0985fdc7afdcdcf37cc34c4c70ebf792a3dca0af0906eed6573be77326,225LABO_MICRO_RVRSV_V1
2025-04-02,0.00020218348488979432,9.722469710854312e-05,0.00010495878778125106,5.755810955022527e-05,0.00014462537533956895,240,242,1.0,28cd5a0985fdc7afdcdcf37cc34c4c70ebf792a3dca0af0906eed6573be77326,225LABO_MICRO_RVRSV_V1
2025-04-03,0.0013148502299807564,0.0005363366444066729,0.0007785135855740847,0.000547895372915722,0.000766954857065035,240,242,1.0,28cd5a0985fdc7afdcdcf37cc34c4c70ebf792a3dca0af0906eed6573be77326,225LABO_MICRO_RVRSV_V1
2025-04-04,0.0006708128317364851,0.0003273488479755882,0.00034346398376089676,0.0003530455466586954,0.0003177672850777897,240,242,1.0,28cd5a0985fdc7afdcdcf37cc34c4c70ebf792a3dca0af0906eed6573be77326,225LABO_MICRO_RVRSV_V1
2025-04-07,0.0025157195572462314,0.001263509612181259,0.0012522099450649733,0.0011710353436516338,0.001344684213594598,240,242,1.0,28cd5a0985fdc7afdcdcf37cc34c4c70ebf792a3dca0af0906eed6573be77326,225LABO_MICRO_RVRSV_V1
2025-04-08,0.0048540660342161245,0.0026239572138538458,0.0022301088203622783,0.00039045988575967146,0.004463606148456455,240,242,1.0,28cd5a0985fdc7afdcdcf37cc34c4c70ebf792a3dca0af0906eed6573be77326,225LABO_MICRO_RVRSV_V1
2025-04-09,0.0016790380427189398,0.0008062119891248168,0.0008728260535941237,0.0006192290242363021,0.0010598090184826383,240,242,1.0,28cd5a0985fdc7afdcdcf37cc34c4c70ebf792a3dca0af0906eed6573be77326,225LABO_MICRO_RVRSV_V1
2025-04-10,0.003383099662895394,0.002398917440324256,0.0009841822225711378,0.00022931708193004832,0.0031537825809653448,240,242,1.0,28cd5a0985fdc7afdcdcf37cc34c4c70ebf792a3dca0af0906eed6573be77326,225LABO_MICRO_RVRSV_V1
2025-04-11,0.0011792512926050653,0.0005742813506793259,0.0006049699419257387,0.0003016170939330569,0.0008776341986720081,240,242,1.0,28cd5a0985fdc7afdcdcf37cc34c4c70ebf792a3dca0af0906eed6573be77326,225LABO_MICRO_RVRSV_V1
2025-04-14,0.0006001622283889896,0.0003514471102483304,0.00024871511814065974,0.00014399264394348473,0.0004561695844455052,240,242,1.0,28cd5a0985fdc7afdcdcf37cc34c4c70ebf792a3dca0af0906eed6573be77326,225LABO_MICRO_RVRSV_V1
2025-04-15,0.0002128610056085105,0.0001087393832252577,0.0001041216223832527,4.509177506656965e-05,0.00016776923054194078,240,242,1.0,28cd5a0985fdc7afdcdcf37cc34c4c70ebf792a3dca0af0906eed6573be77326,225LABO_MICRO_RVRSV_V1
2025-04-16,0.00015118251679653534,6.451291971973088e-05,8.666959707680456e-05,5.784070232705543e-05,9.334181446948e-05,240,242,1.0,28cd5a0985fdc7afdcdcf37cc34c4c70ebf792a3dca0af0906eed6573be77326,225LABO_MICRO_RVRSV_V1
2025-04-17,0.00035378346813893103,0.0002106293599424228,0.00014315410819650836,0.0001183790614703491,0.000235404406668582,240,242,1.0,28cd5a0985fdc7afdcdcf37cc34c4c70ebf792a3dca0af0906eed6573be77326,225LABO_MICRO_RVRSV_V1
2025-04-18,0.00016123230746056553,8.867172292802634e-05,7.256058453253916e-05,4.894211427179348e-05,0.00011229019318877207,240,242,1.0,28cd5a0985fdc7afdcdcf37cc34c4c70ebf792a3dca0af0906eed6573be77326,225LABO_MICRO_RVRSV_V1
2025-04-21,8.234349729997374e-05,3.464329249774381e-05,4.770020480222992e-05,5.8221742343426066e-05,2.4121754956547623e-05,240,242,1.0,28cd5a0985fdc7afdcdcf37cc34c4c70ebf792a3dca0af0906eed6573be77326,225LABO_MICRO_RVRSV_V1
2025-04-22,0.00012311773612535366,6.392858089333509e-05,5.91891552320186e-05,5.5709222803646895e-05,6.740851332170679e-05,240,242,1.0,28cd5a0985fdc7afdcdcf37cc34c4c70ebf792a3dca0af0906eed6573be77326,225LABO_MICRO_RVRSV_V1
2025-04-23,0.00019613224838502808,8.169814731704493e-05,0.00011443410106798327,9.029129259042138e-05,0.00010584095579460688,240,242,1.0,28cd5a0985fdc7afdcdcf37cc34c4c70ebf792a3dca0af0906eed6573be77326,225LABO_MICRO_RVRSV_V1
2025-04-24,0.00019197558236348563,9.265750195000943e-05,9.931808041347618e-05,4.006798641960983e-05,0.00015190759594387585,240,242,1.0,28cd5a0985fdc7afdcdcf37cc34c4c70ebf792a3dca0af0906eed6573be77326,225LABO_MICRO_RVRSV_V1
2025-04-25,0.00011545783367038448,7.148821516588762e-05,4.396961850449685e-05,5.586232434117375e-05,5.959550932921073e-05,240,242,1.0,28cd5a0985fdc7afdcdcf37cc34c4c70ebf792a3dca0af0906eed6573be77326,225LABO_MICRO_RVRSV_V1
2025-04-28,0.00012784201993366797,6.732847587064863e-05,6.051354406301939e-05,4.7820419054627424e-05,8.00216008790406e-05,240,242,1.0,28cd5a0985fdc7afdcdcf37cc34c4c70ebf792a3dca0af0906eed6573be77326,225LABO_MICRO_RVRSV_V1
2025-04-29,8.529439911537253e-05,4.067575584964344e-05,4.461864326572919e-05,1.4611822836904097e-05,7.068257627846848e-05,240,242,1.0,28cd5a0985fdc7afdcdcf37cc34c4c70ebf792a3dca0af0906eed6573be77326,225LABO_MICRO_RVRSV_V1
2025-04-30,0.00011228439017979872,5.1334377920233085e-05,6.095001225956567e-05,4.1055249080750294e-05,7.122914109904844e-05,240,242,1.0,28cd5a0985fdc7afdcdcf37cc34c4c70ebf792a3dca0af0906eed6573be77326,225LABO_MICRO_RVRSV_V1
2025-05-01,0.0001481052306892952,7.543729605231044e-05,7.266793463698455e-05,5.2309594361041575e-05,9.579563632825346e-05,240,242,1.0,28cd5a0985fdc7afdcdcf37cc34c4c70ebf792a3dca0af0906eed6573be77326,225LABO_MICRO_RVRSV_V1
2025-05-02,0.00018254831498247824,8.840752385383601e-05,9.414079112864238e-05,7.335635266063729e-05,0.00010919196232184103,240,242,1.0,28cd5a0985fdc7afdcdcf37cc34c4c70ebf792a3dca0af0906eed6573be77326,225LABO_MICRO_RVRSV_V1
2025-05-05,9.192291809282841e-05,5.817210901059436e-05,3.375080908223408e-05,1.9778598319010655e-05,7.214431977381781e-05,240,242,1.0,28cd5a0985fdc7afdcdcf37cc34c4c70ebf792a3dca0af0906eed6573be77326,225LABO_MICRO_RVRSV_V1
2025-05-06,4.288533300719295e-05,2.216198539381206e-05,2.0723347613380908e-05,1.0982874987450317e-05,3.190245801974265e-05,240,242,1.0,28cd5a0985fdc7afdcdcf37cc34c4c70ebf792a3dca0af0906eed6573be77326,225LABO_MICRO_RVRSV_V1
2025-05-07,0.0001388448143249745,6.080638087665127e-05,7.803843344832324e-05,4.898084003642588e-05,8.986397428854869e-05,240,242,1.0,28cd5a0985fdc7afdcdcf37cc34c4c70ebf792a3dca0af0906eed6573be77326,225LABO_MICRO_RVRSV_V1
2025-05-08,0.00018717396907729034,0.00010734256708879131,7.983140198849908e-05,5.60902269673899e-05,0.00013108374210990043,240,242,1.0,28cd5a0985fdc7afdcdcf37cc34c4c70ebf792a3dca0af0906eed6573be77326,225LABO_MICRO_RVRSV_V1
2025-05-09,0.00010918164516020173,5.766560567149744e-05,5.151603948870419e-05,3.093559130463164e-05,7.824605385557006e-05,240,242,1.0,28cd5a0985fdc7afdcdcf37cc34c4c70ebf792a3dca0af0906eed6573be77326,225LABO_MICRO_RVRSV_V1
2025-05-12,8.403492318499613e-05,3.59075300326562e-05,4.8127393152339984e-05,3.503300315991559e-05,4.900192002508058e-05,240,242,1.0,28cd5a0985fdc7afdcdcf37cc34c4c70ebf792a3dca0af0906eed6573be77326,225LABO_MICRO_RVRSV_V1
2025-05-13,0.00011791170658713535,5.5651605221628876e-05,6.226010136550651e-05,4.086696755354706e-05,7.704473903358836e-05,240,242,1.0,28cd5a0985fdc7afdcdcf37cc34c4c70ebf792a3dca0af0906eed6573be77326,225LABO_MICRO_RVRSV_V1
2025-05-14,8.575151915118881e-05,3.8582710276955725e-05,4.7168808874233076e-05,3.8162252479500324e-05,4.758926667168853e-05,240,242,1.0,28cd5a0985fdc7afdcdcf37cc34c4c70ebf792a3dca0af0906eed6573be77326,225LABO_MICRO_RVRSV_V1
2025-05-15,9.287569717421114e-05,3.655074284090936e-05,5.632495433330172e-05,3.3580328506987665e-05,5.9295368667223425e-05,240,242,1.0,28cd5a0985fdc7afdcdcf37cc34c4c70ebf792a3dca0af0906eed6573be77326,225LABO_MICRO_RVRSV_V1
2025-05-16,6.836415427321348e-05,3.1654391339795746e-05,3.67097629334178e-05,2.9207363489917622e-05,3.9156790783295904e-05,240,242,1.0,28cd5a0985fdc7afdcdcf37cc34c4c70ebf792a3dca0af0906eed6573be77326,225LABO_MICRO_RVRSV_V1
2025-05-19,5.57179901552925e-05,2.2741910557993526e-05,3.297607959729902e-05,2.9002011373868384e-05,2.6715978781424143e-05,240,242,1.0,28cd5a0985fdc7afdcdcf37cc34c4c70ebf792a3dca0af0906eed6573be77326,225LABO_MICRO_RVRSV_V1
2025-05-20,8.392938460893227e-05,4.353056438701962e-05,4.039882022191266e-05,4.774515645651758e-05,3.61842281524147e-05,240,242,1.0,28cd5a0985fdc7afdcdcf37cc34c4c70ebf792a3dca0af0906eed6573be77326,225LABO_MICRO_RVRSV_V1
2025-05-21,5.846292450367476e-05,2.5639603370031994e-05,3.282332113364278e-05,1.940407799051296e-05,3.905884651316182e-05,240,242,1.0,28cd5a0985fdc7afdcdcf37cc34c4c70ebf792a3dca0af0906eed6573be77326,225LABO_MICRO_RVRSV_V1
2025-05-22,0.00014037251395777612,5.972139885217034e-05,8.065111510560568e-05,2.9732312689952147e-05,0.00011064020126782397,240,242,1.0,28cd5a0985fdc7afdcdcf37cc34c4c70ebf792a3dca0af0906eed6573be77326,225LABO_MICRO_RVRSV_V1
2025-05-23,9.853842097123224e-05,5.2231610773581236e-05,4.630681019765111e-05,2.9612265239574967e-05,6.89261557316573e-05,240,242,1.0,28cd5a0985fdc7afdcdcf37cc34c4c70ebf792a3dca0af0906eed6573be77326,225LABO_MICRO_RVRSV_V1
2025-05-26,0.00019904648719539975,7.858346303684592e-05,0.00012046302415855382,4.5814432378672815e-05,0.00015323205481672706,240,242,1.0,28cd5a0985fdc7afdcdcf37cc34c4c70ebf792a3dca0af0906eed6573be77326,225LABO_MICRO_RVRSV_V1
2025-05-27,4.1794399888728596e-05,2.459621758590173e-05,1.7198182302826857e-05,2.9963020182853653e-05,1.1831379705874935e-05,240,242,1.0,28cd5a0985fdc7afdcdcf37cc34c4c70ebf792a3dca0af0906eed6573be77326,225LABO_MICRO_RVRSV_V1
2025-05-28,7.405166903246495e-05,3.189154804741123e-05,4.216012098505369e-05,3.783660341838466e-05,3.621506561408032e-05,240,242,1.0,28cd5a0985fdc7afdcdcf37cc34c4c70ebf792a3dca0af0906eed6573be77326,225LABO_MICRO_RVRSV_V1
2025-05-29,9.64477722740095e-05,5.375899400847862e-05,4.268877826553095e-05,6.257922265959489e-05,3.386854961441468e-05,240,242,1.0,28cd5a0985fdc7afdcdcf37cc34c4c70ebf792a3dca0af0906eed6573be77326,225LABO_MICRO_RVRSV_V1
2025-05-30,0.00012820253796550198,4.7015800527831845e-05,8.118673743767008e-05,3.977083041060477e-05,8.843170755489714e-05,240,242,1.0,28cd5a0985fdc7afdcdcf37cc34c4c70ebf792a3dca0af0906eed6573be77326,225LABO_MICRO_RVRSV_V1
2025-06-02,0.00012287188972717674,4.625262784932517e-05,7.661926187785159e-05,2.966527447354428e-05,9.32066152536325e-05,240,242,1.0,28cd5a0985fdc7afdcdcf37cc34c4c70ebf792a3dca0af0906eed6573be77326,225LABO_MICRO_RVRSV_V1
2025-06-03,8.1828432794362e-05,4.192607646724148e-05,3.990235632712051e-05,2.5572317319293385e-05,5.62561154750686e-05,240,242,1.0,28cd5a0985fdc7afdcdcf37cc34c4c70ebf792a3dca0af0906eed6573be77326,225LABO_MICRO_RVRSV_V1
2025-06-04,5.865215486175669e-05,3.1841513537981205e-05,2.6810641323775507e-05,3.3850089094796126e-05,2.480206576696056e-05,240,242,1.0,28cd5a0985fdc7afdcdcf37cc34c4c70ebf792a3dca0af0906eed6573be77326,225LABO_MICRO_RVRSV_V1
2025-06-05,8.099763576047795e-05,3.2129792421791586e-05,4.88678433386864e-05,2.9539089235566713e-05,5.145854652491126e-05,240,242,1.0,28cd5a0985fdc7afdcdcf37cc34c4c70ebf792a3dca0af0906eed6573be77326,225LABO_MICRO_RVRSV_V1
2025-06-06,9.728342041671114e-05,5.370896065598673e-05,4.35744597607244e-05,2.3921396345857678e-05,7.336202407085344e-05,240,242,1.0,28cd5a0985fdc7afdcdcf37cc34c4c70ebf792a3dca0af0906eed6573be77326,225LABO_MICRO_RVRSV_V1
2025-06-09,6.595404549689923e-05,4.044854473299092e-05,2.55055007639083e-05,1.93127113931732e-05,4.664133410372605e-05,240,242,1.0,28cd5a0985fdc7afdcdcf37cc34c4c70ebf792a3dca0af0906eed6573be77326,225LABO_MICRO_RVRSV_V1
2025-06-10,5.009774341435518e-05,2.4409997652506888e-05,2.5687745761848326e-05,3.3168802519207865e-05,1.6928940895147328e-05,240,242,1.0,28cd5a0985fdc7afdcdcf37cc34c4c70ebf792a3dca0af0906eed6573be77326,225LABO_MICRO_RVRSV_V1
2025-06-11,6.058837983418527e-05,3.0838059285337705e-05,2.9750320548847575e-05,2.438442575093762e-05,3.620395408324765e-05,240,242,1.0,28cd5a0985fdc7afdcdcf37cc34c4c70ebf792a3dca0af0906eed6573be77326,225LABO_MICRO_RVRSV_V1
2025-06-12,6.594065035172836e-05,2.577335503821464e-05,4.0167295313513745e-05,2.1979917389704873e-05,4.396073296202351e-05,240,242,1.0,28cd5a0985fdc7afdcdcf37cc34c4c70ebf792a3dca0af0906eed6573be77326,225LABO_MICRO_RVRSV_V1
2025-06-13,0.00012928724822315827,4.1438072192902364e-05,8.784917603025593e-05,0.0001057921097157065,2.3495138507451786e-05,240,242,1.0,28cd5a0985fdc7afdcdcf37cc34c4c70ebf792a3dca0af0906eed6573be77326,225LABO_MICRO_RVRSV_V1
2025-06-16,7.088158487644944e-05,4.193419858237231e-05,2.8947386294077095e-05,2.407525475156683e-05,4.680633012488256e-05,240,242,1.0,28cd5a0985fdc7afdcdcf37cc34c4c70ebf792a3dca0af0906eed6573be77326,225LABO_MICRO_RVRSV_V1
2025-06-17,6.50323669526024e-05,3.8850275813398205e-05,2.6182091139204234e-05,3.4901233952751123e-05,3.013113299985131e-05,240,242,1.0,28cd5a0985fdc7afdcdcf37cc34c4c70ebf792a3dca0af0906eed6573be77326,225LABO_MICRO_RVRSV_V1
2025-06-18,5.915441118295625e-05,3.7133891836271084e-05,2.2020519346685123e-05,3.1044781151370737e-05,2.810963003158547e-05,240,242,1.0,28cd5a0985fdc7afdcdcf37cc34c4c70ebf792a3dca0af0906eed6573be77326,225LABO_MICRO_RVRSV_V1
2025-06-19,8.640091052933724e-05,3.065236561827959e-05,5.57485449110577e-05,3.448093626265209e-05,5.191997426668519e-05,240,242,1.0,28cd5a0985fdc7afdcdcf37cc34c4c70ebf792a3dca0af0906eed6573be77326,225LABO_MICRO_RVRSV_V1
2025-06-20,5.374703210286445e-05,2.4841987368290574e-05,2.8905044734573862e-05,3.4594595946172315e-05,1.9152436156692132e-05,240,242,1.0,28cd5a0985fdc7afdcdcf37cc34c4c70ebf792a3dca0af0906eed6573be77326,225LABO_MICRO_RVRSV_V1
2025-06-23,9.233413332768337e-05,3.9862541565376026e-05,5.247159176230725e-05,3.8604480445905335e-05,5.372965288177799e-05,240,242,1.0,28cd5a0985fdc7afdcdcf37cc34c4c70ebf792a3dca0af0906eed6573be77326,225LABO_MICRO_RVRSV_V1
2025-06-24,8.94735403908074e-05,5.227163461388058e-05,3.720190577692683e-05,5.5498383116938235e-05,3.397515727386916e-05,240,242,1.0,28cd5a0985fdc7afdcdcf37cc34c4c70ebf792a3dca0af0906eed6573be77326,225LABO_MICRO_RVRSV_V1
2025-06-25,5.5026297274145836e-05,2.5890271666477994e-05,2.913602560766784e-05,3.7540964580024554e-05,1.7485332694121275e-05,240,242,1.0,28cd5a0985fdc7afdcdcf37cc34c4c70ebf792a3dca0af0906eed6573be77326,225LABO_MICRO_RVRSV_V1
2025-06-26,4.342092251671456e-05,2.6786287590516886e-05,1.663463492619769e-05,2.9344490304371473e-05,1.4076432212343092e-05,240,242,1.0,28cd5a0985fdc7afdcdcf37cc34c4c70ebf792a3dca0af0906eed6573be77326,225LABO_MICRO_RVRSV_V1
2025-06-27,4.9167539907437475e-05,3.0147527616282988e-05,1.9020012291154505e-05,3.1091423144083186e-05,1.8076116763354307e-05,240,242,1.0,28cd5a0985fdc7afdcdcf37cc34c4c70ebf792a3dca0af0906eed6573be77326,225LABO_MICRO_RVRSV_V1
2025-06-30,8.52630440051186e-05,3.8289539670936586e-05,4.697350433418201e-05,5.262883730848997e-05,3.2634206696628624e-05,240,242,1.0,28cd5a0985fdc7afdcdcf37cc34c4c70ebf792a3dca0af0906eed6573be77326,225LABO_MICRO_RVRSV_V1
2025-07-01,6.325321314931367e-05,2.395382827337461e-05,3.929938487593905e-05,3.463795925502282e-05,2.8615253894290872e-05,240,242,1.0,28cd5a0985fdc7afdcdcf37cc34c4c70ebf792a3dca0af0906eed6573be77326,225LABO_MICRO_RVRSV_V1
2025-07-02,7.651008666974087e-05,4.001959505117465e-05,3.649049161856628e-05,3.637612578565134e-05,4.013396088408959e-05,240,242,1.0,28cd5a0985fdc7afdcdcf37cc34c4c70ebf792a3dca0af0906eed6573be77326,225LABO_MICRO_RVRSV_V1
2025-07-03,6.616272778724695e-05,2.750687742757001e-05,3.865585035967695e-05,2.987413851868892e-05,3.628858926855801e-05,240,242,1.0,28cd5a0985fdc7afdcdcf37cc34c4c70ebf792a3dca0af0906eed6573be77326,225LABO_MICRO_RVRSV_V1
2025-07-04,9.057764875647531e-05,6.357769078361079e-05,2.6999957972864477e-05,2.58859686495808e-05,6.469168010689446e-05,240,242,1.0,28cd5a0985fdc7afdcdcf37cc34c4c70ebf792a3dca0af0906eed6573be77326,225LABO_MICRO_RVRSV_V1
2025-07-07,4.9368147970141334e-05,1.932873778237202e-05,3.0039410187769295e-05,3.150809985466156e-05,1.7860048115479762e-05,240,242,1.0,28cd5a0985fdc7afdcdcf37cc34c4c70ebf792a3dca0af0906eed6573be77326,225LABO_MICRO_RVRSV_V1
2025-07-08,0.00011001125519050802,5.7695771684980086e-05,5.2315483505528024e-05,4.923853835645067e-05,6.077271683405742e-05,240,242,1.0,28cd5a0985fdc7afdcdcf37cc34c4c70ebf792a3dca0af0906eed6573be77326,225LABO_MICRO_RVRSV_V1
2025-07-09,6.071506671173999e-05,2.495474083270697e-05,3.5760325879033024e-05,3.643664917723417e-05,2.427841753450584e-05,240,242,1.0,28cd5a0985fdc7afdcdcf37cc34c4c70ebf792a3dca0af0906eed6573be77326,225LABO_MICRO_RVRSV_V1
2025-07-10,4.561032724927949e-05,2.0028069509893117e-05,2.558225773938638e-05,2.8727121971961998e-05,1.6883205277317508e-05,240,242,1.0,28cd5a0985fdc7afdcdcf37cc34c4c70ebf792a3dca0af0906eed6573be77326,225LABO_MICRO_RVRSV_V1
2025-07-11,9.460891508950358e-05,3.049728130939088e-05,6.411163378011268e-05,8.246075113398663e-05,1.2148163955516926e-05,240,242,1.0,28cd5a0985fdc7afdcdcf37cc34c4c70ebf792a3dca0af0906eed6573be77326,225LABO_MICRO_RVRSV_V1
2025-07-14,5.092694676207301e-05,2.8728262676506397e-05,2.219868408556661e-05,2.639773776925866e-05,2.4529208992814342e-05,240,242,1.0,28cd5a0985fdc7afdcdcf37cc34c4c70ebf792a3dca0af0906eed6573be77326,225LABO_MICRO_RVRSV_V1
2025-07-15,7.022116539236773e-05,3.3087018840430135e-05,3.713414655193763e-05,5.116703075369636e-05,1.9054134638671398e-05,240,242,1.0,28cd5a0985fdc7afdcdcf37cc34c4c70ebf792a3dca0af0906eed6573be77326,225LABO_MICRO_RVRSV_V1
2025-07-16,7.45317471335735e-05,3.388040119320425e-05,4.065134594036928e-05,4.699627048134191e-05,2.7535476652231628e-05,240,242,1.0,28cd5a0985fdc7afdcdcf37cc34c4c70ebf792a3dca0af0906eed6573be77326,225LABO_MICRO_RVRSV_V1
2025-07-17,0.00011826338098464095,5.0934324212070253e-05,6.732905677257069e-05,3.688183620833089e-05,8.138154477631e-05,240,242,1.0,28cd5a0985fdc7afdcdcf37cc34c4c70ebf792a3dca0af0906eed6573be77326,225LABO_MICRO_RVRSV_V1
2025-07-18,4.637962035466812e-05,2.0932264422149357e-05,2.544735593251879e-05,2.9565609271537636e-05,1.6814011083130496e-05,240,242,1.0,28cd5a0985fdc7afdcdcf37cc34c4c70ebf792a3dca0af0906eed6573be77326,225LABO_MICRO_RVRSV_V1
2025-07-21,2.1185746131186107e-05,8.939080436995823e-06,1.2246665694190284e-05,8.587428839184855e-06,1.2598317292001252e-05,240,242,1.0,28cd5a0985fdc7afdcdcf37cc34c4c70ebf792a3dca0af0906eed6573be77326,225LABO_MICRO_RVRSV_V1
2025-07-22,8.988048659814628e-05,5.5056193752159664e-05,3.482429284598662e-05,7.759200980041462e-05,1.228847679773169e-05,240,242,1.0,28cd5a0985fdc7afdcdcf37cc34c4c70ebf792a3dca0af0906eed6573be77326,225LABO_MICRO_RVRSV_V1
2025-07-23,0.0001264717773571246,8.479050784423768e-05,4.168126951288693e-05,9.73572512629204e-05,2.9114526094204228e-05,240,242,1.0,28cd5a0985fdc7afdcdcf37cc34c4c70ebf792a3dca0af0906eed6573be77326,225LABO_MICRO_RVRSV_V1
2025-07-24,0.0001125658511101084,6.456528413591856e-05,4.800056697418979e-05,6.720182017855618e-05,4.536403093155219e-05,240,242,1.0,28cd5a0985fdc7afdcdcf37cc34c4c70ebf792a3dca0af0906eed6573be77326,225LABO_MICRO_RVRSV_V1
2025-07-25,4.962904539535243e-05,2.0459417023360592e-05,2.9169628371991828e-05,2.4088788410579596e-05,2.5540256984772823e-05,240,242,1.0,28cd5a0985fdc7afdcdcf37cc34c4c70ebf792a3dca0af0906eed6573be77326,225LABO_MICRO_RVRSV_V1
2025-07-28,0.00010241587222045435,3.341813428570407e-05,6.899773793475028e-05,8.139244486827424e-05,2.102342735218012e-05,240,242,1.0,28cd5a0985fdc7afdcdcf37cc34c4c70ebf792a3dca0af0906eed6573be77326,225LABO_MICRO_RVRSV_V1
2025-07-29,4.523688800787158e-05,2.0497333263062556e-05,2.4739554744809024e-05,2.8346918402223977e-05,1.68899696056476e-05,240,242,1.0,28cd5a0985fdc7afdcdcf37cc34c4c70ebf792a3dca0af0906eed6573be77326,225LABO_MICRO_RVRSV_V1
2025-07-30,4.9530916787710284e-05,2.052802457405222e-05,2.9002892213658028e-05,2.7650385473117765e-05,2.1880531314592478e-05,240,242,1.0,28cd5a0985fdc7afdcdcf37cc34c4c70ebf792a3dca0af0906eed6573be77326,225LABO_MICRO_RVRSV_V1
2025-07-31,6.005694107508011e-05,3.1927101087158285e-05,2.8129839987921807e-05,3.276604555504012e-05,2.729089552003997e-05,240,242,1.0,28cd5a0985fdc7afdcdcf37cc34c4c70ebf792a3dca0af0906eed6573be77326,225LABO_MICRO_RVRSV_V1
2025-08-01,8.773579861272521e-05,4.277242617192779e-05,4.496337244079746e-05,4.4500797304008945e-05,4.3235001308716294e-05,240,242,1.0,28cd5a0985fdc7afdcdcf37cc34c4c70ebf792a3dca0af0906eed6573be77326,225LABO_MICRO_RVRSV_V1
2025-08-04,0.00015353824113825283,6.936858864217117e-05,8.416965249608167e-05,5.4720716291724974e-05,9.881752484652784e-05,240,242,1.0,28cd5a0985fdc7afdcdcf37cc34c4c70ebf792a3dca0af0906eed6573be77326,225LABO_MICRO_RVRSV_V1
2025-08-05,5.3262548553691924e-05,3.0122154513600957e-05,2.3140394040090923e-05,2.729339357387329e-05,2.596915497981862e-05,240,242,1.0,28cd5a0985fdc7afdcdcf37cc34c4c70ebf792a3dca0af0906eed6573be77326,225LABO_MICRO_RVRSV_V1
2025-08-06,6.459813734932117e-05,3.21312501774705e-05,3.246688717185068e-05,3.367504901662663e-05,3.092308833269454e-05,240,242,1.0,28cd5a0985fdc7afdcdcf37cc34c4c70ebf792a3dca0af0906eed6573be77326,225LABO_MICRO_RVRSV_V1
2025-08-07,8.091065136169585e-05,4.903558648585224e-05,3.1875064875843523e-05,4.479160069498814e-05,3.611905066670764e-05,240,242,1.0,28cd5a0985fdc7afdcdcf37cc34c4c70ebf792a3dca0af0906eed6573be77326,225LABO_MICRO_RVRSV_V1
2025-08-08,0.00010016034585325537,6.452144973210533e-05,3.5638896121149995e-05,6.286597540257874e-05,3.729437045067658e-05,240,242,1.0,28cd5a0985fdc7afdcdcf37cc34c4c70ebf792a3dca0af0906eed6573be77326,225LABO_MICRO_RVRSV_V1
2025-08-11,5.32786636968538e-05,3.260008357663356e-05,2.067858012022025e-05,1.9964276784379928e-05,3.331438691247389e-05,240,242,1.0,28cd5a0985fdc7afdcdcf37cc34c4c70ebf792a3dca0af0906eed6573be77326,225LABO_MICRO_RVRSV_V1
2025-08-12,0.00012880865761983476,7.251285712436786e-05,5.629580049546692e-05,0.00010542205135780615,2.3386606262028623e-05,240,242,1.0,28cd5a0985fdc7afdcdcf37cc34c4c70ebf792a3dca0af0906eed6573be77326,225LABO_MICRO_RVRSV_V1
2025-08-13,0.00010965483283429392,5.9684286297249105e-05,4.997054653704483e-05,4.864844406692397e-05,6.1006388767369946e-05,240,242,1.0,28cd5a0985fdc7afdcdcf37cc34c4c70ebf792a3dca0af0906eed6573be77326,225LABO_MICRO_RVRSV_V1
2025-08-14,7.272345878256958e-05,2.2960197760581098e-05,4.97632610219885e-05,4.3711541621918934e-05,2.9011917160650663e-05,240,242,1.0,28cd5a0985fdc7afdcdcf37cc34c4c70ebf792a3dca0af0906eed6573be77326,225LABO_MICRO_RVRSV_V1
2025-08-15,0.0001126092780519728,6.086165093396974e-05,5.1747627118003134e-05,6.603695249234589e-05,4.657232555962696e-05,240,242,1.0,28cd5a0985fdc7afdcdcf37cc34c4c70ebf792a3dca0af0906eed6573be77326,225LABO_MICRO_RVRSV_V1
2025-08-18,0.00010150807969819896,4.880606500731112e-05,5.270201469088778e-05,5.847295458105526e-05,4.3035125117143666e-05,240,242,1.0,28cd5a0985fdc7afdcdcf37cc34c4c70ebf792a3dca0af0906eed6573be77326,225LABO_MICRO_RVRSV_V1
2025-08-19,6.366520873427858e-05,2.626683750560256e-05,3.7398371228676044e-05,4.295139389975028e-05,2.0713814834528308e-05,240,242,1.0,28cd5a0985fdc7afdcdcf37cc34c4c70ebf792a3dca0af0906eed6573be77326,225LABO_MICRO_RVRSV_V1
2025-08-20,9.206152336156092e-05,2.5819849515869835e-05,6.624167384569102e-05,6.241235126485191e-05,2.9649172096708988e-05,240,242,1.0,28cd5a0985fdc7afdcdcf37cc34c4c70ebf792a3dca0af0906eed6573be77326,225LABO_MICRO_RVRSV_V1
2025-08-21,7.871189733309361e-05,3.3761010386858e-05,4.495088694623549e-05,2.9185701477254602e-05,4.9526195855838905e-05,240,242,1.0,28cd5a0985fdc7afdcdcf37cc34c4c70ebf792a3dca0af0906eed6573be77326,225LABO_MICRO_RVRSV_V1
2025-08-22,0.00010816058446804258,4.419141553512581e-05,6.396916893291671e-05,6.800286762195288e-05,4.0157716846089665e-05,240,242,1.0,28cd5a0985fdc7afdcdcf37cc34c4c70ebf792a3dca0af0906eed6573be77326,225LABO_MICRO_RVRSV_V1
2025-08-25,9.683368354717704e-05,4.9579752281272955e-05,4.72539312659041e-05,3.865729266999857e-05,5.817639087717847e-05,240,242,1.0,28cd5a0985fdc7afdcdcf37cc34c4c70ebf792a3dca0af0906eed6573be77326,225LABO_MICRO_RVRSV_V1
2025-08-26,8.989389702224576e-05,2.814671499857663e-05,6.17471820236691e-05,7.425300911386129e-05,1.564088790838443e-05,240,242,1.0,28cd5a0985fdc7afdcdcf37cc34c4c70ebf792a3dca0af0906eed6573be77326,225LABO_MICRO_RVRSV_V1
2025-08-27,6.631671972189632e-05,3.204085089170936e-05,3.427586883018696e-05,3.965384574183863e-05,2.6662873980057714e-05,240,242,1.0,28cd5a0985fdc7afdcdcf37cc34c4c70ebf792a3dca0af0906eed6573be77326,225LABO_MICRO_RVRSV_V1
2025-08-28,0.00010727432325568305,6.651972466899008e-05,4.075459858669304e-05,7.92391060776074e-05,2.8035217178075665e-05,240,242,1.0,28cd5a0985fdc7afdcdcf37cc34c4c70ebf792a3dca0af0906eed6573be77326,225LABO_MICRO_RVRSV_V1
2025-08-29,5.993275417029167e-05,2.4104123555713744e-05,3.5828630614577955e-05,3.609409724458264e-05,2.383865692570902e-05,240,242,1.0,28cd5a0985fdc7afdcdcf37cc34c4c70ebf792a3dca0af0906eed6573be77326,225LABO_MICRO_RVRSV_V1
2025-09-01,9.182029213414573e-05,3.033496943457844e-05,6.148532269956729e-05,5.994886058563654e-05,3.1871431548509174e-05,240,242,1.0,28cd5a0985fdc7afdcdcf37cc34c4c70ebf792a3dca0af0906eed6573be77326,225LABO_MICRO_RVRSV_V1
2025-09-02,6.397050798640659e-05,3.332218511622401e-05,3.064832287018254e-05,5.28891318266854e-05,1.1081376159721167e-05,240,242,1.0,28cd5a0985fdc7afdcdcf37cc34c4c70ebf792a3dca0af0906eed6573be77326,225LABO_MICRO_RVRSV_V1
2025-09-03,9.333079155969392e-05,5.0569151241472305e-05,4.2761640318221635e-05,5.324047663427675e-05,4.009031492541718e-05,240,242,1.0,28cd5a0985fdc7afdcdcf37cc34c4c70ebf792a3dca0af0906eed6573be77326,225LABO_MICRO_RVRSV_V1
2025-09-04,7.441037639232974e-05,5.000403791094774e-05,2.440633848138203e-05,4.4657897965808166e-05,2.975247842652158e-05,240,242,1.0,28cd5a0985fdc7afdcdcf37cc34c4c70ebf792a3dca0af0906eed6573be77326,225LABO_MICRO_RVRSV_V1
2025-09-05,8.768839902166649e-05,4.412428232078701e-05,4.3564116700879454e-05,6.096910223543253e-05,2.671929678623393e-05,240,242,1.0,28cd5a0985fdc7afdcdcf37cc34c4c70ebf792a3dca0af0906eed6573be77326,225LABO_MICRO_RVRSV_V1
2025-09-08,0.0001378229154769999,6.499881839689153e-05,7.282409708010847e-05,6.928789930717501e-05,6.853501616982502e-05,240,242,1.0,28cd5a0985fdc7afdcdcf37cc34c4c70ebf792a3dca0af0906eed6573be77326,225LABO_MICRO_RVRSV_V1
2025-09-09,7.361897745789132e-05,3.760652891419235e-05,3.601244854369892e-05,4.5398295680632933e-05,2.8220681777258358e-05,240,242,1.0,28cd5a0985fdc7afdcdcf37cc34c4c70ebf792a3dca0af0906eed6573be77326,225LABO_MICRO_RVRSV_V1
2025-09-10,7.392213802088693e-05,3.92919934778695e-05,3.4630144543017325e-05,2.9080572263495284e-05,4.4841565757391585e-05,240,242,1.0,28cd5a0985fdc7afdcdcf37cc34c4c70ebf792a3dca0af0906eed6573be77326,225LABO_MICRO_RVRSV_V1
2025-09-11,9.566381903439806e-05,5.060053414824619e-05,4.5063284886151946e-05,5.8026011385748135e-05,3.7637807648650004e-05,240,242,1.0,28cd5a0985fdc7afdcdcf37cc34c4c70ebf792a3dca0af0906eed6573be77326,225LABO_MICRO_RVRSV_V1
2025-09-12,7.197748360443024e-05,3.412341920701019e-05,3.7854064397420055e-05,4.302863419161935e-05,2.894884941281092e-05,240,242,1.0,28cd5a0985fdc7afdcdcf37cc34c4c70ebf792a3dca0af0906eed6573be77326,225LABO_MICRO_RVRSV_V1
2025-09-16,7.460048382314023e-05,3.366421110278312e-05,4.093627272035706e-05,5.282650050734673e-05,2.177398331579345e-05,240,242,1.0,28cd5a0985fdc7afdcdcf37cc34c4c70ebf792a3dca0af0906eed6573be77326,225LABO_MICRO_RVRSV_V1
2025-09-17,4.826983536731818e-05,2.5242417304045713e-05,2.3027418063272512e-05,3.512730460037735e-05,1.3142530766940856e-05,240,242,1.0,28cd5a0985fdc7afdcdcf37cc34c4c70ebf792a3dca0af0906eed6573be77326,225LABO_MICRO_RVRSV_V1
2025-09-18,0.00013432124049447236,7.151030925944102e-05,6.281093123503142e-05,5.359036163084561e-05,8.073087886362685e-05,240,242,1.0,28cd5a0985fdc7afdcdcf37cc34c4c70ebf792a3dca0af0906eed6573be77326,225LABO_MICRO_RVRSV_V1
2025-09-19,0.0002485733198183736,9.574655228390099e-05,0.00015282676753447264,0.000212095320082788,3.647799973558558e-05,240,242,1.0,28cd5a0985fdc7afdcdcf37cc34c4c70ebf792a3dca0af0906eed6573be77326,225LABO_MICRO_RVRSV_V1
2025-09-22,9.592823462711097e-05,6.083814234184667e-05,3.509009228526429e-05,6.39041231906447e-05,3.202411143646628e-05,240,242,1.0,28cd5a0985fdc7afdcdcf37cc34c4c70ebf792a3dca0af0906eed6573be77326,225LABO_MICRO_RVRSV_V1
2025-09-23,3.96480450794298e-05,2.24667028028583e-05,1.7181342276571493e-05,1.7397343386798132e-05,2.2250701692631665e-05,240,242,1.0,28cd5a0985fdc7afdcdcf37cc34c4c70ebf792a3dca0af0906eed6573be77326,225LABO_MICRO_RVRSV_V1
2025-09-24,5.855564251323302e-05,2.5067996571468044e-05,3.348764594176496e-05,3.983997688929699e-05,1.8715665623936024e-05,240,242,1.0,28cd5a0985fdc7afdcdcf37cc34c4c70ebf792a3dca0af0906eed6573be77326,225LABO_MICRO_RVRSV_V1
2025-09-25,5.727106510115954e-05,2.836981280680677e-05,2.8901252294352785e-05,3.4922465178338864e-05,2.2348599922820687e-05,240,242,1.0,28cd5a0985fdc7afdcdcf37cc34c4c70ebf792a3dca0af0906eed6573be77326,225LABO_MICRO_RVRSV_V1
2025-09-26,0.00010357560956178216,4.561582200727005e-05,5.795978755451215e-05,5.4277187269762945e-05,4.929842229201923e-05,240,242,1.0,28cd5a0985fdc7afdcdcf37cc34c4c70ebf792a3dca0af0906eed6573be77326,225LABO_MICRO_RVRSV_V1
2025-09-29,8.737386436455688e-05,4.4603566152537164e-05,4.2770298212019666e-05,4.71299100901451e-05,4.024395427441176e-05,240,242,1.0,28cd5a0985fdc7afdcdcf37cc34c4c70ebf792a3dca0af0906eed6573be77326,225LABO_MICRO_RVRSV_V1
2025-09-30,6.0690150903540386e-05,2.7528228189707074e-05,3.316192271383326e-05,4.266408569451784e-05,1.8026065209022538e-05,240,242,1.0,28cd5a0985fdc7afdcdcf37cc34c4c70ebf792a3dca0af0906eed6573be77326,225LABO_MICRO_RVRSV_V1
2025-10-01,9.999230048458065e-05,4.1993685001968786e-05,5.799861548261187e-05,7.282402777014376e-05,2.7168272714436863e-05,240,242,1.0,28cd5a0985fdc7afdcdcf37cc34c4c70ebf792a3dca0af0906eed6573be77326,225LABO_MICRO_RVRSV_V1
2025-10-02,9.6989764383601e-05,5.620807058157994e-05,4.078169380202097e-05,6.112765911627779e-05,3.586210526732311e-05,240,242,1.0,28cd5a0985fdc7afdcdcf37cc34c4c70ebf792a3dca0af0906eed6573be77326,225LABO_MICRO_RVRSV_V1
2025-10-03,8.741153406678848e-05,5.6718512847662024e-05,3.069302121912648e-05,6.117453953929191e-05,2.6236994527496568e-05,240,242,1.0,28cd5a0985fdc7afdcdcf37cc34c4c70ebf792a3dca0af0906eed6573be77326,225LABO_MICRO_RVRSV_V1
2025-10-06,0.00023189738480703924,0.00010983255418341964,0.00012206483062361957,0.0001909309357934585,4.096644901358073e-05,240,242,1.0,28cd5a0985fdc7afdcdcf37cc34c4c70ebf792a3dca0af0906eed6573be77326,225LABO_MICRO_RVRSV_V1
2025-10-07,0.00013913041632164716,6.571499409344046e-05,7.341542222820679e-05,7.76635222895902e-05,6.146689403205707e-05,240,242,1.0,28cd5a0985fdc7afdcdcf37cc34c4c70ebf792a3dca0af0906eed6573be77326,225LABO_MICRO_RVRSV_V1
2025-10-08,0.00011068242238778514,4.9095374371805864e-05,6.158704801597931e-05,4.81399357264671e-05,6.254248666131807e-05,240,242,1.0,28cd5a0985fdc7afdcdcf37cc34c4c70ebf792a3dca0af0906eed6573be77326,225LABO_MICRO_RVRSV_V1
2025-10-09,8.595607313023799e-05,5.701726091246653e-05,2.8938812217771467e-05,6.195035008522428e-05,2.4005723045013705e-05,240,242,1.0,28cd5a0985fdc7afdcdcf37cc34c4c70ebf792a3dca0af0906eed6573be77326,225LABO_MICRO_RVRSV_V1
2025-10-10,0.0002443498823264913,4.2739422860174744e-05,0.00020161045946631665,0.00019135401808034074,5.299586424615061e-05,240,242,1.0,28cd5a0985fdc7afdcdcf37cc34c4c70ebf792a3dca0af0906eed6573be77326,225LABO_MICRO_RVRSV_V1
2025-10-13,0.00047852947149487705,0.00010876335719142904,0.0003697661143034482,5.2165924412605246e-05,0.0004263635470822718,240,242,1.0,28cd5a0985fdc7afdcdcf37cc34c4c70ebf792a3dca0af0906eed6573be77326,225LABO_MICRO_RVRSV_V1
2025-10-14,0.00030440211406755483,0.0001598877264179029,0.00014451438764965193,0.00024583763933820857,5.856447472934628e-05,240,242,1.0,28cd5a0985fdc7afdcdcf37cc34c4c70ebf792a3dca0af0906eed6573be77326,225LABO_MICRO_RVRSV_V1
2025-10-15,0.0001684732285312348,9.747655847123666e-05,7.099667005999822e-05,6.114236784104498e-05,0.0001073308606901899,240,242,1.0,28cd5a0985fdc7afdcdcf37cc34c4c70ebf792a3dca0af0906eed6573be77326,225LABO_MICRO_RVRSV_V1
2025-10-16,0.00013374028191971704,7.189376960427259e-05,6.184651231544457e-05,5.653901438419924e-05,7.720126753551792e-05,240,242,1.0,28cd5a0985fdc7afdcdcf37cc34c4c70ebf792a3dca0af0906eed6573be77326,225LABO_MICRO_RVRSV_V1
2025-10-17,0.00019693457290743914,7.714066622807471e-05,0.00011979390667936436,7.997594306682184e-05,0.00011695862984061724,240,242,1.0,28cd5a0985fdc7afdcdcf37cc34c4c70ebf792a3dca0af0906eed6573be77326,225LABO_MICRO_RVRSV_V1
2025-10-20,0.00020645565488751244,0.00015282829579021332,5.362735909729914e-05,5.83934200422011e-05,0.00014806223484531143,240,242,1.0,28cd5a0985fdc7afdcdcf37cc34c4c70ebf792a3dca0af0906eed6573be77326,225LABO_MICRO_RVRSV_V1
2025-10-21,0.00014835671942635813,5.835381946790772e-05,9.000289995845042e-05,0.00011428096550557344,3.407575392078471e-05,240,242,1.0,28cd5a0985fdc7afdcdcf37cc34c4c70ebf792a3dca0af0906eed6573be77326,225LABO_MICRO_RVRSV_V1
2025-10-22,0.00015391855146733725,6.598426152316593e-05,8.793428994417138e-05,9.728919780179615e-05,5.6629353665541104e-05,240,242,1.0,28cd5a0985fdc7afdcdcf37cc34c4c70ebf792a3dca0af0906eed6573be77326,225LABO_MICRO_RVRSV_V1
2025-10-23,0.00016691923167733847,6.770782038395275e-05,9.921141129338571e-05,5.908907592780547e-05,0.00010783015574953294,240,242,1.0,28cd5a0985fdc7afdcdcf37cc34c4c70ebf792a3dca0af0906eed6573be77326,225LABO_MICRO_RVRSV_V1
2025-10-24,9.36859771954883e-05,4.793238177901717e-05,4.575359541647115e-05,4.954773482621356e-05,4.413824236927473e-05,240,242,1.0,28cd5a0985fdc7afdcdcf37cc34c4c70ebf792a3dca0af0906eed6573be77326,225LABO_MICRO_RVRSV_V1
2025-10-27,8.9895599535355e-05,5.4994291978687805e-05,3.4901307556667224e-05,6.176347218769023e-05,2.8132127347664794e-05,240,242,1.0,28cd5a0985fdc7afdcdcf37cc34c4c70ebf792a3dca0af0906eed6573be77326,225LABO_MICRO_RVRSV_V1
2025-10-28,8.585459751796995e-05,4.95311322785284e-05,3.632346523944158e-05,6.904285688720954e-05,1.6811740630760438e-05,240,242,1.0,28cd5a0985fdc7afdcdcf37cc34c4c70ebf792a3dca0af0906eed6573be77326,225LABO_MICRO_RVRSV_V1
2025-10-29,8.700760877203085e-05,5.531626808376853e-05,3.169134068826231e-05,6.620642918356096e-05,2.0801179588469895e-05,240,242,1.0,28cd5a0985fdc7afdcdcf37cc34c4c70ebf792a3dca0af0906eed6573be77326,225LABO_MICRO_RVRSV_V1
2025-10-30,0.00028818804625162697,0.00012786165005302934,0.00016032639619859774,0.00018128455421647486,0.00010690349203515222,240,242,1.0,28cd5a0985fdc7afdcdcf37cc34c4c70ebf792a3dca0af0906eed6573be77326,225LABO_MICRO_RVRSV_V1
2025-10-31,0.00019706102566091133,0.00011515161298002702,8.190941268088436e-05,0.0001109137928004013,8.614723286051004e-05,240,242,1.0,28cd5a0985fdc7afdcdcf37cc34c4c70ebf792a3dca0af0906eed6573be77326,225LABO_MICRO_RVRSV_V1
2025-11-03,6.775939695771544e-05,2.828962274224202e-05,3.9469774215473386e-05,1.542844591996005e-05,5.233095103775537e-05,240,242,1.0,28cd5a0985fdc7afdcdcf37cc34c4c70ebf792a3dca0af0906eed6573be77326,225LABO_MICRO_RVRSV_V1
2025-11-04,0.00011528635553399228,4.950991353928613e-05,6.577644199470615e-05,8.241816733700846e-05,3.286818819698382e-05,240,242,1.0,28cd5a0985fdc7afdcdcf37cc34c4c70ebf792a3dca0af0906eed6573be77326,225LABO_MICRO_RVRSV_V1
2025-11-05,0.0004006867446294309,0.0001871430565285637,0.00021354368810086693,0.00031088967987317995,8.97970647562508e-05,240,242,1.0,28cd5a0985fdc7afdcdcf37cc34c4c70ebf792a3dca0af0906eed6573be77326,225LABO_MICRO_RVRSV_V1
2025-11-06,0.0002195481468024609,0.00010151193454225184,0.00011803621226020898,0.00013795350464382365,8.159464215863728e-05,240,242,1.0,28cd5a0985fdc7afdcdcf37cc34c4c70ebf792a3dca0af0906eed6573be77326,225LABO_MICRO_RVRSV_V1
2025-11-07,0.0002961375744596547,0.00012975669023868218,0.00016638088422097236,0.00013463207424769288,0.0001615055002119617,240,242,1.0,28cd5a0985fdc7afdcdcf37cc34c4c70ebf792a3dca0af0906eed6573be77326,225LABO_MICRO_RVRSV_V1
2025-11-10,0.00023665150090834724,9.95156178267681e-05,0.00013713588308157911,7.696485505963852e-05,0.00015968664584870872,240,242,1.0,28cd5a0985fdc7afdcdcf37cc34c4c70ebf792a3dca0af0906eed6573be77326,225LABO_MICRO_RVRSV_V1
2025-11-11,0.00014941511617119145,7.641827514675685e-05,7.299684102443464e-05,0.00010172437420375943,4.769074196743201e-05,240,242,1.0,28cd5a0985fdc7afdcdcf37cc34c4c70ebf792a3dca0af0906eed6573be77326,225LABO_MICRO_RVRSV_V1
2025-11-12,0.00011518559384362928,5.557739015468227e-05,5.960820368894702e-05,7.274383862508525e-05,4.244175521854401e-05,240,242,1.0,28cd5a0985fdc7afdcdcf37cc34c4c70ebf792a3dca0af0906eed6573be77326,225LABO_MICRO_RVRSV_V1
2025-11-13,0.00010075196968961495,5.7657332765122634e-05,4.309463692449238e-05,6.22359099310934e-05,3.8516059758521606e-05,240,242,1.0,28cd5a0985fdc7afdcdcf37cc34c4c70ebf792a3dca0af0906eed6573be77326,225LABO_MICRO_RVRSV_V1
2025-11-14,0.0001808450610190029,7.984978211228864e-05,0.0001009952789067142,8.4439924520327e-05,9.640513649867587e-05,240,242,1.0,28cd5a0985fdc7afdcdcf37cc34c4c70ebf792a3dca0af0906eed6573be77326,225LABO_MICRO_RVRSV_V1
2025-11-17,0.00022694789013152786,0.00011348051823382208,0.00011346737189770583,9.204819350662138e-05,0.00013489969662490648,240,242,1.0,28cd5a0985fdc7afdcdcf37cc34c4c70ebf792a3dca0af0906eed6573be77326,225LABO_MICRO_RVRSV_V1
2025-11-18,0.0002914692740682263,0.00011555723506411419,0.0001759120390041122,0.00017171854752932742,0.00011975072653889901,240,242,1.0,28cd5a0985fdc7afdcdcf37cc34c4c70ebf792a3dca0af0906eed6573be77326,225LABO_MICRO_RVRSV_V1
2025-11-19,0.0002967969919242319,0.00015309686505679743,0.00014370012686743455,0.00013686201636997576,0.00015993497555425617,240,242,1.0,28cd5a0985fdc7afdcdcf37cc34c4c70ebf792a3dca0af0906eed6573be77326,225LABO_MICRO_RVRSV_V1
2025-11-20,0.0002490564474323779,0.00013408000300886344,0.00011497644442351457,0.0001464209706908208,0.00010263547674155713,240,242,1.0,28cd5a0985fdc7afdcdcf37cc34c4c70ebf792a3dca0af0906eed6573be77326,225LABO_MICRO_RVRSV_V1
2025-11-21,0.0003845100612341674,0.0001532617914869898,0.0002312482697471775,0.00012080121289501803,0.00026370884833914923,240,242,1.0,28cd5a0985fdc7afdcdcf37cc34c4c70ebf792a3dca0af0906eed6573be77326,225LABO_MICRO_RVRSV_V1
2025-11-24,0.0003591722345413664,0.00018869500525853943,0.0001704772292828272,5.87557330001447e-05,0.00030041650154122166,240,242,1.0,28cd5a0985fdc7afdcdcf37cc34c4c70ebf792a3dca0af0906eed6573be77326,225LABO_MICRO_RVRSV_V1
2025-11-25,0.00021082236129925226,7.87914793799478e-05,0.00013203088191930445,0.00011694350201172547,9.387885928752676e-05,240,242,1.0,28cd5a0985fdc7afdcdcf37cc34c4c70ebf792a3dca0af0906eed6573be77326,225LABO_MICRO_RVRSV_V1
2025-11-26,0.00020170274680516315,0.00010088463955122607,0.00010081810725393727,4.944716671711513e-05,0.00015225558008804814,240,242,1.0,28cd5a0985fdc7afdcdcf37cc34c4c70ebf792a3dca0af0906eed6573be77326,225LABO_MICRO_RVRSV_V1
2025-11-27,8.810358439912824e-05,4.871560694058692e-05,3.938797745854128e-05,3.6966508934876384e-05,5.1137075464251854e-05,240,242,1.0,28cd5a0985fdc7afdcdcf37cc34c4c70ebf792a3dca0af0906eed6573be77326,225LABO_MICRO_RVRSV_V1
2025-11-28,4.333820749428035e-05,1.996674864495382e-05,2.3371458849326516e-05,3.043195393161383e-05,1.290625356266651e-05,240,242,1.0,28cd5a0985fdc7afdcdcf37cc34c4c70ebf792a3dca0af0906eed6573be77326,225LABO_MICRO_RVRSV_V1
2025-12-01,9.911327128529144e-05,2.4466272064281944e-05,7.464699922100947e-05,8.557689345887331e-05,1.3536377826418124e-05,240,242,1.0,28cd5a0985fdc7afdcdcf37cc34c4c70ebf792a3dca0af0906eed6573be77326,225LABO_MICRO_RVRSV_V1
2025-12-02,0.00010042387181754293,5.632172196515222e-05,4.4102149852390695e-05,4.7148132029175986e-05,5.327573978836691e-05,240,242,1.0,28cd5a0985fdc7afdcdcf37cc34c4c70ebf792a3dca0af0906eed6573be77326,225LABO_MICRO_RVRSV_V1
2025-12-03,0.00010488317964681567,5.7007358546759304e-05,4.787582110005631e-05,5.201252063921741e-05,5.28706590075982e-05,240,242,1.0,28cd5a0985fdc7afdcdcf37cc34c4c70ebf792a3dca0af0906eed6573be77326,225LABO_MICRO_RVRSV_V1
2025-12-04,0.00016148959004443384,9.884479565522572e-05,6.264479438920813e-05,6.896396885101726e-05,9.252562119341661e-05,240,242,1.0,28cd5a0985fdc7afdcdcf37cc34c4c70ebf792a3dca0af0906eed6573be77326,225LABO_MICRO_RVRSV_V1
2025-12-05,9.729689082283086e-05,4.2144188979108846e-05,5.5152701843721964e-05,4.202861675279306e-05,5.526827407003774e-05,240,242,1.0,28cd5a0985fdc7afdcdcf37cc34c4c70ebf792a3dca0af0906eed6573be77326,225LABO_MICRO_RVRSV_V1
2025-12-08,0.0001194952519219562,3.432264697443201e-05,8.51726049475242e-05,8.178494560908287e-05,3.771030631287333e-05,240,242,1.0,28cd5a0985fdc7afdcdcf37cc34c4c70ebf792a3dca0af0906eed6573be77326,225LABO_MICRO_RVRSV_V1
2025-12-09,8.37280106219541e-05,4.6040015066010945e-05,3.76879955559431e-05,4.913484227394308e-05,3.4593168348010986e-05,240,242,1.0,28cd5a0985fdc7afdcdcf37cc34c4c70ebf792a3dca0af0906eed6573be77326,225LABO_MICRO_RVRSV_V1
2025-12-10,8.619440962982489e-05,3.4945855844407135e-05,5.124855378541778e-05,5.472794701777195e-05,3.1466462612052974e-05,240,242,1.0,28cd5a0985fdc7afdcdcf37cc34c4c70ebf792a3dca0af0906eed6573be77326,225LABO_MICRO_RVRSV_V1
2025-12-11,0.00013593991314805203,5.695707182832633e-05,7.898284131972558e-05,8.847353283791709e-05,4.7466380310134834e-05,240,242,1.0,28cd5a0985fdc7afdcdcf37cc34c4c70ebf792a3dca0af0906eed6573be77326,225LABO_MICRO_RVRSV_V1
2025-12-12,0.00011824429279642346,5.968925945268276e-05,5.855503334374071e-05,6.70123515855645e-05,5.123194121085896e-05,240,242,1.0,28cd5a0985fdc7afdcdcf37cc34c4c70ebf792a3dca0af0906eed6573be77326,225LABO_MICRO_RVRSV_V1
2025-12-15,0.00015188754555882318,5.5171522750484234e-05,9.671602280833904e-05,5.484245517106852e-05,9.704509038775477e-05,240,242,1.0,28cd5a0985fdc7afdcdcf37cc34c4c70ebf792a3dca0af0906eed6573be77326,225LABO_MICRO_RVRSV_V1
2025-12-16,0.00013405529308143548,5.330607488826503e-05,8.07492181931705e-05,8.266865003989957e-05,5.138664304153597e-05,240,242,1.0,28cd5a0985fdc7afdcdcf37cc34c4c70ebf792a3dca0af0906eed6573be77326,225LABO_MICRO_RVRSV_V1
2025-12-17,0.0001900240133566236,7.196011920951972e-05,0.00011806389414710386,0.00013332264025538388,5.670137310123972e-05,240,242,1.0,28cd5a0985fdc7afdcdcf37cc34c4c70ebf792a3dca0af0906eed6573be77326,225LABO_MICRO_RVRSV_V1
2025-12-18,0.00013873213080271978,6.360148100525053e-05,7.513064979746927e-05,7.962408638374043e-05,5.910804441897937e-05,240,242,1.0,28cd5a0985fdc7afdcdcf37cc34c4c70ebf792a3dca0af0906eed6573be77326,225LABO_MICRO_RVRSV_V1
2025-12-19,0.00014644047881650878,7.466703992651208e-05,7.177343888999667e-05,7.54271985563401e-05,7.101328026016865e-05,240,242,1.0,28cd5a0985fdc7afdcdcf37cc34c4c70ebf792a3dca0af0906eed6573be77326,225LABO_MICRO_RVRSV_V1
2025-12-22,7.165040443900713e-05,4.200543311257665e-05,2.9644971326430562e-05,3.070347836330663e-05,4.094692607570055e-05,240,242,1.0,28cd5a0985fdc7afdcdcf37cc34c4c70ebf792a3dca0af0906eed6573be77326,225LABO_MICRO_RVRSV_V1
2025-12-23,4.631458031503693e-05,2.125157989985165e-05,2.5063000415185275e-05,2.6943919009163033e-05,1.9370661305873898e-05,240,242,1.0,28cd5a0985fdc7afdcdcf37cc34c4c70ebf792a3dca0af0906eed6573be77326,225LABO_MICRO_RVRSV_V1
2025-12-24,4.12214169902212e-05,2.2053220049172955e-05,1.9168196941048268e-05,1.850944031986894e-05,2.271197667035227e-05,240,242,1.0,28cd5a0985fdc7afdcdcf37cc34c4c70ebf792a3dca0af0906eed6573be77326,225LABO_MICRO_RVRSV_V1
2025-12-25,2.097006516529285e-05,1.170708613384156e-05,9.262979031451294e-06,1.0622402202214643e-05,1.034766296307822e-05,240,242,1.0,28cd5a0985fdc7afdcdcf37cc34c4c70ebf792a3dca0af0906eed6573be77326,225LABO_MICRO_RVRSV_V1
2025-12-26,3.078542677582924e-05,1.9165737871122388e-05,1.1619688904706864e-05,2.9402476084217592e-05,1.3829506916116468e-06,240,242,1.0,28cd5a0985fdc7afdcdcf37cc34c4c70ebf792a3dca0af0906eed6573be77326,225LABO_MICRO_RVRSV_V1
2025-12-29,9.832110604011145e-05,3.2072753858468895e-05,6.624835218164253e-05,8.297579956013747e-05,1.534530647997399e-05,240,242,1.0,28cd5a0985fdc7afdcdcf37cc34c4c70ebf792a3dca0af0906eed6573be77326,225LABO_MICRO_RVRSV_V1
2025-12-30,5.4795048170450816e-05,2.752586538562011e-05,2.726918278483073e-05,3.0819753379385e-05,2.3975294791065832e-05,240,242,1.0,28cd5a0985fdc7afdcdcf37cc34c4c70ebf792a3dca0af0906eed6573be77326,225LABO_MICRO_RVRSV_V1
2026-01-05,0.00010102987636284018,7.35263580133481e-05,2.7503518349492067e-05,8.937047306714674e-05,1.1659403295693436e-05,240,242,1.0,e6149c02097814f885a1414cb405ff687b2c4be0aeaef561d9a20b7881c58378,225LABO_MICRO_RVRSV_V1
2026-01-06,9.833152847720944e-05,6.407194496366109e-05,3.4259583513548324e-05,7.449001076714947e-05,2.384151771005996e-05,240,242,1.0,e6149c02097814f885a1414cb405ff687b2c4be0aeaef561d9a20b7881c58378,225LABO_MICRO_RVRSV_V1
2026-01-07,7.197565484944775e-05,3.2006642252452343e-05,3.996901259699543e-05,4.095510196198371e-05,3.1020552887464074e-05,240,242,1.0,e6149c02097814f885a1414cb405ff687b2c4be0aeaef561d9a20b7881c58378,225LABO_MICRO_RVRSV_V1
2026-01-08,7.8881623790978e-05,3.1936405617705846e-05,4.6945218173272145e-05,5.7131352009909935e-05,2.1750271781068052e-05,240,242,1.0,e6149c02097814f885a1414cb405ff687b2c4be0aeaef561d9a20b7881c58378,225LABO_MICRO_RVRSV_V1
2026-01-09,9.51919148454347e-05,5.5004042226568166e-05,4.018787261886655e-05,5.338943871262373e-05,4.180247613281101e-05,240,242,1.0,e6149c02097814f885a1414cb405ff687b2c4be0aeaef561d9a20b7881c58378,225LABO_MICRO_RVRSV_V1
2026-01-12,0.00028504016634720746,0.0002112402242998243,7.379994204738306e-05,5.9886155309744675e-05,0.00022515401103746278,240,242,1.0,e6149c02097814f885a1414cb405ff687b2c4be0aeaef561d9a20b7881c58378,225LABO_MICRO_RVRSV_V1
2026-01-13,0.00011087696464224725,5.42000071019009e-05,5.6676957540346415e-05,7.114984722865551e-05,3.9727117413591756e-05,240,242,1.0,e6149c02097814f885a1414cb405ff687b2c4be0aeaef561d9a20b7881c58378,225LABO_MICRO_RVRSV_V1
2026-01-14,0.00013179344149515226,7.739251654389088e-05,5.440092495126138e-05,8.030701433325843e-05,5.148642716189382e-05,240,242,1.0,e6149c02097814f885a1414cb405ff687b2c4be0aeaef561d9a20b7881c58378,225LABO_MICRO_RVRSV_V1
2026-01-15,0.00018629200778388062,9.366118613851558e-05,9.263082164536488e-05,7.795217593475632e-05,0.00010833983184912414,240,242,1.0,e6149c02097814f885a1414cb405ff687b2c4be0aeaef561d9a20b7881c58378,225LABO_MICRO_RVRSV_V1
2026-01-16,8.312055681602932e-05,4.075862017959492e-05,4.236193663643445e-05,4.0400341149215186e-05,4.272021566681418e-05,240,242,1.0,e6149c02097814f885a1414cb405ff687b2c4be0aeaef561d9a20b7881c58378,225LABO_MICRO_RVRSV_V1
2026-01-19,7.909223778885177e-05,3.764870138620587e-05,4.1443536402645876e-05,5.215881671720262e-05,2.6933421071649137e-05,240,242,1.0,e6149c02097814f885a1414cb405ff687b2c4be0aeaef561d9a20b7881c58378,225LABO_MICRO_RVRSV_V1
2026-01-20,0.00010291258133288681,3.254793670954047e-05,7.036464462334633e-05,7.74556011265532e-05,2.5456980206333603e-05,240,242,1.0,e6149c02097814f885a1414cb405ff687b2c4be0aeaef561d9a20b7881c58378,225LABO_MICRO_RVRSV_V1
2026-01-21,0.00020460457378386723,0.0001389894157833739,6.56151580004933e-05,0.00010639565162162328,9.820892216224388e-05,240,242,1.0,e6149c02097814f885a1414cb405ff687b2c4be0aeaef561d9a20b7881c58378,225LABO_MICRO_RVRSV_V1
2026-01-22,0.00016402772184892565,0.00010315972723439711,6.086799461452844e-05,4.261185067762893e-05,0.0001214158711712966,240,242,1.0,e6149c02097814f885a1414cb405ff687b2c4be0aeaef561d9a20b7881c58378,225LABO_MICRO_RVRSV_V1
2026-01-23,8.791004505928102e-05,3.69124888519177e-05,5.09975562073633e-05,5.482223936103082e-05,3.308780569825018e-05,240,242,1.0,e6149c02097814f885a1414cb405ff687b2c4be0aeaef561d9a20b7881c58378,225LABO_MICRO_RVRSV_V1
2026-01-26,0.00013566032685819864,6.302352984003277e-05,7.26367970181659e-05,7.227073153518524e-05,6.338959532301339e-05,240,242,1.0,e6149c02097814f885a1414cb405ff687b2c4be0aeaef561d9a20b7881c58378,225LABO_MICRO_RVRSV_V1
2026-01-27,0.00011440092732360285,5.0246233412649824e-05,6.415469391095307e-05,4.915113016566238e-05,6.524979715794051e-05,240,242,1.0,e6149c02097814f885a1414cb405ff687b2c4be0aeaef561d9a20b7881c58378,225LABO_MICRO_RVRSV_V1
2026-01-28,0.0002296031570507316,0.00014194765074213394,8.765550630859774e-05,0.00014172501705592857,8.787813999480306e-05,240,242,1.0,e6149c02097814f885a1414cb405ff687b2c4be0aeaef561d9a20b7881c58378,225LABO_MICRO_RVRSV_V1
2026-01-29,0.00023396833243464517,8.442927442610624e-05,0.00014953905800853886,0.00014105147701018596,9.291685542445919e-05,240,242,1.0,e6149c02097814f885a1414cb405ff687b2c4be0aeaef561d9a20b7881c58378,225LABO_MICRO_RVRSV_V1
2026-01-30,0.00015875629477041117,7.297078810187372e-05,8.578550666853747e-05,6.530691851269863e-05,9.344937625771256e-05,240,242,1.0,e6149c02097814f885a1414cb405ff687b2c4be0aeaef561d9a20b7881c58378,225LABO_MICRO_RVRSV_V1
2026-02-02,0.0003048207882910095,0.00014910936242669626,0.00015571142586431346,0.0001816000416536608,0.00012322074663734885,240,242,1.0,e6149c02097814f885a1414cb405ff687b2c4be0aeaef561d9a20b7881c58378,225LABO_MICRO_RVRSV_V1
2026-02-03,0.00010344569687700987,6.86429104954122e-05,3.480278638159771e-05,5.448310631227368e-05,4.896259056473623e-05,240,242,1.0,e6149c02097814f885a1414cb405ff687b2c4be0aeaef561d9a20b7881c58378,225LABO_MICRO_RVRSV_V1
2026-02-04,0.0001652704319812584,9.090173353309156e-05,7.436869844816675e-05,4.9676875212932553e-05,0.00011559355676832582,240,242,1.0,e6149c02097814f885a1414cb405ff687b2c4be0aeaef561d9a20b7881c58378,225LABO_MICRO_RVRSV_V1
2026-02-05,0.00027224864171278474,0.00011720993905739076,0.000155038702655394,9.514583102029737e-05,0.00017710281069248734,240,242,1.0,e6149c02097814f885a1414cb405ff687b2c4be0aeaef561d9a20b7881c58378,225LABO_MICRO_RVRSV_V1
2026-02-06,0.00028328388025656144,0.0001587146648245474,0.00012456921543201413,0.00010728066524315859,0.00017600321501340296,240,242,1.0,e6149c02097814f885a1414cb405ff687b2c4be0aeaef561d9a20b7881c58378,225LABO_MICRO_RVRSV_V1
2026-02-09,0.0003504169538859173,0.0001440738684505765,0.00020634308543534074,0.00024308892047448773,0.00010732803341142947,240,242,1.0,e6149c02097814f885a1414cb405ff687b2c4be0aeaef561d9a20b7881c58378,225LABO_MICRO_RVRSV_V1
2026-02-10,0.00019695674361463087,0.00010928326573770084,8.767347787693e-05,9.223718251139034e-05,0.00010471956110324054,240,242,1.0,e6149c02097814f885a1414cb405ff687b2c4be0aeaef561d9a20b7881c58378,225LABO_MICRO_RVRSV_V1
2026-02-11,0.00016657374827696458,9.234446027951894e-05,7.422928799744555e-05,3.295307034763614e-05,0.00013362067792932833,240,242,1.0,e6149c02097814f885a1414cb405ff687b2c4be0aeaef561d9a20b7881c58378,225LABO_MICRO_RVRSV_V1
2026-02-12,0.0002546968391350308,0.000133219725993728,0.00012147711314130293,8.499290747111005e-05,0.00016970393166392073,240,242,1.0,e6149c02097814f885a1414cb405ff687b2c4be0aeaef561d9a20b7881c58378,225LABO_MICRO_RVRSV_V1
2026-02-13,0.00025046055542271854,0.00011549030339047411,0.00013497025203224438,0.00011469376359065229,0.00013576679183206628,240,242,1.0,e6149c02097814f885a1414cb405ff687b2c4be0aeaef561d9a20b7881c58378,225LABO_MICRO_RVRSV_V1
2026-02-16,0.00019117064860910848,8.693894987213203e-05,0.00010423169873697659,6.098589252014822e-05,0.00013018475608896028,240,242,1.0,e6149c02097814f885a1414cb405ff687b2c4be0aeaef561d9a20b7881c58378,225LABO_MICRO_RVRSV_V1
2026-02-17,8.994381802755184e-05,3.448649855144836e-05,5.5457319476103424e-05,6.997343753811536e-05,1.9970380489436463e-05,240,242,1.0,e6149c02097814f885a1414cb405ff687b2c4be0aeaef561d9a20b7881c58378,225LABO_MICRO_RVRSV_V1
2026-02-18,0.00015686290350608808,9.474767573106188e-05,6.211522777502627e-05,3.132530152900677e-05,0.00012553760197708136,240,242,1.0,e6149c02097814f885a1414cb405ff687b2c4be0aeaef561d9a20b7881c58378,225LABO_MICRO_RVRSV_V1
2026-02-19,8.172675532729864e-05,4.7384060601129914e-05,3.434269472616874e-05,2.9893277838320367e-05,5.18334774889783e-05,240,242,1.0,e6149c02097814f885a1414cb405ff687b2c4be0aeaef561d9a20b7881c58378,225LABO_MICRO_RVRSV_V1
2026-02-20,0.00010978864553643248,4.395453037883955e-05,6.583411515759287e-05,4.3974582177667636e-05,6.581406335876483e-05,240,242,1.0,e6149c02097814f885a1414cb405ff687b2c4be0aeaef561d9a20b7881c58378,225LABO_MICRO_RVRSV_V1
2026-02-23,0.00010788624767025039,5.3676440533285014e-05,5.420980713696535e-05,3.206718403600146e-05,7.581906363424894e-05,240,242,1.0,e6149c02097814f885a1414cb405ff687b2c4be0aeaef561d9a20b7881c58378,225LABO_MICRO_RVRSV_V1
2026-02-24,0.00012493105628952962,7.383397156775046e-05,5.109708472177916e-05,8.02605818815985e-05,4.467047440793113e-05,240,242,1.0,e6149c02097814f885a1414cb405ff687b2c4be0aeaef561d9a20b7881c58378,225LABO_MICRO_RVRSV_V1
2026-02-25,0.00011280633416695213,7.032759957613235e-05,4.247873459081979e-05,6.06675751481611e-05,5.213875901879104e-05,240,242,1.0,e6149c02097814f885a1414cb405ff687b2c4be0aeaef561d9a20b7881c58378,225LABO_MICRO_RVRSV_V1
2026-02-26,0.00011363414931133186,5.950622536113662e-05,5.412792395019522e-05,7.392233138851202e-05,3.971181792281981e-05,240,242,1.0,e6149c02097814f885a1414cb405ff687b2c4be0aeaef561d9a20b7881c58378,225LABO_MICRO_RVRSV_V1
2026-02-27,0.00013777733286377198,7.145819259485468e-05,6.631914026891733e-05,5.01869346267502e-05,8.759039823702179e-05,240,242,1.0,e6149c02097814f885a1414cb405ff687b2c4be0aeaef561d9a20b7881c58378,225LABO_MICRO_RVRSV_V1
2026-03-02,0.0002319155433144132,0.00011302264035592234,0.00011889290295849086,0.0001444810083460383,8.74345349683749e-05,240,242,1.0,e6149c02097814f885a1414cb405ff687b2c4be0aeaef561d9a20b7881c58378,225LABO_MICRO_RVRSV_V1
2026-03-03,0.00033915484610979284,0.00015767952555724535,0.00018147532055254767,0.00017598240874315286,0.0001631724373666401,240,242,1.0,e6149c02097814f885a1414cb405ff687b2c4be0aeaef561d9a20b7881c58378,225LABO_MICRO_RVRSV_V1
2026-03-04,0.0012592938438771096,0.0005787962637857102,0.0006804975800914001,0.0006807093485675941,0.0005785844953095159,240,242,1.0,e6149c02097814f885a1414cb405ff687b2c4be0aeaef561d9a20b7881c58378,225LABO_MICRO_RVRSV_V1
2026-03-05,0.000564724060891003,0.00029682033149949034,0.00026790372939151247,0.0002853483111224552,0.0002793757497685477,240,242,1.0,e6149c02097814f885a1414cb405ff687b2c4be0aeaef561d9a20b7881c58378,225LABO_MICRO_RVRSV_V1
2026-03-06,0.0006410548370964319,0.00034527410032285697,0.00029578073677357514,0.00019963618477532752,0.0004414186523211046,240,242,1.0,e6149c02097814f885a1414cb405ff687b2c4be0aeaef561d9a20b7881c58378,225LABO_MICRO_RVRSV_V1
2026-03-09,0.0010157109994449042,0.0005017956749470486,0.0005139153244978555,0.000593945214379951,0.0004217657850649531,240,242,1.0,e6149c02097814f885a1414cb405ff687b2c4be0aeaef561d9a20b7881c58378,225LABO_MICRO_RVRSV_V1
2026-03-10,0.0009041059295914611,0.0005609911779739112,0.0003431147516175502,0.00023232577937903223,0.0006717801502124285,240,242,1.0,e6149c02097814f885a1414cb405ff687b2c4be0aeaef561d9a20b7881c58378,225LABO_MICRO_RVRSV_V1
2026-03-11,0.0005096268023445778,0.00023811362181012485,0.0002715131805344532,0.00014642868327098115,0.0003631981190735966,240,242,1.0,e6149c02097814f885a1414cb405ff687b2c4be0aeaef561d9a20b7881c58378,225LABO_MICRO_RVRSV_V1
2026-03-12,0.0004587439218457163,0.00020584725365644163,0.00025289666818927476,0.00019758441483631992,0.0002611595070093964,240,242,1.0,e6149c02097814f885a1414cb405ff687b2c4be0aeaef561d9a20b7881c58378,225LABO_MICRO_RVRSV_V1
2026-03-13,0.00038962957514531284,0.0001666066444165931,0.00022302293072871992,0.00017427904954346273,0.0002153505256018502,240,242,1.0,e6149c02097814f885a1414cb405ff687b2c4be0aeaef561d9a20b7881c58378,225LABO_MICRO_RVRSV_V1
2026-03-16,0.0003496411249121406,0.00018034986760624691,0.00016929125730589373,9.869453943667447e-05,0.00025094658547546606,240,242,1.0,e6149c02097814f885a1414cb405ff687b2c4be0aeaef561d9a20b7881c58378,225LABO_MICRO_RVRSV_V1
2026-03-17,0.00023840090613357816,0.00012050047724517109,0.00011790042888840704,9.494264661493664e-05,0.00014345825951864156,240,242,1.0,e6149c02097814f885a1414cb405ff687b2c4be0aeaef561d9a20b7881c58378,225LABO_MICRO_RVRSV_V1
2026-03-18,0.00018098698895362286,0.00010769878601764741,7.328820293597534e-05,8.13140351874098e-05,9.967295376621293e-05,240,242,1.0,e6149c02097814f885a1414cb405ff687b2c4be0aeaef561d9a20b7881c58378,225LABO_MICRO_RVRSV_V1
2026-03-19,0.00024449442099498306,8.453359110429137e-05,0.00015996082989069168,8.203104288477794e-05,0.00016246337811020515,240,242,1.0,e6149c02097814f885a1414cb405ff687b2c4be0aeaef561d9a20b7881c58378,225LABO_MICRO_RVRSV_V1
2026-03-20,0.0005300702697905,0.00029015608172515216,0.00023991418806534778,6.897000908148265e-05,0.0004611002607090177,240,242,1.0,e6149c02097814f885a1414cb405ff687b2c4be0aeaef561d9a20b7881c58378,225LABO_MICRO_RVRSV_V1
2026-03-23,0.0005711983601841702,0.00023436705546111836,0.00033683130472305213,0.0002707957882360381,0.0003004025719481323,240,242,1.0,e6149c02097814f885a1414cb405ff687b2c4be0aeaef561d9a20b7881c58378,225LABO_MICRO_RVRSV_V1
2026-03-24,0.0030437597139567276,0.0025102873587724227,0.0005334723551843029,0.0002527004658484238,0.0027910592481083037,240,242,1.0,e6149c02097814f885a1414cb405ff687b2c4be0aeaef561d9a20b7881c58378,225LABO_MICRO_RVRSV_V1
2026-03-25,0.0006783606611947395,0.0004034528522358909,0.00027490780895884925,0.00010683471174864831,0.0005715259494460913,240,242,1.0,e6149c02097814f885a1414cb405ff687b2c4be0aeaef561d9a20b7881c58378,225LABO_MICRO_RVRSV_V1
2026-03-26,0.00034180961837099703,0.00016037672633195159,0.0001814328920390456,0.00012325708797185088,0.00021855253039914632,240,242,1.0,e6149c02097814f885a1414cb405ff687b2c4be0aeaef561d9a20b7881c58378,225LABO_MICRO_RVRSV_V1
2026-03-27,0.00037709895295826376,0.00018603379918362222,0.0001910651537746415,0.00014846832575800782,0.00022863062720025583,240,242,1.0,e6149c02097814f885a1414cb405ff687b2c4be0aeaef561d9a20b7881c58378,225LABO_MICRO_RVRSV_V1
2026-03-30,0.00047492134238162723,0.00024074299480334743,0.00023417834757827989,0.00031569806285136826,0.00015922327953025886,240,242,1.0,e6149c02097814f885a1414cb405ff687b2c4be0aeaef561d9a20b7881c58378,225LABO_MICRO_RVRSV_V1
2026-03-31,0.0004873008916783934,0.00026630493755071467,0.00022099595412767903,0.00035245443103155933,0.00013484646064683417,240,242,1.0,e6149c02097814f885a1414cb405ff687b2c4be0aeaef561d9a20b7881c58378,225LABO_MICRO_RVRSV_V1
2026-04-01,0.00048167442553702865,0.00031788425418504296,0.00016379017135198558,0.00011775684301984056,0.00036391758251718787,240,242,1.0,e6149c02097814f885a1414cb405ff687b2c4be0aeaef561d9a20b7881c58378,225LABO_MICRO_RVRSV_V1
2026-04-02,0.0004589478104379279,0.0001418009437551643,0.00031714686668276367,0.00025413121930301867,0.00020481659113490939,240,242,1.0,e6149c02097814f885a1414cb405ff687b2c4be0aeaef561d9a20b7881c58378,225LABO_MICRO_RVRSV_V1
2026-04-03,0.000347093399501006,0.0002250645297103274,0.00012202886979067844,0.00010356642765048893,0.00024352697185051699,240,242,1.0,e6149c02097814f885a1414cb405ff687b2c4be0aeaef561d9a20b7881c58378,225LABO_MICRO_RVRSV_V1
2026-04-06,0.00016774621579203352,0.00010850715641446276,5.9239059377570745e-05,0.00014081166662772277,2.6934549164310692e-05,240,242,1.0,e6149c02097814f885a1414cb405ff687b2c4be0aeaef561d9a20b7881c58378,225LABO_MICRO_RVRSV_V1
2026-04-07,0.00017563741869556455,8.07214155973456e-05,9.491600309821882e-05,7.901455717872454e-05,9.662286151683992e-05,240,242,1.0,e6149c02097814f885a1414cb405ff687b2c4be0aeaef561d9a20b7881c58378,225LABO_MICRO_RVRSV_V1
2026-04-08,0.00032103878901241047,0.00018877135524340675,0.00013226743376900356,9.84626642747528e-05,0.00022257612473765748,240,242,1.0,e6149c02097814f885a1414cb405ff687b2c4be0aeaef561d9a20b7881c58378,225LABO_MICRO_RVRSV_V1
2026-04-09,0.0002552745215976898,0.00012017524146652815,0.00013509928013116145,0.00010053809294933523,0.00015473642864835457,240,242,1.0,e6149c02097814f885a1414cb405ff687b2c4be0aeaef561d9a20b7881c58378,225LABO_MICRO_RVRSV_V1
2026-04-10,0.00015698320325728063,9.420854284569577e-05,6.277466041158498e-05,5.1548737529860184e-05,0.00010543446572742041,240,242,1.0,e6149c02097814f885a1414cb405ff687b2c4be0aeaef561d9a20b7881c58378,225LABO_MICRO_RVRSV_V1
2026-04-13,0.00014732315215533026,9.912643169805895e-05,4.819672045727129e-05,7.54353707023283e-05,7.188778145300193e-05,240,242,1.0,e6149c02097814f885a1414cb405ff687b2c4be0aeaef561d9a20b7881c58378,225LABO_MICRO_RVRSV_V1
2026-04-14,0.00012960563515483276,9.262831936160224e-05,3.697731579323053e-05,4.577484002428267e-05,8.383079513055019e-05,240,242,1.0,e6149c02097814f885a1414cb405ff687b2c4be0aeaef561d9a20b7881c58378,225LABO_MICRO_RVRSV_V1
2026-04-15,9.302229855158685e-05,4.5567763564601995e-05,4.745453498698481e-05,5.2903956591898966e-05,4.011834195968781e-05,240,242,1.0,e6149c02097814f885a1414cb405ff687b2c4be0aeaef561d9a20b7881c58378,225LABO_MICRO_RVRSV_V1
2026-04-16,0.00010236227237828629,6.272488476452402e-05,3.963738761376231e-05,6.594833282830533e-05,3.641393954998098e-05,240,242,1.0,e6149c02097814f885a1414cb405ff687b2c4be0aeaef561d9a20b7881c58378,225LABO_MICRO_RVRSV_V1
2026-04-17,9.679559123227306e-05,3.5521976971380736e-05,6.127361426089234e-05,4.171192511633917e-05,5.5083666115933883e-05,240,242,1.0,e6149c02097814f885a1414cb405ff687b2c4be0aeaef561d9a20b7881c58378,225LABO_MICRO_RVRSV_V1
2026-04-20,0.0001594083317690942,0.00010077791867253175,5.863041309656257e-05,4.28124140068799e-05,0.00011659591776221435,240,242,1.0,e6149c02097814f885a1414cb405ff687b2c4be0aeaef561d9a20b7881c58378,225LABO_MICRO_RVRSV_V1
2026-04-21,8.716408595960359e-05,5.407939214646276e-05,3.3084693813140854e-05,4.3336676164632565e-05,4.382740979497102e-05,240,242,1.0,e6149c02097814f885a1414cb405ff687b2c4be0aeaef561d9a20b7881c58378,225LABO_MICRO_RVRSV_V1
2026-04-22,0.00021684485312184167,0.00011138413970533091,0.00010546071341651081,4.7498924646645646e-05,0.00016934592847519606,240,242,1.0,e6149c02097814f885a1414cb405ff687b2c4be0aeaef561d9a20b7881c58378,225LABO_MICRO_RVRSV_V1
2026-04-23,0.0003073992356480533,0.00013058717772888927,0.00017681205791916403,0.00025116685625146235,5.6232379396590926e-05,240,242,1.0,e6149c02097814f885a1414cb405ff687b2c4be0aeaef561d9a20b7881c58378,225LABO_MICRO_RVRSV_V1
2026-04-24,0.00023739126215306905,0.000114370762691676,0.00012302049946139303,9.869960347409177e-05,0.00013869165867897728,240,242,1.0,e6149c02097814f885a1414cb405ff687b2c4be0aeaef561d9a20b7881c58378,225LABO_MICRO_RVRSV_V1
2026-04-27,0.0002584762943348966,0.00012666149905077415,0.0001318147952841225,0.00017419040795944746,8.428588637544915e-05,240,242,1.0,e6149c02097814f885a1414cb405ff687b2c4be0aeaef561d9a20b7881c58378,225LABO_MICRO_RVRSV_V1
2026-04-28,9.483774228185335e-05,3.894072154107326e-05,5.5897020740780055e-05,4.7921949943903694e-05,4.691579233794958e-05,240,242,1.0,e6149c02097814f885a1414cb405ff687b2c4be0aeaef561d9a20b7881c58378,225LABO_MICRO_RVRSV_V1
2026-04-29,0.00010054373880006932,4.3841912075244245e-05,5.6701826724825064e-05,1.9552317959830887e-05,8.09914208402384e-05,240,242,1.0,e6149c02097814f885a1414cb405ff687b2c4be0aeaef561d9a20b7881c58378,225LABO_MICRO_RVRSV_V1
2026-04-30,0.00018041988692953117,9.510553577102125e-05,8.53143511585098e-05,9.254394072906031e-05,8.787594620047075e-05,240,242,1.0,e6149c02097814f885a1414cb405ff687b2c4be0aeaef561d9a20b7881c58378,225LABO_MICRO_RVRSV_V1
2026-05-01,0.0001095648819796937,5.229294335575444e-05,5.727193862393925e-05,2.828950540310955e-05,8.127537657658415e-05,240,242,1.0,e6149c02097814f885a1414cb405ff687b2c4be0aeaef561d9a20b7881c58378,225LABO_MICRO_RVRSV_V1
2026-05-04,8.672387994414582e-05,4.885022369215741e-05,3.787365625198837e-05,3.0108254927044928e-05,5.661562501710083e-05,240,242,1.0,e6149c02097814f885a1414cb405ff687b2c4be0aeaef561d9a20b7881c58378,225LABO_MICRO_RVRSV_V1
2026-05-05,0.00013000724498547601,6.088532479570926e-05,6.912192018976673e-05,1.5012924777863258e-05,0.00011499432020761279,240,242,1.0,e6149c02097814f885a1414cb405ff687b2c4be0aeaef561d9a20b7881c58378,225LABO_MICRO_RVRSV_V1
2026-05-06,8.876343817131807e-05,5.638126976156417e-05,3.238216840975388e-05,4.8890724644617126e-05,3.987271352670094e-05,240,242,1.0,e6149c02097814f885a1414cb405ff687b2c4be0aeaef561d9a20b7881c58378,225LABO_MICRO_RVRSV_V1
2026-05-07,0.00017991884982930797,0.00012085309845559286,5.906575137371503e-05,6.123951176056505e-05,0.00011867933806874294,240,242,1.0,e6149c02097814f885a1414cb405ff687b2c4be0aeaef561d9a20b7881c58378,225LABO_MICRO_RVRSV_V1
2026-05-08,0.00014872461590113582,7.286969330162617e-05,7.585492259950966e-05,5.8746132380045534e-05,8.997848352109015e-05,240,242,1.0,e6149c02097814f885a1414cb405ff687b2c4be0aeaef561d9a20b7881c58378,225LABO_MICRO_RVRSV_V1
2026-05-11,0.0001105682989302095,5.0193703972999433e-05,6.03745949572101e-05,5.165745256931825e-05,5.891084636089124e-05,240,242,1.0,e6149c02097814f885a1414cb405ff687b2c4be0aeaef561d9a20b7881c58378,225LABO_MICRO_RVRSV_V1
2026-05-12,0.00016821169629132696,7.450750507812574e-05,9.370419121320125e-05,0.00012808238112420296,4.0129315167124056e-05,240,242,1.0,e6149c02097814f885a1414cb405ff687b2c4be0aeaef561d9a20b7881c58378,225LABO_MICRO_RVRSV_V1
2026-05-13,0.00014444302278035967,8.541953559153606e-05,5.902348718882362e-05,7.375541546484872e-05,7.068760731551097e-05,240,242,1.0,e6149c02097814f885a1414cb405ff687b2c4be0aeaef561d9a20b7881c58378,225LABO_MICRO_RVRSV_V1
2026-05-14,0.00011023889187678325,4.488705091754562e-05,6.535184095923768e-05,6.527791455410353e-05,4.496097732267979e-05,240,242,1.0,e6149c02097814f885a1414cb405ff687b2c4be0aeaef561d9a20b7881c58378,225LABO_MICRO_RVRSV_V1
2026-05-15,0.00027410966959046627,0.00015722988119668408,0.00011687978839378224,0.00022264842422365204,5.146124536681435e-05,240,242,1.0,e6149c02097814f885a1414cb405ff687b2c4be0aeaef561d9a20b7881c58378,225LABO_MICRO_RVRSV_V1
2026-05-18,0.0003066663772043501,0.00012575359645347682,0.00018091278075087314,0.00018718396898929473,0.00011948240821505527,240,242,1.0,e6149c02097814f885a1414cb405ff687b2c4be0aeaef561d9a20b7881c58378,225LABO_MICRO_RVRSV_V1
2026-05-19,0.00036992436572858147,0.00019096827934570287,0.00017895608638287871,0.00015664526143664066,0.00021327910429194094,240,242,1.0,e6149c02097814f885a1414cb405ff687b2c4be0aeaef561d9a20b7881c58378,225LABO_MICRO_RVRSV_V1
2026-05-20,0.0003456963777253726,0.00013573129816557558,0.00020996507955979723,0.000189350792631682,0.00015634558509369082,240,242,1.0,e6149c02097814f885a1414cb405ff687b2c4be0aeaef561d9a20b7881c58378,225LABO_MICRO_RVRSV_V1
2026-05-21,0.00017084972099242051,0.00012014998818873092,5.069973280368962e-05,6.428244740807968e-05,0.00010656727358434088,240,242,1.0,e6149c02097814f885a1414cb405ff687b2c4be0aeaef561d9a20b7881c58378,225LABO_MICRO_RVRSV_V1
2026-05-22,0.00021674243677168294,0.00012257028729575244,9.417214947593054e-05,6.191631553424861e-05,0.00015482612123743431,240,242,1.0,e6149c02097814f885a1414cb405ff687b2c4be0aeaef561d9a20b7881c58378,225LABO_MICRO_RVRSV_V1
2026-05-25,0.00017809007405011508,0.00011912797543025137,5.896209861986373e-05,0.0001066653440268454,7.142473002326967e-05,240,242,1.0,e6149c02097814f885a1414cb405ff687b2c4be0aeaef561d9a20b7881c58378,225LABO_MICRO_RVRSV_V1
2026-05-26,0.0001727162049363587,7.286758712952225e-05,9.984861780683646e-05,0.00013806039646649122,3.4655808469867495e-05,240,242,1.0,e6149c02097814f885a1414cb405ff687b2c4be0aeaef561d9a20b7881c58378,225LABO_MICRO_RVRSV_V1
2026-05-27,0.00021474435987949285,8.16549777424445e-05,0.00013308938213704835,0.0001712202766896242,4.352408318986863e-05,240,242,1.0,e6149c02097814f885a1414cb405ff687b2c4be0aeaef561d9a20b7881c58378,225LABO_MICRO_RVRSV_V1
2026-05-28,0.00024271923295433626,0.0001037859540187488,0.00013893327893558757,0.00016911628206282476,7.360295089151148e-05,240,242,1.0,e6149c02097814f885a1414cb405ff687b2c4be0aeaef561d9a20b7881c58378,225LABO_MICRO_RVRSV_V1
2026-05-29,0.00017403506385222633,0.00011719396845126433,5.6841095400961856e-05,7.551865206310322e-05,9.851641178912299e-05,240,242,1.0,e6149c02097814f885a1414cb405ff687b2c4be0aeaef561d9a20b7881c58378,225LABO_MICRO_RVRSV_V1
2026-06-01,0.0001931924773194762,0.00011484482575907306,7.834765156040304e-05,0.00012329030364564055,6.99021736738357e-05,240,242,1.0,e6149c02097814f885a1414cb405ff687b2c4be0aeaef561d9a20b7881c58378,225LABO_MICRO_RVRSV_V1
2026-06-02,0.000310906226191821,0.0001365617223577501,0.00017434450383407081,0.00017778094707374765,0.0001331252791180734,240,242,1.0,e6149c02097814f885a1414cb405ff687b2c4be0aeaef561d9a20b7881c58378,225LABO_MICRO_RVRSV_V1
2026-06-03,0.00015607242932210265,0.00010573198221631399,5.0340447105788776e-05,0.00011790166180982929,3.817076751227346e-05,240,242,1.0,e6149c02097814f885a1414cb405ff687b2c4be0aeaef561d9a20b7881c58378,225LABO_MICRO_RVRSV_V1
2026-06-04,0.00019305377807520834,8.977090771049015e-05,0.00010328287036471817,0.00011600424057262724,7.704953750258107e-05,240,242,1.0,e6149c02097814f885a1414cb405ff687b2c4be0aeaef561d9a20b7881c58378,225LABO_MICRO_RVRSV_V1
2026-06-05,0.0002426783021514161,0.00010457874166314412,0.000138099560488272,0.00014624728780261053,9.643101434880554e-05,240,242,1.0,e6149c02097814f885a1414cb405ff687b2c4be0aeaef561d9a20b7881c58378,225LABO_MICRO_RVRSV_V1
2026-06-08,0.0005553657732277954,0.0002609552830918021,0.0002944104901359931,0.00029490700339897133,0.00026045876982882377,240,242,1.0,e6149c02097814f885a1414cb405ff687b2c4be0aeaef561d9a20b7881c58378,225LABO_MICRO_RVRSV_V1
2026-06-09,0.0005453422748638138,0.0002592220347044939,0.00028612024015931995,0.0003457012056793575,0.00019964106918445634,240,242,1.0,e6149c02097814f885a1414cb405ff687b2c4be0aeaef561d9a20b7881c58378,225LABO_MICRO_RVRSV_V1
2026-06-10,0.0007650733624019907,0.0002984435413234446,0.00046662982107854595,0.0002548422511328876,0.0005102311112691029,240,242,1.0,e6149c02097814f885a1414cb405ff687b2c4be0aeaef561d9a20b7881c58378,225LABO_MICRO_RVRSV_V1
2026-06-11,0.0008443990473732067,0.0005044087488977431,0.0003399902984754646,0.0003723528110893214,0.000472046236283886,240,242,1.0,e6149c02097814f885a1414cb405ff687b2c4be0aeaef561d9a20b7881c58378,225LABO_MICRO_RVRSV_V1
2026-06-12,0.0006579788877677141,0.0004148329577423208,0.00024314593002539259,0.00021790695374601608,0.00044007193402169755,240,242,1.0,e6149c02097814f885a1414cb405ff687b2c4be0aeaef561d9a20b7881c58378,225LABO_MICRO_RVRSV_V1
2026-06-15,0.0003191563970894615,0.0001827372365016978,0.00013641916058776353,9.917846002074547e-05,0.00021997793706871583,240,242,1.0,e6149c02097814f885a1414cb405ff687b2c4be0aeaef561d9a20b7881c58378,225LABO_MICRO_RVRSV_V1
2026-06-16,0.00016859261287665293,8.57921673406529e-05,8.280044553599993e-05,0.00011725844387630576,5.1334169000347096e-05,240,242,1.0,e6149c02097814f885a1414cb405ff687b2c4be0aeaef561d9a20b7881c58378,225LABO_MICRO_RVRSV_V1
2026-06-17,0.0002026984772052829,0.00012192955856507037,8.076891864021266e-05,0.00012386482117157733,7.883365603370568e-05,240,242,1.0,e6149c02097814f885a1414cb405ff687b2c4be0aeaef561d9a20b7881c58378,225LABO_MICRO_RVRSV_V1
2026-06-18,0.00042969930479662237,0.00019280929820371845,0.00023689000659290433,0.00013104657115554127,0.00029865273364108137,240,242,1.0,e6149c02097814f885a1414cb405ff687b2c4be0aeaef561d9a20b7881c58378,225LABO_MICRO_RVRSV_V1
2026-06-19,0.00019508714678546183,8.98295146950262e-05,0.00010525763209043555,0.0001196461334776597,7.54410133078021e-05,240,242,1.0,e6149c02097814f885a1414cb405ff687b2c4be0aeaef561d9a20b7881c58378,225LABO_MICRO_RVRSV_V1
2026-06-22,0.00022915211746208885,0.0001884433357252163,4.070878173687259e-05,0.000181234799505537,4.791731795655191e-05,240,242,1.0,e6149c02097814f885a1414cb405ff687b2c4be0aeaef561d9a20b7881c58378,225LABO_MICRO_RVRSV_V1
2026-06-23,0.00028169891470789877,9.383626648251542e-05,0.0001878626482253835,0.00019438150121502715,8.73174134928717e-05,240,242,1.0,e6149c02097814f885a1414cb405ff687b2c4be0aeaef561d9a20b7881c58378,225LABO_MICRO_RVRSV_V1
2026-06-24,0.0005936877759385085,0.00032370998195597794,0.0002699777939825306,0.00036862073200445976,0.0002250670439340491,240,242,1.0,e6149c02097814f885a1414cb405ff687b2c4be0aeaef561d9a20b7881c58378,225LABO_MICRO_RVRSV_V1
2026-06-25,0.00044641351041109294,0.00030074699371536706,0.0001456665166957257,0.0001466181291000962,0.00029979538131099656,240,242,1.0,e6149c02097814f885a1414cb405ff687b2c4be0aeaef561d9a20b7881c58378,225LABO_MICRO_RVRSV_V1
2026-06-26,0.0006072345292540816,0.00024449789408915974,0.00036273663516492213,0.00027811086426534764,0.00032912366498873423,240,242,1.0,e6149c02097814f885a1414cb405ff687b2c4be0aeaef561d9a20b7881c58378,225LABO_MICRO_RVRSV_V1
2026-06-29,0.0005801555446659159,0.00030480489492152457,0.00027535064974439164,0.00037941571216243013,0.000200739832503486,240,242,1.0,e6149c02097814f885a1414cb405ff687b2c4be0aeaef561d9a20b7881c58378,225LABO_MICRO_RVRSV_V1
2026-06-30,0.0003960393943390727,0.00019714113642133683,0.00019889825791773603,0.00022179960493360173,0.0001742397894054711,240,242,1.0,e6149c02097814f885a1414cb405ff687b2c4be0aeaef561d9a20b7881c58378,225LABO_MICRO_RVRSV_V1
2026-07-01,0.0002885637376029617,0.00015636883895722803,0.00013219489864573365,0.00020658549829437667,8.197823930858488e-05,240,242,1.0,e6149c02097814f885a1414cb405ff687b2c4be0aeaef561d9a20b7881c58378,225LABO_MICRO_RVRSV_V1
2026-07-02,0.00031799443144438135,0.0001351581802599398,0.00018283625118444162,0.0001952415472777838,0.0001227528841665977,240,242,1.0,e6149c02097814f885a1414cb405ff687b2c4be0aeaef561d9a20b7881c58378,225LABO_MICRO_RVRSV_V1
2026-07-03,0.0005635496946454149,0.00030697803218399165,0.0002565716624614234,0.0002888145226171622,0.00027473517202825277,240,242,1.0,e6149c02097814f885a1414cb405ff687b2c4be0aeaef561d9a20b7881c58378,225LABO_MICRO_RVRSV_V1
2026-07-06,0.00027791912570188765,0.00011764278295490673,0.00016027634274698075,0.0002504087012474214,2.751042445446619e-05,240,242,1.0,e6149c02097814f885a1414cb405ff687b2c4be0aeaef561d9a20b7881c58378,225LABO_MICRO_RVRSV_V1
2026-07-07,0.00026393736657374505,0.0001126923836119268,0.0001512449829618182,0.00018850544633947026,7.543192023427477e-05,240,242,1.0,e6149c02097814f885a1414cb405ff687b2c4be0aeaef561d9a20b7881c58378,225LABO_MICRO_RVRSV_V1
2026-07-08,0.0004625147485331058,0.00021629921338367668,0.0002462155351494288,0.00028420234331641924,0.00017831240521668646,240,242,1.0,e6149c02097814f885a1414cb405ff687b2c4be0aeaef561d9a20b7881c58378,225LABO_MICRO_RVRSV_V1
2026-07-09,0.0005819559444449314,0.00026573303064901033,0.00031622291379592105,0.0002604777366434056,0.0003214782078015257,240,242,1.0,e6149c02097814f885a1414cb405ff687b2c4be0aeaef561d9a20b7881c58378,225LABO_MICRO_RVRSV_V1
2026-07-10,0.00023685919478300078,0.00011937483952578912,0.00011748435525721183,0.00013222488293596128,0.00010463431184703957,240,242,1.0,e6149c02097814f885a1414cb405ff687b2c4be0aeaef561d9a20b7881c58378,225LABO_MICRO_RVRSV_V1
2026-07-13,0.0003017078835174675,0.00014549645142046045,0.0001562114320970068,0.000219767496723274,8.194038679419329e-05,240,242,1.0,e6149c02097814f885a1414cb405ff687b2c4be0aeaef561d9a20b7881c58378,225LABO_MICRO_RVRSV_V1
2026-07-14,0.0005331547146675237,0.0003080029222270546,0.00022515179244046897,0.00042734104224050393,0.00010581367242701974,240,242,1.0,e6149c02097814f885a1414cb405ff687b2c4be0aeaef561d9a20b7881c58378,225LABO_MICRO_RVRSV_V1
2026-07-15,0.00027828520949665036,0.00017166865587584637,0.00010661655362080379,0.00012610197987417325,0.0001521832296224771,240,242,1.0,e6149c02097814f885a1414cb405ff687b2c4be0aeaef561d9a20b7881c58378,225LABO_MICRO_RVRSV_V1
2026-07-16,0.0003564495594464397,0.00014008573938394952,0.00021636382006249023,0.00024452968570648145,0.00011191987373995827,240,242,1.0,e6149c02097814f885a1414cb405ff687b2c4be0aeaef561d9a20b7881c58378,225LABO_MICRO_RVRSV_V1
2026-07-17,0.000548416966384347,0.0002242701721036504,0.0003241467942806967,0.0003993883147831091,0.00014902865160123778,240,242,1.0,e6149c02097814f885a1414cb405ff687b2c4be0aeaef561d9a20b7881c58378,225LABO_MICRO_RVRSV_V1
2026-07-20,0.0004848104898595531,0.0002649680599227974,0.0002198424299367554,0.00017540938296672307,0.0003094011068928299,240,242,1.0,e6149c02097814f885a1414cb405ff687b2c4be0aeaef561d9a20b7881c58378,225LABO_MICRO_RVRSV_V1
2026-07-21,0.00045158453177794545,0.00024874452672517684,0.00020284000505276843,0.00023632293508249008,0.00021526159669545516,240,242,1.0,e6149c02097814f885a1414cb405ff687b2c4be0aeaef561d9a20b7881c58378,225LABO_MICRO_RVRSV_V1
2026-07-22,0.00022175363308012225,9.889532409919683e-05,0.00012285830898092553,0.00014388032744372,7.78733056364023e-05,240,242,1.0,e6149c02097814f885a1414cb405ff687b2c4be0aeaef561d9a20b7881c58378,225LABO_MICRO_RVRSV_V1
2026-07-23,0.00022289214571027014,0.00012556421910184218,9.732792660842799e-05,0.00012699082345416282,9.590132225610737e-05,240,242,1.0,e6149c02097814f885a1414cb405ff687b2c4be0aeaef561d9a20b7881c58378,225LABO_MICRO_RVRSV_V1
2026-07-24,0.00035291178670041236,0.00013768066916916905,0.00021523111753124315,0.0001933693620632698,0.00015954242463714246,240,242,1.0,e6149c02097814f885a1414cb405ff687b2c4be0aeaef561d9a20b7881c58378,225LABO_MICRO_RVRSV_V1
2026-07-27,0.0004430463760881764,0.00018813440573534995,0.0002549119703528266,0.0002627756535927414,0.00018027072249543518,240,242,1.0,e6149c02097814f885a1414cb405ff687b2c4be0aeaef561d9a20b7881c58378,225LABO_MICRO_RVRSV_V1
2026-07-28,0.00041046009651564717,0.00014311753366440185,0.0002673425628512453,0.0002391136749936295,0.00017134642152201763,240,242,1.0,e6149c02097814f885a1414cb405ff687b2c4be0aeaef561d9a20b7881c58378,225LABO_MICRO_RVRSV_V1
2026-07-29,0.0007618187317192204,0.00041149693531140566,0.0003503217964078144,0.0005789359079842565,0.00018288282373496385,240,242,1.0,e6149c02097814f885a1414cb405ff687b2c4be0aeaef561d9a20b7881c58378,225LABO_MICRO_RVRSV_V1
2026-07-30,0.0008194173879110823,0.0004149404578080335,0.00040447693010304896,0.00044310724820676334,0.0003763101397043192,240,242,1.0,e6149c02097814f885a1414cb405ff687b2c4be0aeaef561d9a20b7881c58378,225LABO_MICRO_RVRSV_V1
2026-07-31,0.0005415795322455656,0.00026862708338807245,0.00027295244885749314,0.0003324849788522278,0.0002090945533933378,240,242,1.0,e6149c02097814f885a1414cb405ff687b2c4be0aeaef561d9a20b7881c58378,225LABO_MICRO_RVRSV_V1
2026-08-03,0.0005025381324899694,0.00019881679095966266,0.00030372134153030687,0.00025034642920980965,0.0002521917032801599,240,242,1.0,e6149c02097814f885a1414cb405ff687b2c4be0aeaef561d9a20b7881c58378,225LABO_MICRO_RVRSV_V1
2026-08-04,0.00044453693920313696,0.00020312581178502006,0.0002414111274181166,0.0002622791163152007,0.00018225782288793603,240,242,1.0,e6149c02097814f885a1414cb405ff687b2c4be0aeaef561d9a20b7881c58378,225LABO_MICRO_RVRSV_V1
2026-08-05,0.0001944616620120884,0.00011856199502712788,7.589966698496043e-05,7.381748696403533e-05,0.000120644175048053,240,242,1.0,e6149c02097814f885a1414cb405ff687b2c4be0aeaef561d9a20b7881c58378,225LABO_MICRO_RVRSV_V1
2026-08-06,0.0002447477915032381,0.00010352815376506785,0.00014121963773817034,0.00013208628867974152,0.0001126615028234967,240,242,1.0,e6149c02097814f885a1414cb405ff687b2c4be0aeaef561d9a20b7881c58378,225LABO_MICRO_RVRSV_V1
2026-08-07,0.0003013509388448258,0.0001479160335888416,0.00015343490525598417,0.00015837056450207287,0.00014298037434275283,240,242,1.0,e6149c02097814f885a1414cb405ff687b2c4be0aeaef561d9a20b7881c58378,225LABO_MICRO_RVRSV_V1
2026-08-10,0.00026165288169314663,0.00016683558014043322,9.481730155271352e-05,0.00012167986113751271,0.00013997302055563396,240,242,1.0,e6149c02097814f885a1414cb405ff687b2c4be0aeaef561d9a20b7881c58378,225LABO_MICRO_RVRSV_V1
2026-08-11,0.0001310910837348198,5.9458298978526275e-05,7.163278475629351e-05,5.896071371361661e-05,7.213037002120315e-05,240,242,1.0,e6149c02097814f885a1414cb405ff687b2c4be0aeaef561d9a20b7881c58378,225LABO_MICRO_RVRSV_V1
2026-08-12,0.00014223009104408926,7.929862465819564e-05,6.293146638589354e-05,6.421692844018497e-05,7.801316260390415e-05,240,242,1.0,e6149c02097814f885a1414cb405ff687b2c4be0aeaef561d9a20b7881c58378,225LABO_MICRO_RVRSV_V1
2026-08-13,0.00018116267184877747,9.880362855058134e-05,8.235904329819613e-05,9.243856720221789e-05,8.872410464655954e-05,240,242,1.0,e6149c02097814f885a1414cb405ff687b2c4be0aeaef561d9a20b7881c58378,225LABO_MICRO_RVRSV_V1
2026-08-14,0.0001740021379455015,8.425997459038612e-05,8.974216335511535e-05,0.00010917343021698188,6.482870772851961e-05,240,242,1.0,e6149c02097814f885a1414cb405ff687b2c4be0aeaef561d9a20b7881c58378,225LABO_MICRO_RVRSV_V1
2026-08-17,0.00010256637749579338,5.316555155326908e-05,4.940082594252432e-05,5.4588111991525814e-05,4.797826550426761e-05,240,242,1.0,e6149c02097814f885a1414cb405ff687b2c4be0aeaef561d9a20b7881c58378,225LABO_MICRO_RVRSV_V1
2026-08-18,0.00018351936159294828,6.94032335526329e-05,0.00011411612804031541,0.000127107921942321,5.6411439650627366e-05,240,242,1.0,e6149c02097814f885a1414cb405ff687b2c4be0aeaef561d9a20b7881c58378,225LABO_MICRO_RVRSV_V1
2026-08-19,0.0002523623757156531,0.00011140055724265633,0.0001409618184729968,0.00016704498069744736,8.53173950182058e-05,240,242,1.0,e6149c02097814f885a1414cb405ff687b2c4be0aeaef561d9a20b7881c58378,225LABO_MICRO_RVRSV_V1
2026-08-20,0.000281796873689296,0.00014002423569772776,0.00014177263799156807,0.00012356038893756926,0.0001582364847517266,240,242,1.0,e6149c02097814f885a1414cb405ff687b2c4be0aeaef561d9a20b7881c58378,225LABO_MICRO_RVRSV_V1
2026-08-21,0.0003001747781257665,0.0001712924535143547,0.00012888232461141157,0.0001323367012648257,0.00016783807686094053,240,242,1.0,e6149c02097814f885a1414cb405ff687b2c4be0aeaef561d9a20b7881c58378,225LABO_MICRO_RVRSV_V1
2026-08-24,0.00019316974040448445,7.995457451531465e-05,0.00011321516588916968,0.00010758651385180815,8.558322655267617e-05,240,242,1.0,e6149c02097814f885a1414cb405ff687b2c4be0aeaef561d9a20b7881c58378,225LABO_MICRO_RVRSV_V1
2026-08-25,0.00020823343374950235,0.00011971416060942909,8.851927314007318e-05,0.00011494316034487109,9.329027340463125e-05,240,242,1.0,e6149c02097814f885a1414cb405ff687b2c4be0aeaef561d9a20b7881c58378,225LABO_MICRO_RVRSV_V1
2026-08-26,0.00019536153170493574,0.00010852698609263925,8.683454561229654e-05,8.518384419633571e-05,0.00011017768750860006,240,242,1.0,e6149c02097814f885a1414cb405ff687b2c4be0aeaef561d9a20b7881c58378,225LABO_MICRO_RVRSV_V1
2026-08-27,0.00020228370079779706,7.561078028973784e-05,0.00012667292050805924,0.0001264355497884924,7.58481510093047e-05,240,242,1.0,e6149c02097814f885a1414cb405ff687b2c4be0aeaef561d9a20b7881c58378,225LABO_MICRO_RVRSV_V1
2026-08-28,0.0001924589669677845,0.0001059110906021413,8.654787636564315e-05,8.967010812669901e-05,0.0001027888588410854,240,242,1.0,e6149c02097814f885a1414cb405ff687b2c4be0aeaef561d9a20b7881c58378,225LABO_MICRO_RVRSV_V1
2026-08-31,0.00026228548266769,0.0001535304318843295,0.00010875505078336052,0.00013842430127339428,0.00012386118139429567,240,242,1.0,e6149c02097814f885a1414cb405ff687b2c4be0aeaef561d9a20b7881c58378,225LABO_MICRO_RVRSV_V1
