trading_date,day_session_minute_coverage,h1_pairs,h1_accuracy_denominator,h1_correct,h1_signal_payoff_sum,h1_daily_mean_signal_payoff,h1_zero_predecessor_count,h1_zero_target_count,h2_nonoverlap_10m_blocks,h2_pairs,h2_accuracy_denominator,h2_correct,h2_signal_payoff_sum,h2_daily_mean_signal_payoff,h2_zero_predecessor_count,h2_zero_target_count,source_file_sha256,transform_version
2006-07-18,1.0,227,183,94,0.00478938898583878,2.1098629893562907e-05,49,44,26,24,24,9,-0.012679460026911882,-0.0005283108344546618,0,0,397ded0c7d1ad61201d37a93bc2281acc2381a88e54fb0e71478569b305bee04,JNU_INTRADAY_MOMREV_G1_V1
2006-07-19,1.0,202,145,69,-0.006914541871469596,-3.423040530430493e-05,74,57,26,24,24,12,0.012772331673670445,0.0005321804864029352,0,0,397ded0c7d1ad61201d37a93bc2281acc2381a88e54fb0e71478569b305bee04,JNU_INTRADAY_MOMREV_G1_V1
2006-07-20,1.0,190,133,60,-0.005679792797532843,-2.9893646302804437e-05,86,57,26,24,24,13,-0.0036948084798213016,-0.00015395035332588757,0,0,397ded0c7d1ad61201d37a93bc2281acc2381a88e54fb0e71478569b305bee04,JNU_INTRADAY_MOMREV_G1_V1
2006-07-21,1.0,176,123,53,-0.009444310481344942,-5.366085500764172e-05,100,53,26,24,24,14,0.01078758694292569,0.00044948278928857045,0,0,397ded0c7d1ad61201d37a93bc2281acc2381a88e54fb0e71478569b305bee04,JNU_INTRADAY_MOMREV_G1_V1
2006-07-24,1.0,208,159,76,-0.007092943641569383,-3.4100690584468186e-05,68,49,26,24,24,13,0.0030280362043281156,0.00012616817518033816,0,0,397ded0c7d1ad61201d37a93bc2281acc2381a88e54fb0e71478569b305bee04,JNU_INTRADAY_MOMREV_G1_V1
2006-07-25,1.0,178,113,46,-0.012961971922016629,-7.282006697762151e-05,98,65,26,24,24,16,0.00897645605991622,0.0003740190024965092,0,0,397ded0c7d1ad61201d37a93bc2281acc2381a88e54fb0e71478569b305bee04,JNU_INTRADAY_MOMREV_G1_V1
2006-07-26,1.0,188,132,63,-0.0026806966107323542,-1.4259024525172097e-05,88,56,26,24,24,12,0.006344600636280324,0.0002643583598450135,0,0,397ded0c7d1ad61201d37a93bc2281acc2381a88e54fb0e71478569b305bee04,JNU_INTRADAY_MOMREV_G1_V1
2006-07-27,1.0,200,145,63,0.0003291716902332769,1.6458584511663845e-06,76,55,26,24,24,15,0.0017584741658556952,7.326975691065397e-05,0,0,397ded0c7d1ad61201d37a93bc2281acc2381a88e54fb0e71478569b305bee04,JNU_INTRADAY_MOMREV_G1_V1
2006-07-28,1.0,200,142,59,-0.006553537737643934,-3.2767688688219665e-05,76,58,26,24,24,14,-0.004259019311635455,-0.0001774591379848106,0,0,397ded0c7d1ad61201d37a93bc2281acc2381a88e54fb0e71478569b305bee04,JNU_INTRADAY_MOMREV_G1_V1
2006-07-31,1.0,196,134,57,-0.011298109892120121,-5.7643417816939396e-05,80,62,26,24,24,12,-0.0013005088842693586,-5.4187870177889944e-05,0,0,397ded0c7d1ad61201d37a93bc2281acc2381a88e54fb0e71478569b305bee04,JNU_INTRADAY_MOMREV_G1_V1
2006-08-01,1.0,190,127,59,-0.006819914008002683,-3.5894284252645706e-05,86,63,26,24,24,14,0.0009602300260262223,4.000958441775926e-05,0,0,397ded0c7d1ad61201d37a93bc2281acc2381a88e54fb0e71478569b305bee04,JNU_INTRADAY_MOMREV_G1_V1
2006-08-02,1.0,189,127,51,-0.013636008578804554,-7.214819353864843e-05,87,62,26,24,24,18,0.010379841426750075,0.00043249339278125315,0,0,397ded0c7d1ad61201d37a93bc2281acc2381a88e54fb0e71478569b305bee04,JNU_INTRADAY_MOMREV_G1_V1
2006-08-03,1.0,183,124,51,-0.012583405511505108,-6.876177875139403e-05,93,59,26,24,24,13,0.005155518977920904,0.00021481329074670436,0,0,397ded0c7d1ad61201d37a93bc2281acc2381a88e54fb0e71478569b305bee04,JNU_INTRADAY_MOMREV_G1_V1
2006-08-04,1.0,178,117,41,-0.014505705800023973,-8.149272921361783e-05,98,61,26,24,24,13,0.000967273428629884,4.030305952624517e-05,0,0,397ded0c7d1ad61201d37a93bc2281acc2381a88e54fb0e71478569b305bee04,JNU_INTRADAY_MOMREV_G1_V1
2006-08-07,1.0,193,140,59,-0.00421702472521821,-2.1849869042581397e-05,83,53,26,24,24,10,-0.008555585454143453,-0.0003564827272559772,0,0,397ded0c7d1ad61201d37a93bc2281acc2381a88e54fb0e71478569b305bee04,JNU_INTRADAY_MOMREV_G1_V1
2006-08-08,1.0,186,129,59,-0.0026141535770483025,-1.4054589123915605e-05,90,57,26,24,24,13,-0.0009390841339671095,-3.9128505581962894e-05,0,0,397ded0c7d1ad61201d37a93bc2281acc2381a88e54fb0e71478569b305bee04,JNU_INTRADAY_MOMREV_G1_V1
2006-08-09,1.0,224,185,84,-0.017457703441025818,-7.793617607600811e-05,52,39,26,24,24,10,-0.015464172281384768,-0.0006443405117243653,0,0,397ded0c7d1ad61201d37a93bc2281acc2381a88e54fb0e71478569b305bee04,JNU_INTRADAY_MOMREV_G1_V1
2006-08-10,1.0,217,171,80,-0.0028729548853652113,-1.3239423434862724e-05,59,46,26,24,24,15,0.010561223260007127,0.00044005096916696363,0,0,397ded0c7d1ad61201d37a93bc2281acc2381a88e54fb0e71478569b305bee04,JNU_INTRADAY_MOMREV_G1_V1
2006-08-11,1.0,192,139,61,-0.005767525263025572,-3.0039194078258186e-05,84,53,26,24,24,12,-0.00032568518451962596,-1.3570216021651082e-05,0,0,397ded0c7d1ad61201d37a93bc2281acc2381a88e54fb0e71478569b305bee04,JNU_INTRADAY_MOMREV_G1_V1
2006-08-14,1.0,185,130,49,-0.010459775963135038,-5.6539329530459664e-05,91,55,26,24,24,8,-0.013990070392069124,-0.0005829195996695469,0,0,397ded0c7d1ad61201d37a93bc2281acc2381a88e54fb0e71478569b305bee04,JNU_INTRADAY_MOMREV_G1_V1
2006-08-15,1.0,166,110,47,-0.008827344787857731,-5.317677583046826e-05,110,56,26,24,24,9,-0.0012587488547825103,-5.244786894927126e-05,0,0,397ded0c7d1ad61201d37a93bc2281acc2381a88e54fb0e71478569b305bee04,JNU_INTRADAY_MOMREV_G1_V1
2006-08-16,1.0,176,131,52,-0.007475800465533969,-4.247613900871574e-05,100,45,26,24,24,14,0.007176932830016988,0.0002990388679173745,0,0,397ded0c7d1ad61201d37a93bc2281acc2381a88e54fb0e71478569b305bee04,JNU_INTRADAY_MOMREV_G1_V1
2006-08-17,1.0,171,107,34,-0.014550907553352338,-8.509302662779145e-05,105,64,26,24,24,10,-0.0018621879443565617,-7.759116434819007e-05,0,0,397ded0c7d1ad61201d37a93bc2281acc2381a88e54fb0e71478569b305bee04,JNU_INTRADAY_MOMREV_G1_V1
2006-08-18,1.0,186,131,52,-0.018023560215642716,-9.69008613744232e-05,90,55,26,24,24,11,-0.0009243235323088664,-3.851348051286943e-05,0,0,397ded0c7d1ad61201d37a93bc2281acc2381a88e54fb0e71478569b305bee04,JNU_INTRADAY_MOMREV_G1_V1
2006-08-21,1.0,187,131,67,0.002463390487734101,1.3173211164353482e-05,89,56,26,24,24,9,-0.0009209724770362173,-3.837385320984239e-05,0,0,397ded0c7d1ad61201d37a93bc2281acc2381a88e54fb0e71478569b305bee04,JNU_INTRADAY_MOMREV_G1_V1
2006-08-22,1.0,166,103,41,-0.006518424359546398,-3.926761662377348e-05,110,63,26,24,24,16,0.012744532889314361,0.0005310222037214317,0,0,397ded0c7d1ad61201d37a93bc2281acc2381a88e54fb0e71478569b305bee04,JNU_INTRADAY_MOMREV_G1_V1
2006-08-23,1.0,172,107,43,-0.005877064517611425,-3.416897975355479e-05,104,65,26,24,24,15,0.003713835255737284,0.00015474313565572018,0,0,397ded0c7d1ad61201d37a93bc2281acc2381a88e54fb0e71478569b305bee04,JNU_INTRADAY_MOMREV_G1_V1
2006-08-24,1.0,189,130,60,-2.177040496381276e-06,-1.1518732785086115e-08,87,59,26,24,24,17,0.013758122020000138,0.0005732550841666724,0,0,397ded0c7d1ad61201d37a93bc2281acc2381a88e54fb0e71478569b305bee04,JNU_INTRADAY_MOMREV_G1_V1
2006-08-25,1.0,202,150,62,-0.007163418373439376,-3.546246719524444e-05,74,52,26,24,24,8,-0.019679329714553988,-0.0008199720714397495,0,0,397ded0c7d1ad61201d37a93bc2281acc2381a88e54fb0e71478569b305bee04,JNU_INTRADAY_MOMREV_G1_V1
2006-08-28,1.0,219,175,79,-0.0004162247148347302,-1.9005694741311881e-06,57,44,26,24,24,17,0.024910643800181726,0.0010379434916742386,0,0,397ded0c7d1ad61201d37a93bc2281acc2381a88e54fb0e71478569b305bee04,JNU_INTRADAY_MOMREV_G1_V1
2006-08-29,1.0,175,117,52,-0.001240835990724459,-7.090491375568338e-06,101,58,26,24,24,19,0.011011104747191532,0.0004587960311329805,0,0,397ded0c7d1ad61201d37a93bc2281acc2381a88e54fb0e71478569b305bee04,JNU_INTRADAY_MOMREV_G1_V1
2006-08-30,1.0,188,128,50,-0.013848974807277493,-7.366475961317815e-05,88,60,26,24,24,14,0.003450593484448516,0.00014377472851868816,0,0,397ded0c7d1ad61201d37a93bc2281acc2381a88e54fb0e71478569b305bee04,JNU_INTRADAY_MOMREV_G1_V1
2006-08-31,1.0,201,143,68,0.0009198247758843392,4.57624266609124e-06,75,58,26,24,24,9,0.003730564146662621,0.0001554401727776092,0,0,397ded0c7d1ad61201d37a93bc2281acc2381a88e54fb0e71478569b305bee04,JNU_INTRADAY_MOMREV_G1_V1
2006-09-01,1.0,190,133,58,-0.0031106281007691793,-1.6371726846153577e-05,86,57,26,24,24,11,-0.002793470677002737,-0.00011639461154178071,0,0,397ded0c7d1ad61201d37a93bc2281acc2381a88e54fb0e71478569b305bee04,JNU_INTRADAY_MOMREV_G1_V1
2006-09-04,1.0,153,89,39,-0.00702799928455677,-4.593463584677627e-05,123,64,26,24,24,14,0.0021369887263712178,8.904119693213407e-05,0,0,397ded0c7d1ad61201d37a93bc2281acc2381a88e54fb0e71478569b305bee04,JNU_INTRADAY_MOMREV_G1_V1
2006-09-05,1.0,193,134,52,-0.016235454352554846,-8.412152514277122e-05,83,59,26,24,24,16,0.006433575870273187,0.0002680656612613828,0,0,397ded0c7d1ad61201d37a93bc2281acc2381a88e54fb0e71478569b305bee04,JNU_INTRADAY_MOMREV_G1_V1
2006-09-06,1.0,172,106,42,-0.012552564050116708,-7.298002354719017e-05,104,66,26,24,24,18,0.013801681413930858,0.0005750700589137858,0,0,397ded0c7d1ad61201d37a93bc2281acc2381a88e54fb0e71478569b305bee04,JNU_INTRADAY_MOMREV_G1_V1
2006-09-07,1.0,201,145,60,-0.010632450870160754,-5.2897765523187834e-05,75,56,26,24,24,13,0.0037543881208828497,0.00015643283837011874,0,0,397ded0c7d1ad61201d37a93bc2281acc2381a88e54fb0e71478569b305bee04,JNU_INTRADAY_MOMREV_G1_V1
2006-09-08,1.0,192,137,64,0.005944293393235107,3.095986142309951e-05,84,55,26,24,24,7,-0.016600851121081533,-0.0006917021300450639,0,0,397ded0c7d1ad61201d37a93bc2281acc2381a88e54fb0e71478569b305bee04,JNU_INTRADAY_MOMREV_G1_V1
2006-09-11,1.0,201,152,62,-0.006575255711913066,-3.271271498464212e-05,75,49,26,24,24,10,-0.003814992715703636,-0.00015895802982098483,0,0,397ded0c7d1ad61201d37a93bc2281acc2381a88e54fb0e71478569b305bee04,JNU_INTRADAY_MOMREV_G1_V1
2006-09-12,1.0,211,161,67,-0.012765926371681485,-6.05020207188696e-05,65,50,26,24,24,13,-2.060149817364695e-06,-8.583957572352895e-08,0,0,397ded0c7d1ad61201d37a93bc2281acc2381a88e54fb0e71478569b305bee04,JNU_INTRADAY_MOMREV_G1_V1
2006-09-13,1.0,190,134,62,0.0006478062411392629,3.40950653231191e-06,86,56,26,24,24,18,0.012617823638151646,0.000525742651589652,0,0,397ded0c7d1ad61201d37a93bc2281acc2381a88e54fb0e71478569b305bee04,JNU_INTRADAY_MOMREV_G1_V1
2006-09-14,1.0,210,164,66,-0.017977652469500532,-8.560786890238348e-05,66,46,26,24,24,16,0.012260390970317878,0.0005108496237632449,0,0,397ded0c7d1ad61201d37a93bc2281acc2381a88e54fb0e71478569b305bee04,JNU_INTRADAY_MOMREV_G1_V1
2006-09-15,1.0,171,105,45,-0.01042681336139222,-6.097551673328784e-05,105,66,26,24,24,10,0.0015652147799267064,6.52172824969461e-05,0,0,397ded0c7d1ad61201d37a93bc2281acc2381a88e54fb0e71478569b305bee04,JNU_INTRADAY_MOMREV_G1_V1
2006-09-19,1.0,196,144,54,-0.015332514762067732,-7.822711613299864e-05,80,52,26,24,24,9,-0.006284068431025096,-0.00026183618462604567,0,0,397ded0c7d1ad61201d37a93bc2281acc2381a88e54fb0e71478569b305bee04,JNU_INTRADAY_MOMREV_G1_V1
2006-09-20,1.0,212,166,74,-0.002242572004833588,-1.0578169834120697e-05,64,46,26,24,24,15,0.011515428502810444,0.0004798095209504352,0,0,397ded0c7d1ad61201d37a93bc2281acc2381a88e54fb0e71478569b305bee04,JNU_INTRADAY_MOMREV_G1_V1
2006-09-21,1.0,195,144,76,0.009239533527258351,4.7382223216709495e-05,81,51,26,24,24,15,0.008554027947498499,0.0003564178311457708,0,0,397ded0c7d1ad61201d37a93bc2281acc2381a88e54fb0e71478569b305bee04,JNU_INTRADAY_MOMREV_G1_V1
2006-09-22,1.0,199,145,62,-0.011242995134604286,-5.649746298796124e-05,77,54,26,24,24,14,0.009586924079928623,0.00039945516999702595,0,0,397ded0c7d1ad61201d37a93bc2281acc2381a88e54fb0e71478569b305bee04,JNU_INTRADAY_MOMREV_G1_V1
2006-09-25,1.0,188,135,61,-0.011261875529115428,-5.990359323997568e-05,88,53,26,24,24,13,-0.008354418049243185,-0.00034810075205179937,0,0,397ded0c7d1ad61201d37a93bc2281acc2381a88e54fb0e71478569b305bee04,JNU_INTRADAY_MOMREV_G1_V1
2006-09-26,1.0,173,114,43,-0.009633486773190508,-5.56848946427197e-05,103,59,26,24,24,14,-0.00033533681866915616,-1.3972367444548173e-05,0,0,397ded0c7d1ad61201d37a93bc2281acc2381a88e54fb0e71478569b305bee04,JNU_INTRADAY_MOMREV_G1_V1
2006-09-27,1.0,195,139,58,-0.00693385882907415,-3.555825040550846e-05,81,56,26,24,24,11,-0.004725356963578971,-0.00019688987348245713,0,0,397ded0c7d1ad61201d37a93bc2281acc2381a88e54fb0e71478569b305bee04,JNU_INTRADAY_MOMREV_G1_V1
2006-09-28,1.0,176,109,59,0.004063364937977974,2.308730078396576e-05,100,67,26,24,24,10,-0.004682056457691005,-0.0001950856857371252,0,0,397ded0c7d1ad61201d37a93bc2281acc2381a88e54fb0e71478569b305bee04,JNU_INTRADAY_MOMREV_G1_V1
2006-09-29,1.0,158,91,40,-0.007131618739713315,-4.5136827466539966e-05,118,67,26,24,24,13,-0.0009287339653723417,-3.8697248557180906e-05,0,0,397ded0c7d1ad61201d37a93bc2281acc2381a88e54fb0e71478569b305bee04,JNU_INTRADAY_MOMREV_G1_V1
2006-10-02,1.0,177,115,40,-0.01411061165548134,-7.972096980497933e-05,99,62,26,24,24,16,0.009541644777867765,0.0003975685324111569,0,0,397ded0c7d1ad61201d37a93bc2281acc2381a88e54fb0e71478569b305bee04,JNU_INTRADAY_MOMREV_G1_V1
2006-10-03,1.0,166,101,35,-0.010163290202980972,-6.122463977699382e-05,110,65,26,24,24,11,0.0009234067932544055,3.8475283052266894e-05,0,0,397ded0c7d1ad61201d37a93bc2281acc2381a88e54fb0e71478569b305bee04,JNU_INTRADAY_MOMREV_G1_V1
2006-10-04,1.0,168,111,51,0.0024315573466766557,1.4473555634980094e-05,108,57,26,24,24,12,-0.003051828352058834,-0.00012715951466911807,0,0,397ded0c7d1ad61201d37a93bc2281acc2381a88e54fb0e71478569b305bee04,JNU_INTRADAY_MOMREV_G1_V1
2006-10-05,1.0,167,105,44,-0.007338612905355614,-4.3943789852428826e-05,109,62,26,24,24,10,-0.005500090651831527,-0.00022917044382631362,0,0,397ded0c7d1ad61201d37a93bc2281acc2381a88e54fb0e71478569b305bee04,JNU_INTRADAY_MOMREV_G1_V1
2006-10-06,1.0,168,107,45,-0.009729037922268018,-5.791094001350011e-05,108,61,26,24,24,16,0.0042573558301061765,0.00017738982625442403,0,0,397ded0c7d1ad61201d37a93bc2281acc2381a88e54fb0e71478569b305bee04,JNU_INTRADAY_MOMREV_G1_V1
2006-10-10,1.0,208,158,70,-0.003644398807711979,-1.75211481139999e-05,68,50,26,24,24,14,0.010274626480371446,0.0004281094366821436,0,0,397ded0c7d1ad61201d37a93bc2281acc2381a88e54fb0e71478569b305bee04,JNU_INTRADAY_MOMREV_G1_V1
2006-10-11,1.0,191,132,58,-0.008779234401188185,-4.596457801669207e-05,85,59,26,24,24,13,0.006653484976765918,0.0002772285406985799,0,0,397ded0c7d1ad61201d37a93bc2281acc2381a88e54fb0e71478569b305bee04,JNU_INTRADAY_MOMREV_G1_V1
2006-10-12,1.0,176,113,58,0.002752058080064694,1.5636693636731217e-05,100,63,26,24,24,14,0.007006234631978362,0.0002919264429990984,0,0,397ded0c7d1ad61201d37a93bc2281acc2381a88e54fb0e71478569b305bee04,JNU_INTRADAY_MOMREV_G1_V1
2006-10-13,1.0,175,114,41,-0.013891357823577904,-7.93791875633023e-05,101,61,26,24,24,11,-0.0015078834238903072,-6.282847599542946e-05,0,0,397ded0c7d1ad61201d37a93bc2281acc2381a88e54fb0e71478569b305bee04,JNU_INTRADAY_MOMREV_G1_V1
2006-10-16,1.0,154,94,33,-0.009573675251831644,-6.21667224144912e-05,122,60,26,24,24,14,0.002997595893405441,0.00012489982889189337,0,0,397ded0c7d1ad61201d37a93bc2281acc2381a88e54fb0e71478569b305bee04,JNU_INTRADAY_MOMREV_G1_V1
2006-10-17,1.0,176,115,41,-0.012019715880755556,-6.829384023156566e-05,100,61,26,24,24,15,0.007808544933529066,0.00032535603889704445,0,0,397ded0c7d1ad61201d37a93bc2281acc2381a88e54fb0e71478569b305bee04,JNU_INTRADAY_MOMREV_G1_V1
2006-10-18,1.0,163,98,40,-0.010281241455118722,-6.30751009516486e-05,113,65,26,24,24,12,-0.004798704987848895,-0.0001999460411603706,0,0,397ded0c7d1ad61201d37a93bc2281acc2381a88e54fb0e71478569b305bee04,JNU_INTRADAY_MOMREV_G1_V1
2006-10-19,1.0,176,114,46,-0.00873915674683639,-4.965429969793403e-05,100,62,26,24,24,14,-0.0015354104916261535,-6.397543715108972e-05,0,0,397ded0c7d1ad61201d37a93bc2281acc2381a88e54fb0e71478569b305bee04,JNU_INTRADAY_MOMREV_G1_V1
2006-10-20,1.0,154,90,31,-0.010822465169429033,-7.027574785343528e-05,122,64,26,24,24,16,0.009625515401276461,0.00040106314171985255,0,0,397ded0c7d1ad61201d37a93bc2281acc2381a88e54fb0e71478569b305bee04,JNU_INTRADAY_MOMREV_G1_V1
2006-10-23,1.0,162,103,36,-0.00864105005354902,-5.333981514536432e-05,114,59,26,24,24,14,0.0003133376165162408,1.3055734021510033e-05,0,0,397ded0c7d1ad61201d37a93bc2281acc2381a88e54fb0e71478569b305bee04,JNU_INTRADAY_MOMREV_G1_V1
2006-10-24,1.0,160,98,29,-0.013662667906884375,-8.539167441802735e-05,116,62,26,24,24,17,0.005933394178464566,0.00024722475743602356,0,0,397ded0c7d1ad61201d37a93bc2281acc2381a88e54fb0e71478569b305bee04,JNU_INTRADAY_MOMREV_G1_V1
2006-10-25,1.0,176,117,42,-0.01368349391465747,-7.774712451509925e-05,100,59,26,24,24,15,0.0032760791178678542,0.00013650329657782727,0,0,397ded0c7d1ad61201d37a93bc2281acc2381a88e54fb0e71478569b305bee04,JNU_INTRADAY_MOMREV_G1_V1
2006-10-26,1.0,183,118,50,-0.006835913450071188,-3.735471830639993e-05,93,65,26,24,24,15,0.005352633469055648,0.00022302639454398535,0,0,397ded0c7d1ad61201d37a93bc2281acc2381a88e54fb0e71478569b305bee04,JNU_INTRADAY_MOMREV_G1_V1
2006-10-27,1.0,178,117,52,0.002045462265374532,1.1491361041429955e-05,98,61,26,24,24,13,-0.0020604118319375846,-8.585049299739936e-05,0,0,397ded0c7d1ad61201d37a93bc2281acc2381a88e54fb0e71478569b305bee04,JNU_INTRADAY_MOMREV_G1_V1
2006-10-30,1.0,180,130,47,-0.015828811106147672,-8.793783947859818e-05,96,50,26,24,24,12,-0.0015148816460620902,-6.312006858592042e-05,0,0,397ded0c7d1ad61201d37a93bc2281acc2381a88e54fb0e71478569b305bee04,JNU_INTRADAY_MOMREV_G1_V1
2006-10-31,1.0,179,123,51,-0.017070472583506732,-9.536576862294264e-05,97,56,26,24,24,12,-0.005178274913287572,-0.00021576145472031552,0,0,397ded0c7d1ad61201d37a93bc2281acc2381a88e54fb0e71478569b305bee04,JNU_INTRADAY_MOMREV_G1_V1
2006-11-01,1.0,181,124,53,-0.009457244069926431,-5.2249967237162604e-05,95,57,26,24,24,10,-0.0003051968962234741,-1.2716537342644755e-05,0,0,397ded0c7d1ad61201d37a93bc2281acc2381a88e54fb0e71478569b305bee04,JNU_INTRADAY_MOMREV_G1_V1
2006-11-02,1.0,192,135,54,-0.007068223214191464,-3.6813662573913874e-05,84,57,26,24,24,10,0.003379736127341669,0.0001408223386392362,0,0,397ded0c7d1ad61201d37a93bc2281acc2381a88e54fb0e71478569b305bee04,JNU_INTRADAY_MOMREV_G1_V1
2006-11-06,1.0,171,112,52,-0.004918959145149578,-2.8765842954091098e-05,105,59,26,24,24,13,0.005488636873535896,0.00022869320306399569,0,0,397ded0c7d1ad61201d37a93bc2281acc2381a88e54fb0e71478569b305bee04,JNU_INTRADAY_MOMREV_G1_V1
2006-11-07,1.0,161,100,42,-0.008519606874600856,-5.2916812885719606e-05,115,61,26,24,24,19,0.012743057653423217,0.0005309607355593007,0,0,397ded0c7d1ad61201d37a93bc2281acc2381a88e54fb0e71478569b305bee04,JNU_INTRADAY_MOMREV_G1_V1
2006-11-08,1.0,193,139,51,-0.021763142695037548,-0.00011276239738361423,83,54,26,24,24,13,0.0033821244824915582,0.00014092185343714825,0,0,397ded0c7d1ad61201d37a93bc2281acc2381a88e54fb0e71478569b305bee04,JNU_INTRADAY_MOMREV_G1_V1
2006-11-09,1.0,204,151,66,-0.01451492744334551,-7.115160511443878e-05,72,53,26,24,24,12,-0.00834763448591652,-0.000347818103579855,0,0,397ded0c7d1ad61201d37a93bc2281acc2381a88e54fb0e71478569b305bee04,JNU_INTRADAY_MOMREV_G1_V1
2006-11-10,1.0,208,156,61,-0.01698263031674518,-8.164726113819798e-05,68,52,26,24,24,12,-0.0015299863116334071,-6.374942965139197e-05,0,0,397ded0c7d1ad61201d37a93bc2281acc2381a88e54fb0e71478569b305bee04,JNU_INTRADAY_MOMREV_G1_V1
2006-11-13,1.0,188,132,63,-0.00407569938466863,-2.1679252046109732e-05,88,56,26,24,24,12,-0.0012487196667574584,-5.20299861148941e-05,0,0,397ded0c7d1ad61201d37a93bc2281acc2381a88e54fb0e71478569b305bee04,JNU_INTRADAY_MOMREV_G1_V1
2006-11-14,1.0,175,109,42,-0.0073778418318935935,-4.21590961822491e-05,101,66,26,24,24,13,0.005529315612312422,0.0002303881505130176,0,0,397ded0c7d1ad61201d37a93bc2281acc2381a88e54fb0e71478569b305bee04,JNU_INTRADAY_MOMREV_G1_V1
2006-11-15,1.0,181,123,39,-0.018064399417004693,-9.980331169615853e-05,95,58,26,24,24,14,0.0033697709817087505,0.0001404071242378646,0,0,397ded0c7d1ad61201d37a93bc2281acc2381a88e54fb0e71478569b305bee04,JNU_INTRADAY_MOMREV_G1_V1
2006-11-16,1.0,164,100,35,-0.013823255161918667,-8.428814123121138e-05,112,64,26,24,24,11,-0.005241811236893513,-0.00021840880153722972,0,0,397ded0c7d1ad61201d37a93bc2281acc2381a88e54fb0e71478569b305bee04,JNU_INTRADAY_MOMREV_G1_V1
2006-11-17,1.0,177,111,55,0.004619524758809609,2.609900993677745e-05,99,66,26,24,24,12,-0.0003163177443761691,-1.3179906015673711e-05,0,0,397ded0c7d1ad61201d37a93bc2281acc2381a88e54fb0e71478569b305bee04,JNU_INTRADAY_MOMREV_G1_V1
2006-11-20,1.0,203,151,66,-0.011370985135485191,-5.601470510091227e-05,73,52,26,24,24,11,-0.0035282049077626034,-0.0001470085378234418,0,0,397ded0c7d1ad61201d37a93bc2281acc2381a88e54fb0e71478569b305bee04,JNU_INTRADAY_MOMREV_G1_V1
2006-11-21,1.0,191,132,57,-0.00475842847822675,-2.4913238105899215e-05,85,59,26,24,24,9,-0.006983331457764983,-0.00029097214407354093,0,0,397ded0c7d1ad61201d37a93bc2281acc2381a88e54fb0e71478569b305bee04,JNU_INTRADAY_MOMREV_G1_V1
2006-11-22,1.0,189,128,52,-0.009783987923413005,-5.176713186991008e-05,87,61,26,24,24,11,-0.0006166921338480783,-2.5695505577003264e-05,0,0,397ded0c7d1ad61201d37a93bc2281acc2381a88e54fb0e71478569b305bee04,JNU_INTRADAY_MOMREV_G1_V1
2006-11-24,1.0,162,101,40,-0.00858932578016445,-5.3020529507187965e-05,114,61,26,24,24,17,0.0066750984048139506,0.0002781291002005813,0,0,397ded0c7d1ad61201d37a93bc2281acc2381a88e54fb0e71478569b305bee04,JNU_INTRADAY_MOMREV_G1_V1
2006-11-27,1.0,181,115,59,0.007002868526608773,3.8689881362479407e-05,95,66,26,24,24,11,-0.008577244438230908,-0.0003573851849262878,0,0,397ded0c7d1ad61201d37a93bc2281acc2381a88e54fb0e71478569b305bee04,JNU_INTRADAY_MOMREV_G1_V1
2006-11-28,1.0,168,100,52,0.005088518109030641,3.028879826803953e-05,108,68,26,24,24,14,0.0006582276262264233,2.742615109276764e-05,0,0,397ded0c7d1ad61201d37a93bc2281acc2381a88e54fb0e71478569b305bee04,JNU_INTRADAY_MOMREV_G1_V1
2006-11-29,1.0,170,110,41,-0.01088684466349916,-6.404026272646564e-05,106,60,26,24,24,16,0.010579541775580683,0.0004408142406491951,0,0,397ded0c7d1ad61201d37a93bc2281acc2381a88e54fb0e71478569b305bee04,JNU_INTRADAY_MOMREV_G1_V1
2006-11-30,1.0,159,94,41,-0.004004432612912447,-2.5185110773034256e-05,117,65,26,24,24,12,-0.004616751397342232,-0.00019236464155592632,0,0,397ded0c7d1ad61201d37a93bc2281acc2381a88e54fb0e71478569b305bee04,JNU_INTRADAY_MOMREV_G1_V1
2006-12-01,1.0,161,93,37,-0.008268664658228347,-5.135816557905806e-05,115,68,26,24,24,16,0.0049004755870342654,0.0002041864827930944,0,0,397ded0c7d1ad61201d37a93bc2281acc2381a88e54fb0e71478569b305bee04,JNU_INTRADAY_MOMREV_G1_V1
2006-12-04,1.0,168,105,39,-0.019048644913233007,-0.00011338479115019647,108,63,26,24,24,19,0.005871940821923099,0.0002446642009134625,0,0,397ded0c7d1ad61201d37a93bc2281acc2381a88e54fb0e71478569b305bee04,JNU_INTRADAY_MOMREV_G1_V1
2006-12-05,1.0,183,121,51,-0.004586394024487797,-2.5062262428895067e-05,93,62,26,24,24,15,0.00611005047992179,0.00025458543666340795,0,0,397ded0c7d1ad61201d37a93bc2281acc2381a88e54fb0e71478569b305bee04,JNU_INTRADAY_MOMREV_G1_V1
2006-12-06,1.0,167,103,41,-0.008291059012824642,-4.9647059957033784e-05,109,64,26,24,24,11,-0.002761863205742093,-0.0001150776335725872,0,0,397ded0c7d1ad61201d37a93bc2281acc2381a88e54fb0e71478569b305bee04,JNU_INTRADAY_MOMREV_G1_V1
2006-12-07,1.0,163,93,37,-0.002727327378060578,-1.6732069804052626e-05,113,70,26,24,24,12,-0.002732659957715614,-0.00011386083157148391,0,0,397ded0c7d1ad61201d37a93bc2281acc2381a88e54fb0e71478569b305bee04,JNU_INTRADAY_MOMREV_G1_V1
2006-12-08,1.0,186,132,49,-0.027691441076297514,-0.00014887871546396514,90,54,26,24,24,15,0.011577222422019353,0.0004823842675841397,0,0,397ded0c7d1ad61201d37a93bc2281acc2381a88e54fb0e71478569b305bee04,JNU_INTRADAY_MOMREV_G1_V1
2006-12-11,1.0,154,91,25,-0.014173514444165229,-9.203580807899499e-05,122,63,26,24,24,16,0.00663260297089109,0.0002763584571204621,0,0,397ded0c7d1ad61201d37a93bc2281acc2381a88e54fb0e71478569b305bee04,JNU_INTRADAY_MOMREV_G1_V1
2006-12-12,1.0,164,102,40,-0.007508475970869368,-4.5783390066276634e-05,112,62,26,24,24,12,-0.0012023793766269579,-5.0099140692789913e-05,0,0,397ded0c7d1ad61201d37a93bc2281acc2381a88e54fb0e71478569b305bee04,JNU_INTRADAY_MOMREV_G1_V1
2006-12-13,1.0,150,87,25,-0.012326267193085444,-8.217511462056962e-05,126,63,26,24,24,14,0.0030060810320898033,0.00012525337633707514,0,0,397ded0c7d1ad61201d37a93bc2281acc2381a88e54fb0e71478569b305bee04,JNU_INTRADAY_MOMREV_G1_V1
2006-12-14,1.0,166,106,24,-0.020277893998245228,-0.00012215598794123632,110,60,26,24,24,16,0.007745995217376387,0.0003227498007240161,0,0,397ded0c7d1ad61201d37a93bc2281acc2381a88e54fb0e71478569b305bee04,JNU_INTRADAY_MOMREV_G1_V1
2006-12-15,1.0,157,100,40,-0.007090561383300263,-4.51628113586004e-05,119,57,26,24,24,11,-0.0011752316059296685,-4.8967983580402855e-05,0,0,397ded0c7d1ad61201d37a93bc2281acc2381a88e54fb0e71478569b305bee04,JNU_INTRADAY_MOMREV_G1_V1
2006-12-18,1.0,131,65,18,-0.009126877722791023,-6.967082231138186e-05,145,66,26,24,24,16,0.004714726626319875,0.00019644694276332812,0,0,397ded0c7d1ad61201d37a93bc2281acc2381a88e54fb0e71478569b305bee04,JNU_INTRADAY_MOMREV_G1_V1
2006-12-19,1.0,168,106,27,-0.01986826000358568,-0.00011826345240229571,108,62,26,24,24,11,-0.011869632011040044,-0.0004945680004600019,0,0,397ded0c7d1ad61201d37a93bc2281acc2381a88e54fb0e71478569b305bee04,JNU_INTRADAY_MOMREV_G1_V1
2006-12-20,1.0,163,100,41,-0.0035286690570449884,-2.1648276423588887e-05,113,63,26,24,24,14,0.0023595944539265756,9.831643558027398e-05,0,0,397ded0c7d1ad61201d37a93bc2281acc2381a88e54fb0e71478569b305bee04,JNU_INTRADAY_MOMREV_G1_V1
2006-12-21,1.0,151,84,33,-0.007908575612136676,-5.237467292805746e-05,125,67,26,24,24,10,-0.003221554645846907,-0.00013423144357695445,0,0,397ded0c7d1ad61201d37a93bc2281acc2381a88e54fb0e71478569b305bee04,JNU_INTRADAY_MOMREV_G1_V1
2006-12-22,1.0,151,89,26,-0.011129802304983259,-7.370730003300172e-05,125,62,26,24,24,16,0.0055591971869799195,0.00023163321612416332,0,0,397ded0c7d1ad61201d37a93bc2281acc2381a88e54fb0e71478569b305bee04,JNU_INTRADAY_MOMREV_G1_V1
2006-12-25,1.0,132,64,14,-0.011694206386032394,-8.859247262145754e-05,144,68,26,24,24,14,0.0011709571212796086,4.878988005331702e-05,0,0,397ded0c7d1ad61201d37a93bc2281acc2381a88e54fb0e71478569b305bee04,JNU_INTRADAY_MOMREV_G1_V1
2006-12-26,1.0,135,70,18,-0.012269624842419552,-9.088610994384854e-05,141,65,26,24,24,15,0.0035066485807704953,0.00014611035753210396,0,0,397ded0c7d1ad61201d37a93bc2281acc2381a88e54fb0e71478569b305bee04,JNU_INTRADAY_MOMREV_G1_V1
2006-12-27,1.0,138,78,16,-0.015646805068088934,-0.0001133826454209343,138,60,26,24,24,15,0.0034770017498353266,0.00014487507290980527,0,0,397ded0c7d1ad61201d37a93bc2281acc2381a88e54fb0e71478569b305bee04,JNU_INTRADAY_MOMREV_G1_V1
2006-12-28,1.0,155,96,28,-0.015365511087247942,-9.913232959514801e-05,121,59,26,24,24,9,-0.009269163431616533,-0.0003862151429840222,0,0,397ded0c7d1ad61201d37a93bc2281acc2381a88e54fb0e71478569b305bee04,JNU_INTRADAY_MOMREV_G1_V1
2007-01-05,1.0,180,110,43,-0.014925543640883573,-8.291968689379763e-05,96,70,26,24,24,10,-0.004687812577651661,-0.00019532552406881923,0,0,3da2029ba3fbb11fc16ee31261928c85b9ae5a41dee2b669757adc91f6ef52bf,JNU_INTRADAY_MOMREV_G1_V1
2007-01-09,1.0,172,101,45,-0.001728799146154533,-1.0051157826479842e-05,104,71,26,24,24,9,-0.009353862686232301,-0.00038974427859301257,0,0,3da2029ba3fbb11fc16ee31261928c85b9ae5a41dee2b669757adc91f6ef52bf,JNU_INTRADAY_MOMREV_G1_V1
2007-01-10,1.0,188,127,61,0.0032002269335808984,1.7022483689260096e-05,88,61,26,24,24,9,-0.012015554282972615,-0.000500648095123859,0,0,3da2029ba3fbb11fc16ee31261928c85b9ae5a41dee2b669757adc91f6ef52bf,JNU_INTRADAY_MOMREV_G1_V1
2007-01-11,1.0,201,143,63,-0.004760291090826142,-2.3683040252866375e-05,75,58,26,24,24,9,-0.01328206837518014,-0.0005534195156325059,0,0,3da2029ba3fbb11fc16ee31261928c85b9ae5a41dee2b669757adc91f6ef52bf,JNU_INTRADAY_MOMREV_G1_V1
2007-01-12,1.0,188,131,57,-0.0005627910045065941,-2.9935691729074154e-06,88,57,26,24,24,13,0.006180926590874415,0.00025753860795310065,0,0,3da2029ba3fbb11fc16ee31261928c85b9ae5a41dee2b669757adc91f6ef52bf,JNU_INTRADAY_MOMREV_G1_V1
2007-01-15,1.0,169,110,43,-0.009852299731826566,-5.829763154926962e-05,107,59,26,24,24,13,0.0011562266399737858,4.817610999890774e-05,0,0,3da2029ba3fbb11fc16ee31261928c85b9ae5a41dee2b669757adc91f6ef52bf,JNU_INTRADAY_MOMREV_G1_V1
2007-01-16,1.0,159,96,33,-0.013325645151585923,-8.380908900368505e-05,117,63,26,24,24,10,0.002024078156872173,8.433658986967389e-05,0,0,3da2029ba3fbb11fc16ee31261928c85b9ae5a41dee2b669757adc91f6ef52bf,JNU_INTRADAY_MOMREV_G1_V1
2007-01-17,1.0,186,129,57,-0.006119546984410584,-3.290079023876658e-05,90,57,26,24,24,9,-0.012232753880536101,-0.0005096980783556709,0,0,3da2029ba3fbb11fc16ee31261928c85b9ae5a41dee2b669757adc91f6ef52bf,JNU_INTRADAY_MOMREV_G1_V1
2007-01-18,1.0,198,146,64,-0.0019850909582996893,-1.002571191060449e-05,78,52,26,24,24,15,0.00952730634664927,0.00039697109777705287,0,0,3da2029ba3fbb11fc16ee31261928c85b9ae5a41dee2b669757adc91f6ef52bf,JNU_INTRADAY_MOMREV_G1_V1
2007-01-19,1.0,178,113,44,-0.01010331887311561,-5.676021838828994e-05,98,65,26,24,24,16,0.0075042716139486244,0.000312677983914526,0,0,3da2029ba3fbb11fc16ee31261928c85b9ae5a41dee2b669757adc91f6ef52bf,JNU_INTRADAY_MOMREV_G1_V1
2007-01-22,1.0,151,86,39,-0.00028534629560923426,-1.8897105669485713e-06,125,65,26,24,24,18,0.012037266860736036,0.0005015527858640015,0,0,3da2029ba3fbb11fc16ee31261928c85b9ae5a41dee2b669757adc91f6ef52bf,JNU_INTRADAY_MOMREV_G1_V1
2007-01-23,1.0,166,110,47,-0.006326634404238188,-3.8112255447218e-05,110,56,26,24,23,15,0.004884108530803026,0.00020350452211679278,0,1,3da2029ba3fbb11fc16ee31261928c85b9ae5a41dee2b669757adc91f6ef52bf,JNU_INTRADAY_MOMREV_G1_V1
2007-01-24,1.0,114,46,14,-0.005701257117643274,-5.0011027347748014e-05,162,68,26,24,24,18,0.008837149372350575,0.00036821455718127395,0,0,3da2029ba3fbb11fc16ee31261928c85b9ae5a41dee2b669757adc91f6ef52bf,JNU_INTRADAY_MOMREV_G1_V1
2007-01-25,1.0,174,119,61,1.6727324877288067e-05,9.613405101889694e-08,102,55,26,24,24,11,-0.001431323313946993,-5.963847141445804e-05,0,0,3da2029ba3fbb11fc16ee31261928c85b9ae5a41dee2b669757adc91f6ef52bf,JNU_INTRADAY_MOMREV_G1_V1
2007-01-26,1.0,178,114,56,-0.006629276713495596,-3.7243127603907843e-05,98,64,26,24,24,15,0.008340835170712461,0.0003475347987796859,0,0,3da2029ba3fbb11fc16ee31261928c85b9ae5a41dee2b669757adc91f6ef52bf,JNU_INTRADAY_MOMREV_G1_V1
2007-01-29,1.0,174,113,43,-0.004837941123884038,-2.7804259332666883e-05,102,61,26,24,24,10,-0.0037209374229171224,-0.00015503905928821344,0,0,3da2029ba3fbb11fc16ee31261928c85b9ae5a41dee2b669757adc91f6ef52bf,JNU_INTRADAY_MOMREV_G1_V1
2007-01-30,1.0,153,96,34,-0.0076912885151105784,-5.026985957588613e-05,123,57,26,23,22,15,0.005705005849246527,0.000248043732575936,1,1,3da2029ba3fbb11fc16ee31261928c85b9ae5a41dee2b669757adc91f6ef52bf,JNU_INTRADAY_MOMREV_G1_V1
2007-01-31,1.0,166,107,58,0.007460989111020388,4.494571753626739e-05,110,59,26,24,24,12,-0.0005487410453078856,-2.2864210221161903e-05,0,0,3da2029ba3fbb11fc16ee31261928c85b9ae5a41dee2b669757adc91f6ef52bf,JNU_INTRADAY_MOMREV_G1_V1
2007-02-01,1.0,150,81,34,-0.005702019305070246,-3.801346203380164e-05,126,69,26,24,24,12,-8.178357510301923e-06,-3.407648962625801e-07,0,0,3da2029ba3fbb11fc16ee31261928c85b9ae5a41dee2b669757adc91f6ef52bf,JNU_INTRADAY_MOMREV_G1_V1
2007-02-02,1.0,158,88,37,-0.0014116123754877802,-8.934255541061901e-06,118,70,26,24,24,16,0.005683596658356144,0.00023681652743150599,0,0,3da2029ba3fbb11fc16ee31261928c85b9ae5a41dee2b669757adc91f6ef52bf,JNU_INTRADAY_MOMREV_G1_V1
2007-02-05,1.0,181,121,52,-0.003169030089818334,-1.750845353490792e-05,95,60,26,24,24,15,0.008038745803700674,0.0003349477418208614,0,0,3da2029ba3fbb11fc16ee31261928c85b9ae5a41dee2b669757adc91f6ef52bf,JNU_INTRADAY_MOMREV_G1_V1
2007-02-06,1.0,146,83,31,-0.006036267247382046,-4.134429621494552e-05,130,63,26,24,24,15,0.00718032226972246,0.00029918009457176916,0,0,3da2029ba3fbb11fc16ee31261928c85b9ae5a41dee2b669757adc91f6ef52bf,JNU_INTRADAY_MOMREV_G1_V1
2007-02-07,1.0,171,104,51,1.6467636202436426e-05,9.630196609611945e-08,105,67,26,24,24,13,-0.005783774147806663,-0.00024099058949194428,0,0,3da2029ba3fbb11fc16ee31261928c85b9ae5a41dee2b669757adc91f6ef52bf,JNU_INTRADAY_MOMREV_G1_V1
2007-02-08,1.0,190,128,52,-0.006635324352679733,-3.492275975094596e-05,86,62,26,24,24,9,-0.0020204089220811766,-8.418370508671569e-05,0,0,3da2029ba3fbb11fc16ee31261928c85b9ae5a41dee2b669757adc91f6ef52bf,JNU_INTRADAY_MOMREV_G1_V1
2007-02-09,1.0,172,109,40,-0.010001950462317973,-5.815087478091845e-05,104,63,26,24,24,15,0.006015363858295373,0.0002506401607623072,0,0,3da2029ba3fbb11fc16ee31261928c85b9ae5a41dee2b669757adc91f6ef52bf,JNU_INTRADAY_MOMREV_G1_V1
2007-02-13,1.0,180,121,60,-0.003101973046867947,-1.7233183593710817e-05,96,59,26,24,24,13,0.0005682173619158739,2.3675723413161412e-05,0,0,3da2029ba3fbb11fc16ee31261928c85b9ae5a41dee2b669757adc91f6ef52bf,JNU_INTRADAY_MOMREV_G1_V1
2007-02-14,1.0,157,96,33,-0.005910698505963763,-3.7647761184482565e-05,119,61,26,24,24,10,-0.00197393546010723,-8.224731083780126e-05,0,0,3da2029ba3fbb11fc16ee31261928c85b9ae5a41dee2b669757adc91f6ef52bf,JNU_INTRADAY_MOMREV_G1_V1
2007-02-15,1.0,166,101,41,-0.0058754357448872205,-3.539419123426037e-05,110,65,26,24,24,15,0.0025191731871009666,0.00010496554946254028,0,0,3da2029ba3fbb11fc16ee31261928c85b9ae5a41dee2b669757adc91f6ef52bf,JNU_INTRADAY_MOMREV_G1_V1
2007-02-16,1.0,160,103,34,-0.011765510548771386,-7.353444092982116e-05,116,57,26,24,24,15,0.003367702579351748,0.00014032094080632283,0,0,3da2029ba3fbb11fc16ee31261928c85b9ae5a41dee2b669757adc91f6ef52bf,JNU_INTRADAY_MOMREV_G1_V1
2007-02-19,1.0,152,83,30,-0.0036071711173359814,-2.3731388929841983e-05,124,69,26,24,24,10,-0.003077886854670318,-0.00012824528561126327,0,0,3da2029ba3fbb11fc16ee31261928c85b9ae5a41dee2b669757adc91f6ef52bf,JNU_INTRADAY_MOMREV_G1_V1
2007-02-20,1.0,173,114,42,-0.007816517269081464,-4.518218074613563e-05,103,59,26,24,24,14,0.005861707348522729,0.000244237806188447,0,0,3da2029ba3fbb11fc16ee31261928c85b9ae5a41dee2b669757adc91f6ef52bf,JNU_INTRADAY_MOMREV_G1_V1
2007-02-21,1.0,171,113,40,-0.00780379736608802,-4.5636241906947485e-05,105,58,26,24,24,16,0.003351340802013895,0.0001396392000839123,0,0,3da2029ba3fbb11fc16ee31261928c85b9ae5a41dee2b669757adc91f6ef52bf,JNU_INTRADAY_MOMREV_G1_V1
2007-02-22,1.0,138,72,18,-0.009951024067896334,-7.210887005721981e-05,138,66,26,24,24,10,-0.004699534308082992,-0.000195813929503458,0,0,3da2029ba3fbb11fc16ee31261928c85b9ae5a41dee2b669757adc91f6ef52bf,JNU_INTRADAY_MOMREV_G1_V1
2007-02-23,1.0,159,102,45,-0.001629972647641973,-1.025140029963505e-05,117,57,26,24,24,15,0.004412935308560004,0.0001838723045233335,0,0,3da2029ba3fbb11fc16ee31261928c85b9ae5a41dee2b669757adc91f6ef52bf,JNU_INTRADAY_MOMREV_G1_V1
2007-02-26,1.0,156,93,38,-0.003280082016436891,-2.1026166772031353e-05,120,63,26,24,24,13,0.0002910068993437852,1.2125287472657717e-05,0,0,3da2029ba3fbb11fc16ee31261928c85b9ae5a41dee2b669757adc91f6ef52bf,JNU_INTRADAY_MOMREV_G1_V1
2007-02-27,1.0,186,129,63,0.004961408848488153,2.6674241120904048e-05,90,57,26,24,24,10,-0.0008397475407074043,-3.498948086280851e-05,0,0,3da2029ba3fbb11fc16ee31261928c85b9ae5a41dee2b669757adc91f6ef52bf,JNU_INTRADAY_MOMREV_G1_V1
2007-02-28,1.0,219,180,85,0.005738706777399424,2.620414053607043e-05,57,39,26,24,24,13,0.012064046285353442,0.0005026685952230601,0,0,3da2029ba3fbb11fc16ee31261928c85b9ae5a41dee2b669757adc91f6ef52bf,JNU_INTRADAY_MOMREV_G1_V1
2007-03-01,1.0,202,148,67,-0.008880043012996643,-4.3960608975230905e-05,74,54,26,24,24,13,0.00200331211468981,8.347133811207541e-05,0,0,3da2029ba3fbb11fc16ee31261928c85b9ae5a41dee2b669757adc91f6ef52bf,JNU_INTRADAY_MOMREV_G1_V1
2007-03-02,1.0,202,149,79,0.008103012642866317,4.0113923974585726e-05,74,53,26,24,24,10,-0.002603605018730235,-0.00010848354244709313,0,0,3da2029ba3fbb11fc16ee31261928c85b9ae5a41dee2b669757adc91f6ef52bf,JNU_INTRADAY_MOMREV_G1_V1
2007-03-05,1.0,217,170,86,0.018838853127597154,8.681499137141546e-05,59,47,26,24,24,13,-6.517080998936879e-06,-2.7154504162237e-07,0,0,3da2029ba3fbb11fc16ee31261928c85b9ae5a41dee2b669757adc91f6ef52bf,JNU_INTRADAY_MOMREV_G1_V1
2007-03-06,1.0,195,138,64,0.0012050114245545928,6.17954576694663e-06,81,57,26,24,24,10,-0.002672368647000762,-0.00011134869362503175,0,0,3da2029ba3fbb11fc16ee31261928c85b9ae5a41dee2b669757adc91f6ef52bf,JNU_INTRADAY_MOMREV_G1_V1
2007-03-07,1.0,200,152,69,0.0026825875984580194,1.3412937992290097e-05,76,48,26,24,24,10,-0.011872202316822695,-0.0004946750965342789,0,0,3da2029ba3fbb11fc16ee31261928c85b9ae5a41dee2b669757adc91f6ef52bf,JNU_INTRADAY_MOMREV_G1_V1
2007-03-08,1.0,217,169,98,0.024558381330216164,0.00011317226419454453,59,48,26,24,24,14,0.0032622863706261054,0.00013592859877608772,0,0,3da2029ba3fbb11fc16ee31261928c85b9ae5a41dee2b669757adc91f6ef52bf,JNU_INTRADAY_MOMREV_G1_V1
2007-03-09,1.0,193,140,63,-0.0011945053708720893,-6.18914699933725e-06,83,53,26,24,24,14,0.009622319813966553,0.00040092999224860637,0,0,3da2029ba3fbb11fc16ee31261928c85b9ae5a41dee2b669757adc91f6ef52bf,JNU_INTRADAY_MOMREV_G1_V1
2007-03-12,1.0,187,130,56,-0.006666702309117352,-3.565081448725857e-05,89,57,26,24,24,11,-0.006976425314068051,-0.00029068438808616876,0,0,3da2029ba3fbb11fc16ee31261928c85b9ae5a41dee2b669757adc91f6ef52bf,JNU_INTRADAY_MOMREV_G1_V1
2007-03-13,1.0,193,132,57,-0.0067106736852273535,-3.477032997527126e-05,83,61,26,24,24,12,-0.004958178723556696,-0.00020659078014819568,0,0,3da2029ba3fbb11fc16ee31261928c85b9ae5a41dee2b669757adc91f6ef52bf,JNU_INTRADAY_MOMREV_G1_V1
2007-03-14,1.0,205,153,67,-0.01107432538732642,-5.4021099450372786e-05,71,52,26,24,24,13,-0.0017987082895388697,-7.494617873078623e-05,0,0,3da2029ba3fbb11fc16ee31261928c85b9ae5a41dee2b669757adc91f6ef52bf,JNU_INTRADAY_MOMREV_G1_V1
2007-03-15,1.0,185,127,53,-0.009244324018687262,-4.996931901993115e-05,91,58,26,24,24,11,0.0005974198899514503,2.4892495414643762e-05,0,0,3da2029ba3fbb11fc16ee31261928c85b9ae5a41dee2b669757adc91f6ef52bf,JNU_INTRADAY_MOMREV_G1_V1
2007-03-16,1.0,201,144,67,0.0035854786229351345,1.78382021041549e-05,75,57,26,24,24,15,-0.01129924077189677,-0.0004708016988290321,0,0,3da2029ba3fbb11fc16ee31261928c85b9ae5a41dee2b669757adc91f6ef52bf,JNU_INTRADAY_MOMREV_G1_V1
2007-03-19,1.0,211,163,83,0.0014958027151049376,7.0891123938622634e-06,65,48,26,24,24,13,0.001469391118677017,6.12246299448757e-05,0,0,3da2029ba3fbb11fc16ee31261928c85b9ae5a41dee2b669757adc91f6ef52bf,JNU_INTRADAY_MOMREV_G1_V1
2007-03-20,1.0,185,128,63,0.004086244095163201,2.208780591980109e-05,91,57,26,24,24,14,0.0014709654274091223,6.129022614204676e-05,0,0,3da2029ba3fbb11fc16ee31261928c85b9ae5a41dee2b669757adc91f6ef52bf,JNU_INTRADAY_MOMREV_G1_V1
2007-03-22,1.0,164,106,34,-0.01580498024878054,-9.63718307852472e-05,112,58,26,24,24,13,0.003734844126121742,0.0001556185052550726,0,0,3da2029ba3fbb11fc16ee31261928c85b9ae5a41dee2b669757adc91f6ef52bf,JNU_INTRADAY_MOMREV_G1_V1
2007-03-23,1.0,176,110,41,-0.012344516448846375,-7.013929800480895e-05,100,66,26,24,24,9,-0.0005709018234171425,-2.378757597571427e-05,0,0,3da2029ba3fbb11fc16ee31261928c85b9ae5a41dee2b669757adc91f6ef52bf,JNU_INTRADAY_MOMREV_G1_V1
2007-03-26,1.0,150,82,32,-0.00631402039478297,-4.2093469298553135e-05,126,68,26,24,24,14,0.003151494464973711,0.00013131226937390463,0,0,3da2029ba3fbb11fc16ee31261928c85b9ae5a41dee2b669757adc91f6ef52bf,JNU_INTRADAY_MOMREV_G1_V1
2007-03-27,1.0,194,134,55,-0.008857261460414871,-4.565598690935501e-05,82,60,26,24,24,9,-0.00572435836927183,-0.00023851493205299292,0,0,3da2029ba3fbb11fc16ee31261928c85b9ae5a41dee2b669757adc91f6ef52bf,JNU_INTRADAY_MOMREV_G1_V1
2007-03-28,1.0,214,171,84,-2.5384820547932267e-05,-1.1862065676603863e-07,62,43,26,24,24,12,0.0008565752671903086,3.569063613292952e-05,0,0,3da2029ba3fbb11fc16ee31261928c85b9ae5a41dee2b669757adc91f6ef52bf,JNU_INTRADAY_MOMREV_G1_V1
2007-03-29,1.0,207,155,77,0.0025694615777366835,1.2412857863462239e-05,69,52,26,24,24,14,0.0026226808080168362,0.00010927836700070151,0,0,3da2029ba3fbb11fc16ee31261928c85b9ae5a41dee2b669757adc91f6ef52bf,JNU_INTRADAY_MOMREV_G1_V1
2007-03-30,1.0,184,122,57,-0.002014657363717808,-1.0949224802814174e-05,92,62,26,24,24,11,-0.005758970597449916,-0.00023995710822707984,0,0,3da2029ba3fbb11fc16ee31261928c85b9ae5a41dee2b669757adc91f6ef52bf,JNU_INTRADAY_MOMREV_G1_V1
2007-04-02,1.0,194,140,54,-0.011787551118762991,-6.076057277712882e-05,82,54,26,24,24,10,-0.00464294944015642,-0.00019345622667318418,0,0,3da2029ba3fbb11fc16ee31261928c85b9ae5a41dee2b669757adc91f6ef52bf,JNU_INTRADAY_MOMREV_G1_V1
2007-04-03,1.0,196,140,57,-0.010443381060992596,-5.3282556433635695e-05,80,56,26,24,24,18,0.016013666100277026,0.0006672360875115427,0,0,3da2029ba3fbb11fc16ee31261928c85b9ae5a41dee2b669757adc91f6ef52bf,JNU_INTRADAY_MOMREV_G1_V1
2007-04-04,1.0,178,120,43,-0.006542947313573972,-3.675813097513467e-05,98,58,26,24,24,14,-0.0017219936413340382,-7.174973505558493e-05,0,0,3da2029ba3fbb11fc16ee31261928c85b9ae5a41dee2b669757adc91f6ef52bf,JNU_INTRADAY_MOMREV_G1_V1
2007-04-05,1.0,179,122,51,-0.006288824674390019,-3.513309873960904e-05,97,57,26,24,24,12,0.0011406575193528025,4.75273966397001e-05,0,0,3da2029ba3fbb11fc16ee31261928c85b9ae5a41dee2b669757adc91f6ef52bf,JNU_INTRADAY_MOMREV_G1_V1
2007-04-06,1.0,165,103,41,-0.007992570583139517,-4.843982171599707e-05,111,62,26,24,24,14,0.003995195308652918,0.0001664664711938716,0,0,3da2029ba3fbb11fc16ee31261928c85b9ae5a41dee2b669757adc91f6ef52bf,JNU_INTRADAY_MOMREV_G1_V1
2007-04-09,1.0,156,87,28,-0.013827227206309616,-8.863607183531806e-05,120,69,26,24,24,11,-0.005073264788598384,-0.00021138603285826598,0,0,3da2029ba3fbb11fc16ee31261928c85b9ae5a41dee2b669757adc91f6ef52bf,JNU_INTRADAY_MOMREV_G1_V1
2007-04-10,1.0,147,81,38,-0.0002825262268988689,-1.921947121761013e-06,129,66,26,24,24,10,-0.005372949239237922,-0.00022387288496824676,0,0,3da2029ba3fbb11fc16ee31261928c85b9ae5a41dee2b669757adc91f6ef52bf,JNU_INTRADAY_MOMREV_G1_V1
2007-04-11,1.0,177,123,43,-0.014134290394236311,-7.985474799003566e-05,99,54,26,24,24,11,0.0008501407851768553,3.54225327157023e-05,0,0,3da2029ba3fbb11fc16ee31261928c85b9ae5a41dee2b669757adc91f6ef52bf,JNU_INTRADAY_MOMREV_G1_V1
2007-04-12,1.0,164,105,39,-0.008580089094576783,-5.2317616430346235e-05,112,59,26,24,24,12,-0.005409999248685098,-0.0002254166353618791,0,0,3da2029ba3fbb11fc16ee31261928c85b9ae5a41dee2b669757adc91f6ef52bf,JNU_INTRADAY_MOMREV_G1_V1
2007-04-13,1.0,191,136,53,-0.009475437607760933,-4.960962098304154e-05,85,55,26,24,24,6,-0.007963991056131095,-0.00033183296067212893,0,0,3da2029ba3fbb11fc16ee31261928c85b9ae5a41dee2b669757adc91f6ef52bf,JNU_INTRADAY_MOMREV_G1_V1
2007-04-16,1.0,177,110,49,-0.0019519815938486092,-1.1028144598014741e-05,99,67,26,24,24,12,-0.004508443015420966,-0.0001878517923092069,0,0,3da2029ba3fbb11fc16ee31261928c85b9ae5a41dee2b669757adc91f6ef52bf,JNU_INTRADAY_MOMREV_G1_V1
2007-04-17,1.0,187,128,50,-0.008773366864819013,-4.691640034662573e-05,89,59,26,24,24,13,0.0067942187335810625,0.00028309244723254427,0,0,3da2029ba3fbb11fc16ee31261928c85b9ae5a41dee2b669757adc91f6ef52bf,JNU_INTRADAY_MOMREV_G1_V1
2007-04-18,1.0,177,114,51,-0.0014111078657754448,-7.972360823590083e-06,99,63,26,24,24,11,0.0025376522256727006,0.00010573550940302919,0,0,3da2029ba3fbb11fc16ee31261928c85b9ae5a41dee2b669757adc91f6ef52bf,JNU_INTRADAY_MOMREV_G1_V1
2007-04-19,1.0,211,160,73,-0.00863182346842938,-4.090911596412029e-05,65,51,26,24,24,14,0.0037530255855413803,0.00015637606606422417,0,0,3da2029ba3fbb11fc16ee31261928c85b9ae5a41dee2b669757adc91f6ef52bf,JNU_INTRADAY_MOMREV_G1_V1
2007-04-20,1.0,168,102,38,-0.015170642745672229,-9.030144491471565e-05,108,66,26,24,24,13,0.0037194052188883,0.00015497521745367918,0,0,3da2029ba3fbb11fc16ee31261928c85b9ae5a41dee2b669757adc91f6ef52bf,JNU_INTRADAY_MOMREV_G1_V1
2007-04-23,1.0,197,146,60,-0.009725223485789242,-4.936661667913321e-05,79,51,26,24,24,10,7.683949798213251e-06,3.2016457492555216e-07,0,0,3da2029ba3fbb11fc16ee31261928c85b9ae5a41dee2b669757adc91f6ef52bf,JNU_INTRADAY_MOMREV_G1_V1
2007-04-24,1.0,202,147,63,-0.004589192351328222,-2.2718774016476348e-05,74,55,26,24,24,15,0.008307639679624534,0.0003461516533176889,0,0,3da2029ba3fbb11fc16ee31261928c85b9ae5a41dee2b669757adc91f6ef52bf,JNU_INTRADAY_MOMREV_G1_V1
2007-04-25,1.0,181,117,44,-0.015619932502492936,-8.629796962703279e-05,95,64,26,24,24,10,-0.005502076189227524,-0.00022925317455114685,0,0,3da2029ba3fbb11fc16ee31261928c85b9ae5a41dee2b669757adc91f6ef52bf,JNU_INTRADAY_MOMREV_G1_V1
2007-04-26,1.0,177,119,48,-0.014054220140527093,-7.94023736752943e-05,99,58,26,24,24,14,0.00862677993861533,0.0003594491641089721,0,0,3da2029ba3fbb11fc16ee31261928c85b9ae5a41dee2b669757adc91f6ef52bf,JNU_INTRADAY_MOMREV_G1_V1
2007-04-27,1.0,196,148,69,-0.0037569811506045275,-1.9168271176553713e-05,80,48,26,24,24,14,0.006597722611060644,0.00027490510879419353,0,0,3da2029ba3fbb11fc16ee31261928c85b9ae5a41dee2b669757adc91f6ef52bf,JNU_INTRADAY_MOMREV_G1_V1
2007-05-01,1.0,180,117,42,-0.013300320617367908,-7.389067009648837e-05,96,63,26,24,24,14,-0.002890173576262391,-0.00012042389901093295,0,0,3da2029ba3fbb11fc16ee31261928c85b9ae5a41dee2b669757adc91f6ef52bf,JNU_INTRADAY_MOMREV_G1_V1
2007-05-02,1.0,180,110,37,-0.007510162841129843,-4.1723126895165796e-05,96,70,26,24,24,11,-0.0040244950986531615,-0.00016768729577721505,0,0,3da2029ba3fbb11fc16ee31261928c85b9ae5a41dee2b669757adc91f6ef52bf,JNU_INTRADAY_MOMREV_G1_V1
2007-05-07,1.0,159,93,31,-0.010458336261772406,-6.577569975957488e-05,117,66,26,24,24,10,-0.004805095833942326,-0.0002002123264142636,0,0,3da2029ba3fbb11fc16ee31261928c85b9ae5a41dee2b669757adc91f6ef52bf,JNU_INTRADAY_MOMREV_G1_V1
2007-05-08,1.0,170,107,40,-0.007634178757845963,-4.490693386968214e-05,106,63,26,24,24,16,0.005096591206634376,0.000212357966943099,0,0,3da2029ba3fbb11fc16ee31261928c85b9ae5a41dee2b669757adc91f6ef52bf,JNU_INTRADAY_MOMREV_G1_V1
2007-05-09,1.0,143,79,30,-0.007046264553975994,-4.927457730053143e-05,133,64,26,24,24,14,0.0011284467954876787,4.701861647865328e-05,0,0,3da2029ba3fbb11fc16ee31261928c85b9ae5a41dee2b669757adc91f6ef52bf,JNU_INTRADAY_MOMREV_G1_V1
2007-05-10,1.0,157,89,41,3.400645244667675e-06,2.1660160794061622e-08,119,68,26,24,24,17,0.008432038137036139,0.00035133492237650576,0,0,3da2029ba3fbb11fc16ee31261928c85b9ae5a41dee2b669757adc91f6ef52bf,JNU_INTRADAY_MOMREV_G1_V1
2007-05-11,1.0,174,117,43,-0.010846693114316816,-6.233731674894722e-05,102,57,26,24,24,14,0.0019994684670513424,8.331118612713927e-05,0,0,3da2029ba3fbb11fc16ee31261928c85b9ae5a41dee2b669757adc91f6ef52bf,JNU_INTRADAY_MOMREV_G1_V1
2007-05-14,1.0,142,71,29,-0.005648992860267774,-3.978163986104066e-05,134,71,26,24,24,10,-0.0028158685515560556,-0.00011732785631483565,0,0,3da2029ba3fbb11fc16ee31261928c85b9ae5a41dee2b669757adc91f6ef52bf,JNU_INTRADAY_MOMREV_G1_V1
2007-05-15,1.0,173,112,45,-0.005702793546188139,-3.2964124544440114e-05,103,61,26,24,24,12,0.004833712600715683,0.00020140469169648682,0,0,3da2029ba3fbb11fc16ee31261928c85b9ae5a41dee2b669757adc91f6ef52bf,JNU_INTRADAY_MOMREV_G1_V1
2007-05-16,1.0,162,101,45,-0.004006618852470144,-2.473221513870459e-05,114,61,26,24,24,13,0.0008470702199534143,3.529459249805893e-05,0,0,3da2029ba3fbb11fc16ee31261928c85b9ae5a41dee2b669757adc91f6ef52bf,JNU_INTRADAY_MOMREV_G1_V1
2007-05-17,1.0,156,94,40,-0.0017089255308460646,-1.0954650838756824e-05,120,62,26,24,24,15,0.006281388673365746,0.00026172452805690605,0,0,3da2029ba3fbb11fc16ee31261928c85b9ae5a41dee2b669757adc91f6ef52bf,JNU_INTRADAY_MOMREV_G1_V1
2007-05-18,1.0,169,106,44,-0.003747662438919812,-2.217551739005806e-05,107,63,26,24,24,11,-0.007441380188280601,-0.00031005750784502507,0,0,3da2029ba3fbb11fc16ee31261928c85b9ae5a41dee2b669757adc91f6ef52bf,JNU_INTRADAY_MOMREV_G1_V1
2007-05-21,1.0,177,121,52,-0.006820188840087721,-3.853214033947865e-05,99,56,26,24,24,13,0.001984643729249702,8.269348871873759e-05,0,0,3da2029ba3fbb11fc16ee31261928c85b9ae5a41dee2b669757adc91f6ef52bf,JNU_INTRADAY_MOMREV_G1_V1
2007-05-22,1.0,172,112,36,-0.013328031472606649,-7.748855507329447e-05,104,60,26,24,24,9,-0.007927700816509516,-0.00033032086735456317,0,0,3da2029ba3fbb11fc16ee31261928c85b9ae5a41dee2b669757adc91f6ef52bf,JNU_INTRADAY_MOMREV_G1_V1
2007-05-23,1.0,177,116,50,-0.010136814777912792,-5.727013998820787e-05,99,61,26,24,24,10,-0.004223335425013753,-0.00017597230937557305,0,0,3da2029ba3fbb11fc16ee31261928c85b9ae5a41dee2b669757adc91f6ef52bf,JNU_INTRADAY_MOMREV_G1_V1
2007-05-24,1.0,174,107,48,0.000566186317750593,3.253944354888465e-06,102,67,26,24,24,14,0.0033998186418890824,0.00014165911007871178,0,0,3da2029ba3fbb11fc16ee31261928c85b9ae5a41dee2b669757adc91f6ef52bf,JNU_INTRADAY_MOMREV_G1_V1
2007-05-25,1.0,155,90,40,0.0014381529242145626,9.278405962674598e-06,121,65,26,24,24,13,0.0005733850585534386,2.3891044106393277e-05,0,0,3da2029ba3fbb11fc16ee31261928c85b9ae5a41dee2b669757adc91f6ef52bf,JNU_INTRADAY_MOMREV_G1_V1
2007-05-28,1.0,165,105,44,-0.0028405128757483795,-1.721522954999018e-05,111,60,26,24,24,11,-0.0019865776365325747,-8.277406818885727e-05,0,0,3da2029ba3fbb11fc16ee31261928c85b9ae5a41dee2b669757adc91f6ef52bf,JNU_INTRADAY_MOMREV_G1_V1
2007-05-29,1.0,168,111,39,-0.008769078767523227,-5.219689742573349e-05,108,57,26,24,24,15,0.004260293094386549,0.0001775122122661062,0,0,3da2029ba3fbb11fc16ee31261928c85b9ae5a41dee2b669757adc91f6ef52bf,JNU_INTRADAY_MOMREV_G1_V1
2007-05-30,1.0,176,118,62,0.0036479564498696666,2.0727025283350378e-05,100,58,26,24,24,10,-0.00679750315232737,-0.0002832292980136404,0,0,3da2029ba3fbb11fc16ee31261928c85b9ae5a41dee2b669757adc91f6ef52bf,JNU_INTRADAY_MOMREV_G1_V1
2007-05-31,1.0,191,138,58,-0.006740271222044826,-3.528937812588914e-05,85,53,26,24,24,16,0.0008354279014324982,3.480949589302076e-05,0,0,3da2029ba3fbb11fc16ee31261928c85b9ae5a41dee2b669757adc91f6ef52bf,JNU_INTRADAY_MOMREV_G1_V1
2007-06-01,1.0,163,96,28,-0.015846131211166944,-9.721552890286468e-05,113,67,26,24,24,16,0.00722995074083867,0.0003012479475349446,0,0,3da2029ba3fbb11fc16ee31261928c85b9ae5a41dee2b669757adc91f6ef52bf,JNU_INTRADAY_MOMREV_G1_V1
2007-06-04,1.0,146,73,22,-0.010540483461929217,-7.219509220499464e-05,130,73,26,24,24,13,0.003880501657502923,0.0001616875690626218,0,0,3da2029ba3fbb11fc16ee31261928c85b9ae5a41dee2b669757adc91f6ef52bf,JNU_INTRADAY_MOMREV_G1_V1
2007-06-05,1.0,163,103,47,-0.0022109893193250126,-1.356435165230069e-05,113,60,26,24,24,15,0.0038868172120913374,0.0001619507171704724,0,0,3da2029ba3fbb11fc16ee31261928c85b9ae5a41dee2b669757adc91f6ef52bf,JNU_INTRADAY_MOMREV_G1_V1
2007-06-06,1.0,144,78,25,-0.008036657249338545,-5.5810119787073235e-05,132,66,26,24,24,13,-7.674212688605492e-07,-3.197588620252288e-08,0,0,3da2029ba3fbb11fc16ee31261928c85b9ae5a41dee2b669757adc91f6ef52bf,JNU_INTRADAY_MOMREV_G1_V1
2007-06-07,1.0,156,87,34,-0.007515865930813603,-4.817862776162566e-05,120,69,26,24,24,10,0.0002929765648977584,1.2207356870739935e-05,0,0,3da2029ba3fbb11fc16ee31261928c85b9ae5a41dee2b669757adc91f6ef52bf,JNU_INTRADAY_MOMREV_G1_V1
2007-06-08,1.0,184,129,55,-0.00339072905523245,-1.842787530017636e-05,92,55,26,24,24,12,-0.0014118843589622481,-5.882851495676034e-05,0,0,3da2029ba3fbb11fc16ee31261928c85b9ae5a41dee2b669757adc91f6ef52bf,JNU_INTRADAY_MOMREV_G1_V1
2007-06-11,1.0,146,83,30,-0.007269314092105692,-4.9789822548669124e-05,130,63,26,24,24,12,-0.0019641049751365656,-8.18377072973569e-05,0,0,3da2029ba3fbb11fc16ee31261928c85b9ae5a41dee2b669757adc91f6ef52bf,JNU_INTRADAY_MOMREV_G1_V1
2007-06-12,1.0,166,103,41,-0.00646338901233214,-3.893607838754301e-05,110,63,26,24,24,17,0.011219131095781232,0.00046746379565755134,0,0,3da2029ba3fbb11fc16ee31261928c85b9ae5a41dee2b669757adc91f6ef52bf,JNU_INTRADAY_MOMREV_G1_V1
2007-06-13,1.0,165,104,51,0.0036846013569071896,2.233091731458903e-05,111,61,26,24,24,9,-0.0030865447901798,-0.00012860603292415835,0,0,3da2029ba3fbb11fc16ee31261928c85b9ae5a41dee2b669757adc91f6ef52bf,JNU_INTRADAY_MOMREV_G1_V1
2007-06-14,1.0,137,77,25,-0.008951597807479273,-6.534012998160054e-05,139,60,26,24,24,12,0.00027999427053136835,1.1666427938807015e-05,0,0,3da2029ba3fbb11fc16ee31261928c85b9ae5a41dee2b669757adc91f6ef52bf,JNU_INTRADAY_MOMREV_G1_V1
2007-06-15,1.0,128,67,16,-0.00973069438578959,-7.602104988898117e-05,148,61,26,24,24,17,0.003333958428187989,0.00013891493450783287,0,0,3da2029ba3fbb11fc16ee31261928c85b9ae5a41dee2b669757adc91f6ef52bf,JNU_INTRADAY_MOMREV_G1_V1
2007-06-18,1.0,139,74,26,-0.0035721438308260536,-2.5698876480762975e-05,137,65,26,24,24,12,0.0002740820476560918,1.1420085319003824e-05,0,0,3da2029ba3fbb11fc16ee31261928c85b9ae5a41dee2b669757adc91f6ef52bf,JNU_INTRADAY_MOMREV_G1_V1
2007-06-19,1.0,131,71,18,-0.011011398192140724,-8.405647474916582e-05,145,60,26,24,24,15,0.004680048891205601,0.0001950020371335667,0,0,3da2029ba3fbb11fc16ee31261928c85b9ae5a41dee2b669757adc91f6ef52bf,JNU_INTRADAY_MOMREV_G1_V1
2007-06-20,1.0,147,89,28,-0.011250411054958843,-7.653340853713498e-05,129,58,26,24,24,14,0.0038448238645191163,0.0001602009943549632,0,0,3da2029ba3fbb11fc16ee31261928c85b9ae5a41dee2b669757adc91f6ef52bf,JNU_INTRADAY_MOMREV_G1_V1
2007-06-21,1.0,159,95,38,-0.006571383248084002,-4.132945439046542e-05,117,64,26,24,24,13,0.0002646805163709227,1.1028354848788445e-05,0,0,3da2029ba3fbb11fc16ee31261928c85b9ae5a41dee2b669757adc91f6ef52bf,JNU_INTRADAY_MOMREV_G1_V1
2007-06-22,1.0,161,87,32,-0.0060602303979313335,-3.764118259584679e-05,115,74,26,24,24,17,0.004412641526348213,0.00018386006359784223,0,0,3da2029ba3fbb11fc16ee31261928c85b9ae5a41dee2b669757adc91f6ef52bf,JNU_INTRADAY_MOMREV_G1_V1
2007-06-25,1.0,166,102,42,-0.005505791342336036,-3.316741772491588e-05,110,64,26,24,24,11,-0.004138489402779397,-0.00017243705844914155,0,0,3da2029ba3fbb11fc16ee31261928c85b9ae5a41dee2b669757adc91f6ef52bf,JNU_INTRADAY_MOMREV_G1_V1
2007-06-26,1.0,160,96,41,-0.005808336392442286,-3.630210245276429e-05,116,64,26,24,24,9,-0.0019366490357407872,-8.06937098225328e-05,0,0,3da2029ba3fbb11fc16ee31261928c85b9ae5a41dee2b669757adc91f6ef52bf,JNU_INTRADAY_MOMREV_G1_V1
2007-06-27,1.0,165,103,42,-0.0041803319515239055,-2.5335345160750944e-05,111,62,26,24,24,13,-0.0005630907539701958,-2.3462114748758157e-05,0,0,3da2029ba3fbb11fc16ee31261928c85b9ae5a41dee2b669757adc91f6ef52bf,JNU_INTRADAY_MOMREV_G1_V1
2007-06-28,1.0,142,79,34,-0.0027835008764388715,-1.9602118848161066e-05,134,63,26,24,24,12,0.0008362371125866504,3.4843213024443766e-05,0,0,3da2029ba3fbb11fc16ee31261928c85b9ae5a41dee2b669757adc91f6ef52bf,JNU_INTRADAY_MOMREV_G1_V1
2007-06-29,1.0,158,95,39,-0.006620876907050127,-4.190428422183625e-05,118,63,26,24,24,12,-0.0011114468687650504,-4.631028619854377e-05,0,0,3da2029ba3fbb11fc16ee31261928c85b9ae5a41dee2b669757adc91f6ef52bf,JNU_INTRADAY_MOMREV_G1_V1
2007-07-02,1.0,157,102,31,-0.010187120993561427,-6.488612097809825e-05,119,55,26,24,24,11,-0.0035864838587218815,-0.00014943682744674507,0,0,3da2029ba3fbb11fc16ee31261928c85b9ae5a41dee2b669757adc91f6ef52bf,JNU_INTRADAY_MOMREV_G1_V1
2007-07-03,1.0,127,67,17,-0.010702496738340249,-8.427162786094685e-05,149,60,26,24,24,17,0.004393419031753859,0.00018305912632307747,0,0,3da2029ba3fbb11fc16ee31261928c85b9ae5a41dee2b669757adc91f6ef52bf,JNU_INTRADAY_MOMREV_G1_V1
2007-07-04,1.0,142,78,18,-0.012371438074103949,-8.71228033387602e-05,134,64,26,24,24,10,-0.0008224020803975746,-3.426675334989894e-05,0,0,3da2029ba3fbb11fc16ee31261928c85b9ae5a41dee2b669757adc91f6ef52bf,JNU_INTRADAY_MOMREV_G1_V1
2007-07-05,1.0,141,78,26,-0.007942103457169572,-5.6326974873543066e-05,135,63,26,24,24,16,0.0038288018221569802,0.00015953340925654085,0,0,3da2029ba3fbb11fc16ee31261928c85b9ae5a41dee2b669757adc91f6ef52bf,JNU_INTRADAY_MOMREV_G1_V1
2007-07-06,1.0,140,84,29,-0.008820072022801495,-6.300051444858211e-05,136,56,26,24,24,14,0.002207425036298794,9.197604317911643e-05,0,0,3da2029ba3fbb11fc16ee31261928c85b9ae5a41dee2b669757adc91f6ef52bf,JNU_INTRADAY_MOMREV_G1_V1
2007-07-09,1.0,130,74,19,-0.01040091196002409,-8.00070150771084e-05,146,56,26,23,22,13,0.0019178449359493262,8.33845624325794e-05,1,1,3da2029ba3fbb11fc16ee31261928c85b9ae5a41dee2b669757adc91f6ef52bf,JNU_INTRADAY_MOMREV_G1_V1
2007-07-10,1.0,123,60,17,-0.006845151532331641,-5.5651638474240986e-05,153,63,26,24,24,15,0.004109027255451425,0.0001712094689771427,0,0,3da2029ba3fbb11fc16ee31261928c85b9ae5a41dee2b669757adc91f6ef52bf,JNU_INTRADAY_MOMREV_G1_V1
2007-07-11,1.0,148,87,24,-0.012712686605491684,-8.589653111818705e-05,128,61,26,24,24,11,-0.003593112088607876,-0.00014971300369199484,0,0,3da2029ba3fbb11fc16ee31261928c85b9ae5a41dee2b669757adc91f6ef52bf,JNU_INTRADAY_MOMREV_G1_V1
2007-07-12,1.0,136,74,20,-0.00436423547036691,-3.208996669387433e-05,140,62,26,24,24,8,-0.009137311715598454,-0.0003807213214832689,0,0,3da2029ba3fbb11fc16ee31261928c85b9ae5a41dee2b669757adc91f6ef52bf,JNU_INTRADAY_MOMREV_G1_V1
2007-07-13,1.0,131,58,17,-0.005475331565320264,-4.179642416275011e-05,145,73,26,24,24,12,-0.0024660935189348312,-0.00010275389662228463,0,0,3da2029ba3fbb11fc16ee31261928c85b9ae5a41dee2b669757adc91f6ef52bf,JNU_INTRADAY_MOMREV_G1_V1
2007-07-17,1.0,126,71,20,-0.00932724891982873,-7.40257850780058e-05,150,55,26,24,24,12,0.0016468436602039634,6.861848584183181e-05,0,0,3da2029ba3fbb11fc16ee31261928c85b9ae5a41dee2b669757adc91f6ef52bf,JNU_INTRADAY_MOMREV_G1_V1
2007-07-18,1.0,163,101,34,-0.0130370520409148,-7.998191436144049e-05,113,62,26,24,24,16,0.0019590185515306682,8.162577298044451e-05,0,0,3da2029ba3fbb11fc16ee31261928c85b9ae5a41dee2b669757adc91f6ef52bf,JNU_INTRADAY_MOMREV_G1_V1
2007-07-19,1.0,136,70,26,-0.004971472350821581,-3.655494375604104e-05,140,66,26,24,24,8,-0.003039557626941913,-0.00012664823445591303,0,0,3da2029ba3fbb11fc16ee31261928c85b9ae5a41dee2b669757adc91f6ef52bf,JNU_INTRADAY_MOMREV_G1_V1
2007-07-20,1.0,141,78,24,-0.009070973162150829,-6.433314299397751e-05,135,63,26,24,24,11,-0.0021983312758412678,-9.159713649338616e-05,0,0,3da2029ba3fbb11fc16ee31261928c85b9ae5a41dee2b669757adc91f6ef52bf,JNU_INTRADAY_MOMREV_G1_V1
2007-07-23,1.0,157,94,30,-0.01086108271252594,-6.917887078042e-05,119,63,26,24,24,15,0.000554159585234067,2.3089982718086125e-05,0,0,3da2029ba3fbb11fc16ee31261928c85b9ae5a41dee2b669757adc91f6ef52bf,JNU_INTRADAY_MOMREV_G1_V1
2007-07-24,1.0,144,83,31,-0.004448547691235654,-3.08926923002476e-05,132,61,26,24,24,11,-0.0019447789767426888,-8.10324573642787e-05,0,0,3da2029ba3fbb11fc16ee31261928c85b9ae5a41dee2b669757adc91f6ef52bf,JNU_INTRADAY_MOMREV_G1_V1
2007-07-25,1.0,170,107,39,-0.009806801622186442,-5.76870683658026e-05,106,63,26,24,24,9,-0.005606514615511244,-0.00023360477564630185,0,0,3da2029ba3fbb11fc16ee31261928c85b9ae5a41dee2b669757adc91f6ef52bf,JNU_INTRADAY_MOMREV_G1_V1
2007-07-26,1.0,168,112,43,-0.007840583319477018,-4.667013880641082e-05,108,56,26,23,22,11,-0.00028331894552356424,-1.2318215022763663e-05,1,1,3da2029ba3fbb11fc16ee31261928c85b9ae5a41dee2b669757adc91f6ef52bf,JNU_INTRADAY_MOMREV_G1_V1
2007-07-27,1.0,199,142,63,-0.010710469330289187,-5.382145392105119e-05,77,57,26,24,24,11,0.0017197528285787253,7.165636785744689e-05,0,0,3da2029ba3fbb11fc16ee31261928c85b9ae5a41dee2b669757adc91f6ef52bf,JNU_INTRADAY_MOMREV_G1_V1
2007-07-30,1.0,176,123,62,-0.0002978688498526758,-1.6924366468902035e-06,100,53,26,24,24,12,-0.0023081455143541085,-9.617272976475453e-05,0,0,3da2029ba3fbb11fc16ee31261928c85b9ae5a41dee2b669757adc91f6ef52bf,JNU_INTRADAY_MOMREV_G1_V1
2007-07-31,1.0,169,110,55,0.0014478776461228637,8.56732334983943e-06,107,59,26,24,24,11,-0.004639198014805833,-0.0001932999172835764,0,0,3da2029ba3fbb11fc16ee31261928c85b9ae5a41dee2b669757adc91f6ef52bf,JNU_INTRADAY_MOMREV_G1_V1
2007-08-01,1.0,202,147,70,-0.004049605184348331,-2.0047550417565997e-05,74,55,26,24,24,12,-0.0014525393426352805,-6.052247260980335e-05,0,0,3da2029ba3fbb11fc16ee31261928c85b9ae5a41dee2b669757adc91f6ef52bf,JNU_INTRADAY_MOMREV_G1_V1
2007-08-02,1.0,201,145,74,-0.003501111620160251,-1.741846577194155e-05,75,56,26,24,24,17,0.02584072199509005,0.0010766967497954187,0,0,3da2029ba3fbb11fc16ee31261928c85b9ae5a41dee2b669757adc91f6ef52bf,JNU_INTRADAY_MOMREV_G1_V1
2007-08-03,1.0,207,158,81,0.009073854813978004,4.383504741052176e-05,69,49,26,24,24,14,0.010018706924318166,0.00041744612184659025,0,0,3da2029ba3fbb11fc16ee31261928c85b9ae5a41dee2b669757adc91f6ef52bf,JNU_INTRADAY_MOMREV_G1_V1
2007-08-06,1.0,190,128,63,-0.0029234710254521694,-1.5386689607642998e-05,86,62,26,24,24,12,-0.004436416415258939,-0.00018485068396912244,0,0,3da2029ba3fbb11fc16ee31261928c85b9ae5a41dee2b669757adc91f6ef52bf,JNU_INTRADAY_MOMREV_G1_V1
2007-08-07,1.0,213,167,79,-0.004384485039654519,-2.058443680588976e-05,63,46,26,24,24,14,0.00588430970998085,0.00024517957124920207,0,0,3da2029ba3fbb11fc16ee31261928c85b9ae5a41dee2b669757adc91f6ef52bf,JNU_INTRADAY_MOMREV_G1_V1
2007-08-08,1.0,183,123,53,-0.005567165509372976,-3.0421669450125552e-05,93,60,26,24,24,15,0.0014630537427892357,6.0960572616218154e-05,0,0,3da2029ba3fbb11fc16ee31261928c85b9ae5a41dee2b669757adc91f6ef52bf,JNU_INTRADAY_MOMREV_G1_V1
2007-08-09,1.0,159,89,36,-0.00638524496749547,-4.0158773380474656e-05,117,70,26,24,24,13,0.006382553209231787,0.0002659397170513245,0,0,3da2029ba3fbb11fc16ee31261928c85b9ae5a41dee2b669757adc91f6ef52bf,JNU_INTRADAY_MOMREV_G1_V1
2007-08-10,1.0,194,129,60,-0.003276567363758099,-1.6889522493598447e-05,82,65,26,24,24,12,-0.002646614240761086,-0.00011027559336504525,0,0,3da2029ba3fbb11fc16ee31261928c85b9ae5a41dee2b669757adc91f6ef52bf,JNU_INTRADAY_MOMREV_G1_V1
2007-08-13,1.0,186,127,62,0.0029440962978743114,1.5828474719754363e-05,90,59,26,24,24,14,0.010106308731215003,0.00042109619713395844,0,0,3da2029ba3fbb11fc16ee31261928c85b9ae5a41dee2b669757adc91f6ef52bf,JNU_INTRADAY_MOMREV_G1_V1
2007-08-14,1.0,171,100,38,-0.01249419514424503,-7.30654686797955e-05,105,71,26,24,24,12,0.0014949585996070214,6.228994165029256e-05,0,0,3da2029ba3fbb11fc16ee31261928c85b9ae5a41dee2b669757adc91f6ef52bf,JNU_INTRADAY_MOMREV_G1_V1
2007-08-15,1.0,186,128,57,-0.002725391223219081,-1.4652640985048823e-05,90,58,26,24,24,14,0.004848530137603455,0.00020202208906681062,0,0,3da2029ba3fbb11fc16ee31261928c85b9ae5a41dee2b669757adc91f6ef52bf,JNU_INTRADAY_MOMREV_G1_V1
2007-08-16,1.0,227,184,89,0.012838283804623138,5.6556316319925716e-05,49,43,26,24,24,9,-0.01514161483817994,-0.0006309006182574975,0,0,3da2029ba3fbb11fc16ee31261928c85b9ae5a41dee2b669757adc91f6ef52bf,JNU_INTRADAY_MOMREV_G1_V1
2007-08-17,1.0,240,212,99,-0.003246058630288489,-1.3525244292868703e-05,36,28,26,24,24,12,-0.011342247430557105,-0.0004725936429398794,0,0,3da2029ba3fbb11fc16ee31261928c85b9ae5a41dee2b669757adc91f6ef52bf,JNU_INTRADAY_MOMREV_G1_V1
2007-08-20,1.0,209,157,77,-0.011384257817987006,-5.44701331004163e-05,67,52,26,24,24,14,-0.0037572880373915934,-0.00015655366822464972,0,0,3da2029ba3fbb11fc16ee31261928c85b9ae5a41dee2b669757adc91f6ef52bf,JNU_INTRADAY_MOMREV_G1_V1
2007-08-21,1.0,222,180,88,0.0075665106574721456,3.408338133996462e-05,54,42,26,24,24,15,0.010674980566970823,0.00044479085695711766,0,0,3da2029ba3fbb11fc16ee31261928c85b9ae5a41dee2b669757adc91f6ef52bf,JNU_INTRADAY_MOMREV_G1_V1
2007-08-22,1.0,199,143,62,-0.005989981669054269,-3.010041039725763e-05,77,56,26,24,24,14,0.007542618142650658,0.0003142757559437774,0,0,3da2029ba3fbb11fc16ee31261928c85b9ae5a41dee2b669757adc91f6ef52bf,JNU_INTRADAY_MOMREV_G1_V1
2007-08-23,1.0,173,118,48,-0.0073688409949322275,-4.259445661810536e-05,103,55,26,24,24,11,-0.001846246484989538,-7.692693687456408e-05,0,0,3da2029ba3fbb11fc16ee31261928c85b9ae5a41dee2b669757adc91f6ef52bf,JNU_INTRADAY_MOMREV_G1_V1
2007-08-24,1.0,179,120,52,-0.006768514270405917,-3.7812928884949254e-05,97,59,26,24,24,14,0.004616191185517368,0.000192341299396557,0,0,3da2029ba3fbb11fc16ee31261928c85b9ae5a41dee2b669757adc91f6ef52bf,JNU_INTRADAY_MOMREV_G1_V1
2007-08-27,1.0,183,120,59,-0.006399380979963763,-3.496929497247958e-05,93,63,26,24,24,12,0.003661134077281989,0.00015254725322008287,0,0,3da2029ba3fbb11fc16ee31261928c85b9ae5a41dee2b669757adc91f6ef52bf,JNU_INTRADAY_MOMREV_G1_V1
2007-08-28,1.0,178,118,45,-0.012922738235725265,-7.25996530096925e-05,98,60,26,24,24,10,-0.004605325333400584,-0.00019188855555835765,0,0,3da2029ba3fbb11fc16ee31261928c85b9ae5a41dee2b669757adc91f6ef52bf,JNU_INTRADAY_MOMREV_G1_V1
2007-08-29,1.0,195,144,72,0.005970786273026417,3.0619416784750856e-05,81,51,26,24,24,8,-0.01038092327343214,-0.00043253846972633915,0,0,3da2029ba3fbb11fc16ee31261928c85b9ae5a41dee2b669757adc91f6ef52bf,JNU_INTRADAY_MOMREV_G1_V1
2007-08-30,1.0,197,148,72,-0.0003182000200100823,-1.6152285279699608e-06,79,49,26,24,24,11,-0.0003273192187903339,-1.363830078293058e-05,0,0,3da2029ba3fbb11fc16ee31261928c85b9ae5a41dee2b669757adc91f6ef52bf,JNU_INTRADAY_MOMREV_G1_V1
2007-08-31,1.0,183,122,64,0.004875835041354332,2.6643907329805092e-05,93,61,26,24,24,13,0.0006490542513225678,2.7043927138440326e-05,0,0,3da2029ba3fbb11fc16ee31261928c85b9ae5a41dee2b669757adc91f6ef52bf,JNU_INTRADAY_MOMREV_G1_V1
2007-09-03,1.0,199,146,60,-0.008472576253317543,-4.257576006692233e-05,77,53,26,24,24,13,0.0015163113745333885,6.317964060555786e-05,0,0,3da2029ba3fbb11fc16ee31261928c85b9ae5a41dee2b669757adc91f6ef52bf,JNU_INTRADAY_MOMREV_G1_V1
2007-09-04,1.0,174,111,53,0.000604208740184295,3.4724640240476724e-06,102,63,26,24,24,11,-0.0027343415026487234,-0.00011393089594369681,0,0,3da2029ba3fbb11fc16ee31261928c85b9ae5a41dee2b669757adc91f6ef52bf,JNU_INTRADAY_MOMREV_G1_V1
2007-09-05,1.0,212,162,67,-0.015878605469309623,-7.489908240240389e-05,64,50,26,24,24,8,-0.009853109950048056,-0.000410546247918669,0,0,3da2029ba3fbb11fc16ee31261928c85b9ae5a41dee2b669757adc91f6ef52bf,JNU_INTRADAY_MOMREV_G1_V1
2007-09-06,1.0,219,172,84,-0.0076827024404174295,-3.50808330612668e-05,57,47,26,24,24,9,-0.013396477910371542,-0.0005581865795988143,0,0,3da2029ba3fbb11fc16ee31261928c85b9ae5a41dee2b669757adc91f6ef52bf,JNU_INTRADAY_MOMREV_G1_V1
2007-09-07,1.0,211,163,82,0.002470650933691506,1.1709246131239365e-05,65,48,26,24,24,13,-0.010856258496084986,-0.0004523441040035411,0,0,3da2029ba3fbb11fc16ee31261928c85b9ae5a41dee2b669757adc91f6ef52bf,JNU_INTRADAY_MOMREV_G1_V1
2007-09-10,1.0,211,164,75,-0.010514876274639755,-4.983353684663391e-05,65,47,26,24,24,13,-0.0012967560582334396,-5.4031502426393314e-05,0,0,3da2029ba3fbb11fc16ee31261928c85b9ae5a41dee2b669757adc91f6ef52bf,JNU_INTRADAY_MOMREV_G1_V1
2007-09-11,1.0,201,144,75,0.01166131685393168,5.801650176085413e-05,75,57,26,24,24,12,-0.007620895146376519,-0.0003175372977656883,0,0,3da2029ba3fbb11fc16ee31261928c85b9ae5a41dee2b669757adc91f6ef52bf,JNU_INTRADAY_MOMREV_G1_V1
2007-09-12,1.0,207,158,65,-0.00698381113606358,-3.373821804861633e-05,69,49,26,24,24,12,0.007776221731813132,0.00032400923882554717,0,0,3da2029ba3fbb11fc16ee31261928c85b9ae5a41dee2b669757adc91f6ef52bf,JNU_INTRADAY_MOMREV_G1_V1
2007-09-13,1.0,205,155,77,-0.002846534705370953,-1.388553514815099e-05,71,50,26,24,24,12,0.00410257132943403,0.00017094047205975125,0,0,3da2029ba3fbb11fc16ee31261928c85b9ae5a41dee2b669757adc91f6ef52bf,JNU_INTRADAY_MOMREV_G1_V1
2007-09-14,1.0,205,152,71,-0.0018490992953293303,-9.0199965625821e-06,71,53,26,24,24,10,-0.004351985480263756,-0.00018133272834432317,0,0,3da2029ba3fbb11fc16ee31261928c85b9ae5a41dee2b669757adc91f6ef52bf,JNU_INTRADAY_MOMREV_G1_V1
2007-09-18,1.0,194,140,63,-0.006023442130126824,-3.104867077384961e-05,82,54,26,24,24,10,-0.007256757013702836,-0.00030236487557095147,0,0,3da2029ba3fbb11fc16ee31261928c85b9ae5a41dee2b669757adc91f6ef52bf,JNU_INTRADAY_MOMREV_G1_V1
2007-09-19,1.0,178,125,59,-0.003994378353709678,-2.244032782982965e-05,98,53,26,24,24,9,0.000930931240327421,3.878880168030921e-05,0,0,3da2029ba3fbb11fc16ee31261928c85b9ae5a41dee2b669757adc91f6ef52bf,JNU_INTRADAY_MOMREV_G1_V1
2007-09-20,1.0,196,140,60,-0.007332659972219343,-3.7411530470506854e-05,80,56,26,24,24,11,-0.0024351013688525,-0.00010146255703552083,0,0,3da2029ba3fbb11fc16ee31261928c85b9ae5a41dee2b669757adc91f6ef52bf,JNU_INTRADAY_MOMREV_G1_V1
2007-09-21,1.0,176,110,33,-0.019361442088809334,-0.00011000819368641667,100,66,26,24,24,13,-0.0012388893931105066,-5.162039137960444e-05,0,0,3da2029ba3fbb11fc16ee31261928c85b9ae5a41dee2b669757adc91f6ef52bf,JNU_INTRADAY_MOMREV_G1_V1
2007-09-25,1.0,195,138,56,-0.0161729529125641,-8.293822006443129e-05,81,57,26,24,24,15,0.008245576956577655,0.00034356570652406895,0,0,3da2029ba3fbb11fc16ee31261928c85b9ae5a41dee2b669757adc91f6ef52bf,JNU_INTRADAY_MOMREV_G1_V1
2007-09-26,1.0,139,75,24,-0.008507871285688003,-6.12077070912806e-05,137,64,26,24,24,12,0.002739393796426388,0.00011414140818443283,0,0,3da2029ba3fbb11fc16ee31261928c85b9ae5a41dee2b669757adc91f6ef52bf,JNU_INTRADAY_MOMREV_G1_V1
2007-09-27,1.0,162,95,42,-0.003614662862905309,-2.231273372163771e-05,114,67,26,24,24,15,0.008970162954287902,0.0003737567897619959,0,0,3da2029ba3fbb11fc16ee31261928c85b9ae5a41dee2b669757adc91f6ef52bf,JNU_INTRADAY_MOMREV_G1_V1
2007-09-28,1.0,190,133,62,-0.0026556213364001572,-1.397695440210609e-05,86,57,26,24,24,15,-0.004427499879514643,-0.00018447916164644347,0,0,3da2029ba3fbb11fc16ee31261928c85b9ae5a41dee2b669757adc91f6ef52bf,JNU_INTRADAY_MOMREV_G1_V1
2007-10-01,1.0,186,120,56,-0.004739891464578951,-2.5483287443972856e-05,90,66,26,24,24,9,-0.00449607221066276,-0.00018733634211094835,0,0,3da2029ba3fbb11fc16ee31261928c85b9ae5a41dee2b669757adc91f6ef52bf,JNU_INTRADAY_MOMREV_G1_V1
2007-10-02,1.0,185,130,43,-0.01757351671516961,-9.499198224416004e-05,91,55,26,24,24,9,0.0014640853584220576,6.100355660091907e-05,0,0,3da2029ba3fbb11fc16ee31261928c85b9ae5a41dee2b669757adc91f6ef52bf,JNU_INTRADAY_MOMREV_G1_V1
2007-10-03,1.0,174,111,40,-0.010781522482608753,-6.196277288855605e-05,102,63,26,24,24,17,0.009907029022331863,0.0004127928759304943,0,0,3da2029ba3fbb11fc16ee31261928c85b9ae5a41dee2b669757adc91f6ef52bf,JNU_INTRADAY_MOMREV_G1_V1
2007-10-04,1.0,169,108,54,-0.0020356764345145686,-1.2045422689435317e-05,107,61,26,24,24,9,-0.004957676694871995,-0.00020656986228633314,0,0,3da2029ba3fbb11fc16ee31261928c85b9ae5a41dee2b669757adc91f6ef52bf,JNU_INTRADAY_MOMREV_G1_V1
2007-10-05,1.0,163,97,35,-0.011399985993604606,-6.993856437794236e-05,113,66,26,24,24,14,0.0058382376883892115,0.00024325990368288382,0,0,3da2029ba3fbb11fc16ee31261928c85b9ae5a41dee2b669757adc91f6ef52bf,JNU_INTRADAY_MOMREV_G1_V1
2007-10-09,1.0,144,76,23,-0.009581610322061887,-6.653896056987422e-05,132,68,26,24,24,11,0.0008739877546779576,3.64161564449149e-05,0,0,3da2029ba3fbb11fc16ee31261928c85b9ae5a41dee2b669757adc91f6ef52bf,JNU_INTRADAY_MOMREV_G1_V1
2007-10-10,1.0,141,78,26,-0.009862161866776076,-6.99444104026672e-05,135,63,26,24,24,15,0.0023195204941154775,9.664668725481157e-05,0,0,3da2029ba3fbb11fc16ee31261928c85b9ae5a41dee2b669757adc91f6ef52bf,JNU_INTRADAY_MOMREV_G1_V1
2007-10-11,1.0,169,104,47,0.0011188973447606096,6.6206943476959146e-06,107,65,26,24,24,12,-0.004905241498760719,-0.00020438506244836328,0,0,3da2029ba3fbb11fc16ee31261928c85b9ae5a41dee2b669757adc91f6ef52bf,JNU_INTRADAY_MOMREV_G1_V1
2007-10-12,1.0,190,132,51,-0.013787279869666939,-7.256463089298388e-05,86,58,26,24,24,12,0.0037448545484302445,0.00015603560618459352,0,0,3da2029ba3fbb11fc16ee31261928c85b9ae5a41dee2b669757adc91f6ef52bf,JNU_INTRADAY_MOMREV_G1_V1
2007-10-15,1.0,153,90,40,-0.004314770053388109,-2.8201111460053e-05,123,63,26,24,24,11,-0.003171024755990274,-0.00013212603149959475,0,0,3da2029ba3fbb11fc16ee31261928c85b9ae5a41dee2b669757adc91f6ef52bf,JNU_INTRADAY_MOMREV_G1_V1
2007-10-16,1.0,192,133,59,-0.006665789265263258,-3.471765242324613e-05,84,59,26,24,24,12,0.004628097637347863,0.00019283740155616097,0,0,3da2029ba3fbb11fc16ee31261928c85b9ae5a41dee2b669757adc91f6ef52bf,JNU_INTRADAY_MOMREV_G1_V1
2007-10-17,1.0,225,182,94,0.006195960919483965,2.75376040865954e-05,51,43,26,24,24,12,0.0026803129810508784,0.0001116797075437866,0,0,3da2029ba3fbb11fc16ee31261928c85b9ae5a41dee2b669757adc91f6ef52bf,JNU_INTRADAY_MOMREV_G1_V1
2007-10-18,1.0,207,156,68,-0.0119880199895604,-5.7913140046185504e-05,69,51,26,24,24,15,0.0005773582548113101,2.4056593950471256e-05,0,0,3da2029ba3fbb11fc16ee31261928c85b9ae5a41dee2b669757adc91f6ef52bf,JNU_INTRADAY_MOMREV_G1_V1
2007-10-19,1.0,206,158,74,-0.0053281712506275366,-2.586490898362882e-05,70,48,26,24,24,13,-0.0038479083537067147,-0.0001603295147377798,0,0,3da2029ba3fbb11fc16ee31261928c85b9ae5a41dee2b669757adc91f6ef52bf,JNU_INTRADAY_MOMREV_G1_V1
2007-10-22,1.0,203,151,71,-0.003346234480381834,-1.6483913696462238e-05,73,52,26,24,24,7,-0.009471959035161372,-0.00039466495979839053,0,0,3da2029ba3fbb11fc16ee31261928c85b9ae5a41dee2b669757adc91f6ef52bf,JNU_INTRADAY_MOMREV_G1_V1
2007-10-23,1.0,169,105,44,-0.005761220527878099,-3.409006229513668e-05,107,64,26,24,24,12,-0.004850593269394234,-0.0002021080528914264,0,0,3da2029ba3fbb11fc16ee31261928c85b9ae5a41dee2b669757adc91f6ef52bf,JNU_INTRADAY_MOMREV_G1_V1
2007-10-24,1.0,181,120,53,-0.0011494956903861644,-6.350804919260577e-06,95,61,26,24,24,11,0.011539146404823203,0.00048079776686763345,0,0,3da2029ba3fbb11fc16ee31261928c85b9ae5a41dee2b669757adc91f6ef52bf,JNU_INTRADAY_MOMREV_G1_V1
2007-10-25,1.0,204,153,67,-0.015002701316319367,-7.354265351136944e-05,72,51,26,24,24,12,-0.008259924093213862,-0.0003441635038839109,0,0,3da2029ba3fbb11fc16ee31261928c85b9ae5a41dee2b669757adc91f6ef52bf,JNU_INTRADAY_MOMREV_G1_V1
2007-10-26,1.0,193,133,55,-0.0075951688863399895,-3.935320666497404e-05,83,60,26,24,24,9,-0.0045612992843129165,-0.00019005413684637152,0,0,3da2029ba3fbb11fc16ee31261928c85b9ae5a41dee2b669757adc91f6ef52bf,JNU_INTRADAY_MOMREV_G1_V1
2007-10-29,1.0,155,84,26,-0.012543130839962382,-8.092342477395085e-05,121,71,26,24,24,10,0.00029719011460621424,1.2382921441925593e-05,0,0,3da2029ba3fbb11fc16ee31261928c85b9ae5a41dee2b669757adc91f6ef52bf,JNU_INTRADAY_MOMREV_G1_V1
2007-10-30,1.0,196,137,59,-0.011118636250593023,-5.6727735972413385e-05,80,59,26,24,24,8,-0.010855315014491959,-0.0004523047922704983,0,0,3da2029ba3fbb11fc16ee31261928c85b9ae5a41dee2b669757adc91f6ef52bf,JNU_INTRADAY_MOMREV_G1_V1
2007-10-31,1.0,186,126,55,-0.003910700407439363,-2.102527100773851e-05,90,60,26,24,24,16,0.009918844424420405,0.0004132851843508502,0,0,3da2029ba3fbb11fc16ee31261928c85b9ae5a41dee2b669757adc91f6ef52bf,JNU_INTRADAY_MOMREV_G1_V1
2007-11-01,1.0,166,100,32,-0.013047158210244384,-7.859733861593002e-05,110,66,26,24,24,13,0.0014805589365942953,6.168995569142897e-05,0,0,3da2029ba3fbb11fc16ee31261928c85b9ae5a41dee2b669757adc91f6ef52bf,JNU_INTRADAY_MOMREV_G1_V1
2007-11-02,1.0,180,122,53,-0.004230821928385786,-2.3504566268809923e-05,96,58,26,24,24,13,-0.0012141738466505305,-5.05905769437721e-05,0,0,3da2029ba3fbb11fc16ee31261928c85b9ae5a41dee2b669757adc91f6ef52bf,JNU_INTRADAY_MOMREV_G1_V1
2007-11-05,1.0,189,127,66,0.002456873710002193,1.2999331798953401e-05,87,62,26,24,24,12,-2.1347948265040286e-06,-8.894978443766786e-08,0,0,3da2029ba3fbb11fc16ee31261928c85b9ae5a41dee2b669757adc91f6ef52bf,JNU_INTRADAY_MOMREV_G1_V1
2007-11-06,1.0,170,102,39,-0.011343249476976605,-6.67249969233918e-05,106,68,26,24,24,9,-0.007048960855324918,-0.0002937067023052049,0,0,3da2029ba3fbb11fc16ee31261928c85b9ae5a41dee2b669757adc91f6ef52bf,JNU_INTRADAY_MOMREV_G1_V1
2007-11-07,1.0,182,122,42,-0.020968048174893648,-0.00011520905590600906,94,60,26,24,24,10,-0.00710916871063046,-0.0002962153629429358,0,0,3da2029ba3fbb11fc16ee31261928c85b9ae5a41dee2b669757adc91f6ef52bf,JNU_INTRADAY_MOMREV_G1_V1
2007-11-08,1.0,209,159,70,-0.0114052125063379,-5.457039476716699e-05,67,50,26,24,24,9,-0.01111901497196443,-0.00046329229049851795,0,0,3da2029ba3fbb11fc16ee31261928c85b9ae5a41dee2b669757adc91f6ef52bf,JNU_INTRADAY_MOMREV_G1_V1
2007-11-09,1.0,218,177,81,-0.02171775359916897,-9.962272293196775e-05,58,41,26,24,24,11,-0.0064114538557004785,-0.0002671439106541866,0,0,3da2029ba3fbb11fc16ee31261928c85b9ae5a41dee2b669757adc91f6ef52bf,JNU_INTRADAY_MOMREV_G1_V1
2007-11-12,1.0,216,171,76,-0.0023233458698779094,-1.0756230879064395e-05,60,45,26,24,24,11,0.010287557836412439,0.0004286482431838516,0,0,3da2029ba3fbb11fc16ee31261928c85b9ae5a41dee2b669757adc91f6ef52bf,JNU_INTRADAY_MOMREV_G1_V1
2007-11-13,1.0,223,178,81,0.0011266110959132023,5.052067694678037e-06,53,45,26,24,24,8,-0.015818778043054756,-0.0006591157517939482,0,0,3da2029ba3fbb11fc16ee31261928c85b9ae5a41dee2b669757adc91f6ef52bf,JNU_INTRADAY_MOMREV_G1_V1
2007-11-14,1.0,198,142,53,-0.02691235703221775,-0.00013592099511221085,78,56,26,24,24,15,0.006140033249781763,0.0002558347187409068,0,0,3da2029ba3fbb11fc16ee31261928c85b9ae5a41dee2b669757adc91f6ef52bf,JNU_INTRADAY_MOMREV_G1_V1
2007-11-15,1.0,180,109,58,0.00256056409537683,1.4225356085426834e-05,96,71,26,24,24,7,-0.011915995659589614,-0.0004964998191495673,0,0,3da2029ba3fbb11fc16ee31261928c85b9ae5a41dee2b669757adc91f6ef52bf,JNU_INTRADAY_MOMREV_G1_V1
2007-11-16,1.0,200,146,63,-0.015522238091038167,-7.761119045519084e-05,76,54,26,24,24,13,-0.0043131826636334724,-0.00017971594431806135,0,0,3da2029ba3fbb11fc16ee31261928c85b9ae5a41dee2b669757adc91f6ef52bf,JNU_INTRADAY_MOMREV_G1_V1
2007-11-19,1.0,211,157,68,-0.007531088801305378,-3.5692363987229276e-05,65,54,26,24,24,9,-0.00033377079312514493,-1.3907116380214372e-05,0,0,3da2029ba3fbb11fc16ee31261928c85b9ae5a41dee2b669757adc91f6ef52bf,JNU_INTRADAY_MOMREV_G1_V1
2007-11-20,1.0,220,175,77,-0.0005311496382548759,-2.4143165375221633e-06,56,45,26,24,24,11,-0.013572568828480845,-0.0005655237011867019,0,0,3da2029ba3fbb11fc16ee31261928c85b9ae5a41dee2b669757adc91f6ef52bf,JNU_INTRADAY_MOMREV_G1_V1
2007-11-21,1.0,226,186,93,0.0003955539955175114,1.750238918219077e-06,50,40,26,24,24,10,0.0007355633888171313,3.0648474534047136e-05,0,0,3da2029ba3fbb11fc16ee31261928c85b9ae5a41dee2b669757adc91f6ef52bf,JNU_INTRADAY_MOMREV_G1_V1
2007-11-22,1.0,237,202,92,-0.013215742934055507,-5.5762628413736316e-05,39,35,26,24,24,13,-0.001740388488514425,-7.251618702143437e-05,0,0,3da2029ba3fbb11fc16ee31261928c85b9ae5a41dee2b669757adc91f6ef52bf,JNU_INTRADAY_MOMREV_G1_V1
2007-11-26,1.0,209,161,67,-0.01154212353035199,-5.522547143709086e-05,67,48,26,24,24,10,0.006215857879659699,0.00025899407831915413,0,0,3da2029ba3fbb11fc16ee31261928c85b9ae5a41dee2b669757adc91f6ef52bf,JNU_INTRADAY_MOMREV_G1_V1
2007-11-27,1.0,215,167,63,-0.015004265226255541,-6.97872801221188e-05,61,48,26,24,24,10,-0.0128075286707429,-0.0005336470279476208,0,0,3da2029ba3fbb11fc16ee31261928c85b9ae5a41dee2b669757adc91f6ef52bf,JNU_INTRADAY_MOMREV_G1_V1
2007-11-28,1.0,207,158,65,-0.011860923863869619,-5.7299149100819414e-05,69,49,26,24,24,13,0.0016522179914560111,6.884241631066714e-05,0,0,3da2029ba3fbb11fc16ee31261928c85b9ae5a41dee2b669757adc91f6ef52bf,JNU_INTRADAY_MOMREV_G1_V1
2007-11-29,1.0,189,131,55,-0.00967203747071581,-5.117480143235878e-05,87,58,26,24,24,12,-0.0003239760073084064,-1.3499000304516932e-05,0,0,3da2029ba3fbb11fc16ee31261928c85b9ae5a41dee2b669757adc91f6ef52bf,JNU_INTRADAY_MOMREV_G1_V1
2007-11-30,1.0,190,134,59,-0.007059428088339582,-3.715488467547148e-05,86,56,26,24,24,9,-0.006087124938117465,-0.0002536302057548944,0,0,3da2029ba3fbb11fc16ee31261928c85b9ae5a41dee2b669757adc91f6ef52bf,JNU_INTRADAY_MOMREV_G1_V1
2007-12-03,1.0,200,143,65,-0.0038185209512802266,-1.9092604756401132e-05,76,57,26,24,24,14,0.003845840326359701,0.0001602433469316542,0,0,3da2029ba3fbb11fc16ee31261928c85b9ae5a41dee2b669757adc91f6ef52bf,JNU_INTRADAY_MOMREV_G1_V1
2007-12-04,1.0,182,126,46,-0.013783189799393024,-7.573181208457706e-05,94,56,26,24,24,13,0.003219456813316539,0.00013414403388818912,0,0,3da2029ba3fbb11fc16ee31261928c85b9ae5a41dee2b669757adc91f6ef52bf,JNU_INTRADAY_MOMREV_G1_V1
2007-12-05,1.0,201,148,69,-0.0012714473125883822,-6.32560852034021e-06,75,53,26,24,24,9,-0.014192325173537574,-0.0005913468822307322,0,0,3da2029ba3fbb11fc16ee31261928c85b9ae5a41dee2b669757adc91f6ef52bf,JNU_INTRADAY_MOMREV_G1_V1
2007-12-06,1.0,196,137,49,-0.02242541886792854,-0.00011441540238739052,80,59,26,24,24,11,0.008853574498489891,0.0003688989374370788,0,0,3da2029ba3fbb11fc16ee31261928c85b9ae5a41dee2b669757adc91f6ef52bf,JNU_INTRADAY_MOMREV_G1_V1
2007-12-07,1.0,194,141,55,-0.017132312379217654,-8.831088855266832e-05,82,53,26,24,24,13,-0.0006279150020928621,-2.6163125087202586e-05,0,0,3da2029ba3fbb11fc16ee31261928c85b9ae5a41dee2b669757adc91f6ef52bf,JNU_INTRADAY_MOMREV_G1_V1
2007-12-10,1.0,200,150,68,-0.0031629599831065644,-1.581479991553282e-05,76,50,26,24,24,11,-0.008151166260884767,-0.00033963192753686525,0,0,3da2029ba3fbb11fc16ee31261928c85b9ae5a41dee2b669757adc91f6ef52bf,JNU_INTRADAY_MOMREV_G1_V1
2007-12-11,1.0,169,108,44,-0.005622448447004139,-3.326892572191798e-05,107,61,26,24,24,16,0.00811398526451669,0.0003380827193548621,0,0,3da2029ba3fbb11fc16ee31261928c85b9ae5a41dee2b669757adc91f6ef52bf,JNU_INTRADAY_MOMREV_G1_V1
2007-12-12,1.0,186,129,63,0.0005832700478897747,3.1358604725256704e-06,90,57,26,24,24,9,-0.011691801829693572,-0.0004871584095705655,0,0,3da2029ba3fbb11fc16ee31261928c85b9ae5a41dee2b669757adc91f6ef52bf,JNU_INTRADAY_MOMREV_G1_V1
2007-12-13,1.0,216,169,82,-0.003828711328534927,-1.772551540988392e-05,60,47,26,24,24,16,0.007331391836654242,0.00030547465986059344,0,0,3da2029ba3fbb11fc16ee31261928c85b9ae5a41dee2b669757adc91f6ef52bf,JNU_INTRADAY_MOMREV_G1_V1
2007-12-14,1.0,218,169,79,-0.005819010134333013,-2.669270703822483e-05,58,49,26,24,24,14,0.003473499284577447,0.00014472913685739363,0,0,3da2029ba3fbb11fc16ee31261928c85b9ae5a41dee2b669757adc91f6ef52bf,JNU_INTRADAY_MOMREV_G1_V1
2007-12-17,1.0,197,147,73,-0.0002811221897634261,-1.427016191692518e-06,79,50,26,24,24,11,-0.0025859704344088482,-0.00010774876810036868,0,0,3da2029ba3fbb11fc16ee31261928c85b9ae5a41dee2b669757adc91f6ef52bf,JNU_INTRADAY_MOMREV_G1_V1
2007-12-18,1.0,221,177,96,0.01057668667787423,4.7858310759611906e-05,55,44,26,24,24,10,-0.010224805934896674,-0.00042603358062069473,0,0,3da2029ba3fbb11fc16ee31261928c85b9ae5a41dee2b669757adc91f6ef52bf,JNU_INTRADAY_MOMREV_G1_V1
2007-12-19,1.0,187,126,52,-0.011202328769132425,-5.990550143921083e-05,89,61,26,24,24,12,-0.007214273261769165,-0.0003005947192403819,0,0,3da2029ba3fbb11fc16ee31261928c85b9ae5a41dee2b669757adc91f6ef52bf,JNU_INTRADAY_MOMREV_G1_V1
2007-12-20,1.0,187,134,63,0.0016603773233608576,8.879023119576778e-06,89,53,26,24,24,13,-0.0006636860045699267,-2.7653583523746945e-05,0,0,3da2029ba3fbb11fc16ee31261928c85b9ae5a41dee2b669757adc91f6ef52bf,JNU_INTRADAY_MOMREV_G1_V1
2007-12-21,1.0,204,152,72,0.0060103247590059874,2.9462376269637193e-05,72,52,26,24,24,12,0.007590927211979063,0.00031628863383246093,0,0,3da2029ba3fbb11fc16ee31261928c85b9ae5a41dee2b669757adc91f6ef52bf,JNU_INTRADAY_MOMREV_G1_V1
2007-12-25,1.0,169,105,45,-0.009954280185582656,-5.8901066186879623e-05,107,64,26,24,24,15,0.005781283138713003,0.00024088679744637513,0,0,3da2029ba3fbb11fc16ee31261928c85b9ae5a41dee2b669757adc91f6ef52bf,JNU_INTRADAY_MOMREV_G1_V1
2007-12-26,1.0,146,81,28,-0.010228375056036777,-7.005736339751218e-05,130,65,26,24,24,10,-0.0028750607839999865,-0.00011979419933333277,0,0,3da2029ba3fbb11fc16ee31261928c85b9ae5a41dee2b669757adc91f6ef52bf,JNU_INTRADAY_MOMREV_G1_V1
2007-12-27,1.0,172,112,41,-0.013468729105463586,-7.830656456664875e-05,104,60,26,24,24,12,0.0009600621324514249,4.00025888521427e-05,0,0,3da2029ba3fbb11fc16ee31261928c85b9ae5a41dee2b669757adc91f6ef52bf,JNU_INTRADAY_MOMREV_G1_V1
2008-01-07,1.0,222,177,76,-0.010990014862360417,-4.9504571452073947e-05,54,45,26,24,24,13,0.00242330256359547,0.00010097094014981126,0,0,5827e8f998c38bc5a0887aeb87f26230c5d7ab7a240999fcfbaf299176f5ae1d,JNU_INTRADAY_MOMREV_G1_V1
2008-01-08,1.0,212,162,64,-0.019689484251573148,-9.287492571496767e-05,64,50,26,24,24,11,0.002462680053905738,0.00010261166891273908,0,0,5827e8f998c38bc5a0887aeb87f26230c5d7ab7a240999fcfbaf299176f5ae1d,JNU_INTRADAY_MOMREV_G1_V1
2008-01-09,1.0,212,165,74,-0.01294814346732829,-6.107614843079382e-05,64,47,26,24,24,12,0.003097955360426746,0.00012908147335111443,0,0,5827e8f998c38bc5a0887aeb87f26230c5d7ab7a240999fcfbaf299176f5ae1d,JNU_INTRADAY_MOMREV_G1_V1
2008-01-10,1.0,179,123,58,-0.004144462179174835,-2.315341999539014e-05,97,56,26,24,24,14,0.00931426443051737,0.00038809435127155705,0,0,5827e8f998c38bc5a0887aeb87f26230c5d7ab7a240999fcfbaf299176f5ae1d,JNU_INTRADAY_MOMREV_G1_V1
2008-01-11,1.0,223,184,90,0.015031399138743809,6.74053773037839e-05,53,39,26,24,24,12,0.002301742148575802,9.590592285732509e-05,0,0,5827e8f998c38bc5a0887aeb87f26230c5d7ab7a240999fcfbaf299176f5ae1d,JNU_INTRADAY_MOMREV_G1_V1
2008-01-15,1.0,216,174,75,-0.028444806724793263,-0.00013168892002219103,60,42,26,24,24,13,0.0007478782829949697,3.1161595124790406e-05,0,0,5827e8f998c38bc5a0887aeb87f26230c5d7ab7a240999fcfbaf299176f5ae1d,JNU_INTRADAY_MOMREV_G1_V1
2008-01-16,1.0,232,195,98,0.004906758984186015,2.114982320769834e-05,44,37,26,24,24,8,-0.009825546291530778,-0.00040939776214711575,0,0,5827e8f998c38bc5a0887aeb87f26230c5d7ab7a240999fcfbaf299176f5ae1d,JNU_INTRADAY_MOMREV_G1_V1
2008-01-17,1.0,240,211,93,-0.011614176944012186,-4.839240393338411e-05,36,29,26,24,24,14,0.014292563501834277,0.0005955234792430949,0,0,5827e8f998c38bc5a0887aeb87f26230c5d7ab7a240999fcfbaf299176f5ae1d,JNU_INTRADAY_MOMREV_G1_V1
2008-01-18,1.0,232,192,104,0.022798116944508597,9.826774545046809e-05,44,40,26,24,24,15,0.017971933041284274,0.0007488305433868448,0,0,5827e8f998c38bc5a0887aeb87f26230c5d7ab7a240999fcfbaf299176f5ae1d,JNU_INTRADAY_MOMREV_G1_V1
2008-01-21,1.0,227,189,87,-0.001067593109557082,-4.703053346066441e-06,49,38,26,24,24,11,-0.005945652471770538,-0.0002477355196571057,0,0,5827e8f998c38bc5a0887aeb87f26230c5d7ab7a240999fcfbaf299176f5ae1d,JNU_INTRADAY_MOMREV_G1_V1
2008-01-22,1.0,240,209,96,-0.0005200955892155548,-2.1670649550648116e-06,36,31,26,24,24,12,0.013081268743643995,0.0005450528643184998,0,0,5827e8f998c38bc5a0887aeb87f26230c5d7ab7a240999fcfbaf299176f5ae1d,JNU_INTRADAY_MOMREV_G1_V1
2008-01-23,1.0,235,205,98,0.0021803329220735877,9.278012434355693e-06,41,30,26,24,24,14,0.015660007372210613,0.0006525003071754422,0,0,5827e8f998c38bc5a0887aeb87f26230c5d7ab7a240999fcfbaf299176f5ae1d,JNU_INTRADAY_MOMREV_G1_V1
2008-01-24,1.0,228,189,81,-0.01300113860172481,-5.70225377268632e-05,48,39,26,24,24,15,0.02404654892672258,0.0010019395386134408,0,0,5827e8f998c38bc5a0887aeb87f26230c5d7ab7a240999fcfbaf299176f5ae1d,JNU_INTRADAY_MOMREV_G1_V1
2008-01-25,1.0,200,143,68,-0.0037324710176862377,-1.8662355088431188e-05,76,57,26,24,24,14,0.0029591696665093575,0.00012329873610455655,0,0,5827e8f998c38bc5a0887aeb87f26230c5d7ab7a240999fcfbaf299176f5ae1d,JNU_INTRADAY_MOMREV_G1_V1
2008-01-28,1.0,217,171,89,0.007191856665459866,3.314219661502242e-05,59,46,26,24,24,9,0.0003934799559037619,1.6394998162656746e-05,0,0,5827e8f998c38bc5a0887aeb87f26230c5d7ab7a240999fcfbaf299176f5ae1d,JNU_INTRADAY_MOMREV_G1_V1
2008-01-29,1.0,223,183,103,0.006687346654958928,2.998810159174407e-05,53,40,26,24,24,14,0.011163843805579174,0.00046516015856579894,0,0,5827e8f998c38bc5a0887aeb87f26230c5d7ab7a240999fcfbaf299176f5ae1d,JNU_INTRADAY_MOMREV_G1_V1
2008-01-30,1.0,231,194,102,0.005958756144771672,2.5795481146197716e-05,45,37,26,24,24,11,-0.01383462151626247,-0.0005764425631776029,0,0,5827e8f998c38bc5a0887aeb87f26230c5d7ab7a240999fcfbaf299176f5ae1d,JNU_INTRADAY_MOMREV_G1_V1
2008-01-31,1.0,229,192,100,0.02018244012990688,8.813292633147109e-05,47,37,26,24,24,13,-0.007471080897092381,-0.0003112950373788492,0,0,5827e8f998c38bc5a0887aeb87f26230c5d7ab7a240999fcfbaf299176f5ae1d,JNU_INTRADAY_MOMREV_G1_V1
2008-02-01,1.0,219,177,78,-0.01407763656809308,-6.428144551640676e-05,57,42,26,24,24,16,0.011807075981915351,0.000491961499246473,0,0,5827e8f998c38bc5a0887aeb87f26230c5d7ab7a240999fcfbaf299176f5ae1d,JNU_INTRADAY_MOMREV_G1_V1
2008-02-04,1.0,194,133,53,-0.023159184064813362,-0.00011937723744749155,82,61,26,24,24,12,-0.003625034631842143,-0.0001510431096600893,0,0,5827e8f998c38bc5a0887aeb87f26230c5d7ab7a240999fcfbaf299176f5ae1d,JNU_INTRADAY_MOMREV_G1_V1
2008-02-05,1.0,207,151,66,-0.01787341798551033,-8.634501442275521e-05,69,56,26,24,24,14,0.012388471540209636,0.0005161863141754015,0,0,5827e8f998c38bc5a0887aeb87f26230c5d7ab7a240999fcfbaf299176f5ae1d,JNU_INTRADAY_MOMREV_G1_V1
2008-02-06,1.0,217,176,80,-0.012409962809264204,-5.7188768706286656e-05,59,41,26,24,24,11,-0.0065741470520636084,-0.00027392279383598367,0,0,5827e8f998c38bc5a0887aeb87f26230c5d7ab7a240999fcfbaf299176f5ae1d,JNU_INTRADAY_MOMREV_G1_V1
2008-02-07,1.0,215,165,84,-0.0034232534663501623,-1.592210914581471e-05,61,50,26,24,24,9,-0.017560244139742567,-0.0007316768391559403,0,0,5827e8f998c38bc5a0887aeb87f26230c5d7ab7a240999fcfbaf299176f5ae1d,JNU_INTRADAY_MOMREV_G1_V1
2008-02-08,1.0,221,175,91,0.014079158902834163,6.370660137029033e-05,55,46,26,24,24,14,0.003932490512306526,0.00016385377134610523,0,0,5827e8f998c38bc5a0887aeb87f26230c5d7ab7a240999fcfbaf299176f5ae1d,JNU_INTRADAY_MOMREV_G1_V1
2008-02-12,1.0,211,151,68,-0.009945944042991761,-4.713717555920266e-05,65,60,26,24,24,13,0.00882524291563068,0.000367718454817945,0,0,5827e8f998c38bc5a0887aeb87f26230c5d7ab7a240999fcfbaf299176f5ae1d,JNU_INTRADAY_MOMREV_G1_V1
2008-02-13,1.0,216,169,70,-0.018978960292697793,-8.786555691063793e-05,60,47,26,24,24,10,-0.01259261485158816,-0.00052469228548284,0,0,5827e8f998c38bc5a0887aeb87f26230c5d7ab7a240999fcfbaf299176f5ae1d,JNU_INTRADAY_MOMREV_G1_V1
2008-02-14,1.0,183,125,56,-0.009260383482960757,-5.060318843147954e-05,93,58,26,24,24,13,0.005147810621968574,0.00021449210924869057,0,0,5827e8f998c38bc5a0887aeb87f26230c5d7ab7a240999fcfbaf299176f5ae1d,JNU_INTRADAY_MOMREV_G1_V1
2008-02-15,1.0,205,151,70,-0.014871528356825344,-7.254404076500167e-05,71,54,26,24,24,10,-0.015471340235954537,-0.0006446391764981058,0,0,5827e8f998c38bc5a0887aeb87f26230c5d7ab7a240999fcfbaf299176f5ae1d,JNU_INTRADAY_MOMREV_G1_V1
2008-02-18,1.0,210,161,69,-0.020810313465369212,-9.909673078747243e-05,66,49,26,24,24,13,-0.007217611540796324,-0.00030073381419984683,0,0,5827e8f998c38bc5a0887aeb87f26230c5d7ab7a240999fcfbaf299176f5ae1d,JNU_INTRADAY_MOMREV_G1_V1
2008-02-19,1.0,212,157,66,-0.013071981043425485,-6.166028794068626e-05,64,55,26,24,24,13,0.006549004712561196,0.0002728751963567165,0,0,5827e8f998c38bc5a0887aeb87f26230c5d7ab7a240999fcfbaf299176f5ae1d,JNU_INTRADAY_MOMREV_G1_V1
2008-02-20,1.0,200,146,55,-0.03581929151165595,-0.00017909645755827974,76,54,26,24,24,7,-0.011870964556535035,-0.0004946235231889597,0,0,5827e8f998c38bc5a0887aeb87f26230c5d7ab7a240999fcfbaf299176f5ae1d,JNU_INTRADAY_MOMREV_G1_V1
2008-02-21,1.0,206,148,72,-0.0010895361699213525,-5.289010533598799e-06,70,58,26,24,24,14,0.0011052480653610027,4.605200272337511e-05,0,0,5827e8f998c38bc5a0887aeb87f26230c5d7ab7a240999fcfbaf299176f5ae1d,JNU_INTRADAY_MOMREV_G1_V1
2008-02-22,1.0,218,175,92,-0.003350176901045586,-1.5367783949750396e-05,58,43,26,24,24,13,0.007088292434490996,0.0002953455181037915,0,0,5827e8f998c38bc5a0887aeb87f26230c5d7ab7a240999fcfbaf299176f5ae1d,JNU_INTRADAY_MOMREV_G1_V1
2008-02-25,1.0,213,166,76,-0.010077167245923618,-4.731064434705924e-05,63,47,26,24,24,11,-0.010552489917993554,-0.0004396870799163981,0,0,5827e8f998c38bc5a0887aeb87f26230c5d7ab7a240999fcfbaf299176f5ae1d,JNU_INTRADAY_MOMREV_G1_V1
2008-02-26,1.0,202,150,68,-0.004660309189532384,-2.3070837571942495e-05,74,52,26,24,24,12,0.0036341210872277256,0.0001514217119678219,0,0,5827e8f998c38bc5a0887aeb87f26230c5d7ab7a240999fcfbaf299176f5ae1d,JNU_INTRADAY_MOMREV_G1_V1
2008-02-27,1.0,197,144,55,-0.02243517669827759,-0.00011388414567653599,79,53,26,24,24,13,-0.000699647504107127,-2.9151979337796957e-05,0,0,5827e8f998c38bc5a0887aeb87f26230c5d7ab7a240999fcfbaf299176f5ae1d,JNU_INTRADAY_MOMREV_G1_V1
2008-02-28,1.0,187,133,64,-0.009418352011539033,-5.03655187782836e-05,89,54,26,24,24,12,-0.003955366349159678,-0.00016480693121498659,0,0,5827e8f998c38bc5a0887aeb87f26230c5d7ab7a240999fcfbaf299176f5ae1d,JNU_INTRADAY_MOMREV_G1_V1
2008-02-29,1.0,198,144,67,-0.00477373382796182,-2.410976680788798e-05,78,54,26,24,24,10,-0.005158668667509157,-0.00021494452781288154,0,0,5827e8f998c38bc5a0887aeb87f26230c5d7ab7a240999fcfbaf299176f5ae1d,JNU_INTRADAY_MOMREV_G1_V1
2008-03-03,1.0,193,134,61,-0.02136186626116412,-0.00011068324487649802,83,59,26,24,24,13,0.004527692743838316,0.0001886538643265965,0,0,5827e8f998c38bc5a0887aeb87f26230c5d7ab7a240999fcfbaf299176f5ae1d,JNU_INTRADAY_MOMREV_G1_V1
2008-03-04,1.0,219,173,91,0.01502032078023985,6.85859396357984e-05,57,46,26,24,24,18,0.019612693774373698,0.0008171955739322374,0,0,5827e8f998c38bc5a0887aeb87f26230c5d7ab7a240999fcfbaf299176f5ae1d,JNU_INTRADAY_MOMREV_G1_V1
2008-03-05,1.0,204,150,72,0.010781213009837,5.284908338155392e-05,72,54,26,24,24,10,-0.00617503286748775,-0.0002572930361453229,0,0,5827e8f998c38bc5a0887aeb87f26230c5d7ab7a240999fcfbaf299176f5ae1d,JNU_INTRADAY_MOMREV_G1_V1
2008-03-06,1.0,202,150,65,-0.00874524035333997,-4.3293269075940444e-05,74,52,26,24,24,14,0.003078676412599595,0.00012827818385831646,0,0,5827e8f998c38bc5a0887aeb87f26230c5d7ab7a240999fcfbaf299176f5ae1d,JNU_INTRADAY_MOMREV_G1_V1
2008-03-07,1.0,199,142,69,-0.0027239857525128653,-1.3688370615642539e-05,77,57,26,24,24,9,-0.0054762614226560756,-0.00022817755927733647,0,0,5827e8f998c38bc5a0887aeb87f26230c5d7ab7a240999fcfbaf299176f5ae1d,JNU_INTRADAY_MOMREV_G1_V1
2008-03-10,1.0,211,166,76,-0.013126395361753864,-6.221040455807518e-05,65,45,26,24,24,10,-0.009836927763206738,-0.00040987199013361406,0,0,5827e8f998c38bc5a0887aeb87f26230c5d7ab7a240999fcfbaf299176f5ae1d,JNU_INTRADAY_MOMREV_G1_V1
2008-03-11,1.0,222,181,92,0.014878042416885359,6.701820908506918e-05,54,41,26,24,24,9,-0.01393546836975576,-0.00058064451540649,0,0,5827e8f998c38bc5a0887aeb87f26230c5d7ab7a240999fcfbaf299176f5ae1d,JNU_INTRADAY_MOMREV_G1_V1
2008-03-12,1.0,213,163,79,-0.0030548213759407673,-1.434188439408811e-05,63,50,26,24,24,12,-0.012729156844575689,-0.0005303815351906537,0,0,5827e8f998c38bc5a0887aeb87f26230c5d7ab7a240999fcfbaf299176f5ae1d,JNU_INTRADAY_MOMREV_G1_V1
2008-03-13,1.0,216,167,82,-0.008002916637845353,-3.705053999002479e-05,60,49,26,24,24,10,-0.005184743030745334,-0.0002160309596143889,0,0,5827e8f998c38bc5a0887aeb87f26230c5d7ab7a240999fcfbaf299176f5ae1d,JNU_INTRADAY_MOMREV_G1_V1
2008-03-14,1.0,233,192,104,0.01432913984058743,6.14984542514482e-05,43,41,26,24,24,10,-0.01869974513647922,-0.0007791560473533009,0,0,5827e8f998c38bc5a0887aeb87f26230c5d7ab7a240999fcfbaf299176f5ae1d,JNU_INTRADAY_MOMREV_G1_V1
2008-03-17,1.0,228,187,78,-0.029696957398467932,-0.00013024981315117514,48,41,26,24,24,12,-0.0050762955143405075,-0.00021151231309752115,0,0,5827e8f998c38bc5a0887aeb87f26230c5d7ab7a240999fcfbaf299176f5ae1d,JNU_INTRADAY_MOMREV_G1_V1
2008-03-18,1.0,220,169,82,0.005053817845560313,2.2971899298001424e-05,56,51,26,24,24,10,-0.004214084657578478,-0.00017558686073243656,0,0,5827e8f998c38bc5a0887aeb87f26230c5d7ab7a240999fcfbaf299176f5ae1d,JNU_INTRADAY_MOMREV_G1_V1
2008-03-19,1.0,216,171,90,0.011395228162522439,5.275568593760388e-05,60,45,26,24,24,12,-0.011445083977459927,-0.0004768784990608303,0,0,5827e8f998c38bc5a0887aeb87f26230c5d7ab7a240999fcfbaf299176f5ae1d,JNU_INTRADAY_MOMREV_G1_V1
2008-03-21,1.0,188,130,57,-0.013383360480866854,-7.11880876641854e-05,88,58,26,24,24,16,0.005273216401446903,0.00021971735006028764,0,0,5827e8f998c38bc5a0887aeb87f26230c5d7ab7a240999fcfbaf299176f5ae1d,JNU_INTRADAY_MOMREV_G1_V1
2008-03-24,1.0,206,154,60,-0.03249867513891059,-0.00015776055892675043,70,52,26,24,24,10,-0.009232336066788584,-0.00038468066944952434,0,0,5827e8f998c38bc5a0887aeb87f26230c5d7ab7a240999fcfbaf299176f5ae1d,JNU_INTRADAY_MOMREV_G1_V1
2008-03-25,1.0,201,147,63,-0.015034303968539128,-7.479753218178671e-05,75,54,26,24,24,15,0.01148635308530115,0.00047859804522088124,0,0,5827e8f998c38bc5a0887aeb87f26230c5d7ab7a240999fcfbaf299176f5ae1d,JNU_INTRADAY_MOMREV_G1_V1
2008-03-26,1.0,184,124,48,-0.01780081517990806,-9.674356076036988e-05,92,60,26,24,24,12,0.009493132021566212,0.0003955471675652588,0,0,5827e8f998c38bc5a0887aeb87f26230c5d7ab7a240999fcfbaf299176f5ae1d,JNU_INTRADAY_MOMREV_G1_V1
2008-03-27,1.0,200,145,64,-0.0174919788379994,-8.745989418999701e-05,76,55,26,24,24,13,0.005561699847154285,0.00023173749363142855,0,0,5827e8f998c38bc5a0887aeb87f26230c5d7ab7a240999fcfbaf299176f5ae1d,JNU_INTRADAY_MOMREV_G1_V1
2008-03-28,1.0,207,160,64,-0.02286549481328813,-0.00011046132760042576,69,47,26,24,24,15,0.014486157935904641,0.0006035899139960267,0,0,5827e8f998c38bc5a0887aeb87f26230c5d7ab7a240999fcfbaf299176f5ae1d,JNU_INTRADAY_MOMREV_G1_V1
2008-03-31,1.0,201,153,72,-0.015496326877288445,-7.709615361835047e-05,75,48,26,24,24,11,0.00793967070229637,0.00033081961259568207,0,0,5827e8f998c38bc5a0887aeb87f26230c5d7ab7a240999fcfbaf299176f5ae1d,JNU_INTRADAY_MOMREV_G1_V1
2008-04-01,1.0,202,149,61,-0.027929472856137977,-0.00013826471710959393,74,53,26,24,24,15,0.0012053572563837833,5.0223219015990975e-05,0,0,5827e8f998c38bc5a0887aeb87f26230c5d7ab7a240999fcfbaf299176f5ae1d,JNU_INTRADAY_MOMREV_G1_V1
2008-04-02,1.0,177,115,48,-0.010650929950319535,-6.017474548203127e-05,99,62,26,24,24,13,0.003047871371053241,0.0001269946404605517,0,0,5827e8f998c38bc5a0887aeb87f26230c5d7ab7a240999fcfbaf299176f5ae1d,JNU_INTRADAY_MOMREV_G1_V1
2008-04-03,1.0,189,127,50,-0.019196887773493744,-0.00010157083478039018,87,62,26,24,24,12,-0.008260043453204826,-0.00034416847721686775,0,0,5827e8f998c38bc5a0887aeb87f26230c5d7ab7a240999fcfbaf299176f5ae1d,JNU_INTRADAY_MOMREV_G1_V1
2008-04-04,1.0,189,135,66,-0.000394408160651353,-2.0868156648219736e-06,87,54,26,24,24,10,0.000731289304740163,3.047038769750679e-05,0,0,5827e8f998c38bc5a0887aeb87f26230c5d7ab7a240999fcfbaf299176f5ae1d,JNU_INTRADAY_MOMREV_G1_V1
2008-04-07,1.0,179,114,37,-0.02399562264430066,-0.00013405375778938915,97,65,26,24,24,16,0.007843415680485931,0.0003268089866869138,0,0,5827e8f998c38bc5a0887aeb87f26230c5d7ab7a240999fcfbaf299176f5ae1d,JNU_INTRADAY_MOMREV_G1_V1
2008-04-08,1.0,167,103,37,-0.019527347714612436,-0.0001169302258360026,109,64,26,24,24,13,0.0067846477379851205,0.00028269365574938,0,0,5827e8f998c38bc5a0887aeb87f26230c5d7ab7a240999fcfbaf299176f5ae1d,JNU_INTRADAY_MOMREV_G1_V1
2008-04-09,1.0,195,143,65,-0.009080147187633626,-4.656485737248013e-05,81,52,26,24,24,15,0.005626577287913031,0.00023444072032970963,0,0,5827e8f998c38bc5a0887aeb87f26230c5d7ab7a240999fcfbaf299176f5ae1d,JNU_INTRADAY_MOMREV_G1_V1
2008-04-10,1.0,202,150,77,0.002672073973385494,1.322808897715591e-05,74,52,26,24,24,11,-0.0019078806081546523,-7.949502533977718e-05,0,0,5827e8f998c38bc5a0887aeb87f26230c5d7ab7a240999fcfbaf299176f5ae1d,JNU_INTRADAY_MOMREV_G1_V1
2008-04-11,1.0,197,136,64,0.005712610428195495,2.899802247814972e-05,79,61,26,24,24,10,0.0008170307034947744,3.404294597894893e-05,0,0,5827e8f998c38bc5a0887aeb87f26230c5d7ab7a240999fcfbaf299176f5ae1d,JNU_INTRADAY_MOMREV_G1_V1
2008-04-14,1.0,172,109,49,-0.0046513023657465844,-2.7042455614805723e-05,104,63,26,24,24,18,0.016245508404352862,0.0006768961835147026,0,0,5827e8f998c38bc5a0887aeb87f26230c5d7ab7a240999fcfbaf299176f5ae1d,JNU_INTRADAY_MOMREV_G1_V1
2008-04-15,1.0,199,144,69,-0.009967934478776204,-5.0090123008925647e-05,77,55,26,24,24,12,0.004967044547234386,0.0002069601894680994,0,0,5827e8f998c38bc5a0887aeb87f26230c5d7ab7a240999fcfbaf299176f5ae1d,JNU_INTRADAY_MOMREV_G1_V1
2008-04-16,1.0,152,87,33,-0.01289102537288374,-8.48093774531825e-05,124,65,26,24,24,14,0.006830133407759561,0.0002845888919899817,0,0,5827e8f998c38bc5a0887aeb87f26230c5d7ab7a240999fcfbaf299176f5ae1d,JNU_INTRADAY_MOMREV_G1_V1
2008-04-17,1.0,171,108,40,-0.014503501721744146,-8.481579954236342e-05,105,63,26,24,24,13,0.005941059633758695,0.0002475441514066123,0,0,5827e8f998c38bc5a0887aeb87f26230c5d7ab7a240999fcfbaf299176f5ae1d,JNU_INTRADAY_MOMREV_G1_V1
2008-04-18,1.0,179,123,62,0.00037815910114406847,2.1126206767825055e-06,97,56,26,24,24,10,-0.002621520212465361,-0.00010923000885272337,0,0,5827e8f998c38bc5a0887aeb87f26230c5d7ab7a240999fcfbaf299176f5ae1d,JNU_INTRADAY_MOMREV_G1_V1
2008-04-21,1.0,197,145,57,-0.011672585688011727,-5.925170400005953e-05,79,52,26,24,24,6,-0.011304636374251642,-0.0004710265155938184,0,0,5827e8f998c38bc5a0887aeb87f26230c5d7ab7a240999fcfbaf299176f5ae1d,JNU_INTRADAY_MOMREV_G1_V1
2008-04-22,1.0,168,109,40,-0.016940754514350894,-0.00010083782449018389,108,59,26,24,24,13,0.009209535706050627,0.00038373065441877615,0,0,5827e8f998c38bc5a0887aeb87f26230c5d7ab7a240999fcfbaf299176f5ae1d,JNU_INTRADAY_MOMREV_G1_V1
2008-04-23,1.0,185,118,59,-0.0025408723283905483,-1.3734445018327287e-05,91,67,26,24,24,13,-0.0004102197694415715,-1.7092490393398813e-05,0,0,5827e8f998c38bc5a0887aeb87f26230c5d7ab7a240999fcfbaf299176f5ae1d,JNU_INTRADAY_MOMREV_G1_V1
2008-04-24,1.0,193,139,73,0.006200786190716093,3.212842585863261e-05,83,54,26,24,24,11,-0.0015140559867060596,-6.308566611275248e-05,0,0,5827e8f998c38bc5a0887aeb87f26230c5d7ab7a240999fcfbaf299176f5ae1d,JNU_INTRADAY_MOMREV_G1_V1
2008-04-25,1.0,206,155,84,0.011252805349506937,5.4625268686926874e-05,70,51,26,24,24,12,-0.0017978753817147032,-7.491147423811264e-05,0,0,5827e8f998c38bc5a0887aeb87f26230c5d7ab7a240999fcfbaf299176f5ae1d,JNU_INTRADAY_MOMREV_G1_V1
2008-04-28,1.0,179,113,49,4.0246983365491975e-05,2.2484348248878198e-07,97,66,26,24,24,13,0.007899614660642394,0.00032915061086009976,0,0,5827e8f998c38bc5a0887aeb87f26230c5d7ab7a240999fcfbaf299176f5ae1d,JNU_INTRADAY_MOMREV_G1_V1
2008-04-30,1.0,209,156,81,0.005057435616775409,2.419825653959526e-05,67,53,26,24,24,11,0.0021888770972048528,9.120321238353554e-05,0,0,5827e8f998c38bc5a0887aeb87f26230c5d7ab7a240999fcfbaf299176f5ae1d,JNU_INTRADAY_MOMREV_G1_V1
2008-05-01,1.0,186,131,57,-0.011614308570315092,-6.244251919524243e-05,90,55,26,24,24,15,0.004364011401025187,0.00018183380837604945,0,0,5827e8f998c38bc5a0887aeb87f26230c5d7ab7a240999fcfbaf299176f5ae1d,JNU_INTRADAY_MOMREV_G1_V1
2008-05-02,1.0,175,114,36,-0.0238472101600464,-0.0001362697723431223,101,61,26,24,24,15,0.00284812990959302,0.00011867207956637583,0,0,5827e8f998c38bc5a0887aeb87f26230c5d7ab7a240999fcfbaf299176f5ae1d,JNU_INTRADAY_MOMREV_G1_V1
2008-05-07,1.0,160,93,43,0.00355106494269171,2.2194155891823188e-05,116,67,26,23,22,11,-0.0017748649824355926,-7.716804271459098e-05,1,1,5827e8f998c38bc5a0887aeb87f26230c5d7ab7a240999fcfbaf299176f5ae1d,JNU_INTRADAY_MOMREV_G1_V1
2008-05-08,1.0,168,104,38,-0.01250747358160972,-7.444924750958167e-05,108,64,26,24,24,12,0.0010736683433223626,4.473618097176511e-05,0,0,5827e8f998c38bc5a0887aeb87f26230c5d7ab7a240999fcfbaf299176f5ae1d,JNU_INTRADAY_MOMREV_G1_V1
2008-05-09,1.0,180,119,48,-0.009062668797353653,-5.0348159985298074e-05,96,61,26,24,24,13,-0.0003277041969706685,-1.3654341540444521e-05,0,0,5827e8f998c38bc5a0887aeb87f26230c5d7ab7a240999fcfbaf299176f5ae1d,JNU_INTRADAY_MOMREV_G1_V1
2008-05-12,1.0,182,124,58,-0.004757541968524813,-2.614034048640007e-05,94,58,26,24,24,12,0.001435413803948008,5.9808908497833665e-05,0,0,5827e8f998c38bc5a0887aeb87f26230c5d7ab7a240999fcfbaf299176f5ae1d,JNU_INTRADAY_MOMREV_G1_V1
2008-05-13,1.0,212,159,72,-0.0025242520162053117,-1.1906849133043922e-05,64,53,26,24,24,11,-0.011637478063477069,-0.0004848949193115445,0,0,5827e8f998c38bc5a0887aeb87f26230c5d7ab7a240999fcfbaf299176f5ae1d,JNU_INTRADAY_MOMREV_G1_V1
2008-05-14,1.0,206,156,69,-0.00035241057015263755,-1.7107309230710561e-06,70,50,26,24,24,13,-0.00818502799097375,-0.0003410428329572396,0,0,5827e8f998c38bc5a0887aeb87f26230c5d7ab7a240999fcfbaf299176f5ae1d,JNU_INTRADAY_MOMREV_G1_V1
2008-05-15,1.0,189,130,51,-0.013654506462760556,-7.224606594053205e-05,87,59,26,24,24,12,-0.016805401072106502,-0.0007002250446711042,0,0,5827e8f998c38bc5a0887aeb87f26230c5d7ab7a240999fcfbaf299176f5ae1d,JNU_INTRADAY_MOMREV_G1_V1
2008-05-16,1.0,187,128,64,0.004910319810454191,2.6258394708311183e-05,89,59,26,24,24,11,0.004560652082553901,0.00019002717010641255,0,0,5827e8f998c38bc5a0887aeb87f26230c5d7ab7a240999fcfbaf299176f5ae1d,JNU_INTRADAY_MOMREV_G1_V1
2008-05-19,1.0,188,133,50,-0.015763112655387507,-8.384634391163568e-05,88,55,26,24,24,13,0.008409851351527105,0.00035041047298029604,0,0,5827e8f998c38bc5a0887aeb87f26230c5d7ab7a240999fcfbaf299176f5ae1d,JNU_INTRADAY_MOMREV_G1_V1
2008-05-20,1.0,181,118,51,-0.003507502317286166,-1.9378465841360034e-05,95,63,26,24,24,13,0.0007088052506411967,2.953355211004986e-05,0,0,5827e8f998c38bc5a0887aeb87f26230c5d7ab7a240999fcfbaf299176f5ae1d,JNU_INTRADAY_MOMREV_G1_V1
2008-05-21,1.0,187,129,59,-0.0006832913212999375,-3.653964285026404e-06,89,58,26,24,24,8,-0.01114392827339658,-0.00046433034472485754,0,0,5827e8f998c38bc5a0887aeb87f26230c5d7ab7a240999fcfbaf299176f5ae1d,JNU_INTRADAY_MOMREV_G1_V1
2008-05-22,1.0,205,152,75,-0.006398064232389415,-3.121006942628983e-05,71,53,26,24,24,13,-0.0006658325107584213,-2.774302128160089e-05,0,0,5827e8f998c38bc5a0887aeb87f26230c5d7ab7a240999fcfbaf299176f5ae1d,JNU_INTRADAY_MOMREV_G1_V1
2008-05-23,1.0,202,147,79,0.009622981317960086,4.763852137604003e-05,74,55,26,24,24,11,0.009705608394391517,0.0004044003497663132,0,0,5827e8f998c38bc5a0887aeb87f26230c5d7ab7a240999fcfbaf299176f5ae1d,JNU_INTRADAY_MOMREV_G1_V1
2008-05-26,1.0,197,140,69,0.0017969697142061062,9.121673676173128e-06,79,57,26,24,24,10,-0.0018351246861217896,-7.64635285884079e-05,0,0,5827e8f998c38bc5a0887aeb87f26230c5d7ab7a240999fcfbaf299176f5ae1d,JNU_INTRADAY_MOMREV_G1_V1
2008-05-27,1.0,196,141,58,-0.023820623889807054,-0.00012153379535615843,80,55,26,24,24,12,-0.003600615839430008,-0.00015002565997625033,0,0,5827e8f998c38bc5a0887aeb87f26230c5d7ab7a240999fcfbaf299176f5ae1d,JNU_INTRADAY_MOMREV_G1_V1
2008-05-28,1.0,205,152,59,-0.01702488664488575,-8.304822753602805e-05,71,53,26,24,24,11,-0.002142405880478452,-8.926691168660216e-05,0,0,5827e8f998c38bc5a0887aeb87f26230c5d7ab7a240999fcfbaf299176f5ae1d,JNU_INTRADAY_MOMREV_G1_V1
2008-05-29,1.0,196,140,58,-0.012458112175984373,-6.35617968162468e-05,80,56,26,24,24,12,-0.0017645358346565117,-7.352232644402132e-05,0,0,5827e8f998c38bc5a0887aeb87f26230c5d7ab7a240999fcfbaf299176f5ae1d,JNU_INTRADAY_MOMREV_G1_V1
2008-05-30,1.0,203,148,65,-0.010460100176233268,-5.1527587075040725e-05,73,55,26,24,24,13,0.0010295510418835124,4.289796007847968e-05,0,0,5827e8f998c38bc5a0887aeb87f26230c5d7ab7a240999fcfbaf299176f5ae1d,JNU_INTRADAY_MOMREV_G1_V1
2008-06-02,1.0,195,132,63,0.0063728131391303485,3.2681093021181274e-05,81,63,26,24,24,9,-0.009825136160710466,-0.0004093806733629361,0,0,5827e8f998c38bc5a0887aeb87f26230c5d7ab7a240999fcfbaf299176f5ae1d,JNU_INTRADAY_MOMREV_G1_V1
2008-06-03,1.0,214,164,66,-0.023602786194872875,-0.0001102933934339854,62,50,26,24,24,13,0.002808525965512479,0.00011702191522968662,0,0,5827e8f998c38bc5a0887aeb87f26230c5d7ab7a240999fcfbaf299176f5ae1d,JNU_INTRADAY_MOMREV_G1_V1
2008-06-04,1.0,181,115,45,-0.013539594984946527,-7.480439218202501e-05,95,66,26,24,24,14,0.010438507149719601,0.0004349377979049834,0,0,5827e8f998c38bc5a0887aeb87f26230c5d7ab7a240999fcfbaf299176f5ae1d,JNU_INTRADAY_MOMREV_G1_V1
2008-06-05,1.0,200,150,65,-0.014299408529117486,-7.149704264558743e-05,76,50,26,24,24,12,-0.003506703420491524,-0.00014611264252048015,0,0,5827e8f998c38bc5a0887aeb87f26230c5d7ab7a240999fcfbaf299176f5ae1d,JNU_INTRADAY_MOMREV_G1_V1
2008-06-06,1.0,162,101,49,-0.0027581468086222724,-1.70255975840881e-05,114,61,26,24,24,10,-0.0020688451852670644,-8.620188271946101e-05,0,0,5827e8f998c38bc5a0887aeb87f26230c5d7ab7a240999fcfbaf299176f5ae1d,JNU_INTRADAY_MOMREV_G1_V1
2008-06-09,1.0,168,101,46,-0.004226515971119569,-2.5157833161426003e-05,108,67,26,24,24,13,0.000716100843702169,2.9837535154257042e-05,0,0,5827e8f998c38bc5a0887aeb87f26230c5d7ab7a240999fcfbaf299176f5ae1d,JNU_INTRADAY_MOMREV_G1_V1
2008-06-10,1.0,193,133,54,-0.010586921960201695,-5.4854517928506195e-05,83,60,26,24,24,10,-0.006747880135958511,-0.00028116167233160466,0,0,5827e8f998c38bc5a0887aeb87f26230c5d7ab7a240999fcfbaf299176f5ae1d,JNU_INTRADAY_MOMREV_G1_V1
2008-06-11,1.0,180,119,51,-0.008896881364473615,-4.9427118691520086e-05,96,61,26,24,24,14,-0.0045815707937297565,-0.0001908987830720732,0,0,5827e8f998c38bc5a0887aeb87f26230c5d7ab7a240999fcfbaf299176f5ae1d,JNU_INTRADAY_MOMREV_G1_V1
2008-06-12,1.0,187,131,49,-0.017671861339033333,-9.45019322942959e-05,89,56,26,24,24,14,0.001800060541449809,7.50025225604087e-05,0,0,5827e8f998c38bc5a0887aeb87f26230c5d7ab7a240999fcfbaf299176f5ae1d,JNU_INTRADAY_MOMREV_G1_V1
2008-06-13,1.0,195,142,53,-0.014391953027493229,-7.38048873204781e-05,81,53,26,24,24,12,-0.006462699580622596,-0.00026927914919260817,0,0,5827e8f998c38bc5a0887aeb87f26230c5d7ab7a240999fcfbaf299176f5ae1d,JNU_INTRADAY_MOMREV_G1_V1
2008-06-16,1.0,171,109,42,-0.015781350872233955,-9.228860159201143e-05,105,62,26,24,24,16,0.010554496456669112,0.00043977068569454636,0,0,5827e8f998c38bc5a0887aeb87f26230c5d7ab7a240999fcfbaf299176f5ae1d,JNU_INTRADAY_MOMREV_G1_V1
2008-06-17,1.0,181,125,48,-0.016719071187515595,-9.237055904704749e-05,95,56,26,24,24,13,0.005225461696310652,0.0002177275706796105,0,0,5827e8f998c38bc5a0887aeb87f26230c5d7ab7a240999fcfbaf299176f5ae1d,JNU_INTRADAY_MOMREV_G1_V1
2008-06-18,1.0,167,110,42,-0.01348608836210835,-8.075502013238534e-05,109,57,26,24,24,13,-0.0020941516693025273,-8.725631955427197e-05,0,0,5827e8f998c38bc5a0887aeb87f26230c5d7ab7a240999fcfbaf299176f5ae1d,JNU_INTRADAY_MOMREV_G1_V1
2008-06-19,1.0,170,101,41,-0.008836832320574412,-5.1981366591614184e-05,106,69,26,24,24,14,0.006758353231874598,0.00028159805132810825,0,0,5827e8f998c38bc5a0887aeb87f26230c5d7ab7a240999fcfbaf299176f5ae1d,JNU_INTRADAY_MOMREV_G1_V1
2008-06-20,1.0,199,141,65,-0.006764185018480871,-3.3990879489853623e-05,77,58,26,24,24,13,-0.001491592626617684,-6.214969277573683e-05,0,0,5827e8f998c38bc5a0887aeb87f26230c5d7ab7a240999fcfbaf299176f5ae1d,JNU_INTRADAY_MOMREV_G1_V1
2008-06-23,1.0,193,134,63,-0.004255682786302085,-2.2050169877212876e-05,83,59,26,24,24,9,-0.006531333055028083,-0.0002721388772928368,0,0,5827e8f998c38bc5a0887aeb87f26230c5d7ab7a240999fcfbaf299176f5ae1d,JNU_INTRADAY_MOMREV_G1_V1
2008-06-24,1.0,188,131,49,-0.01802741361321449,-9.589049794263026e-05,88,57,26,24,24,16,0.01664889129572038,0.0006937038039883493,0,0,5827e8f998c38bc5a0887aeb87f26230c5d7ab7a240999fcfbaf299176f5ae1d,JNU_INTRADAY_MOMREV_G1_V1
2008-06-25,1.0,212,166,76,-0.007180042757235698,-3.3868126213375934e-05,64,46,26,24,24,8,-0.011636610332723939,-0.0004848587638634975,0,0,5827e8f998c38bc5a0887aeb87f26230c5d7ab7a240999fcfbaf299176f5ae1d,JNU_INTRADAY_MOMREV_G1_V1
2008-06-26,1.0,184,121,55,-0.006117223771833238,-3.32457813686589e-05,92,63,26,24,24,12,-0.002499323820571083,-0.00010413849252379513,0,0,5827e8f998c38bc5a0887aeb87f26230c5d7ab7a240999fcfbaf299176f5ae1d,JNU_INTRADAY_MOMREV_G1_V1
2008-06-27,1.0,190,127,58,-0.006296391254385804,-3.313890133887265e-05,86,63,26,24,24,12,0.0018347044623260459,7.644601926358524e-05,0,0,5827e8f998c38bc5a0887aeb87f26230c5d7ab7a240999fcfbaf299176f5ae1d,JNU_INTRADAY_MOMREV_G1_V1
2008-06-30,1.0,190,131,58,-0.007707076928190522,-4.0563562779950115e-05,86,59,26,24,24,17,0.015829161596511602,0.0006595483998546501,0,0,5827e8f998c38bc5a0887aeb87f26230c5d7ab7a240999fcfbaf299176f5ae1d,JNU_INTRADAY_MOMREV_G1_V1
2008-07-01,1.0,189,134,58,-0.010345494481767963,-5.473806604110033e-05,87,55,26,24,24,15,0.011438365855926358,0.00047659857733026493,0,0,5827e8f998c38bc5a0887aeb87f26230c5d7ab7a240999fcfbaf299176f5ae1d,JNU_INTRADAY_MOMREV_G1_V1
2008-07-02,1.0,186,136,58,-0.004504093554391356,-2.421555674403955e-05,90,50,26,24,24,15,0.005198040762639346,0.0002165850317766394,0,0,5827e8f998c38bc5a0887aeb87f26230c5d7ab7a240999fcfbaf299176f5ae1d,JNU_INTRADAY_MOMREV_G1_V1
2008-07-03,1.0,209,162,68,-0.014690290047411873,-7.02884691263726e-05,67,47,26,24,24,13,0.004566563201928373,0.00019027346674701555,0,0,5827e8f998c38bc5a0887aeb87f26230c5d7ab7a240999fcfbaf299176f5ae1d,JNU_INTRADAY_MOMREV_G1_V1
2008-07-04,1.0,190,133,63,-0.004935172582169595,-2.597459253773471e-05,86,57,26,24,24,11,0.0045280857363732595,0.0001886702390155525,0,0,5827e8f998c38bc5a0887aeb87f26230c5d7ab7a240999fcfbaf299176f5ae1d,JNU_INTRADAY_MOMREV_G1_V1
2008-07-07,1.0,193,140,61,-0.011636309230461791,-6.0291757670786485e-05,83,53,26,24,24,16,0.008361457523224326,0.00034839406346768025,0,0,5827e8f998c38bc5a0887aeb87f26230c5d7ab7a240999fcfbaf299176f5ae1d,JNU_INTRADAY_MOMREV_G1_V1
2008-07-08,1.0,186,123,55,-0.012942958921512834,-6.958580065329481e-05,90,63,26,24,24,9,-0.002568007719075275,-0.00010700032162813646,0,0,5827e8f998c38bc5a0887aeb87f26230c5d7ab7a240999fcfbaf299176f5ae1d,JNU_INTRADAY_MOMREV_G1_V1
2008-07-09,1.0,194,145,73,0.0019317037788676508,9.957235973544591e-06,82,49,26,24,24,17,0.015885163610252714,0.0006618818170938631,0,0,5827e8f998c38bc5a0887aeb87f26230c5d7ab7a240999fcfbaf299176f5ae1d,JNU_INTRADAY_MOMREV_G1_V1
2008-07-10,1.0,199,143,58,-0.01608497530729387,-8.082902164469281e-05,77,56,26,24,24,14,0.004936485544415185,0.00020568689768396604,0,0,5827e8f998c38bc5a0887aeb87f26230c5d7ab7a240999fcfbaf299176f5ae1d,JNU_INTRADAY_MOMREV_G1_V1
2008-07-11,1.0,201,142,64,-0.00870672107076565,-4.331702025256542e-05,75,59,26,24,24,16,0.005399679703157194,0.00022498665429821643,0,0,5827e8f998c38bc5a0887aeb87f26230c5d7ab7a240999fcfbaf299176f5ae1d,JNU_INTRADAY_MOMREV_G1_V1
2008-07-14,1.0,208,162,71,-0.010668623053198491,-5.1291456986531205e-05,68,46,26,24,24,14,0.010309380786381887,0.00042955753276591196,0,0,5827e8f998c38bc5a0887aeb87f26230c5d7ab7a240999fcfbaf299176f5ae1d,JNU_INTRADAY_MOMREV_G1_V1
2008-07-15,1.0,181,114,39,-0.02033031874896186,-0.00011232220303293846,95,67,26,24,24,18,0.015268917820888704,0.000636204909203696,0,0,5827e8f998c38bc5a0887aeb87f26230c5d7ab7a240999fcfbaf299176f5ae1d,JNU_INTRADAY_MOMREV_G1_V1
2008-07-16,1.0,182,121,52,-0.008615002624925667,-4.7335179257833336e-05,94,61,26,24,24,11,-0.009425366131198182,-0.0003927235887999242,0,0,5827e8f998c38bc5a0887aeb87f26230c5d7ab7a240999fcfbaf299176f5ae1d,JNU_INTRADAY_MOMREV_G1_V1
2008-07-17,1.0,161,100,39,-0.011628079435513621,-7.22240958727554e-05,115,61,26,24,24,11,0.00387552023742946,0.00016148000989289418,0,0,5827e8f998c38bc5a0887aeb87f26230c5d7ab7a240999fcfbaf299176f5ae1d,JNU_INTRADAY_MOMREV_G1_V1
2008-07-18,1.0,174,111,48,-0.010015845042800004,-5.756232783218393e-05,102,63,26,24,24,7,-0.012402751512685859,-0.0005167813130285775,0,0,5827e8f998c38bc5a0887aeb87f26230c5d7ab7a240999fcfbaf299176f5ae1d,JNU_INTRADAY_MOMREV_G1_V1
2008-07-22,1.0,164,96,42,-0.005746488250940686,-3.503956250573589e-05,112,68,26,24,24,10,-0.011891369744751603,-0.0004954737393646501,0,0,5827e8f998c38bc5a0887aeb87f26230c5d7ab7a240999fcfbaf299176f5ae1d,JNU_INTRADAY_MOMREV_G1_V1
2008-07-23,1.0,183,119,47,-0.021025681816351772,-0.00011489443615492771,93,64,26,24,24,11,-0.00976624997328054,-0.0004069270822200225,0,0,5827e8f998c38bc5a0887aeb87f26230c5d7ab7a240999fcfbaf299176f5ae1d,JNU_INTRADAY_MOMREV_G1_V1
2008-07-24,1.0,185,124,45,-0.01890992708835316,-0.00010221582209920628,91,61,26,24,24,15,0.00889497187259801,0.00037062382802491707,0,0,5827e8f998c38bc5a0887aeb87f26230c5d7ab7a240999fcfbaf299176f5ae1d,JNU_INTRADAY_MOMREV_G1_V1
2008-07-25,1.0,169,110,44,-0.012325326568852409,-7.293092644291366e-05,107,59,26,24,24,14,0.005966425200356666,0.0002486010500148611,0,0,5827e8f998c38bc5a0887aeb87f26230c5d7ab7a240999fcfbaf299176f5ae1d,JNU_INTRADAY_MOMREV_G1_V1
2008-07-28,1.0,180,113,48,-0.01490952733957666,-8.283070744209256e-05,96,67,26,24,24,14,0.003341757124109399,0.00013923988017122495,0,0,5827e8f998c38bc5a0887aeb87f26230c5d7ab7a240999fcfbaf299176f5ae1d,JNU_INTRADAY_MOMREV_G1_V1
2008-07-29,1.0,175,116,49,-0.00953837634759494,-5.4505007700542516e-05,101,59,26,24,24,12,-0.0033944485843939425,-0.00014143535768308094,0,0,5827e8f998c38bc5a0887aeb87f26230c5d7ab7a240999fcfbaf299176f5ae1d,JNU_INTRADAY_MOMREV_G1_V1
2008-07-30,1.0,163,100,37,-0.014974694326453509,-9.186929034634054e-05,113,63,26,24,24,16,0.009745442054616643,0.0004060600856090268,0,0,5827e8f998c38bc5a0887aeb87f26230c5d7ab7a240999fcfbaf299176f5ae1d,JNU_INTRADAY_MOMREV_G1_V1
2008-07-31,1.0,190,133,63,-0.007069640163664251,-3.7208632440338164e-05,86,57,26,24,24,10,-0.003007224838865524,-0.00012530103495273016,0,0,5827e8f998c38bc5a0887aeb87f26230c5d7ab7a240999fcfbaf299176f5ae1d,JNU_INTRADAY_MOMREV_G1_V1
2008-08-01,1.0,182,121,56,0.00263839897080238,1.4496697641771319e-05,94,61,26,24,24,12,0.00040182295713930784,1.6742623214137828e-05,0,0,5827e8f998c38bc5a0887aeb87f26230c5d7ab7a240999fcfbaf299176f5ae1d,JNU_INTRADAY_MOMREV_G1_V1
2008-08-04,1.0,189,132,67,0.006915637244684497,3.659067325229893e-05,87,57,26,24,24,12,-0.005394535659661272,-0.00022477231915255297,0,0,5827e8f998c38bc5a0887aeb87f26230c5d7ab7a240999fcfbaf299176f5ae1d,JNU_INTRADAY_MOMREV_G1_V1
2008-08-05,1.0,182,124,61,0.004620203488185373,2.5385733451567982e-05,94,58,26,24,24,12,-0.0023095496249186612,-9.623123437161088e-05,0,0,5827e8f998c38bc5a0887aeb87f26230c5d7ab7a240999fcfbaf299176f5ae1d,JNU_INTRADAY_MOMREV_G1_V1
2008-08-06,1.0,161,91,32,-0.01171106403186416,-7.27395281482246e-05,115,70,26,24,24,14,0.007192474179799161,0.00029968642415829835,0,0,5827e8f998c38bc5a0887aeb87f26230c5d7ab7a240999fcfbaf299176f5ae1d,JNU_INTRADAY_MOMREV_G1_V1
2008-08-07,1.0,189,132,63,0.005313605495215507,2.8114314789500038e-05,87,57,26,24,24,13,-0.002282045997824087,-9.508524990933696e-05,0,0,5827e8f998c38bc5a0887aeb87f26230c5d7ab7a240999fcfbaf299176f5ae1d,JNU_INTRADAY_MOMREV_G1_V1
2008-08-08,1.0,191,136,58,-0.009768979611884077,-5.114649011457632e-05,85,55,26,24,24,14,0.0006309559916619985,2.6289832985916604e-05,0,0,5827e8f998c38bc5a0887aeb87f26230c5d7ab7a240999fcfbaf299176f5ae1d,JNU_INTRADAY_MOMREV_G1_V1
2008-08-11,1.0,160,99,41,-0.008195611895355523,-5.122257434597202e-05,116,61,26,24,24,12,-0.0033717074089106105,-0.00014048780870460877,0,0,5827e8f998c38bc5a0887aeb87f26230c5d7ab7a240999fcfbaf299176f5ae1d,JNU_INTRADAY_MOMREV_G1_V1
2008-08-12,1.0,162,98,31,-0.016504581328291464,-0.00010188013165612015,114,64,26,24,24,13,0.0003573345888854206,1.4888941203559191e-05,0,0,5827e8f998c38bc5a0887aeb87f26230c5d7ab7a240999fcfbaf299176f5ae1d,JNU_INTRADAY_MOMREV_G1_V1
2008-08-13,1.0,182,120,44,-0.01341572320918272,-7.371276488561935e-05,94,62,26,24,24,12,-0.008029624228300097,-0.0003345676761791707,0,0,5827e8f998c38bc5a0887aeb87f26230c5d7ab7a240999fcfbaf299176f5ae1d,JNU_INTRADAY_MOMREV_G1_V1
2008-08-14,1.0,181,121,54,0.0015467317181684277,8.545479105902916e-06,95,60,26,24,24,13,0.006895800062044356,0.00028732500258518153,0,0,5827e8f998c38bc5a0887aeb87f26230c5d7ab7a240999fcfbaf299176f5ae1d,JNU_INTRADAY_MOMREV_G1_V1
2008-08-15,1.0,158,94,29,-0.01962347210824618,-0.00012419919055852013,118,64,26,24,24,14,0.004612876298639777,0.0001922031791099907,0,0,5827e8f998c38bc5a0887aeb87f26230c5d7ab7a240999fcfbaf299176f5ae1d,JNU_INTRADAY_MOMREV_G1_V1
2008-08-18,1.0,190,137,59,-0.012017660803922628,-6.325084633643489e-05,86,53,26,24,24,8,-0.010982192391621935,-0.00045759134965091394,0,0,5827e8f998c38bc5a0887aeb87f26230c5d7ab7a240999fcfbaf299176f5ae1d,JNU_INTRADAY_MOMREV_G1_V1
2008-08-19,1.0,173,110,37,-0.01597254650667313,-9.23268584200759e-05,103,63,26,24,24,15,0.008577842340717541,0.0003574100975298976,0,0,5827e8f998c38bc5a0887aeb87f26230c5d7ab7a240999fcfbaf299176f5ae1d,JNU_INTRADAY_MOMREV_G1_V1
2008-08-20,1.0,158,93,43,4.231377190976602e-05,2.6780868297320263e-07,118,65,26,24,24,10,-0.0019540889398524876,-8.142037249385365e-05,0,0,5827e8f998c38bc5a0887aeb87f26230c5d7ab7a240999fcfbaf299176f5ae1d,JNU_INTRADAY_MOMREV_G1_V1
2008-08-21,1.0,187,129,48,-0.025050219109828048,-0.00013395839096164733,89,58,26,24,24,14,-0.0015649769258932265,-6.520737191221777e-05,0,0,5827e8f998c38bc5a0887aeb87f26230c5d7ab7a240999fcfbaf299176f5ae1d,JNU_INTRADAY_MOMREV_G1_V1
2008-08-22,1.0,159,89,38,-0.006721942639201839,-4.2276368800011566e-05,117,70,26,24,24,15,0.014599036409092821,0.0006082931837122009,0,0,5827e8f998c38bc5a0887aeb87f26230c5d7ab7a240999fcfbaf299176f5ae1d,JNU_INTRADAY_MOMREV_G1_V1
2008-08-25,1.0,160,100,34,-0.015115957914556069,-9.447473696597543e-05,116,60,26,24,24,7,-0.0019524639533492292,-8.135266472288455e-05,0,0,5827e8f998c38bc5a0887aeb87f26230c5d7ab7a240999fcfbaf299176f5ae1d,JNU_INTRADAY_MOMREV_G1_V1
2008-08-26,1.0,168,110,35,-0.020406637884397637,-0.00012146808264522403,108,58,26,24,24,13,0.00156525844399041,6.521910183293374e-05,0,0,5827e8f998c38bc5a0887aeb87f26230c5d7ab7a240999fcfbaf299176f5ae1d,JNU_INTRADAY_MOMREV_G1_V1
2008-08-27,1.0,145,78,26,-0.005509617371978481,-3.799736118605849e-05,131,67,26,24,24,16,0.008244937315183568,0.00034353905479931533,0,0,5827e8f998c38bc5a0887aeb87f26230c5d7ab7a240999fcfbaf299176f5ae1d,JNU_INTRADAY_MOMREV_G1_V1
2008-08-28,1.0,152,86,27,-0.018421091964750967,-0.00012119139450494057,124,66,26,24,24,10,-0.0023486476003797903,-9.786031668249127e-05,0,0,5827e8f998c38bc5a0887aeb87f26230c5d7ab7a240999fcfbaf299176f5ae1d,JNU_INTRADAY_MOMREV_G1_V1
2008-08-29,1.0,150,79,23,-0.01575114798512519,-0.00010500765323416794,126,71,26,24,24,13,-0.0030850471353310116,-0.00012854363063879214,0,0,5827e8f998c38bc5a0887aeb87f26230c5d7ab7a240999fcfbaf299176f5ae1d,JNU_INTRADAY_MOMREV_G1_V1
2008-09-01,1.0,156,93,25,-0.02557727803644463,-0.00016395691049002968,120,63,26,24,24,13,0.0027172182348365924,0.00011321742645152468,0,0,5827e8f998c38bc5a0887aeb87f26230c5d7ab7a240999fcfbaf299176f5ae1d,JNU_INTRADAY_MOMREV_G1_V1
2008-09-02,1.0,186,129,52,-0.0006840210928493373,-3.6775327572545017e-06,90,57,26,24,24,9,-0.019175088327080075,-0.0007989620136283365,0,0,5827e8f998c38bc5a0887aeb87f26230c5d7ab7a240999fcfbaf299176f5ae1d,JNU_INTRADAY_MOMREV_G1_V1
2008-09-03,1.0,177,118,63,0.010222826222237455,5.775608035162404e-05,99,59,26,24,24,10,0.0015511467569085955,6.463111487119148e-05,0,0,5827e8f998c38bc5a0887aeb87f26230c5d7ab7a240999fcfbaf299176f5ae1d,JNU_INTRADAY_MOMREV_G1_V1
2008-09-04,1.0,192,135,58,-0.013937439988188942,-7.25908332718174e-05,84,57,26,24,24,12,0.009947587334332925,0.0004144828055972052,0,0,5827e8f998c38bc5a0887aeb87f26230c5d7ab7a240999fcfbaf299176f5ae1d,JNU_INTRADAY_MOMREV_G1_V1
2008-09-05,1.0,182,125,61,-0.0028591189603640365,-1.5709444837165037e-05,94,57,26,24,24,15,0.012281004432899438,0.0005117085180374766,0,0,5827e8f998c38bc5a0887aeb87f26230c5d7ab7a240999fcfbaf299176f5ae1d,JNU_INTRADAY_MOMREV_G1_V1
2008-09-08,1.0,179,118,53,-0.0004004199646036821,-2.236983042478671e-06,97,61,26,24,24,13,-0.006312394447557735,-0.0002630164353149056,0,0,5827e8f998c38bc5a0887aeb87f26230c5d7ab7a240999fcfbaf299176f5ae1d,JNU_INTRADAY_MOMREV_G1_V1
2008-09-09,1.0,173,107,48,-0.011625260577569567,-6.719803802063333e-05,103,66,26,24,24,12,0.0008116429767688058,3.381845736536691e-05,0,0,5827e8f998c38bc5a0887aeb87f26230c5d7ab7a240999fcfbaf299176f5ae1d,JNU_INTRADAY_MOMREV_G1_V1
2008-09-10,1.0,187,128,59,-0.0008826274035581192,-4.719932639348231e-06,89,59,26,24,24,14,-0.004477152832067836,-0.0001865480346694932,0,0,5827e8f998c38bc5a0887aeb87f26230c5d7ab7a240999fcfbaf299176f5ae1d,JNU_INTRADAY_MOMREV_G1_V1
2008-09-11,1.0,193,140,55,-0.012774655643250877,-6.618992561269885e-05,83,53,26,24,24,12,0.001215886829750656,5.066195123961067e-05,0,0,5827e8f998c38bc5a0887aeb87f26230c5d7ab7a240999fcfbaf299176f5ae1d,JNU_INTRADAY_MOMREV_G1_V1
2008-09-12,1.0,206,158,67,-0.01938583731160811,-9.410600636702966e-05,70,48,26,24,24,12,-0.0004507138981411262,-1.8779745755880258e-05,0,0,5827e8f998c38bc5a0887aeb87f26230c5d7ab7a240999fcfbaf299176f5ae1d,JNU_INTRADAY_MOMREV_G1_V1
2008-09-16,1.0,171,110,55,-0.006487262221255816,-3.793720597225624e-05,105,61,26,24,24,15,3.729008969713106e-05,1.5537537373804608e-06,0,0,5827e8f998c38bc5a0887aeb87f26230c5d7ab7a240999fcfbaf299176f5ae1d,JNU_INTRADAY_MOMREV_G1_V1
2008-09-17,1.0,200,148,72,-0.001714409552983346,-8.57204776491673e-06,76,52,26,24,24,12,0.00043537853288210145,1.8140772203420892e-05,0,0,5827e8f998c38bc5a0887aeb87f26230c5d7ab7a240999fcfbaf299176f5ae1d,JNU_INTRADAY_MOMREV_G1_V1
2008-09-18,1.0,187,124,59,0.004799352067536126,2.5664984318375004e-05,89,63,26,24,24,7,-0.016719087296925617,-0.0006966286373719007,0,0,5827e8f998c38bc5a0887aeb87f26230c5d7ab7a240999fcfbaf299176f5ae1d,JNU_INTRADAY_MOMREV_G1_V1
2008-09-19,1.0,194,139,65,0.0038376960587438477,1.9781938447133235e-05,82,55,26,24,24,11,-0.008096432408008067,-0.00033735135033366947,0,0,5827e8f998c38bc5a0887aeb87f26230c5d7ab7a240999fcfbaf299176f5ae1d,JNU_INTRADAY_MOMREV_G1_V1
2008-09-22,1.0,187,121,59,0.001582352364368773,8.461777349565632e-06,89,66,26,24,24,12,0.004999444142245624,0.00020831017259356766,0,0,5827e8f998c38bc5a0887aeb87f26230c5d7ab7a240999fcfbaf299176f5ae1d,JNU_INTRADAY_MOMREV_G1_V1
2008-09-24,1.0,192,133,63,-0.000891457032062855,-4.64300537532737e-06,84,59,26,24,24,11,-0.004674221068580767,-0.0001947592111908653,0,0,5827e8f998c38bc5a0887aeb87f26230c5d7ab7a240999fcfbaf299176f5ae1d,JNU_INTRADAY_MOMREV_G1_V1
2008-09-25,1.0,197,140,60,-0.017066502934501317,-8.663199459137725e-05,79,57,26,24,24,12,-0.009987953144384101,-0.00041616471434933756,0,0,5827e8f998c38bc5a0887aeb87f26230c5d7ab7a240999fcfbaf299176f5ae1d,JNU_INTRADAY_MOMREV_G1_V1
2008-09-26,1.0,208,159,68,-0.021492888341068262,-0.00010333119394744357,68,49,26,24,24,10,-0.006230967951498863,-0.00025962366464578595,0,0,5827e8f998c38bc5a0887aeb87f26230c5d7ab7a240999fcfbaf299176f5ae1d,JNU_INTRADAY_MOMREV_G1_V1
2008-09-29,1.0,200,143,64,0.0037418961204213003,1.8709480602106502e-05,76,57,26,24,24,16,0.007212152588224921,0.00030050635784270504,0,0,5827e8f998c38bc5a0887aeb87f26230c5d7ab7a240999fcfbaf299176f5ae1d,JNU_INTRADAY_MOMREV_G1_V1
2008-09-30,1.0,199,144,64,-0.011458623888753424,-5.758102456660012e-05,77,55,26,24,24,10,0.0007614728355580967,3.172803481492069e-05,0,0,5827e8f998c38bc5a0887aeb87f26230c5d7ab7a240999fcfbaf299176f5ae1d,JNU_INTRADAY_MOMREV_G1_V1
2008-10-01,1.0,206,148,57,-0.03505719172433201,-0.00017018054235112628,70,58,26,24,24,13,0.009133630060074997,0.00038056791916979155,0,0,5827e8f998c38bc5a0887aeb87f26230c5d7ab7a240999fcfbaf299176f5ae1d,JNU_INTRADAY_MOMREV_G1_V1
2008-10-02,1.0,210,160,64,-0.022725590489113316,-0.00010821709756720626,66,50,26,24,24,11,-0.0058063419971520125,-0.0002419309165480005,0,0,5827e8f998c38bc5a0887aeb87f26230c5d7ab7a240999fcfbaf299176f5ae1d,JNU_INTRADAY_MOMREV_G1_V1
2008-10-03,1.0,205,161,73,-0.016776347914835028,-8.183584348700014e-05,71,44,26,24,24,15,0.012143879438244335,0.0005059949765935139,0,0,5827e8f998c38bc5a0887aeb87f26230c5d7ab7a240999fcfbaf299176f5ae1d,JNU_INTRADAY_MOMREV_G1_V1
2008-10-06,1.0,223,182,87,-0.0012258109252916572,-5.496909978886355e-06,53,41,26,24,24,13,-0.004758632217102284,-0.00019827634237926182,0,0,5827e8f998c38bc5a0887aeb87f26230c5d7ab7a240999fcfbaf299176f5ae1d,JNU_INTRADAY_MOMREV_G1_V1
2008-10-07,1.0,221,177,79,-0.02135529326913952,-9.663028628569918e-05,55,44,26,24,24,12,0.017110204848474888,0.000712925202019787,0,0,5827e8f998c38bc5a0887aeb87f26230c5d7ab7a240999fcfbaf299176f5ae1d,JNU_INTRADAY_MOMREV_G1_V1
2008-10-08,1.0,225,185,90,0.04022060104605324,0.00017875822687134774,51,40,26,24,24,12,-0.02910176411304289,-0.0012125735047101205,0,0,5827e8f998c38bc5a0887aeb87f26230c5d7ab7a240999fcfbaf299176f5ae1d,JNU_INTRADAY_MOMREV_G1_V1
2008-10-09,1.0,240,207,99,0.006457286615365017,2.690536089735424e-05,36,33,26,24,24,14,0.04744518448422676,0.0019768826868427816,0,0,5827e8f998c38bc5a0887aeb87f26230c5d7ab7a240999fcfbaf299176f5ae1d,JNU_INTRADAY_MOMREV_G1_V1
2008-10-10,1.0,228,199,99,0.033087546805617304,0.00014512081932288292,48,29,26,23,22,12,0.00894462999562953,0.0003888969563317187,1,1,5827e8f998c38bc5a0887aeb87f26230c5d7ab7a240999fcfbaf299176f5ae1d,JNU_INTRADAY_MOMREV_G1_V1
2008-10-14,1.0,192,154,63,-0.03699998654583049,-0.00019270826325953381,84,38,26,22,22,10,-0.025177413493575218,-0.0011444278860716008,2,0,5827e8f998c38bc5a0887aeb87f26230c5d7ab7a240999fcfbaf299176f5ae1d,JNU_INTRADAY_MOMREV_G1_V1
2008-10-15,1.0,229,190,89,-0.028555728671427177,-0.00012469750511540252,47,39,26,24,24,13,-0.01577026533809694,-0.0006570943890873726,0,0,5827e8f998c38bc5a0887aeb87f26230c5d7ab7a240999fcfbaf299176f5ae1d,JNU_INTRADAY_MOMREV_G1_V1
2008-10-16,1.0,216,187,85,0.019197315467395275,8.887646049720034e-05,60,29,26,22,22,9,-0.021315494723438758,-0.0009688861237926709,2,0,5827e8f998c38bc5a0887aeb87f26230c5d7ab7a240999fcfbaf299176f5ae1d,JNU_INTRADAY_MOMREV_G1_V1
2008-10-17,1.0,220,179,84,-0.026712499427380822,-0.0001214204519426401,56,41,26,24,24,12,0.007457228039712948,0.0003107178349880395,0,0,5827e8f998c38bc5a0887aeb87f26230c5d7ab7a240999fcfbaf299176f5ae1d,JNU_INTRADAY_MOMREV_G1_V1
2008-10-20,1.0,217,169,70,-0.05064863966604625,-0.00023340386942878456,59,48,26,24,24,13,0.014261887119142126,0.000594245296630922,0,0,5827e8f998c38bc5a0887aeb87f26230c5d7ab7a240999fcfbaf299176f5ae1d,JNU_INTRADAY_MOMREV_G1_V1
2008-10-21,1.0,209,158,72,-0.01664092946044339,-7.962167205953776e-05,67,51,26,24,24,12,0.005553062825629307,0.00023137761773455446,0,0,5827e8f998c38bc5a0887aeb87f26230c5d7ab7a240999fcfbaf299176f5ae1d,JNU_INTRADAY_MOMREV_G1_V1
2008-10-22,1.0,226,185,72,-0.049574224655355124,-0.00021935497635112888,50,41,26,24,24,12,0.010544141483622343,0.0004393392284842643,0,0,5827e8f998c38bc5a0887aeb87f26230c5d7ab7a240999fcfbaf299176f5ae1d,JNU_INTRADAY_MOMREV_G1_V1
2008-10-23,1.0,244,220,92,-0.06007023746361244,-0.00024618949780169034,32,24,26,24,24,12,0.019674802847221975,0.0008197834519675823,0,0,5827e8f998c38bc5a0887aeb87f26230c5d7ab7a240999fcfbaf299176f5ae1d,JNU_INTRADAY_MOMREV_G1_V1
2008-10-24,1.0,244,218,102,-0.004647036648012391,-1.9045232163985212e-05,32,26,26,24,24,15,0.0606116221416927,0.0025254842559038625,0,0,5827e8f998c38bc5a0887aeb87f26230c5d7ab7a240999fcfbaf299176f5ae1d,JNU_INTRADAY_MOMREV_G1_V1
2008-10-27,1.0,252,229,122,0.11799865461856732,0.0004682486294387592,24,23,26,24,24,8,-0.06570468697753197,-0.0027376952907304988,0,0,5827e8f998c38bc5a0887aeb87f26230c5d7ab7a240999fcfbaf299176f5ae1d,JNU_INTRADAY_MOMREV_G1_V1
2008-10-28,1.0,254,232,121,0.04931798486576104,0.00019416529474709072,22,22,26,24,24,14,0.05836232025348444,0.002431763343895185,0,0,5827e8f998c38bc5a0887aeb87f26230c5d7ab7a240999fcfbaf299176f5ae1d,JNU_INTRADAY_MOMREV_G1_V1
2008-10-29,1.0,245,219,106,-0.004252377637367647,-1.7356643417827133e-05,31,26,26,24,24,11,-0.009516271442146482,-0.00039651131008943677,0,0,5827e8f998c38bc5a0887aeb87f26230c5d7ab7a240999fcfbaf299176f5ae1d,JNU_INTRADAY_MOMREV_G1_V1
2008-10-30,1.0,249,223,106,0.019272340326331953,7.739895713386326e-05,27,26,26,24,24,8,-0.030151886697700726,-0.001256328612404197,0,0,5827e8f998c38bc5a0887aeb87f26230c5d7ab7a240999fcfbaf299176f5ae1d,JNU_INTRADAY_MOMREV_G1_V1
2008-10-31,1.0,247,221,109,-0.0024608385137157877,-9.962908962412095e-06,29,26,26,24,24,12,-0.006072517979388393,-0.00025302158247451635,0,0,5827e8f998c38bc5a0887aeb87f26230c5d7ab7a240999fcfbaf299176f5ae1d,JNU_INTRADAY_MOMREV_G1_V1
2008-11-04,1.0,231,193,93,-0.02348208424602497,-0.00010165404435508646,45,38,26,24,24,9,3.268187311668801e-05,1.3617447131953335e-06,0,0,5827e8f998c38bc5a0887aeb87f26230c5d7ab7a240999fcfbaf299176f5ae1d,JNU_INTRADAY_MOMREV_G1_V1
2008-11-05,1.0,232,197,87,-0.013917747079718525,-5.9990289136717776e-05,44,35,26,24,24,12,-0.009007143408958963,-0.00037529764203995676,0,0,5827e8f998c38bc5a0887aeb87f26230c5d7ab7a240999fcfbaf299176f5ae1d,JNU_INTRADAY_MOMREV_G1_V1
2008-11-06,1.0,215,170,81,-0.017319837493021354,-8.055738368847141e-05,61,45,26,24,24,14,0.0333247884363754,0.0013885328515156417,0,0,5827e8f998c38bc5a0887aeb87f26230c5d7ab7a240999fcfbaf299176f5ae1d,JNU_INTRADAY_MOMREV_G1_V1
2008-11-07,1.0,245,223,112,0.011061241799964594,4.51479257141412e-05,31,22,26,24,24,13,0.05138683884147123,0.0021411182850613014,0,0,5827e8f998c38bc5a0887aeb87f26230c5d7ab7a240999fcfbaf299176f5ae1d,JNU_INTRADAY_MOMREV_G1_V1
2008-11-10,1.0,230,191,91,-0.021048166105565615,-9.151376567637224e-05,46,39,26,24,24,16,0.03378260377857187,0.001407608490773828,0,0,5827e8f998c38bc5a0887aeb87f26230c5d7ab7a240999fcfbaf299176f5ae1d,JNU_INTRADAY_MOMREV_G1_V1
2008-11-11,1.0,235,199,90,-0.04849607250784499,-0.00020636626599082974,41,36,26,24,24,12,0.029034981987002,0.0012097909161250832,0,0,5827e8f998c38bc5a0887aeb87f26230c5d7ab7a240999fcfbaf299176f5ae1d,JNU_INTRADAY_MOMREV_G1_V1
2008-11-12,1.0,232,194,90,-0.020796051070024076,-8.963815116389688e-05,44,38,26,24,24,16,0.023087766280699393,0.0009619902616958081,0,0,5827e8f998c38bc5a0887aeb87f26230c5d7ab7a240999fcfbaf299176f5ae1d,JNU_INTRADAY_MOMREV_G1_V1
2008-11-13,1.0,228,187,96,0.012124534015032738,5.317778076768745e-05,48,41,26,24,24,14,0.01630146597939835,0.000679227749141598,0,0,5827e8f998c38bc5a0887aeb87f26230c5d7ab7a240999fcfbaf299176f5ae1d,JNU_INTRADAY_MOMREV_G1_V1
2008-11-14,1.0,233,200,89,-0.003996080630338527,-1.7150560645229728e-05,43,33,26,24,24,13,0.014383069395935675,0.0005992945581639865,0,0,5827e8f998c38bc5a0887aeb87f26230c5d7ab7a240999fcfbaf299176f5ae1d,JNU_INTRADAY_MOMREV_G1_V1
2008-11-17,1.0,227,187,84,-0.01424445286246686,-6.275089366725488e-05,49,40,26,24,24,14,0.002492123940422849,0.00010383849751761871,0,0,5827e8f998c38bc5a0887aeb87f26230c5d7ab7a240999fcfbaf299176f5ae1d,JNU_INTRADAY_MOMREV_G1_V1
2008-11-18,1.0,225,184,86,-0.007808017301144043,-3.470229911619575e-05,51,41,26,24,24,16,0.014947319784759263,0.000622804991031636,0,0,5827e8f998c38bc5a0887aeb87f26230c5d7ab7a240999fcfbaf299176f5ae1d,JNU_INTRADAY_MOMREV_G1_V1
2008-11-19,1.0,226,185,82,-0.020713540621301214,-9.16528346075275e-05,50,41,26,24,24,12,0.014558003966601089,0.0006065834986083787,0,0,5827e8f998c38bc5a0887aeb87f26230c5d7ab7a240999fcfbaf299176f5ae1d,JNU_INTRADAY_MOMREV_G1_V1
2008-11-20,1.0,225,179,89,-0.008975210749346376,-3.988982555265056e-05,51,46,26,24,24,15,0.02668146973194485,0.001111727905497702,0,0,5827e8f998c38bc5a0887aeb87f26230c5d7ab7a240999fcfbaf299176f5ae1d,JNU_INTRADAY_MOMREV_G1_V1
2008-11-21,1.0,237,204,124,0.0829585247511411,0.00035003596941409745,39,33,26,24,24,11,-0.005746492330547108,-0.00023943718043946283,0,0,5827e8f998c38bc5a0887aeb87f26230c5d7ab7a240999fcfbaf299176f5ae1d,JNU_INTRADAY_MOMREV_G1_V1
2008-11-25,1.0,215,165,71,-0.009605785046255552,-4.467806998258396e-05,61,50,26,24,24,11,-0.02281162689119845,-0.0009504844537999354,0,0,5827e8f998c38bc5a0887aeb87f26230c5d7ab7a240999fcfbaf299176f5ae1d,JNU_INTRADAY_MOMREV_G1_V1
2008-11-26,1.0,224,182,92,-0.0018264212655275142,-8.153666363962117e-06,52,42,26,24,24,11,-0.003073851514856064,-0.000128077146452336,0,0,5827e8f998c38bc5a0887aeb87f26230c5d7ab7a240999fcfbaf299176f5ae1d,JNU_INTRADAY_MOMREV_G1_V1
2008-11-27,1.0,211,162,71,-0.046950145499787516,-0.0002225125379136849,65,49,26,24,24,14,0.028057302709358915,0.0011690542795566214,0,0,5827e8f998c38bc5a0887aeb87f26230c5d7ab7a240999fcfbaf299176f5ae1d,JNU_INTRADAY_MOMREV_G1_V1
2008-11-28,1.0,204,151,69,-0.00657245462376542,-3.221791482237951e-05,72,53,26,24,24,8,-0.01540482053738171,-0.0006418675223909046,0,0,5827e8f998c38bc5a0887aeb87f26230c5d7ab7a240999fcfbaf299176f5ae1d,JNU_INTRADAY_MOMREV_G1_V1
2008-12-01,1.0,199,142,56,-0.028074097953294182,-0.00014107586911203107,77,57,26,24,24,13,0.01488255966103426,0.0006201066525430941,0,0,5827e8f998c38bc5a0887aeb87f26230c5d7ab7a240999fcfbaf299176f5ae1d,JNU_INTRADAY_MOMREV_G1_V1
2008-12-02,1.0,200,153,68,-0.004409063982359372,-2.2045319911796862e-05,76,47,26,24,24,14,-0.008076160706967081,-0.0003365066961236284,0,0,5827e8f998c38bc5a0887aeb87f26230c5d7ab7a240999fcfbaf299176f5ae1d,JNU_INTRADAY_MOMREV_G1_V1
2008-12-03,1.0,213,163,76,-0.005712999943371929,-2.682159597827197e-05,63,50,26,24,24,12,0.00550337603598396,0.00022930733483266498,0,0,5827e8f998c38bc5a0887aeb87f26230c5d7ab7a240999fcfbaf299176f5ae1d,JNU_INTRADAY_MOMREV_G1_V1
2008-12-04,1.0,207,154,69,-0.01618638322613623,-7.819508804896729e-05,69,53,26,24,24,17,0.03848793573524813,0.001603663988968672,0,0,5827e8f998c38bc5a0887aeb87f26230c5d7ab7a240999fcfbaf299176f5ae1d,JNU_INTRADAY_MOMREV_G1_V1
2008-12-05,1.0,197,144,64,-0.02261538505669597,-0.00011479890891723842,79,53,26,24,24,11,-0.016396631542230766,-0.0006831929809262819,0,0,5827e8f998c38bc5a0887aeb87f26230c5d7ab7a240999fcfbaf299176f5ae1d,JNU_INTRADAY_MOMREV_G1_V1
2008-12-08,1.0,208,157,70,-0.007155917369946012,-3.440344889397121e-05,68,51,26,24,24,13,0.0049511517079380216,0.0002062979878307509,0,0,5827e8f998c38bc5a0887aeb87f26230c5d7ab7a240999fcfbaf299176f5ae1d,JNU_INTRADAY_MOMREV_G1_V1
2008-12-09,1.0,210,157,72,-0.014375330829706937,-6.84539563319378e-05,66,53,26,24,24,12,-0.011257273676805752,-0.00046905306986690635,0,0,5827e8f998c38bc5a0887aeb87f26230c5d7ab7a240999fcfbaf299176f5ae1d,JNU_INTRADAY_MOMREV_G1_V1
2008-12-10,1.0,197,141,69,-0.018191638012031268,-9.234334016259527e-05,79,56,26,24,24,16,0.012826583535452008,0.0005344409806438337,0,0,5827e8f998c38bc5a0887aeb87f26230c5d7ab7a240999fcfbaf299176f5ae1d,JNU_INTRADAY_MOMREV_G1_V1
2008-12-11,1.0,187,125,70,0.019184489713933352,0.0001025908540852051,89,62,26,24,24,11,-0.01740086225169051,-0.0007250359271537711,0,0,5827e8f998c38bc5a0887aeb87f26230c5d7ab7a240999fcfbaf299176f5ae1d,JNU_INTRADAY_MOMREV_G1_V1
2008-12-12,1.0,228,190,89,-0.009375204754450498,-4.1119319098467095e-05,48,38,26,24,24,14,0.006163365656654103,0.0002568069023605876,0,0,5827e8f998c38bc5a0887aeb87f26230c5d7ab7a240999fcfbaf299176f5ae1d,JNU_INTRADAY_MOMREV_G1_V1
2008-12-15,1.0,216,170,76,-0.009832763653608328,-4.552205395189041e-05,60,46,26,24,24,14,0.007978891100377809,0.00033245379584907536,0,0,5827e8f998c38bc5a0887aeb87f26230c5d7ab7a240999fcfbaf299176f5ae1d,JNU_INTRADAY_MOMREV_G1_V1
2008-12-16,1.0,209,162,74,-0.021688148752421477,-0.00010377104666230372,67,47,26,24,24,15,0.004105141831757399,0.00017104757632322495,0,0,5827e8f998c38bc5a0887aeb87f26230c5d7ab7a240999fcfbaf299176f5ae1d,JNU_INTRADAY_MOMREV_G1_V1
2008-12-17,1.0,212,164,71,-0.021768127482341797,-0.00010267984661481979,64,48,26,24,24,8,-0.02136072638795467,-0.0008900302661647778,0,0,5827e8f998c38bc5a0887aeb87f26230c5d7ab7a240999fcfbaf299176f5ae1d,JNU_INTRADAY_MOMREV_G1_V1
2008-12-18,1.0,214,166,80,-0.0027759250917918444,-1.2971612578466563e-05,62,48,26,24,24,13,0.005061976376642385,0.00021091568236009938,0,0,5827e8f998c38bc5a0887aeb87f26230c5d7ab7a240999fcfbaf299176f5ae1d,JNU_INTRADAY_MOMREV_G1_V1
2008-12-19,1.0,199,143,57,-0.034097288660085316,-0.00017134315909590612,77,56,26,24,24,16,0.02364314104290551,0.0009851308767877295,0,0,5827e8f998c38bc5a0887aeb87f26230c5d7ab7a240999fcfbaf299176f5ae1d,JNU_INTRADAY_MOMREV_G1_V1
2008-12-22,1.0,194,135,63,-0.008613765980620258,-4.440085557020751e-05,82,59,26,24,24,15,0.024796880506887907,0.0010332033544536627,0,0,5827e8f998c38bc5a0887aeb87f26230c5d7ab7a240999fcfbaf299176f5ae1d,JNU_INTRADAY_MOMREV_G1_V1
2008-12-24,1.0,162,99,41,-0.007683859767591443,-4.743123313328051e-05,114,63,26,24,24,11,0.0012283728133940077,5.1182200558083655e-05,0,0,5827e8f998c38bc5a0887aeb87f26230c5d7ab7a240999fcfbaf299176f5ae1d,JNU_INTRADAY_MOMREV_G1_V1
2008-12-25,1.0,117,54,11,-0.018734210052620496,-0.00016012145344120081,159,63,26,24,24,11,-0.0005764418655916791,-2.4018411066319963e-05,0,0,5827e8f998c38bc5a0887aeb87f26230c5d7ab7a240999fcfbaf299176f5ae1d,JNU_INTRADAY_MOMREV_G1_V1
2008-12-26,1.0,183,127,55,-0.009768068404205512,-5.337742297380061e-05,93,56,26,24,24,13,-0.0051941758680868885,-0.00021642399450362036,0,0,5827e8f998c38bc5a0887aeb87f26230c5d7ab7a240999fcfbaf299176f5ae1d,JNU_INTRADAY_MOMREV_G1_V1
2008-12-29,1.0,160,102,44,-0.009761050962621897,-6.100656851638686e-05,116,58,26,24,24,11,3.2353211879191756e-05,1.3480504949663232e-06,0,0,5827e8f998c38bc5a0887aeb87f26230c5d7ab7a240999fcfbaf299176f5ae1d,JNU_INTRADAY_MOMREV_G1_V1
2009-01-06,1.0,195,147,45,-0.048760135687747536,-0.0002500519778858848,81,48,26,24,24,14,0.011472549160574521,0.00047802288169060506,0,0,8b340032b7d9090227a75ae9f960e07890a634bd0a3d3419d2640b5c49a3538a,JNU_INTRADAY_MOMREV_G1_V1
2009-01-07,1.0,196,140,60,-0.01667059894112554,-8.505407623023235e-05,80,56,26,24,24,11,0.0015978125847411167,6.65755243642132e-05,0,0,8b340032b7d9090227a75ae9f960e07890a634bd0a3d3419d2640b5c49a3538a,JNU_INTRADAY_MOMREV_G1_V1
2009-01-08,1.0,192,132,58,-0.019508689215523383,-0.00010160775633085095,84,60,26,24,24,15,0.018404065515541898,0.0007668360631475791,0,0,8b340032b7d9090227a75ae9f960e07890a634bd0a3d3419d2640b5c49a3538a,JNU_INTRADAY_MOMREV_G1_V1
2009-01-09,1.0,197,148,62,-0.028309086033045903,-0.00014370094433018224,79,49,26,24,24,17,0.027512100594217118,0.0011463375247590466,0,0,8b340032b7d9090227a75ae9f960e07890a634bd0a3d3419d2640b5c49a3538a,JNU_INTRADAY_MOMREV_G1_V1
2009-01-13,1.0,172,108,45,-0.019513042856905118,-0.00011344792358665766,104,64,26,24,24,13,0.0029709826915994596,0.00012379094548331082,0,0,8b340032b7d9090227a75ae9f960e07890a634bd0a3d3419d2640b5c49a3538a,JNU_INTRADAY_MOMREV_G1_V1
2009-01-14,1.0,188,128,52,-0.023604770538177063,-0.0001255572900966865,88,60,26,24,24,11,0.001817697254522136,7.573738560508901e-05,0,0,8b340032b7d9090227a75ae9f960e07890a634bd0a3d3419d2640b5c49a3538a,JNU_INTRADAY_MOMREV_G1_V1
2009-01-15,1.0,202,144,60,-0.014229938960685794,-7.044524237963265e-05,74,58,26,24,24,10,-0.005602062397895428,-0.00023341926657897616,0,0,8b340032b7d9090227a75ae9f960e07890a634bd0a3d3419d2640b5c49a3538a,JNU_INTRADAY_MOMREV_G1_V1
2009-01-16,1.0,203,151,70,-0.020102162036596975,-9.902542875170923e-05,73,52,26,24,24,10,-0.017098504029421466,-0.000712437667892561,0,0,8b340032b7d9090227a75ae9f960e07890a634bd0a3d3419d2640b5c49a3538a,JNU_INTRADAY_MOMREV_G1_V1
2009-01-19,1.0,173,111,31,-0.04539646512594767,-0.0002624073128667496,103,62,26,24,24,18,0.032645302425371156,0.0013602209343904648,0,0,8b340032b7d9090227a75ae9f960e07890a634bd0a3d3419d2640b5c49a3538a,JNU_INTRADAY_MOMREV_G1_V1
2009-01-20,1.0,178,119,54,-0.015788938778741147,-8.870190325135476e-05,98,59,26,24,24,8,-0.02234743508578513,-0.0009311431285743805,0,0,8b340032b7d9090227a75ae9f960e07890a634bd0a3d3419d2640b5c49a3538a,JNU_INTRADAY_MOMREV_G1_V1
2009-01-21,1.0,184,121,57,-0.012501328484227385,-6.794200263167056e-05,92,63,26,24,24,14,0.0024873584194251173,0.00010363993414271322,0,0,8b340032b7d9090227a75ae9f960e07890a634bd0a3d3419d2640b5c49a3538a,JNU_INTRADAY_MOMREV_G1_V1
2009-01-22,1.0,196,143,69,-0.009315146991321134,-4.752626015980171e-05,80,53,26,24,24,10,-0.010100840167434295,-0.0004208683403097623,0,0,8b340032b7d9090227a75ae9f960e07890a634bd0a3d3419d2640b5c49a3538a,JNU_INTRADAY_MOMREV_G1_V1
2009-01-23,1.0,176,108,49,-0.010188864811177794,-5.789127733623746e-05,100,68,26,24,24,8,-0.02555777760365362,-0.0010649074001522342,0,0,8b340032b7d9090227a75ae9f960e07890a634bd0a3d3419d2640b5c49a3538a,JNU_INTRADAY_MOMREV_G1_V1
2009-01-26,1.0,178,117,54,-0.008558362775262214,-4.808068974866412e-05,98,61,26,24,24,11,-0.0006612603699624154,-2.755251541510064e-05,0,0,8b340032b7d9090227a75ae9f960e07890a634bd0a3d3419d2640b5c49a3538a,JNU_INTRADAY_MOMREV_G1_V1
2009-01-27,1.0,193,140,66,-0.001966972826083147,-1.0191569047062939e-05,83,53,26,24,24,12,0.008977208050968126,0.00037405033545700523,0,0,8b340032b7d9090227a75ae9f960e07890a634bd0a3d3419d2640b5c49a3538a,JNU_INTRADAY_MOMREV_G1_V1
2009-01-28,1.0,197,147,87,0.024185329653124022,0.00012276817082804072,79,50,26,24,24,14,0.010773499992372516,0.0004488958330155215,0,0,8b340032b7d9090227a75ae9f960e07890a634bd0a3d3419d2640b5c49a3538a,JNU_INTRADAY_MOMREV_G1_V1
2009-01-29,1.0,204,150,75,-0.013296571906217388,-6.517927405008523e-05,72,54,26,24,24,15,0.02265219530257127,0.0009438414709404696,0,0,8b340032b7d9090227a75ae9f960e07890a634bd0a3d3419d2640b5c49a3538a,JNU_INTRADAY_MOMREV_G1_V1
2009-01-30,1.0,183,123,56,-0.017574987898637238,-9.603818523845486e-05,93,60,26,24,24,16,0.012577885428967206,0.0005240785595403002,0,0,8b340032b7d9090227a75ae9f960e07890a634bd0a3d3419d2640b5c49a3538a,JNU_INTRADAY_MOMREV_G1_V1
2009-02-02,1.0,192,137,53,-0.03944786118126367,-0.00020545761031908163,84,55,26,24,24,13,-0.0005507440431913408,-2.2947668466305867e-05,0,0,8b340032b7d9090227a75ae9f960e07890a634bd0a3d3419d2640b5c49a3538a,JNU_INTRADAY_MOMREV_G1_V1
2009-02-03,1.0,194,133,60,-0.015518211162929917,-7.99907791903604e-05,82,61,26,24,24,13,0.003572689769744547,0.00014886207373935613,0,0,8b340032b7d9090227a75ae9f960e07890a634bd0a3d3419d2640b5c49a3538a,JNU_INTRADAY_MOMREV_G1_V1
2009-02-04,1.0,183,120,57,-0.018084850072535692,-9.882431733626061e-05,93,63,26,24,24,18,0.03825453993321169,0.0015939391638838205,0,0,8b340032b7d9090227a75ae9f960e07890a634bd0a3d3419d2640b5c49a3538a,JNU_INTRADAY_MOMREV_G1_V1
2009-02-05,1.0,187,123,49,-0.0180830610769485,-9.670086137405615e-05,89,64,26,24,24,8,-0.0162226550060208,-0.0006759439585842,0,0,8b340032b7d9090227a75ae9f960e07890a634bd0a3d3419d2640b5c49a3538a,JNU_INTRADAY_MOMREV_G1_V1
2009-02-06,1.0,190,131,47,-0.03645496301125682,-0.00019186822637503592,86,59,26,24,24,13,0.008677085889378116,0.0003615452453907548,0,0,8b340032b7d9090227a75ae9f960e07890a634bd0a3d3419d2640b5c49a3538a,JNU_INTRADAY_MOMREV_G1_V1
2009-02-09,1.0,209,161,70,-0.020977649156264717,-0.00010037152706346754,67,48,26,24,24,14,0.020995670328165912,0.000874819597006913,0,0,8b340032b7d9090227a75ae9f960e07890a634bd0a3d3419d2640b5c49a3538a,JNU_INTRADAY_MOMREV_G1_V1
2009-02-10,1.0,192,133,61,-0.014589812740593575,-7.598860802392487e-05,84,59,26,24,24,15,0.018686931887554357,0.0007786221619814315,0,0,8b340032b7d9090227a75ae9f960e07890a634bd0a3d3419d2640b5c49a3538a,JNU_INTRADAY_MOMREV_G1_V1
2009-02-12,1.0,194,142,66,-0.01931983909014329,-9.95867994337283e-05,82,52,26,24,24,11,-0.007728218755639919,-0.00032200911481833,0,0,8b340032b7d9090227a75ae9f960e07890a634bd0a3d3419d2640b5c49a3538a,JNU_INTRADAY_MOMREV_G1_V1
2009-02-13,1.0,185,122,53,-0.01728700430406657,-9.344326650846794e-05,91,63,26,24,24,11,-0.005768970440442846,-0.00024037376835178527,0,0,8b340032b7d9090227a75ae9f960e07890a634bd0a3d3419d2640b5c49a3538a,JNU_INTRADAY_MOMREV_G1_V1
2009-02-16,1.0,170,103,43,-0.018100051457549005,-0.00010647089092675886,106,67,26,24,24,13,0.005137436111605602,0.00021405983798356674,0,0,8b340032b7d9090227a75ae9f960e07890a634bd0a3d3419d2640b5c49a3538a,JNU_INTRADAY_MOMREV_G1_V1
2009-02-17,1.0,171,114,41,-0.03586556211519667,-0.00020974012932863548,105,57,26,24,24,15,0.006575323853353328,0.0002739718272230553,0,0,8b340032b7d9090227a75ae9f960e07890a634bd0a3d3419d2640b5c49a3538a,JNU_INTRADAY_MOMREV_G1_V1
2009-02-18,1.0,157,88,36,-0.012698109591021885,-8.087967892370627e-05,119,69,26,24,24,16,0.007964616688671065,0.0003318590286946277,0,0,8b340032b7d9090227a75ae9f960e07890a634bd0a3d3419d2640b5c49a3538a,JNU_INTRADAY_MOMREV_G1_V1
2009-02-19,1.0,156,90,41,-0.006636824511378007,-4.254374686780774e-05,120,66,26,24,24,12,0.01318756811518996,0.0005494820047995816,0,0,8b340032b7d9090227a75ae9f960e07890a634bd0a3d3419d2640b5c49a3538a,JNU_INTRADAY_MOMREV_G1_V1
2009-02-20,1.0,167,106,33,-0.03283218782800978,-0.000196599927113831,109,61,26,24,24,12,-7.040367726794108e-05,-2.933486552830878e-06,0,0,8b340032b7d9090227a75ae9f960e07890a634bd0a3d3419d2640b5c49a3538a,JNU_INTRADAY_MOMREV_G1_V1
2009-02-23,1.0,194,140,69,0.0034196867111028328,1.762725108815893e-05,82,54,26,24,24,13,-0.012929591428240706,-0.0005387329761766961,0,0,8b340032b7d9090227a75ae9f960e07890a634bd0a3d3419d2640b5c49a3538a,JNU_INTRADAY_MOMREV_G1_V1
2009-02-24,1.0,164,104,52,0.010379812019302732,6.329153670306544e-05,112,60,26,24,24,15,0.018717112363251683,0.0007798796818021535,0,0,8b340032b7d9090227a75ae9f960e07890a634bd0a3d3419d2640b5c49a3538a,JNU_INTRADAY_MOMREV_G1_V1
2009-02-25,1.0,188,126,54,-0.02237029551319341,-0.000118990933580816,88,62,26,24,24,10,-0.000614792884185071,-2.561637017437796e-05,0,0,8b340032b7d9090227a75ae9f960e07890a634bd0a3d3419d2640b5c49a3538a,JNU_INTRADAY_MOMREV_G1_V1
2009-02-26,1.0,173,116,57,-0.005358577056216975,-3.0974433850965175e-05,103,57,26,24,24,13,0.002746148657111872,0.00011442286071299467,0,0,8b340032b7d9090227a75ae9f960e07890a634bd0a3d3419d2640b5c49a3538a,JNU_INTRADAY_MOMREV_G1_V1
2009-02-27,1.0,197,138,67,0.003365446036251635,1.7083482417520992e-05,79,59,26,24,24,10,-0.002698943408084034,-0.00011245597533683475,0,0,8b340032b7d9090227a75ae9f960e07890a634bd0a3d3419d2640b5c49a3538a,JNU_INTRADAY_MOMREV_G1_V1
2009-03-02,1.0,178,122,54,-0.01851313047099836,-0.00010400635096066496,98,56,26,24,24,11,0.006831565233196356,0.0002846485513831815,0,0,8b340032b7d9090227a75ae9f960e07890a634bd0a3d3419d2640b5c49a3538a,JNU_INTRADAY_MOMREV_G1_V1
2009-03-03,1.0,207,159,71,-0.024093985960870173,-0.00011639606744381726,69,48,26,24,24,10,-0.004906480143696545,-0.00020443667265402268,0,0,8b340032b7d9090227a75ae9f960e07890a634bd0a3d3419d2640b5c49a3538a,JNU_INTRADAY_MOMREV_G1_V1
2009-03-04,1.0,176,115,39,-0.038040049093675775,-0.00021613664257770328,100,61,26,24,24,13,0.014525018782465628,0.0006052091159360678,0,0,8b340032b7d9090227a75ae9f960e07890a634bd0a3d3419d2640b5c49a3538a,JNU_INTRADAY_MOMREV_G1_V1
2009-03-05,1.0,190,128,58,-0.010085594771185043,-5.308207774307917e-05,86,62,26,24,24,10,-0.004575577523225611,-0.0001906490634677338,0,0,8b340032b7d9090227a75ae9f960e07890a634bd0a3d3419d2640b5c49a3538a,JNU_INTRADAY_MOMREV_G1_V1
2009-03-06,1.0,179,118,48,-0.025625954720626568,-0.00014316175821579087,97,61,26,24,24,16,0.02424157868719219,0.0010100657786330078,0,0,8b340032b7d9090227a75ae9f960e07890a634bd0a3d3419d2640b5c49a3538a,JNU_INTRADAY_MOMREV_G1_V1
2009-03-09,1.0,166,98,45,-0.010449384883200599,-6.294810170602771e-05,110,68,26,24,24,9,-0.0035255803133218255,-0.00014689917972174273,0,0,8b340032b7d9090227a75ae9f960e07890a634bd0a3d3419d2640b5c49a3538a,JNU_INTRADAY_MOMREV_G1_V1
2009-03-10,1.0,190,136,53,-0.040399955384076314,-0.00021263134412671743,86,54,26,24,24,14,0.002815833036060385,0.00011732637650251603,0,0,8b340032b7d9090227a75ae9f960e07890a634bd0a3d3419d2640b5c49a3538a,JNU_INTRADAY_MOMREV_G1_V1
2009-03-11,1.0,171,112,44,-0.027135130529939825,-0.00015868497385929721,105,59,26,24,24,14,0.008822992959172521,0.00036762470663218835,0,0,8b340032b7d9090227a75ae9f960e07890a634bd0a3d3419d2640b5c49a3538a,JNU_INTRADAY_MOMREV_G1_V1
2009-03-12,1.0,148,77,24,-0.024089187675436677,-0.00016276478159078835,128,71,26,24,24,12,0.001376845294850989,5.736855395212454e-05,0,0,8b340032b7d9090227a75ae9f960e07890a634bd0a3d3419d2640b5c49a3538a,JNU_INTRADAY_MOMREV_G1_V1
2009-03-13,1.0,170,107,39,-0.022708119194334457,-0.00013357717173137916,106,63,26,24,24,14,0.001934752868974945,8.061470287395604e-05,0,0,8b340032b7d9090227a75ae9f960e07890a634bd0a3d3419d2640b5c49a3538a,JNU_INTRADAY_MOMREV_G1_V1
2009-03-16,1.0,152,84,29,-0.023484278091759524,-0.0001545018295510495,124,68,26,24,24,11,-0.0019887595334786047,-8.286498056160852e-05,0,0,8b340032b7d9090227a75ae9f960e07890a634bd0a3d3419d2640b5c49a3538a,JNU_INTRADAY_MOMREV_G1_V1
2009-03-17,1.0,177,113,41,-0.030159796217667373,-0.00017039432891337498,99,64,26,24,24,10,-0.012180644747156962,-0.0005075268644648734,0,0,8b340032b7d9090227a75ae9f960e07890a634bd0a3d3419d2640b5c49a3538a,JNU_INTRADAY_MOMREV_G1_V1
2009-03-18,1.0,183,121,52,-0.008255407304414708,-4.511151532467054e-05,93,62,26,24,24,13,0.01265846734721884,0.0005274361394674516,0,0,8b340032b7d9090227a75ae9f960e07890a634bd0a3d3419d2640b5c49a3538a,JNU_INTRADAY_MOMREV_G1_V1
2009-03-19,1.0,171,114,49,-0.017119828656661902,-0.00010011595705650235,105,57,26,24,24,11,-0.006968743164318865,-0.00029036429851328607,0,0,8b340032b7d9090227a75ae9f960e07890a634bd0a3d3419d2640b5c49a3538a,JNU_INTRADAY_MOMREV_G1_V1
2009-03-23,1.0,174,111,47,-0.00654705495992356,-3.762675264323885e-05,102,63,26,24,24,15,0.007568602070175421,0.0003153584195906425,0,0,8b340032b7d9090227a75ae9f960e07890a634bd0a3d3419d2640b5c49a3538a,JNU_INTRADAY_MOMREV_G1_V1
2009-03-24,1.0,182,128,67,0.007674580851008407,4.216802665389235e-05,94,54,26,24,24,10,-0.019714335306611774,-0.0008214306377754906,0,0,8b340032b7d9090227a75ae9f960e07890a634bd0a3d3419d2640b5c49a3538a,JNU_INTRADAY_MOMREV_G1_V1
2009-03-25,1.0,168,105,43,-0.011323007245914268,-6.739885265425159e-05,108,63,26,24,24,11,0.006511707943008357,0.0002713211642920149,0,0,8b340032b7d9090227a75ae9f960e07890a634bd0a3d3419d2640b5c49a3538a,JNU_INTRADAY_MOMREV_G1_V1
2009-03-26,1.0,179,125,47,-0.026977774453323944,-0.00015071382376158628,97,54,26,24,24,10,-0.00827109803895602,-0.0003446290849565008,0,0,8b340032b7d9090227a75ae9f960e07890a634bd0a3d3419d2640b5c49a3538a,JNU_INTRADAY_MOMREV_G1_V1
2009-03-27,1.0,190,132,62,-0.013190640293712062,-6.942442259848453e-05,86,58,26,24,24,12,-0.015965957084346137,-0.0006652482118477557,0,0,8b340032b7d9090227a75ae9f960e07890a634bd0a3d3419d2640b5c49a3538a,JNU_INTRADAY_MOMREV_G1_V1
2009-03-30,1.0,201,145,61,-0.021259519146255516,-0.00010576875197142047,75,56,26,24,24,6,-0.014922715139132344,-0.0006217797974638477,0,0,8b340032b7d9090227a75ae9f960e07890a634bd0a3d3419d2640b5c49a3538a,JNU_INTRADAY_MOMREV_G1_V1
2009-03-31,1.0,210,161,86,0.01585072658035833,7.547965038265871e-05,66,49,26,24,24,10,-0.007968008628052272,-0.000332000359502178,0,0,8b340032b7d9090227a75ae9f960e07890a634bd0a3d3419d2640b5c49a3538a,JNU_INTRADAY_MOMREV_G1_V1
2009-04-01,1.0,197,142,69,0.0025962057940156907,1.3178709614292846e-05,79,55,26,24,24,12,0.012616227153189684,0.0005256761313829035,0,0,8b340032b7d9090227a75ae9f960e07890a634bd0a3d3419d2640b5c49a3538a,JNU_INTRADAY_MOMREV_G1_V1
2009-04-02,1.0,204,155,66,-0.0367242776677794,-0.00018002096895970295,72,49,26,24,24,10,-0.013345175873906873,-0.0005560489947461197,0,0,8b340032b7d9090227a75ae9f960e07890a634bd0a3d3419d2640b5c49a3538a,JNU_INTRADAY_MOMREV_G1_V1
2009-04-03,1.0,209,159,84,-0.007465737694651385,-3.572123298876261e-05,67,50,26,24,24,17,0.031143684350563715,0.0012976535146068215,0,0,8b340032b7d9090227a75ae9f960e07890a634bd0a3d3419d2640b5c49a3538a,JNU_INTRADAY_MOMREV_G1_V1
2009-04-06,1.0,194,137,69,-0.001096764811080213,-5.653426861238212e-06,82,57,26,24,24,12,0.0016986773827927983,7.077822428303326e-05,0,0,8b340032b7d9090227a75ae9f960e07890a634bd0a3d3419d2640b5c49a3538a,JNU_INTRADAY_MOMREV_G1_V1
2009-04-07,1.0,201,149,61,-0.01866139317414868,-9.284275211019243e-05,75,52,26,24,24,17,0.016924037410068354,0.0007051682254195147,0,0,8b340032b7d9090227a75ae9f960e07890a634bd0a3d3419d2640b5c49a3538a,JNU_INTRADAY_MOMREV_G1_V1
2009-04-08,1.0,194,136,60,-0.012189114370769263,-6.283048644726424e-05,82,58,26,24,24,16,0.011057187900521237,0.0004607161625217182,0,0,8b340032b7d9090227a75ae9f960e07890a634bd0a3d3419d2640b5c49a3538a,JNU_INTRADAY_MOMREV_G1_V1
2009-04-09,1.0,188,126,57,-0.01090421655958127,-5.800115191266633e-05,88,62,26,24,24,16,0.018086468997964476,0.0007536028749151865,0,0,8b340032b7d9090227a75ae9f960e07890a634bd0a3d3419d2640b5c49a3538a,JNU_INTRADAY_MOMREV_G1_V1
2009-04-10,1.0,196,140,62,-0.016270195104736835,-8.301119951396344e-05,80,56,26,24,24,10,-0.010111106923295405,-0.0004212961218039752,0,0,8b340032b7d9090227a75ae9f960e07890a634bd0a3d3419d2640b5c49a3538a,JNU_INTRADAY_MOMREV_G1_V1
2009-04-13,1.0,193,142,55,-0.034070663135751945,-0.000176531933345865,83,51,26,24,24,11,-0.006632633952035101,-0.00027635974800146253,0,0,8b340032b7d9090227a75ae9f960e07890a634bd0a3d3419d2640b5c49a3538a,JNU_INTRADAY_MOMREV_G1_V1
2009-04-14,1.0,206,154,69,-0.007416457703029221,-3.6002221859365154e-05,70,52,26,24,24,13,0.011890505006324369,0.0004954377085968487,0,0,8b340032b7d9090227a75ae9f960e07890a634bd0a3d3419d2640b5c49a3538a,JNU_INTRADAY_MOMREV_G1_V1
2009-04-15,1.0,189,137,58,-0.010878137482585846,-5.755628297664469e-05,87,52,26,24,24,14,0.015385041569959979,0.0006410433987483324,0,0,8b340032b7d9090227a75ae9f960e07890a634bd0a3d3419d2640b5c49a3538a,JNU_INTRADAY_MOMREV_G1_V1
2009-04-16,1.0,198,141,57,-0.03508755607565471,-0.0001772098791699733,78,57,26,24,24,15,0.030181379738687737,0.001257557489111989,0,0,8b340032b7d9090227a75ae9f960e07890a634bd0a3d3419d2640b5c49a3538a,JNU_INTRADAY_MOMREV_G1_V1
2009-04-17,1.0,196,142,60,-0.024612485328877377,-0.0001255739047391703,80,54,26,24,24,15,0.021836882492941863,0.0009098701038725777,0,0,8b340032b7d9090227a75ae9f960e07890a634bd0a3d3419d2640b5c49a3538a,JNU_INTRADAY_MOMREV_G1_V1
2009-04-20,1.0,176,122,47,-0.023095409203135867,-0.00013122391592690832,100,54,26,24,24,14,0.013540187616603144,0.000564174484025131,0,0,8b340032b7d9090227a75ae9f960e07890a634bd0a3d3419d2640b5c49a3538a,JNU_INTRADAY_MOMREV_G1_V1
2009-04-21,1.0,168,92,37,-0.01502168556688877,-8.941479504100458e-05,108,76,26,24,24,12,-0.005735309117139698,-0.00023897121321415408,0,0,8b340032b7d9090227a75ae9f960e07890a634bd0a3d3419d2640b5c49a3538a,JNU_INTRADAY_MOMREV_G1_V1
2009-04-22,1.0,171,106,39,-0.024022398025465744,-0.0001404818597980453,105,65,26,24,24,10,0.011403464074978192,0.0004751443364574247,0,0,8b340032b7d9090227a75ae9f960e07890a634bd0a3d3419d2640b5c49a3538a,JNU_INTRADAY_MOMREV_G1_V1
2009-04-23,1.0,184,123,42,-0.02969392638050462,-0.00016138003467665554,92,61,26,24,24,13,-0.0028460974039137992,-0.00011858739182974163,0,0,8b340032b7d9090227a75ae9f960e07890a634bd0a3d3419d2640b5c49a3538a,JNU_INTRADAY_MOMREV_G1_V1
2009-04-24,1.0,192,138,57,-0.020595501698129407,-0.00010726823801109066,84,54,26,24,24,12,-0.00282100552694312,-0.00011754189695596332,0,0,8b340032b7d9090227a75ae9f960e07890a634bd0a3d3419d2640b5c49a3538a,JNU_INTRADAY_MOMREV_G1_V1
2009-04-27,1.0,185,128,57,-0.014868101159099336,-8.036811437350993e-05,91,57,26,24,24,11,-0.0051479314051847535,-0.00021449714188269807,0,0,8b340032b7d9090227a75ae9f960e07890a634bd0a3d3419d2640b5c49a3538a,JNU_INTRADAY_MOMREV_G1_V1
2009-04-28,1.0,184,121,54,-0.00881954068340888,-4.7932286322874353e-05,92,63,26,24,24,10,-0.027163433308297225,-0.001131809721179051,0,0,8b340032b7d9090227a75ae9f960e07890a634bd0a3d3419d2640b5c49a3538a,JNU_INTRADAY_MOMREV_G1_V1
2009-04-30,1.0,171,113,41,-0.018688542591523697,-0.00010928972275744853,105,58,26,24,24,13,-0.00455284802157742,-0.00018970200089905918,0,0,8b340032b7d9090227a75ae9f960e07890a634bd0a3d3419d2640b5c49a3538a,JNU_INTRADAY_MOMREV_G1_V1
2009-05-01,1.0,186,124,64,0.006202176480612612,3.334503484200329e-05,90,62,26,24,24,14,3.187468022628815e-05,1.3281116760953397e-06,0,0,8b340032b7d9090227a75ae9f960e07890a634bd0a3d3419d2640b5c49a3538a,JNU_INTRADAY_MOMREV_G1_V1
2009-05-07,1.0,172,114,44,-0.021330200293965942,-0.00012401279240677873,104,58,26,24,24,13,0.0010532186340955318,4.388410975398049e-05,0,0,8b340032b7d9090227a75ae9f960e07890a634bd0a3d3419d2640b5c49a3538a,JNU_INTRADAY_MOMREV_G1_V1
2009-05-08,1.0,181,121,60,6.38699869423315e-06,3.528728560349806e-08,95,60,26,24,24,8,-0.010656358559684763,-0.00044401493998686515,0,0,8b340032b7d9090227a75ae9f960e07890a634bd0a3d3419d2640b5c49a3538a,JNU_INTRADAY_MOMREV_G1_V1
2009-05-11,1.0,183,125,49,-0.020162137780806385,-0.00011017561628855949,93,58,26,24,24,14,0.0175350111584476,0.0007306254649353166,0,0,8b340032b7d9090227a75ae9f960e07890a634bd0a3d3419d2640b5c49a3538a,JNU_INTRADAY_MOMREV_G1_V1
2009-05-12,1.0,182,117,47,-0.02297464108616257,-0.00012623429168221194,94,65,26,24,24,12,0.002672780210788444,0.00011136584211618516,0,0,8b340032b7d9090227a75ae9f960e07890a634bd0a3d3419d2640b5c49a3538a,JNU_INTRADAY_MOMREV_G1_V1
2009-05-13,1.0,157,91,33,-0.016587010996507806,-0.00010564975157011341,119,66,26,24,24,12,0.0010718099683741178,4.465874868225491e-05,0,0,8b340032b7d9090227a75ae9f960e07890a634bd0a3d3419d2640b5c49a3538a,JNU_INTRADAY_MOMREV_G1_V1
2009-05-14,1.0,152,82,27,-0.01867012446188488,-0.00012282976619661107,124,70,26,24,24,19,0.02965424516014053,0.0012355935483391886,0,0,8b340032b7d9090227a75ae9f960e07890a634bd0a3d3419d2640b5c49a3538a,JNU_INTRADAY_MOMREV_G1_V1
2009-05-15,1.0,165,103,34,-0.026537872627033048,-0.00016083559167898815,111,62,26,24,24,11,-0.001091059696172888,-4.546082067387033e-05,0,0,8b340032b7d9090227a75ae9f960e07890a634bd0a3d3419d2640b5c49a3538a,JNU_INTRADAY_MOMREV_G1_V1
2009-05-18,1.0,179,120,43,-0.023271573533183883,-0.0001300087906881781,97,59,26,24,24,7,-0.008288749361912854,-0.0003453645567463689,0,0,8b340032b7d9090227a75ae9f960e07890a634bd0a3d3419d2640b5c49a3538a,JNU_INTRADAY_MOMREV_G1_V1
2009-05-19,1.0,159,97,37,-0.019360351240289526,-0.00012176321534773287,117,62,26,24,24,16,0.004824435968458044,0.0002010181653524185,0,0,8b340032b7d9090227a75ae9f960e07890a634bd0a3d3419d2640b5c49a3538a,JNU_INTRADAY_MOMREV_G1_V1
2009-05-20,1.0,143,74,22,-0.022984335979121043,-0.00016072962223161568,133,69,26,24,24,10,-0.0053493096303497125,-0.00022288790126457136,0,0,8b340032b7d9090227a75ae9f960e07890a634bd0a3d3419d2640b5c49a3538a,JNU_INTRADAY_MOMREV_G1_V1
2009-05-21,1.0,154,91,27,-0.027648068226030928,-0.0001795329105586424,122,63,26,24,24,14,0.004346573854133094,0.00018110724392221228,0,0,8b340032b7d9090227a75ae9f960e07890a634bd0a3d3419d2640b5c49a3538a,JNU_INTRADAY_MOMREV_G1_V1
2009-05-22,1.0,164,95,38,-0.013054083671122386,-7.95980711653804e-05,112,69,26,24,24,9,-0.008115250602136425,-0.0003381354417556844,0,0,8b340032b7d9090227a75ae9f960e07890a634bd0a3d3419d2640b5c49a3538a,JNU_INTRADAY_MOMREV_G1_V1
2009-05-25,1.0,184,127,54,-0.00427564540166864,-2.323720326993826e-05,92,57,26,24,24,13,0.005371677697666207,0.0002238199040694253,0,0,8b340032b7d9090227a75ae9f960e07890a634bd0a3d3419d2640b5c49a3538a,JNU_INTRADAY_MOMREV_G1_V1
2009-05-26,1.0,176,118,44,-0.027943135250556386,-0.00015876781392361582,100,58,26,24,24,15,0.0005854843944511625,2.4395183102131773e-05,0,0,8b340032b7d9090227a75ae9f960e07890a634bd0a3d3419d2640b5c49a3538a,JNU_INTRADAY_MOMREV_G1_V1
2009-05-27,1.0,140,80,29,-0.01427500047897854,-0.00010196428913556101,136,60,26,24,24,14,0.0031653793471333415,0.0001318908061305559,0,0,8b340032b7d9090227a75ae9f960e07890a634bd0a3d3419d2640b5c49a3538a,JNU_INTRADAY_MOMREV_G1_V1
2009-05-28,1.0,143,84,26,-0.02328649641427967,-0.00016284263226769,133,59,26,24,24,13,-0.006362148742735968,-0.000265089530947332,0,0,8b340032b7d9090227a75ae9f960e07890a634bd0a3d3419d2640b5c49a3538a,JNU_INTRADAY_MOMREV_G1_V1
2009-05-29,1.0,146,84,26,-0.019545640794214825,-0.00013387425201517004,130,62,26,24,24,10,0.0031634498251733563,0.0001318104093822232,0,0,8b340032b7d9090227a75ae9f960e07890a634bd0a3d3419d2640b5c49a3538a,JNU_INTRADAY_MOMREV_G1_V1
2009-06-01,1.0,152,91,38,-0.011911348207932609,-7.836413294692506e-05,124,61,26,23,22,14,0.013013160706962144,0.0005657895959548759,1,1,8b340032b7d9090227a75ae9f960e07890a634bd0a3d3419d2640b5c49a3538a,JNU_INTRADAY_MOMREV_G1_V1
2009-06-02,1.0,151,87,25,-0.023592763302543306,-0.00015624346557975699,125,64,26,24,24,9,0.0010369608556505,4.3206702318770834e-05,0,0,8b340032b7d9090227a75ae9f960e07890a634bd0a3d3419d2640b5c49a3538a,JNU_INTRADAY_MOMREV_G1_V1
2009-06-03,1.0,138,74,26,-0.01332939807284496,-9.658984110757217e-05,138,64,26,23,22,9,0.0010245878262176607,4.45472967920722e-05,1,1,8b340032b7d9090227a75ae9f960e07890a634bd0a3d3419d2640b5c49a3538a,JNU_INTRADAY_MOMREV_G1_V1
2009-06-04,1.0,131,73,21,-0.0175064406166851,-0.00013363695127240535,145,58,26,24,24,13,0.007223169328718654,0.0003009653886966106,0,0,8b340032b7d9090227a75ae9f960e07890a634bd0a3d3419d2640b5c49a3538a,JNU_INTRADAY_MOMREV_G1_V1
2009-06-05,1.0,107,51,14,-0.012325075528152004,-0.00011518762175842995,169,56,26,23,22,11,0.0010293272274631538,4.47533577157893e-05,1,1,8b340032b7d9090227a75ae9f960e07890a634bd0a3d3419d2640b5c49a3538a,JNU_INTRADAY_MOMREV_G1_V1
2009-06-08,1.0,139,79,25,-0.016197753054126247,-0.00011653059751169962,137,60,26,24,24,16,0.0040445151217404045,0.0001685214634058502,0,0,8b340032b7d9090227a75ae9f960e07890a634bd0a3d3419d2640b5c49a3538a,JNU_INTRADAY_MOMREV_G1_V1
2009-06-09,1.0,137,70,22,-0.013263969383610352,-9.681729477087849e-05,139,67,26,24,24,13,-0.0004820215895902025,-2.0084232899591773e-05,0,0,8b340032b7d9090227a75ae9f960e07890a634bd0a3d3419d2640b5c49a3538a,JNU_INTRADAY_MOMREV_G1_V1
2009-06-10,1.0,132,65,15,-0.02166534171110527,-0.00016413137659928234,144,67,26,24,24,11,-0.0010284269539756843,-4.285112308232018e-05,0,0,8b340032b7d9090227a75ae9f960e07890a634bd0a3d3419d2640b5c49a3538a,JNU_INTRADAY_MOMREV_G1_V1
2009-06-11,1.0,131,67,18,-0.017522178557758457,-0.0001337570882271638,145,64,26,24,24,11,0.0024928594091264836,0.00010386914204693681,0,0,8b340032b7d9090227a75ae9f960e07890a634bd0a3d3419d2640b5c49a3538a,JNU_INTRADAY_MOMREV_G1_V1
2009-06-12,1.0,160,100,37,-0.012863686017706396,-8.039803761066497e-05,116,60,26,24,24,13,0.004433360603599378,0.0001847233584833074,0,0,8b340032b7d9090227a75ae9f960e07890a634bd0a3d3419d2640b5c49a3538a,JNU_INTRADAY_MOMREV_G1_V1
2009-06-15,1.0,136,73,14,-0.027307091827575278,-0.00020078743990864175,140,63,26,24,24,12,0.00942031792358142,0.0003925132468158925,0,0,8b340032b7d9090227a75ae9f960e07890a634bd0a3d3419d2640b5c49a3538a,JNU_INTRADAY_MOMREV_G1_V1
2009-06-16,1.0,136,70,29,-0.003544573740417483,-2.606304220895208e-05,140,66,26,24,24,10,-0.005030222636913191,-0.00020959260987138295,0,0,8b340032b7d9090227a75ae9f960e07890a634bd0a3d3419d2640b5c49a3538a,JNU_INTRADAY_MOMREV_G1_V1
2009-06-17,1.0,156,87,34,-0.009655539749207074,-6.189448557184022e-05,120,69,26,24,24,9,-0.0076433143841372906,-0.0003184714326723871,0,0,8b340032b7d9090227a75ae9f960e07890a634bd0a3d3419d2640b5c49a3538a,JNU_INTRADAY_MOMREV_G1_V1
2009-06-18,1.0,150,87,29,-0.01188879469940671,-7.925863132937808e-05,126,63,26,24,24,13,0.005153587488630631,0.0002147328120262763,0,0,8b340032b7d9090227a75ae9f960e07890a634bd0a3d3419d2640b5c49a3538a,JNU_INTRADAY_MOMREV_G1_V1
2009-06-19,1.0,175,120,49,-0.01180544343801321,-6.745967678864691e-05,101,55,26,24,24,10,0.002068898929443391,8.62041220601413e-05,0,0,8b340032b7d9090227a75ae9f960e07890a634bd0a3d3419d2640b5c49a3538a,JNU_INTRADAY_MOMREV_G1_V1
2009-06-22,1.0,160,94,36,-0.017306240633639686,-0.00010816400396024804,116,66,26,24,24,12,-0.0010416649127859322,-4.340270469941384e-05,0,0,8b340032b7d9090227a75ae9f960e07890a634bd0a3d3419d2640b5c49a3538a,JNU_INTRADAY_MOMREV_G1_V1
2009-06-23,1.0,144,83,43,0.001050058590840139,7.292073547500965e-06,132,61,26,24,24,14,0.0036662908979832893,0.00015276212074930373,0,0,8b340032b7d9090227a75ae9f960e07890a634bd0a3d3419d2640b5c49a3538a,JNU_INTRADAY_MOMREV_G1_V1
2009-06-24,1.0,139,73,23,-0.021366366452068637,-0.00015371486656164487,137,66,26,24,24,18,0.017728478250586488,0.000738686593774437,0,0,8b340032b7d9090227a75ae9f960e07890a634bd0a3d3419d2640b5c49a3538a,JNU_INTRADAY_MOMREV_G1_V1
2009-06-25,1.0,161,91,38,-0.010687181437572947,-6.638000892902451e-05,115,70,26,24,24,12,0.0015638424103657186,6.516010043190495e-05,0,0,8b340032b7d9090227a75ae9f960e07890a634bd0a3d3419d2640b5c49a3538a,JNU_INTRADAY_MOMREV_G1_V1
2009-06-26,1.0,150,80,30,-0.009106915084937097,-6.0712767232913985e-05,126,70,26,24,24,15,0.007594280450159698,0.00031642835208998743,0,0,8b340032b7d9090227a75ae9f960e07890a634bd0a3d3419d2640b5c49a3538a,JNU_INTRADAY_MOMREV_G1_V1
2009-06-29,1.0,163,97,39,-0.01622612328283434,-9.954676860634565e-05,113,66,26,24,24,10,-0.010185451296754003,-0.0004243938040314168,0,0,8b340032b7d9090227a75ae9f960e07890a634bd0a3d3419d2640b5c49a3538a,JNU_INTRADAY_MOMREV_G1_V1
2009-06-30,1.0,151,98,37,-0.015033355670917745,-9.955864682726983e-05,125,53,26,24,24,12,0.004003252585068023,0.00016680219104450096,0,0,8b340032b7d9090227a75ae9f960e07890a634bd0a3d3419d2640b5c49a3538a,JNU_INTRADAY_MOMREV_G1_V1
2009-07-01,1.0,174,106,32,-0.028537176547958888,-0.00016400676176987866,102,68,26,24,24,13,-0.021022266833023814,-0.0008759277847093256,0,0,8b340032b7d9090227a75ae9f960e07890a634bd0a3d3419d2640b5c49a3538a,JNU_INTRADAY_MOMREV_G1_V1
2009-07-02,1.0,164,104,35,-0.03673714886108248,-0.00022400700525050294,112,60,26,24,24,11,-0.0005132536790269848,-2.13855699594577e-05,0,0,8b340032b7d9090227a75ae9f960e07890a634bd0a3d3419d2640b5c49a3538a,JNU_INTRADAY_MOMREV_G1_V1
2009-07-03,1.0,172,109,45,-0.014855956279785998,-8.63718388359651e-05,104,63,26,24,24,12,-0.009230816669902196,-0.0003846173612459248,0,0,8b340032b7d9090227a75ae9f960e07890a634bd0a3d3419d2640b5c49a3538a,JNU_INTRADAY_MOMREV_G1_V1
2009-07-06,1.0,160,97,33,-0.015433314060225595,-9.645821287640997e-05,116,63,26,24,24,14,0.012388715663492587,0.0005161964859788578,0,0,8b340032b7d9090227a75ae9f960e07890a634bd0a3d3419d2640b5c49a3538a,JNU_INTRADAY_MOMREV_G1_V1
2009-07-07,1.0,158,92,34,-0.019123522164495838,-0.0001210349504082015,118,66,26,24,24,14,0.008769142812410907,0.0003653809505171211,0,0,8b340032b7d9090227a75ae9f960e07890a634bd0a3d3419d2640b5c49a3538a,JNU_INTRADAY_MOMREV_G1_V1
2009-07-08,1.0,150,88,30,-0.01584929684954306,-0.00010566197899695373,126,62,26,24,24,14,0.006386836737745497,0.0002661181974060624,0,0,8b340032b7d9090227a75ae9f960e07890a634bd0a3d3419d2640b5c49a3538a,JNU_INTRADAY_MOMREV_G1_V1
2009-07-09,1.0,157,86,35,-0.009663883884397472,-6.155340053756351e-05,119,71,26,24,24,11,-0.008041668231401655,-0.0003350695096417356,0,0,8b340032b7d9090227a75ae9f960e07890a634bd0a3d3419d2640b5c49a3538a,JNU_INTRADAY_MOMREV_G1_V1
2009-07-10,1.0,145,81,36,-0.007543162692521683,-5.202181167256333e-05,131,64,26,24,24,17,0.012331237535927877,0.0005138015639969949,0,0,8b340032b7d9090227a75ae9f960e07890a634bd0a3d3419d2640b5c49a3538a,JNU_INTRADAY_MOMREV_G1_V1
2009-07-13,1.0,188,128,46,-0.03215995193142936,-0.00017106357410334768,88,60,26,24,24,9,-0.003155249960461783,-0.0001314687483525743,0,0,8b340032b7d9090227a75ae9f960e07890a634bd0a3d3419d2640b5c49a3538a,JNU_INTRADAY_MOMREV_G1_V1
2009-07-14,1.0,172,103,47,-0.0048661970195895965,-2.8291843137148817e-05,104,69,26,24,24,12,0.0016266067882636619,6.777528284431925e-05,0,0,8b340032b7d9090227a75ae9f960e07890a634bd0a3d3419d2640b5c49a3538a,JNU_INTRADAY_MOMREV_G1_V1
2009-07-15,1.0,159,89,35,-0.01669724542342386,-0.0001050141221598985,117,70,26,24,24,19,0.02528495543657643,0.0010535398098573511,0,0,8b340032b7d9090227a75ae9f960e07890a634bd0a3d3419d2640b5c49a3538a,JNU_INTRADAY_MOMREV_G1_V1
2009-07-16,1.0,143,78,21,-0.023307281407326692,-0.00016298798186941744,133,65,26,24,24,14,0.002087661375614406,8.698589065060025e-05,0,0,8b340032b7d9090227a75ae9f960e07890a634bd0a3d3419d2640b5c49a3538a,JNU_INTRADAY_MOMREV_G1_V1
2009-07-17,1.0,154,87,30,-0.01330712354043834,-8.640989311972948e-05,122,67,26,24,24,11,-0.0016009981085877683,-6.670825452449035e-05,0,0,8b340032b7d9090227a75ae9f960e07890a634bd0a3d3419d2640b5c49a3538a,JNU_INTRADAY_MOMREV_G1_V1
2009-07-21,1.0,150,94,29,-0.02041233286298615,-0.00013608221908657434,126,56,26,24,24,9,-0.011478055647512107,-0.0004782523186463378,0,0,8b340032b7d9090227a75ae9f960e07890a634bd0a3d3419d2640b5c49a3538a,JNU_INTRADAY_MOMREV_G1_V1
2009-07-22,1.0,177,115,38,-0.02476507353225654,-0.00013991566967376577,99,62,26,24,24,13,0.007251587553691729,0.00030214948140382206,0,0,8b340032b7d9090227a75ae9f960e07890a634bd0a3d3419d2640b5c49a3538a,JNU_INTRADAY_MOMREV_G1_V1
2009-07-23,1.0,155,88,32,-0.009199094328382174,-5.9348995666981766e-05,121,67,26,24,24,16,0.00564215652054512,0.00023508985502271331,0,0,8b340032b7d9090227a75ae9f960e07890a634bd0a3d3419d2640b5c49a3538a,JNU_INTRADAY_MOMREV_G1_V1
2009-07-24,1.0,155,93,29,-0.021188277980456575,-0.00013669856761584887,121,62,26,24,24,11,-0.008064270166706279,-0.000336011256946095,0,0,8b340032b7d9090227a75ae9f960e07890a634bd0a3d3419d2640b5c49a3538a,JNU_INTRADAY_MOMREV_G1_V1
2009-07-27,1.0,149,89,30,-0.012340096177712985,-8.281943743431534e-05,127,60,26,24,24,14,-0.004984205124981686,-0.00020767521354090357,0,0,8b340032b7d9090227a75ae9f960e07890a634bd0a3d3419d2640b5c49a3538a,JNU_INTRADAY_MOMREV_G1_V1
2009-07-28,1.0,149,92,26,-0.02681012213912653,-0.00017993370563172166,127,57,26,24,24,17,0.010920338268489956,0.00045501409452041483,0,0,8b340032b7d9090227a75ae9f960e07890a634bd0a3d3419d2640b5c49a3538a,JNU_INTRADAY_MOMREV_G1_V1
2009-07-29,1.0,154,89,33,-0.0158307009737391,-0.00010279675956973442,122,65,26,24,24,10,-0.0004924548240993299,-2.0518951004138746e-05,0,0,8b340032b7d9090227a75ae9f960e07890a634bd0a3d3419d2640b5c49a3538a,JNU_INTRADAY_MOMREV_G1_V1
2009-07-30,1.0,156,84,28,-0.01928328819926688,-0.0001236108217901723,120,72,26,24,24,10,-0.010865475579286868,-0.00045272814913695285,0,0,8b340032b7d9090227a75ae9f960e07890a634bd0a3d3419d2640b5c49a3538a,JNU_INTRADAY_MOMREV_G1_V1
2009-07-31,1.0,150,89,39,-0.008212909586802134,-5.475273057868089e-05,126,61,26,24,24,13,0.004341542804512451,0.00018089761685468545,0,0,8b340032b7d9090227a75ae9f960e07890a634bd0a3d3419d2640b5c49a3538a,JNU_INTRADAY_MOMREV_G1_V1
2009-08-03,1.0,154,86,22,-0.025119879915344697,-0.00016311610334639415,122,68,26,24,24,12,0.005315070643667083,0.0002214612768194618,0,0,8b340032b7d9090227a75ae9f960e07890a634bd0a3d3419d2640b5c49a3538a,JNU_INTRADAY_MOMREV_G1_V1
2009-08-04,1.0,140,76,20,-0.023519097589392888,-0.0001679935542099492,136,64,26,24,24,12,0.003833483803495852,0.00015972849181232715,0,0,8b340032b7d9090227a75ae9f960e07890a634bd0a3d3419d2640b5c49a3538a,JNU_INTRADAY_MOMREV_G1_V1
2009-08-05,1.0,144,77,17,-0.024607948272459892,-0.00017088852966986036,132,67,26,24,24,12,-0.005346012923115401,-0.0002227505384631417,0,0,8b340032b7d9090227a75ae9f960e07890a634bd0a3d3419d2640b5c49a3538a,JNU_INTRADAY_MOMREV_G1_V1
2009-08-06,1.0,164,102,42,-0.012982642416329569,-7.916245375810712e-05,112,62,26,24,24,8,-0.009600752181961627,-0.0004000313409150678,0,0,8b340032b7d9090227a75ae9f960e07890a634bd0a3d3419d2640b5c49a3538a,JNU_INTRADAY_MOMREV_G1_V1
2009-08-07,1.0,155,86,31,-0.014509288626839643,-9.360831372154609e-05,121,69,26,24,24,11,-0.005744774372727471,-0.0002393655988636446,0,0,8b340032b7d9090227a75ae9f960e07890a634bd0a3d3419d2640b5c49a3538a,JNU_INTRADAY_MOMREV_G1_V1
2009-08-10,1.0,164,98,36,-0.010412414709517127,-6.349033359461663e-05,112,66,26,24,24,13,0.014228416307749143,0.0005928506794895477,0,0,8b340032b7d9090227a75ae9f960e07890a634bd0a3d3419d2640b5c49a3538a,JNU_INTRADAY_MOMREV_G1_V1
2009-08-11,1.0,151,90,31,-0.01136636102595309,-7.527391407915954e-05,125,61,26,24,24,16,0.003320340059532803,0.00013834750248053345,0,0,8b340032b7d9090227a75ae9f960e07890a634bd0a3d3419d2640b5c49a3538a,JNU_INTRADAY_MOMREV_G1_V1
2009-08-12,1.0,145,78,24,-0.016223534685686762,-0.00011188644610818457,131,67,26,24,24,13,0.008088094451078939,0.00033700393546162244,0,0,8b340032b7d9090227a75ae9f960e07890a634bd0a3d3419d2640b5c49a3538a,JNU_INTRADAY_MOMREV_G1_V1
2009-08-13,1.0,131,72,20,-0.014239620589941986,-0.00010869939381635104,145,59,26,24,24,15,0.004272489959674332,0.0001780204149864305,0,0,8b340032b7d9090227a75ae9f960e07890a634bd0a3d3419d2640b5c49a3538a,JNU_INTRADAY_MOMREV_G1_V1
2009-08-14,1.0,139,77,34,-0.004707194635800461,-3.386470961007526e-05,137,62,26,24,24,15,0.008022807905104352,0.00033428366271268133,0,0,8b340032b7d9090227a75ae9f960e07890a634bd0a3d3419d2640b5c49a3538a,JNU_INTRADAY_MOMREV_G1_V1
2009-08-17,1.0,184,127,48,-0.021318229583471876,-0.0001158599433884341,92,57,26,24,24,10,0.0043299944467158555,0.00018041643527982732,0,0,8b340032b7d9090227a75ae9f960e07890a634bd0a3d3419d2640b5c49a3538a,JNU_INTRADAY_MOMREV_G1_V1
2009-08-18,1.0,175,112,51,0.004401925546875593,2.515386026786053e-05,101,63,26,24,24,8,-0.007313456109078276,-0.00030472733787826153,0,0,8b340032b7d9090227a75ae9f960e07890a634bd0a3d3419d2640b5c49a3538a,JNU_INTRADAY_MOMREV_G1_V1
2009-08-19,1.0,150,86,43,-0.0014792370795116056,-9.861580530077371e-06,126,64,26,24,24,11,-0.004885935602727928,-0.00020358065011366364,0,0,8b340032b7d9090227a75ae9f960e07890a634bd0a3d3419d2640b5c49a3538a,JNU_INTRADAY_MOMREV_G1_V1
2009-08-20,1.0,163,95,37,-0.011624353971399473,-7.131505503926057e-05,113,68,26,24,24,15,0.01218612776824578,0.0005077553236769075,0,0,8b340032b7d9090227a75ae9f960e07890a634bd0a3d3419d2640b5c49a3538a,JNU_INTRADAY_MOMREV_G1_V1
2009-08-21,1.0,180,120,59,-0.004841124243064528,-2.6895134683691824e-05,96,60,26,24,24,11,-0.011672977444127172,-0.0004863740601719655,0,0,8b340032b7d9090227a75ae9f960e07890a634bd0a3d3419d2640b5c49a3538a,JNU_INTRADAY_MOMREV_G1_V1
2009-08-24,1.0,160,94,38,-0.005200140180559257,-3.250087612849535e-05,116,66,26,24,24,16,0.008039216847469981,0.00033496736864458256,0,0,8b340032b7d9090227a75ae9f960e07890a634bd0a3d3419d2640b5c49a3538a,JNU_INTRADAY_MOMREV_G1_V1
2009-08-25,1.0,178,117,40,-0.018077192522876373,-0.00010155726136447401,98,61,26,24,24,8,-0.0014232679006896335,-5.93028291954014e-05,0,0,8b340032b7d9090227a75ae9f960e07890a634bd0a3d3419d2640b5c49a3538a,JNU_INTRADAY_MOMREV_G1_V1
2009-08-26,1.0,160,94,33,-0.014068961930515995,-8.793101206572497e-05,116,66,26,24,24,14,0.005186554478199817,0.00021610643659165905,0,0,8b340032b7d9090227a75ae9f960e07890a634bd0a3d3419d2640b5c49a3538a,JNU_INTRADAY_MOMREV_G1_V1
2009-08-27,1.0,175,119,43,-0.024350527083760024,-0.00013914586905005728,101,56,26,24,24,12,-0.003787652992918638,-0.00015781887470494324,0,0,8b340032b7d9090227a75ae9f960e07890a634bd0a3d3419d2640b5c49a3538a,JNU_INTRADAY_MOMREV_G1_V1
2009-08-28,1.0,155,91,32,-0.017565195451356087,-0.00011332384162165217,121,64,26,24,24,18,0.018066592450371094,0.0007527746854321289,0,0,8b340032b7d9090227a75ae9f960e07890a634bd0a3d3419d2640b5c49a3538a,JNU_INTRADAY_MOMREV_G1_V1
2009-08-31,1.0,197,131,63,0.0031709367677538094,1.6096125724638626e-05,79,66,26,24,24,10,-0.015704738473840744,-0.0006543641030766976,0,0,8b340032b7d9090227a75ae9f960e07890a634bd0a3d3419d2640b5c49a3538a,JNU_INTRADAY_MOMREV_G1_V1
2009-09-01,1.0,171,111,50,-0.0028234294674724728,-1.6511283435511537e-05,105,60,26,24,24,13,0.004311333178116848,0.00017963888242153534,0,0,8b340032b7d9090227a75ae9f960e07890a634bd0a3d3419d2640b5c49a3538a,JNU_INTRADAY_MOMREV_G1_V1
2009-09-02,1.0,172,112,34,-0.026319677808132734,-0.00015302138260542286,104,60,26,24,24,16,0.016587766462817587,0.0006911569359507328,0,0,8b340032b7d9090227a75ae9f960e07890a634bd0a3d3419d2640b5c49a3538a,JNU_INTRADAY_MOMREV_G1_V1
2009-09-03,1.0,157,93,35,-0.01417893726792517,-9.031170234347243e-05,119,64,26,24,24,13,0.00244370487064168,0.00010182103627673666,0,0,8b340032b7d9090227a75ae9f960e07890a634bd0a3d3419d2640b5c49a3538a,JNU_INTRADAY_MOMREV_G1_V1
2009-09-04,1.0,155,92,29,-0.024005467637960035,-0.0001548739847610325,121,63,26,24,24,13,0.003426478579184116,0.00014276994079933817,0,0,8b340032b7d9090227a75ae9f960e07890a634bd0a3d3419d2640b5c49a3538a,JNU_INTRADAY_MOMREV_G1_V1
2009-09-07,1.0,127,72,23,-0.016995374159536596,-0.0001338218437758787,149,55,26,23,22,16,0.010190774640172548,0.00044307715826837166,1,1,8b340032b7d9090227a75ae9f960e07890a634bd0a3d3419d2640b5c49a3538a,JNU_INTRADAY_MOMREV_G1_V1
2009-09-08,1.0,134,69,13,-0.026110404874079618,-0.00019485376771701207,142,65,26,24,24,13,0.0062814590117906185,0.0002617274588246091,0,0,8b340032b7d9090227a75ae9f960e07890a634bd0a3d3419d2640b5c49a3538a,JNU_INTRADAY_MOMREV_G1_V1
2009-09-09,1.0,151,84,29,-0.021349258265667078,-0.00014138581632892105,125,67,26,24,24,15,0.00044780845147439395,1.8658685478099748e-05,0,0,8b340032b7d9090227a75ae9f960e07890a634bd0a3d3419d2640b5c49a3538a,JNU_INTRADAY_MOMREV_G1_V1
2009-09-10,1.0,139,73,24,-0.015265033255985707,-0.00010982038313658782,137,66,26,24,24,11,-0.005737866958055555,-0.00023907778991898146,0,0,8b340032b7d9090227a75ae9f960e07890a634bd0a3d3419d2640b5c49a3538a,JNU_INTRADAY_MOMREV_G1_V1
2009-09-11,1.0,180,119,40,-0.03117294419600199,-0.00017318302331112217,96,61,26,24,24,15,0.004808819693031183,0.00020036748720963265,0,0,8b340032b7d9090227a75ae9f960e07890a634bd0a3d3419d2640b5c49a3538a,JNU_INTRADAY_MOMREV_G1_V1
2009-09-14,1.0,161,95,35,-0.015211420048450814,-9.448086986615413e-05,115,66,26,24,24,12,-0.014177164197174732,-0.0005907151748822805,0,0,8b340032b7d9090227a75ae9f960e07890a634bd0a3d3419d2640b5c49a3538a,JNU_INTRADAY_MOMREV_G1_V1
2009-09-15,1.0,152,87,30,-0.013741905100124945,-9.040727039555885e-05,124,65,26,24,24,13,1.3204809366125286e-05,5.502003902552202e-07,0,0,8b340032b7d9090227a75ae9f960e07890a634bd0a3d3419d2640b5c49a3538a,JNU_INTRADAY_MOMREV_G1_V1
2009-09-16,1.0,174,113,45,-0.012596825355108894,-7.239554801786721e-05,102,61,26,24,24,15,0.008783675651476867,0.0003659864854782028,0,0,8b340032b7d9090227a75ae9f960e07890a634bd0a3d3419d2640b5c49a3538a,JNU_INTRADAY_MOMREV_G1_V1
2009-09-17,1.0,155,81,34,-0.011590938789226856,-7.47802502530765e-05,121,74,26,24,24,16,0.012566959048872322,0.0005236232937030134,0,0,8b340032b7d9090227a75ae9f960e07890a634bd0a3d3419d2640b5c49a3538a,JNU_INTRADAY_MOMREV_G1_V1
2009-09-18,1.0,166,101,37,-0.014062091339890405,-8.471139361379761e-05,110,65,26,24,24,14,-0.0024515500034715757,-0.00010214791681131565,0,0,8b340032b7d9090227a75ae9f960e07890a634bd0a3d3419d2640b5c49a3538a,JNU_INTRADAY_MOMREV_G1_V1
2009-09-24,1.0,184,129,54,-0.016242869690008266,-8.827646570656666e-05,92,55,26,24,24,17,-0.00096732359017446,-4.03051495906025e-05,0,0,8b340032b7d9090227a75ae9f960e07890a634bd0a3d3419d2640b5c49a3538a,JNU_INTRADAY_MOMREV_G1_V1
2009-09-25,1.0,161,100,34,-0.018492741841146725,-0.00011486175056612872,115,61,26,24,24,16,0.01024113138847283,0.00042671380785303464,0,0,8b340032b7d9090227a75ae9f960e07890a634bd0a3d3419d2640b5c49a3538a,JNU_INTRADAY_MOMREV_G1_V1
2009-09-28,1.0,182,123,51,-0.00951266910205246,-5.226741264863989e-05,94,59,26,24,24,12,6.961199058425982e-06,2.900499607677493e-07,0,0,8b340032b7d9090227a75ae9f960e07890a634bd0a3d3419d2640b5c49a3538a,JNU_INTRADAY_MOMREV_G1_V1
2009-09-29,1.0,164,102,38,-0.010914152489482007,-6.654971030171956e-05,112,62,26,24,24,16,0.003462776452798236,0.0001442823521999265,0,0,8b340032b7d9090227a75ae9f960e07890a634bd0a3d3419d2640b5c49a3538a,JNU_INTRADAY_MOMREV_G1_V1
2009-09-30,1.0,130,69,20,-0.015315867873943026,-0.0001178143682611002,146,61,26,24,24,18,0.011876061424731072,0.000494835892697128,0,0,8b340032b7d9090227a75ae9f960e07890a634bd0a3d3419d2640b5c49a3538a,JNU_INTRADAY_MOMREV_G1_V1
2009-10-01,1.0,151,92,26,-0.026014133262502636,-0.00017227902822849428,125,59,26,24,24,14,0.0004966553219272916,2.0693971746970485e-05,0,0,8b340032b7d9090227a75ae9f960e07890a634bd0a3d3419d2640b5c49a3538a,JNU_INTRADAY_MOMREV_G1_V1
2009-10-02,1.0,129,68,15,-0.021544084484238085,-0.0001670084068545588,147,61,26,24,24,10,-0.004616836567447403,-0.00019236819031030847,0,0,8b340032b7d9090227a75ae9f960e07890a634bd0a3d3419d2640b5c49a3538a,JNU_INTRADAY_MOMREV_G1_V1
2009-10-05,1.0,125,64,16,-0.01751183339990879,-0.00014009466719927034,151,61,26,24,24,17,0.008749296984096138,0.00036455404100400575,0,0,8b340032b7d9090227a75ae9f960e07890a634bd0a3d3419d2640b5c49a3538a,JNU_INTRADAY_MOMREV_G1_V1
2009-10-06,1.0,147,85,29,-0.01547313528326497,-0.00010525942369568007,129,62,26,24,24,16,0.007753184539337684,0.0003230493558057368,0,0,8b340032b7d9090227a75ae9f960e07890a634bd0a3d3419d2640b5c49a3538a,JNU_INTRADAY_MOMREV_G1_V1
2009-10-07,1.0,149,84,30,-0.009680991953911967,-6.497310036182529e-05,127,65,26,24,24,14,0.0015247394500426546,6.353081041844394e-05,0,0,8b340032b7d9090227a75ae9f960e07890a634bd0a3d3419d2640b5c49a3538a,JNU_INTRADAY_MOMREV_G1_V1
2009-10-08,1.0,141,77,27,-0.008646275406495683,-6.132110217372825e-05,135,64,26,24,24,14,-0.003576278538500316,-0.0001490116057708465,0,0,8b340032b7d9090227a75ae9f960e07890a634bd0a3d3419d2640b5c49a3538a,JNU_INTRADAY_MOMREV_G1_V1
2009-10-09,1.0,148,82,24,-0.019080828607823425,-0.00012892451762042855,128,66,26,24,24,11,-0.0045428697849137474,-0.00018928624103807282,0,0,8b340032b7d9090227a75ae9f960e07890a634bd0a3d3419d2640b5c49a3538a,JNU_INTRADAY_MOMREV_G1_V1
2009-10-13,1.0,118,58,16,-0.015393173296957939,-0.0001304506211606605,158,60,26,24,24,12,0.003983033847937118,0.00016595974366404658,0,0,8b340032b7d9090227a75ae9f960e07890a634bd0a3d3419d2640b5c49a3538a,JNU_INTRADAY_MOMREV_G1_V1
2009-10-14,1.0,150,89,33,-0.01788135474111908,-0.00011920903160746055,126,61,26,24,24,14,-0.0014978475435395429,-6.241031431414762e-05,0,0,8b340032b7d9090227a75ae9f960e07890a634bd0a3d3419d2640b5c49a3538a,JNU_INTRADAY_MOMREV_G1_V1
2009-10-15,1.0,130,63,18,-0.017084515609842296,-0.00013141935084494074,146,67,26,24,24,12,-0.0004836346732902453,-2.0151444720426887e-05,0,0,8b340032b7d9090227a75ae9f960e07890a634bd0a3d3419d2640b5c49a3538a,JNU_INTRADAY_MOMREV_G1_V1
2009-10-16,1.0,133,69,15,-0.02534381624082413,-0.00019055500932950475,143,64,26,24,24,19,0.008289245531293532,0.00034538523047056383,0,0,8b340032b7d9090227a75ae9f960e07890a634bd0a3d3419d2640b5c49a3538a,JNU_INTRADAY_MOMREV_G1_V1
2009-10-19,1.0,154,94,28,-0.025933242602817163,-0.0001683976792390725,122,60,26,24,24,14,-0.00047996296678224303,-1.9998456949260125e-05,0,0,8b340032b7d9090227a75ae9f960e07890a634bd0a3d3419d2640b5c49a3538a,JNU_INTRADAY_MOMREV_G1_V1
2009-10-20,1.0,125,51,13,-0.015480462706842807,-0.00012384370165474245,151,74,26,24,24,12,0.0024186158254623532,0.00010077565939426472,0,0,8b340032b7d9090227a75ae9f960e07890a634bd0a3d3419d2640b5c49a3538a,JNU_INTRADAY_MOMREV_G1_V1
2009-10-21,1.0,136,71,15,-0.023223250685388077,-0.0001707591962160888,140,65,26,24,24,10,0.00048602262791546123,2.0250942829810885e-05,0,0,8b340032b7d9090227a75ae9f960e07890a634bd0a3d3419d2640b5c49a3538a,JNU_INTRADAY_MOMREV_G1_V1
2009-10-22,1.0,146,78,28,-0.009807053970920385,-6.717160254055059e-05,130,68,26,24,24,12,0.0034063494838249475,0.00014193122849270615,0,0,8b340032b7d9090227a75ae9f960e07890a634bd0a3d3419d2640b5c49a3538a,JNU_INTRADAY_MOMREV_G1_V1
2009-10-23,1.0,142,74,18,-0.022737276609806546,-0.0001601216662662433,134,68,26,24,24,14,0.001453160214805624,6.054834228356767e-05,0,0,8b340032b7d9090227a75ae9f960e07890a634bd0a3d3419d2640b5c49a3538a,JNU_INTRADAY_MOMREV_G1_V1
2009-10-26,1.0,151,92,33,-0.01787076164009306,-0.00011834941483505338,125,59,26,24,24,9,-0.011609032570501063,-0.0004837096904375443,0,0,8b340032b7d9090227a75ae9f960e07890a634bd0a3d3419d2640b5c49a3538a,JNU_INTRADAY_MOMREV_G1_V1
2009-10-27,1.0,143,76,26,-0.014631205245140444,-0.00010231612059538772,133,67,26,24,24,16,0.016593770708548193,0.0006914071128561747,0,0,8b340032b7d9090227a75ae9f960e07890a634bd0a3d3419d2640b5c49a3538a,JNU_INTRADAY_MOMREV_G1_V1
2009-10-28,1.0,148,77,22,-0.018761324095045072,-0.00012676570334489912,128,71,26,24,24,13,3.406620978231578e-06,1.419425407596491e-07,0,0,8b340032b7d9090227a75ae9f960e07890a634bd0a3d3419d2640b5c49a3538a,JNU_INTRADAY_MOMREV_G1_V1
2009-10-29,1.0,157,89,35,-0.005551327762990172,-3.5358775560446955e-05,119,68,26,24,24,13,0.0005164172531435862,2.1517385547649424e-05,0,0,8b340032b7d9090227a75ae9f960e07890a634bd0a3d3419d2640b5c49a3538a,JNU_INTRADAY_MOMREV_G1_V1
2009-10-30,1.0,124,60,24,-0.007980052802832835,-6.435526453897447e-05,152,64,26,24,24,15,0.006478196052584196,0.0002699248355243415,0,0,8b340032b7d9090227a75ae9f960e07890a634bd0a3d3419d2640b5c49a3538a,JNU_INTRADAY_MOMREV_G1_V1
2009-11-02,1.0,144,75,26,-0.012268653977939142,-8.519898595791071e-05,132,69,26,24,24,19,0.008185231642703888,0.0003410513184459953,0,0,8b340032b7d9090227a75ae9f960e07890a634bd0a3d3419d2640b5c49a3538a,JNU_INTRADAY_MOMREV_G1_V1
2009-11-04,1.0,138,73,16,-0.02498746469240005,-0.0001810685847275366,138,65,26,24,24,11,7.277001344039224e-06,3.0320838933496766e-07,0,0,8b340032b7d9090227a75ae9f960e07890a634bd0a3d3419d2640b5c49a3538a,JNU_INTRADAY_MOMREV_G1_V1
2009-11-05,1.0,145,77,23,-0.016966822255849272,-0.00011701256728171911,131,68,26,24,24,13,0.006126378101696233,0.00025526575423734306,0,0,8b340032b7d9090227a75ae9f960e07890a634bd0a3d3419d2640b5c49a3538a,JNU_INTRADAY_MOMREV_G1_V1
2009-11-06,1.0,132,64,16,-0.01784018989972876,-0.00013515295378582393,144,68,26,24,24,18,0.013242515826809574,0.0005517714927837323,0,0,8b340032b7d9090227a75ae9f960e07890a634bd0a3d3419d2640b5c49a3538a,JNU_INTRADAY_MOMREV_G1_V1
2009-11-09,1.0,149,78,30,-0.012737063257339646,-8.548364602241373e-05,127,71,26,24,24,12,0.0015160039387795907,6.316683078248294e-05,0,0,8b340032b7d9090227a75ae9f960e07890a634bd0a3d3419d2640b5c49a3538a,JNU_INTRADAY_MOMREV_G1_V1
2009-11-10,1.0,140,72,18,-0.02011930931157264,-0.00014370935222551885,136,68,26,24,24,14,0.004017776333933809,0.00016740734724724206,0,0,8b340032b7d9090227a75ae9f960e07890a634bd0a3d3419d2640b5c49a3538a,JNU_INTRADAY_MOMREV_G1_V1
2009-11-11,1.0,140,71,26,-0.01210858780121906,-8.648991286585043e-05,136,69,26,23,22,10,-0.005045173033503242,-0.00021935534928274966,1,1,8b340032b7d9090227a75ae9f960e07890a634bd0a3d3419d2640b5c49a3538a,JNU_INTRADAY_MOMREV_G1_V1
2009-11-12,1.0,148,79,22,-0.01972790186806143,-0.0001332966342436583,128,69,26,24,24,12,-0.0035969895328314514,-0.00014987456386797714,0,0,8b340032b7d9090227a75ae9f960e07890a634bd0a3d3419d2640b5c49a3538a,JNU_INTRADAY_MOMREV_G1_V1
2009-11-13,1.0,142,78,31,-0.0051166518105445575,-3.6032759229187023e-05,134,64,26,24,24,16,0.006655556491802839,0.00027731485382511827,0,0,8b340032b7d9090227a75ae9f960e07890a634bd0a3d3419d2640b5c49a3538a,JNU_INTRADAY_MOMREV_G1_V1
2009-11-16,1.0,147,90,24,-0.02404036017359429,-0.00016353986512649175,129,57,26,24,24,16,0.012780564048749627,0.0005325235020312344,0,0,8b340032b7d9090227a75ae9f960e07890a634bd0a3d3419d2640b5c49a3538a,JNU_INTRADAY_MOMREV_G1_V1
2009-11-17,1.0,138,79,33,-0.006682552906048241,-4.842429642063943e-05,138,59,26,24,24,11,-0.003592233239460613,-0.00014967638497752553,0,0,8b340032b7d9090227a75ae9f960e07890a634bd0a3d3419d2640b5c49a3538a,JNU_INTRADAY_MOMREV_G1_V1
2009-11-18,1.0,158,95,32,-0.018513960879005156,-0.00011717696758864022,118,63,26,24,24,16,0.008842614873428573,0.0003684422863928572,0,0,8b340032b7d9090227a75ae9f960e07890a634bd0a3d3419d2640b5c49a3538a,JNU_INTRADAY_MOMREV_G1_V1
2009-11-19,1.0,159,103,44,-0.004784844252301392,-3.0093360077367247e-05,117,56,26,23,22,14,4.155678926578911e-05,1.8068169245995265e-06,1,1,8b340032b7d9090227a75ae9f960e07890a634bd0a3d3419d2640b5c49a3538a,JNU_INTRADAY_MOMREV_G1_V1
2009-11-20,1.0,150,83,27,-0.01583705957063581,-0.00010558039713757207,126,67,26,23,22,12,0.012153273614979594,0.0005284032006512867,1,1,8b340032b7d9090227a75ae9f960e07890a634bd0a3d3419d2640b5c49a3538a,JNU_INTRADAY_MOMREV_G1_V1
2009-11-24,1.0,149,83,20,-0.020659649972447146,-0.0001386553689425983,127,66,26,24,24,18,0.017991812545984164,0.0007496588560826734,0,0,8b340032b7d9090227a75ae9f960e07890a634bd0a3d3419d2640b5c49a3538a,JNU_INTRADAY_MOMREV_G1_V1
2009-11-25,1.0,159,97,30,-0.022317369070747384,-0.0001403608117657068,117,62,26,24,24,14,0.009035908482388446,0.00037649618676618524,0,0,8b340032b7d9090227a75ae9f960e07890a634bd0a3d3419d2640b5c49a3538a,JNU_INTRADAY_MOMREV_G1_V1
2009-11-26,1.0,140,82,28,-0.01595451535323337,-0.00011396082395166692,136,58,26,24,24,14,0.003718194365606583,0.00015492476523360762,0,0,8b340032b7d9090227a75ae9f960e07890a634bd0a3d3419d2640b5c49a3538a,JNU_INTRADAY_MOMREV_G1_V1
2009-11-27,1.0,156,88,34,-0.009232438714405126,-5.918229945131491e-05,120,68,26,24,24,9,-0.006073473803407532,-0.0002530614084753138,0,0,8b340032b7d9090227a75ae9f960e07890a634bd0a3d3419d2640b5c49a3538a,JNU_INTRADAY_MOMREV_G1_V1
2009-11-30,1.0,145,72,29,-0.0011506437738953027,-7.935474302726226e-06,131,73,26,24,24,13,-0.007010079515796323,-0.0002920866464915135,0,0,8b340032b7d9090227a75ae9f960e07890a634bd0a3d3419d2640b5c49a3538a,JNU_INTRADAY_MOMREV_G1_V1
2009-12-01,1.0,173,115,47,-0.006357892935212455,-3.675082621510089e-05,103,58,26,24,24,9,-0.010602516341420268,-0.0004417715142258445,0,0,8b340032b7d9090227a75ae9f960e07890a634bd0a3d3419d2640b5c49a3538a,JNU_INTRADAY_MOMREV_G1_V1
2009-12-02,1.0,163,98,40,-0.011451544319813859,-7.025487312769239e-05,113,65,26,24,24,12,0.0015962371836158976,6.65098826506624e-05,0,0,8b340032b7d9090227a75ae9f960e07890a634bd0a3d3419d2640b5c49a3538a,JNU_INTRADAY_MOMREV_G1_V1
2009-12-03,1.0,160,96,43,-0.006577320359088797,-4.110825224430498e-05,116,64,26,24,24,9,-0.010132109694013534,-0.0004221712372505639,0,0,8b340032b7d9090227a75ae9f960e07890a634bd0a3d3419d2640b5c49a3538a,JNU_INTRADAY_MOMREV_G1_V1
2009-12-04,1.0,165,103,39,-0.013525042162238984,-8.196995249841808e-05,111,62,26,24,24,12,-0.0034913030846117936,-0.00014547096185882474,0,0,8b340032b7d9090227a75ae9f960e07890a634bd0a3d3419d2640b5c49a3538a,JNU_INTRADAY_MOMREV_G1_V1
2009-12-07,1.0,150,87,31,-0.015750047377367505,-0.0001050003158491167,126,63,26,24,24,10,-0.002949844309238698,-0.00012291017955161243,0,0,8b340032b7d9090227a75ae9f960e07890a634bd0a3d3419d2640b5c49a3538a,JNU_INTRADAY_MOMREV_G1_V1
2009-12-08,1.0,166,100,36,-0.014823607931602666,-8.929884296146183e-05,110,66,26,24,24,16,0.003462539818484791,0.0001442724924368663,0,0,8b340032b7d9090227a75ae9f960e07890a634bd0a3d3419d2640b5c49a3538a,JNU_INTRADAY_MOMREV_G1_V1
2009-12-09,1.0,134,71,20,-0.014480917591561367,-0.00010806654919075648,142,63,26,24,24,9,-0.0029982587280929732,-0.00012492744700387388,0,0,8b340032b7d9090227a75ae9f960e07890a634bd0a3d3419d2640b5c49a3538a,JNU_INTRADAY_MOMREV_G1_V1
2009-12-10,1.0,163,96,46,0.0006176885639804742,3.7895003925182466e-06,113,67,26,24,24,13,0.0005274608232874191,2.1977534303642464e-05,0,0,8b340032b7d9090227a75ae9f960e07890a634bd0a3d3419d2640b5c49a3538a,JNU_INTRADAY_MOMREV_G1_V1
2009-12-11,1.0,163,93,38,-0.011484504919712575,-7.045708539700966e-05,113,70,26,24,24,12,-0.00048711020125433526,-2.02962583855973e-05,0,0,8b340032b7d9090227a75ae9f960e07890a634bd0a3d3419d2640b5c49a3538a,JNU_INTRADAY_MOMREV_G1_V1
2009-12-14,1.0,161,98,42,-0.00695607603076018,-4.320544118484584e-05,115,63,26,24,24,10,-0.0024891274767830764,-0.00010371364486596152,0,0,8b340032b7d9090227a75ae9f960e07890a634bd0a3d3419d2640b5c49a3538a,JNU_INTRADAY_MOMREV_G1_V1
2009-12-15,1.0,156,100,26,-0.03176953439037644,-0.00020365086147677207,120,56,26,22,20,10,0.0024768336169274864,0.00011258334622397666,2,2,8b340032b7d9090227a75ae9f960e07890a634bd0a3d3419d2640b5c49a3538a,JNU_INTRADAY_MOMREV_G1_V1
2009-12-16,1.0,154,92,24,-0.023156994375035187,-0.00015037009334438434,122,62,26,24,24,14,0.008364126656080047,0.00034850527733666864,0,0,8b340032b7d9090227a75ae9f960e07890a634bd0a3d3419d2640b5c49a3538a,JNU_INTRADAY_MOMREV_G1_V1
2009-12-17,1.0,135,73,23,-0.015147143218761833,-0.00011220106087971729,141,62,26,24,24,14,0.005848099440595087,0.0002436708100247953,0,0,8b340032b7d9090227a75ae9f960e07890a634bd0a3d3419d2640b5c49a3538a,JNU_INTRADAY_MOMREV_G1_V1
2009-12-18,1.0,163,98,32,-0.016877824586030554,-0.00010354493611061689,113,65,26,24,24,11,-0.007913539213964382,-0.0003297308005818492,0,0,8b340032b7d9090227a75ae9f960e07890a634bd0a3d3419d2640b5c49a3538a,JNU_INTRADAY_MOMREV_G1_V1
2009-12-21,1.0,118,56,10,-0.018140508319538465,-0.00015373312135202088,158,62,26,23,22,13,0.004903884929612858,0.0002132123882440373,1,1,8b340032b7d9090227a75ae9f960e07890a634bd0a3d3419d2640b5c49a3538a,JNU_INTRADAY_MOMREV_G1_V1
2009-12-22,1.0,125,65,16,-0.017973760475585653,-0.00014379008380468523,151,60,26,24,24,11,-0.007258402331299866,-0.0003024334304708277,0,0,8b340032b7d9090227a75ae9f960e07890a634bd0a3d3419d2640b5c49a3538a,JNU_INTRADAY_MOMREV_G1_V1
2009-12-24,1.0,130,72,19,-0.017603900797427144,-0.00013541462151867034,146,58,26,24,24,12,-0.005706198234871262,-0.0002377582597863026,0,0,8b340032b7d9090227a75ae9f960e07890a634bd0a3d3419d2640b5c49a3538a,JNU_INTRADAY_MOMREV_G1_V1
2009-12-25,1.0,130,67,19,-0.012857275374549672,-9.890211826576671e-05,146,63,26,24,24,14,0.009041845399012358,0.00037674355829218155,0,0,8b340032b7d9090227a75ae9f960e07890a634bd0a3d3419d2640b5c49a3538a,JNU_INTRADAY_MOMREV_G1_V1
2009-12-28,1.0,147,85,28,-0.012202173294330416,-8.300798159408446e-05,129,62,26,24,24,12,0.006146314988393518,0.0002560964578497299,0,0,8b340032b7d9090227a75ae9f960e07890a634bd0a3d3419d2640b5c49a3538a,JNU_INTRADAY_MOMREV_G1_V1
2009-12-29,1.0,153,86,24,-0.011761942029340475,-7.687543810026455e-05,123,67,26,24,24,14,0.0056406485371055005,0.00023502702237939585,0,0,8b340032b7d9090227a75ae9f960e07890a634bd0a3d3419d2640b5c49a3538a,JNU_INTRADAY_MOMREV_G1_V1
2009-12-30,1.0,145,77,25,-0.020660859021679336,-0.00014248868290813336,131,68,26,24,24,14,-0.0033507548122037457,-0.00013961478384182273,0,0,8b340032b7d9090227a75ae9f960e07890a634bd0a3d3419d2640b5c49a3538a,JNU_INTRADAY_MOMREV_G1_V1
2010-01-04,1.0,136,72,26,-0.01265571624921341,-9.305673712656919e-05,140,64,26,24,24,13,0.0032871612059695815,0.00013696505024873257,0,0,9efd85316ee1f3b09e5fe45f6de7e0ba227b549d0dbf09d49476fcb9ad5caa0f,JNU_INTRADAY_MOMREV_G1_V1
2010-01-05,1.0,163,99,39,-0.010207768608348461,-6.262434729048135e-05,113,64,26,24,24,12,-0.00046521392030251553,-1.9383913345938147e-05,0,0,9efd85316ee1f3b09e5fe45f6de7e0ba227b549d0dbf09d49476fcb9ad5caa0f,JNU_INTRADAY_MOMREV_G1_V1
2010-01-06,1.0,150,87,30,-0.014914615834395203,-9.943077222930135e-05,126,63,26,24,24,13,-0.00468831124365763,-0.00019534630181906792,0,0,9efd85316ee1f3b09e5fe45f6de7e0ba227b549d0dbf09d49476fcb9ad5caa0f,JNU_INTRADAY_MOMREV_G1_V1
2010-01-07,1.0,147,90,25,-0.024257840048593104,-0.0001650193200584565,129,57,26,24,24,11,-0.003286896515913543,-0.00013695402149639763,0,0,9efd85316ee1f3b09e5fe45f6de7e0ba227b549d0dbf09d49476fcb9ad5caa0f,JNU_INTRADAY_MOMREV_G1_V1
2010-01-08,1.0,158,90,33,-0.01163746430278945,-7.36548373594269e-05,118,68,26,24,24,12,-0.005614725712044634,-0.00023394690466852644,0,0,9efd85316ee1f3b09e5fe45f6de7e0ba227b549d0dbf09d49476fcb9ad5caa0f,JNU_INTRADAY_MOMREV_G1_V1
2010-01-12,1.0,149,84,39,0.0013790741268136855,9.255531052440843e-06,127,65,26,24,24,12,0.005071142145017619,0.00021129758937573414,0,0,9efd85316ee1f3b09e5fe45f6de7e0ba227b549d0dbf09d49476fcb9ad5caa0f,JNU_INTRADAY_MOMREV_G1_V1
2010-01-13,1.0,162,94,32,-0.01157679560950102,-7.146170129321618e-05,114,68,26,24,24,14,0.009680918026653905,0.0004033715844439127,0,0,9efd85316ee1f3b09e5fe45f6de7e0ba227b549d0dbf09d49476fcb9ad5caa0f,JNU_INTRADAY_MOMREV_G1_V1
2010-01-14,1.0,149,90,35,-0.010111013902549768,-6.785915370838771e-05,127,59,26,24,24,14,0.0060039853597255895,0.0002501660566552329,0,0,9efd85316ee1f3b09e5fe45f6de7e0ba227b549d0dbf09d49476fcb9ad5caa0f,JNU_INTRADAY_MOMREV_G1_V1
2010-01-15,1.0,164,100,38,-0.01645386759696675,-0.00010032846095711434,112,64,26,24,24,10,-0.001360776558986044,-5.6699023291085166e-05,0,0,9efd85316ee1f3b09e5fe45f6de7e0ba227b549d0dbf09d49476fcb9ad5caa0f,JNU_INTRADAY_MOMREV_G1_V1
2010-01-18,1.0,161,96,33,-0.012034234313291554,-7.474679697696617e-05,115,65,26,24,24,15,0.012003068210445077,0.0005001278421018782,0,0,9efd85316ee1f3b09e5fe45f6de7e0ba227b549d0dbf09d49476fcb9ad5caa0f,JNU_INTRADAY_MOMREV_G1_V1
2010-01-19,1.0,144,76,19,-0.02036595660301978,-0.00014143025418763736,132,68,26,24,24,12,-0.00047468532340024487,-1.977855514167687e-05,0,0,9efd85316ee1f3b09e5fe45f6de7e0ba227b549d0dbf09d49476fcb9ad5caa0f,JNU_INTRADAY_MOMREV_G1_V1
2010-01-20,1.0,160,96,34,-0.017646296578271273,-0.00011028935361419546,116,64,26,24,24,18,0.012968689160082468,0.0005403620483367696,0,0,9efd85316ee1f3b09e5fe45f6de7e0ba227b549d0dbf09d49476fcb9ad5caa0f,JNU_INTRADAY_MOMREV_G1_V1
2010-01-21,1.0,161,95,39,-0.007795090017705416,-4.841670818450569e-05,115,66,26,24,24,13,-0.005177616779976827,-0.00021573403249903447,0,0,9efd85316ee1f3b09e5fe45f6de7e0ba227b549d0dbf09d49476fcb9ad5caa0f,JNU_INTRADAY_MOMREV_G1_V1
2010-01-22,1.0,164,95,47,0.0004776187782791502,2.912309623653355e-06,112,69,26,24,24,12,0.0004944281734778103,2.0601173894908765e-05,0,0,9efd85316ee1f3b09e5fe45f6de7e0ba227b549d0dbf09d49476fcb9ad5caa0f,JNU_INTRADAY_MOMREV_G1_V1
2010-01-25,1.0,163,102,40,-0.019091333337363334,-0.00011712474440100205,113,61,26,24,24,15,0.006165428330678816,0.00025689284711161734,0,0,9efd85316ee1f3b09e5fe45f6de7e0ba227b549d0dbf09d49476fcb9ad5caa0f,JNU_INTRADAY_MOMREV_G1_V1
2010-01-26,1.0,163,102,34,-0.02255683841369789,-0.00013838551174047786,113,61,26,24,24,10,-0.004349178666521807,-0.00018121577777174195,0,0,9efd85316ee1f3b09e5fe45f6de7e0ba227b549d0dbf09d49476fcb9ad5caa0f,JNU_INTRADAY_MOMREV_G1_V1
2010-01-27,1.0,164,99,41,-0.013057925879896935,-7.962149926766424e-05,112,65,26,24,24,15,0.005349861617793927,0.00022291090074141363,0,0,9efd85316ee1f3b09e5fe45f6de7e0ba227b549d0dbf09d49476fcb9ad5caa0f,JNU_INTRADAY_MOMREV_G1_V1
2010-01-28,1.0,151,88,40,-0.004827500538715326,-3.1970202243147855e-05,125,63,26,24,24,12,-0.001445574128353595,-6.023225534806646e-05,0,0,9efd85316ee1f3b09e5fe45f6de7e0ba227b549d0dbf09d49476fcb9ad5caa0f,JNU_INTRADAY_MOMREV_G1_V1
2010-01-29,1.0,152,78,43,0.004389803761599684,2.888028790526108e-05,124,74,26,24,24,14,0.00046055102416401727,1.9189626006834053e-05,0,0,9efd85316ee1f3b09e5fe45f6de7e0ba227b549d0dbf09d49476fcb9ad5caa0f,JNU_INTRADAY_MOMREV_G1_V1
2010-02-01,1.0,165,106,49,0.0004840057023949528,2.933367893302744e-06,111,59,26,24,24,14,0.004419354878964085,0.00018413978662350355,0,0,9efd85316ee1f3b09e5fe45f6de7e0ba227b549d0dbf09d49476fcb9ad5caa0f,JNU_INTRADAY_MOMREV_G1_V1
2010-02-02,1.0,149,83,21,-0.024638627189227148,-0.00016535991402165872,127,66,26,24,24,14,-0.004835348161040891,-0.00020147284004337046,0,0,9efd85316ee1f3b09e5fe45f6de7e0ba227b549d0dbf09d49476fcb9ad5caa0f,JNU_INTRADAY_MOMREV_G1_V1
2010-02-03,1.0,157,92,34,-0.008662653061184775,-5.517613414767373e-05,119,65,26,24,24,13,0.0024051218400700874,0.00010021341000292031,0,0,9efd85316ee1f3b09e5fe45f6de7e0ba227b549d0dbf09d49476fcb9ad5caa0f,JNU_INTRADAY_MOMREV_G1_V1
2010-02-04,1.0,161,91,36,-0.009706507761932444,-6.028886808653692e-05,115,70,26,24,24,10,0.0014784925390290441,6.160385579287684e-05,0,0,9efd85316ee1f3b09e5fe45f6de7e0ba227b549d0dbf09d49476fcb9ad5caa0f,JNU_INTRADAY_MOMREV_G1_V1
2010-02-05,1.0,153,88,30,-0.016893206337639438,-0.00011041311331790483,123,65,26,24,24,18,0.013408999785411779,0.0005587083243921574,0,0,9efd85316ee1f3b09e5fe45f6de7e0ba227b549d0dbf09d49476fcb9ad5caa0f,JNU_INTRADAY_MOMREV_G1_V1
2010-02-08,1.0,161,106,35,-0.03150461074544098,-0.00019568081208348436,115,55,26,24,24,14,0.013470395280992668,0.0005612664700413611,0,0,9efd85316ee1f3b09e5fe45f6de7e0ba227b549d0dbf09d49476fcb9ad5caa0f,JNU_INTRADAY_MOMREV_G1_V1
2010-02-09,1.0,150,85,35,-0.013650013913695,-9.100009275796668e-05,126,65,26,24,24,11,-0.00454506360666112,-0.00018937765027754667,0,0,9efd85316ee1f3b09e5fe45f6de7e0ba227b549d0dbf09d49476fcb9ad5caa0f,JNU_INTRADAY_MOMREV_G1_V1
2010-02-10,1.0,146,74,24,-0.015514463332859885,-0.00010626344748534168,130,72,26,24,24,16,0.01400133767098894,0.0005833890696245392,0,0,9efd85316ee1f3b09e5fe45f6de7e0ba227b549d0dbf09d49476fcb9ad5caa0f,JNU_INTRADAY_MOMREV_G1_V1
2010-02-12,1.0,119,60,16,-0.01791667102355237,-0.00015056026070212075,157,59,26,23,22,12,0.005001139089722259,0.00021744082998792431,1,1,9efd85316ee1f3b09e5fe45f6de7e0ba227b549d0dbf09d49476fcb9ad5caa0f,JNU_INTRADAY_MOMREV_G1_V1
2010-02-15,1.0,124,63,23,-0.008477437001310479,-6.836642742992322e-05,152,61,26,23,22,13,0.006479421086829633,0.00028171396029694055,1,1,9efd85316ee1f3b09e5fe45f6de7e0ba227b549d0dbf09d49476fcb9ad5caa0f,JNU_INTRADAY_MOMREV_G1_V1
2010-02-16,1.0,115,52,6,-0.020915600266045407,-0.000181874784922134,161,63,26,24,24,12,0.0029858154525595963,0.00012440897718998318,0,0,9efd85316ee1f3b09e5fe45f6de7e0ba227b549d0dbf09d49476fcb9ad5caa0f,JNU_INTRADAY_MOMREV_G1_V1
2010-02-17,1.0,130,63,14,-0.020002518056018336,-0.00015386552350783335,146,67,26,24,24,9,-0.008813525504726045,-0.0003672302293635852,0,0,9efd85316ee1f3b09e5fe45f6de7e0ba227b549d0dbf09d49476fcb9ad5caa0f,JNU_INTRADAY_MOMREV_G1_V1
2010-02-18,1.0,134,68,16,-0.022807434191306434,-0.00017020473277094353,142,66,26,24,24,18,0.011161653739162988,0.00046506890579845785,0,0,9efd85316ee1f3b09e5fe45f6de7e0ba227b549d0dbf09d49476fcb9ad5caa0f,JNU_INTRADAY_MOMREV_G1_V1
2010-02-19,1.0,143,73,26,-0.010323532659786106,-7.219253608242032e-05,133,70,26,24,24,14,0.003918572280208785,0.0001632738450086994,0,0,9efd85316ee1f3b09e5fe45f6de7e0ba227b549d0dbf09d49476fcb9ad5caa0f,JNU_INTRADAY_MOMREV_G1_V1
2010-02-22,1.0,147,84,31,-0.012043933355148586,-8.19315194227795e-05,129,63,26,24,24,13,0.0019168253334677357,7.986772222782232e-05,0,0,9efd85316ee1f3b09e5fe45f6de7e0ba227b549d0dbf09d49476fcb9ad5caa0f,JNU_INTRADAY_MOMREV_G1_V1
2010-02-23,1.0,143,83,32,-0.010650798314287082,-7.448110709291665e-05,133,60,26,24,24,14,0.005317647153793599,0.00022156863140806665,0,0,9efd85316ee1f3b09e5fe45f6de7e0ba227b549d0dbf09d49476fcb9ad5caa0f,JNU_INTRADAY_MOMREV_G1_V1
2010-02-24,1.0,158,93,32,-0.01474910205183564,-9.334874716351671e-05,118,65,26,24,24,12,-0.004418882442756702,-0.00018412010178152924,0,0,9efd85316ee1f3b09e5fe45f6de7e0ba227b549d0dbf09d49476fcb9ad5caa0f,JNU_INTRADAY_MOMREV_G1_V1
2010-02-25,1.0,166,101,36,-0.016252820150743082,-9.790855512495833e-05,110,65,26,24,24,12,-0.0073544523428259005,-0.0003064355142844125,0,0,9efd85316ee1f3b09e5fe45f6de7e0ba227b549d0dbf09d49476fcb9ad5caa0f,JNU_INTRADAY_MOMREV_G1_V1
2010-02-26,1.0,159,97,36,-0.01578428723910437,-9.927224678681994e-05,117,62,26,24,24,14,0.0064230626642344055,0.0002676276110097669,0,0,9efd85316ee1f3b09e5fe45f6de7e0ba227b549d0dbf09d49476fcb9ad5caa0f,JNU_INTRADAY_MOMREV_G1_V1
2010-03-01,1.0,141,78,26,-0.016197860472382312,-0.00011487844306654121,135,63,26,24,24,12,0.0004840475723914831,2.016864884964513e-05,0,0,9efd85316ee1f3b09e5fe45f6de7e0ba227b549d0dbf09d49476fcb9ad5caa0f,JNU_INTRADAY_MOMREV_G1_V1
2010-03-02,1.0,130,66,23,-0.014714346657750177,-0.00011318728198269366,146,64,26,24,24,11,-0.003921323921601093,-0.0001633884967333789,0,0,9efd85316ee1f3b09e5fe45f6de7e0ba227b549d0dbf09d49476fcb9ad5caa0f,JNU_INTRADAY_MOMREV_G1_V1
2010-03-03,1.0,145,79,30,-0.007835209984140985,-5.403593092511024e-05,131,66,26,24,24,14,-0.002926344005140707,-0.00012193100021419611,0,0,9efd85316ee1f3b09e5fe45f6de7e0ba227b549d0dbf09d49476fcb9ad5caa0f,JNU_INTRADAY_MOMREV_G1_V1
2010-03-04,1.0,141,73,14,-0.02598238026648211,-0.00018427220047150433,135,68,26,24,24,10,-0.005410104389445407,-0.00022542101622689196,0,0,9efd85316ee1f3b09e5fe45f6de7e0ba227b549d0dbf09d49476fcb9ad5caa0f,JNU_INTRADAY_MOMREV_G1_V1
2010-03-05,1.0,135,67,16,-0.02027120062622827,-0.00015015704167576496,141,68,26,24,24,15,0.0038635692898892873,0.00016098205374538696,0,0,9efd85316ee1f3b09e5fe45f6de7e0ba227b549d0dbf09d49476fcb9ad5caa0f,JNU_INTRADAY_MOMREV_G1_V1
2010-03-08,1.0,140,84,20,-0.021330998523244205,-0.00015236427516603004,136,56,26,24,24,15,0.00047224206062066034,1.967675252586085e-05,0,0,9efd85316ee1f3b09e5fe45f6de7e0ba227b549d0dbf09d49476fcb9ad5caa0f,JNU_INTRADAY_MOMREV_G1_V1
2010-03-09,1.0,117,54,12,-0.017963551108955512,-0.00015353462486286762,159,63,26,24,24,10,-8.948447769764351e-07,-3.72851990406848e-08,0,0,9efd85316ee1f3b09e5fe45f6de7e0ba227b549d0dbf09d49476fcb9ad5caa0f,JNU_INTRADAY_MOMREV_G1_V1
2010-03-10,1.0,142,79,16,-0.022709373931424758,-0.00015992516853116027,134,63,26,24,24,13,0.0018856617454534525,7.856923939389385e-05,0,0,9efd85316ee1f3b09e5fe45f6de7e0ba227b549d0dbf09d49476fcb9ad5caa0f,JNU_INTRADAY_MOMREV_G1_V1
2010-03-11,1.0,139,72,15,-0.01974774452704888,-0.00014207010451114304,137,67,26,24,24,12,-0.002821559009164936,-0.00011756495871520567,0,0,9efd85316ee1f3b09e5fe45f6de7e0ba227b549d0dbf09d49476fcb9ad5caa0f,JNU_INTRADAY_MOMREV_G1_V1
2010-03-12,1.0,138,75,18,-0.0220236440401395,-0.00015959162347927176,138,63,26,24,24,11,0.003746407711694642,0.00015610032132061007,0,0,9efd85316ee1f3b09e5fe45f6de7e0ba227b549d0dbf09d49476fcb9ad5caa0f,JNU_INTRADAY_MOMREV_G1_V1
2010-03-15,1.0,139,81,25,-0.016364974154948225,-0.000117733627014016,137,58,26,24,24,14,0.0014085673110226416,5.8690304625943396e-05,0,0,9efd85316ee1f3b09e5fe45f6de7e0ba227b549d0dbf09d49476fcb9ad5caa0f,JNU_INTRADAY_MOMREV_G1_V1
2010-03-16,1.0,131,70,11,-0.026689269604752708,-0.0002037348824790283,145,61,26,23,22,11,0.000933706479762902,4.059593390273487e-05,1,1,9efd85316ee1f3b09e5fe45f6de7e0ba227b549d0dbf09d49476fcb9ad5caa0f,JNU_INTRADAY_MOMREV_G1_V1
2010-03-17,1.0,142,80,25,-0.01578867558092531,-0.00011118785620369936,134,62,26,24,24,18,0.01068983218372926,0.00044540967432205253,0,0,9efd85316ee1f3b09e5fe45f6de7e0ba227b549d0dbf09d49476fcb9ad5caa0f,JNU_INTRADAY_MOMREV_G1_V1
2010-03-18,1.0,137,69,12,-0.02512840780523975,-0.00018341903507474268,139,68,26,24,24,15,0.0032360153504239378,0.00013483397293433073,0,0,9efd85316ee1f3b09e5fe45f6de7e0ba227b549d0dbf09d49476fcb9ad5caa0f,JNU_INTRADAY_MOMREV_G1_V1
2010-03-19,1.0,129,67,14,-0.01955181076438287,-0.00015156442453009977,147,62,26,24,24,14,0.012101473821105262,0.0005042280758793859,0,0,9efd85316ee1f3b09e5fe45f6de7e0ba227b549d0dbf09d49476fcb9ad5caa0f,JNU_INTRADAY_MOMREV_G1_V1
2010-03-23,1.0,124,64,15,-0.016783672939281513,-0.000135352201123238,152,60,26,24,24,11,0.0018669845452251234,7.779102271771348e-05,0,0,9efd85316ee1f3b09e5fe45f6de7e0ba227b549d0dbf09d49476fcb9ad5caa0f,JNU_INTRADAY_MOMREV_G1_V1
2010-03-24,1.0,119,59,12,-0.018610460196923948,-0.00015639042182289032,157,60,26,24,24,11,0.002342769758159194,9.761540658996641e-05,0,0,9efd85316ee1f3b09e5fe45f6de7e0ba227b549d0dbf09d49476fcb9ad5caa0f,JNU_INTRADAY_MOMREV_G1_V1
2010-03-25,1.0,129,68,15,-0.018566022990045554,-0.00014392265883756244,147,61,26,23,22,10,0.00649243609765076,0.00028227983033264175,1,1,9efd85316ee1f3b09e5fe45f6de7e0ba227b549d0dbf09d49476fcb9ad5caa0f,JNU_INTRADAY_MOMREV_G1_V1
2010-03-26,1.0,122,50,11,-0.01699257120642659,-0.00013928337054448025,154,72,26,24,24,15,0.002765613588250812,0.0001152338995104505,0,0,9efd85316ee1f3b09e5fe45f6de7e0ba227b549d0dbf09d49476fcb9ad5caa0f,JNU_INTRADAY_MOMREV_G1_V1
2010-03-29,1.0,125,64,14,-0.016885952079930044,-0.00013508761663944035,151,61,26,24,24,14,0.005934339506897337,0.00024726414612072237,0,0,9efd85316ee1f3b09e5fe45f6de7e0ba227b549d0dbf09d49476fcb9ad5caa0f,JNU_INTRADAY_MOMREV_G1_V1
2010-03-30,1.0,133,75,17,-0.020348695412581826,-0.0001529977098690363,143,58,26,24,24,12,0.002709650231848124,0.00011290209299367184,0,0,9efd85316ee1f3b09e5fe45f6de7e0ba227b549d0dbf09d49476fcb9ad5caa0f,JNU_INTRADAY_MOMREV_G1_V1
2010-03-31,1.0,127,64,14,-0.018420241018903383,-0.00014504126786538097,149,63,26,24,24,13,0.004497019344739535,0.00018737580603081397,0,0,9efd85316ee1f3b09e5fe45f6de7e0ba227b549d0dbf09d49476fcb9ad5caa0f,JNU_INTRADAY_MOMREV_G1_V1
2010-04-01,1.0,146,82,31,-0.011192933816789648,-7.666393025198389e-05,130,64,26,24,24,14,0.002671039435861814,0.00011129330982757559,0,0,9efd85316ee1f3b09e5fe45f6de7e0ba227b549d0dbf09d49476fcb9ad5caa0f,JNU_INTRADAY_MOMREV_G1_V1
2010-04-02,1.0,148,76,25,-0.012401341547202361,-8.379284829190784e-05,128,72,26,24,24,19,0.010190238711902505,0.00042459327966260435,0,0,9efd85316ee1f3b09e5fe45f6de7e0ba227b549d0dbf09d49476fcb9ad5caa0f,JNU_INTRADAY_MOMREV_G1_V1
2010-04-05,1.0,129,62,17,-0.016303553243228814,-0.0001263841336684404,147,67,26,24,24,14,0.00308846534274381,0.00012868605594765876,0,0,9efd85316ee1f3b09e5fe45f6de7e0ba227b549d0dbf09d49476fcb9ad5caa0f,JNU_INTRADAY_MOMREV_G1_V1
2010-04-06,1.0,150,78,26,-0.015075366135588528,-0.00010050244090392353,126,72,26,24,24,11,-0.00709334747728801,-0.00029555614488700044,0,0,9efd85316ee1f3b09e5fe45f6de7e0ba227b549d0dbf09d49476fcb9ad5caa0f,JNU_INTRADAY_MOMREV_G1_V1
2010-04-07,1.0,137,78,31,-0.007951151614287381,-5.8037603023995484e-05,139,59,26,24,24,16,-0.0008947023485183289,-3.7279264521597036e-05,0,0,9efd85316ee1f3b09e5fe45f6de7e0ba227b549d0dbf09d49476fcb9ad5caa0f,JNU_INTRADAY_MOMREV_G1_V1
2010-04-08,1.0,145,79,27,-0.013855580255817943,-9.55557259021927e-05,131,66,26,24,24,16,0.006690568015562024,0.00027877366731508433,0,0,9efd85316ee1f3b09e5fe45f6de7e0ba227b549d0dbf09d49476fcb9ad5caa0f,JNU_INTRADAY_MOMREV_G1_V1
2010-04-09,1.0,130,68,16,-0.02055807326484514,-0.00015813902511419337,146,62,26,23,22,13,0.00402214963581478,0.00017487607112238174,1,1,9efd85316ee1f3b09e5fe45f6de7e0ba227b549d0dbf09d49476fcb9ad5caa0f,JNU_INTRADAY_MOMREV_G1_V1
2010-04-12,1.0,155,83,28,-0.015447595237209686,-9.966190475619152e-05,121,72,26,24,24,11,-0.0017685981435961006,-7.369158931650419e-05,0,0,9efd85316ee1f3b09e5fe45f6de7e0ba227b549d0dbf09d49476fcb9ad5caa0f,JNU_INTRADAY_MOMREV_G1_V1
2010-04-13,1.0,141,72,23,-0.014844696523730865,-0.00010528153562929692,135,69,26,24,24,12,-0.0031240150178388254,-0.00013016729240995106,0,0,9efd85316ee1f3b09e5fe45f6de7e0ba227b549d0dbf09d49476fcb9ad5caa0f,JNU_INTRADAY_MOMREV_G1_V1
2010-04-14,1.0,137,71,19,-0.019613173021548868,-0.00014316184687261947,139,66,26,24,24,15,0.0017779782538636596,7.408242724431915e-05,0,0,9efd85316ee1f3b09e5fe45f6de7e0ba227b549d0dbf09d49476fcb9ad5caa0f,JNU_INTRADAY_MOMREV_G1_V1
2010-04-15,1.0,165,100,39,-0.011081289052657107,-6.715932759186126e-05,111,65,26,24,24,15,0.01195564060089472,0.0004981516917039467,0,0,9efd85316ee1f3b09e5fe45f6de7e0ba227b549d0dbf09d49476fcb9ad5caa0f,JNU_INTRADAY_MOMREV_G1_V1
2010-04-16,1.0,138,77,25,-0.01168254903064154,-8.46561523959532e-05,138,61,26,24,24,10,-0.007166491532275456,-0.00029860381384481065,0,0,9efd85316ee1f3b09e5fe45f6de7e0ba227b549d0dbf09d49476fcb9ad5caa0f,JNU_INTRADAY_MOMREV_G1_V1
2010-04-19,1.0,150,86,31,-0.013726250981433505,-9.150833987622336e-05,126,64,26,24,24,16,0.005941397558044413,0.00024755823158518385,0,0,9efd85316ee1f3b09e5fe45f6de7e0ba227b549d0dbf09d49476fcb9ad5caa0f,JNU_INTRADAY_MOMREV_G1_V1
2010-04-20,1.0,139,80,21,-0.018724679671710927,-0.00013470992569576207,137,59,26,23,22,13,0.0036304623825062715,0.00015784619054375095,1,1,9efd85316ee1f3b09e5fe45f6de7e0ba227b549d0dbf09d49476fcb9ad5caa0f,JNU_INTRADAY_MOMREV_G1_V1
2010-04-21,1.0,140,67,11,-0.02076509601259966,-0.00014832211437571186,136,73,26,24,24,20,0.012643749566343286,0.0005268228985976369,0,0,9efd85316ee1f3b09e5fe45f6de7e0ba227b549d0dbf09d49476fcb9ad5caa0f,JNU_INTRADAY_MOMREV_G1_V1
2010-04-22,1.0,152,87,28,-0.016953383450080912,-0.00011153541743474284,124,65,26,24,24,11,-0.0009140609904066795,-3.8085874600278314e-05,0,0,9efd85316ee1f3b09e5fe45f6de7e0ba227b549d0dbf09d49476fcb9ad5caa0f,JNU_INTRADAY_MOMREV_G1_V1
2010-04-23,1.0,160,93,37,-0.009169431242041523,-5.730894526275952e-05,116,67,26,24,24,13,0.005965892920699543,0.0002485788716958143,0,0,9efd85316ee1f3b09e5fe45f6de7e0ba227b549d0dbf09d49476fcb9ad5caa0f,JNU_INTRADAY_MOMREV_G1_V1
2010-04-26,1.0,126,71,19,-0.016585181548786562,-0.00013162842499036954,150,55,26,23,22,14,-0.0027132036514795196,-0.00011796537615128346,1,1,9efd85316ee1f3b09e5fe45f6de7e0ba227b549d0dbf09d49476fcb9ad5caa0f,JNU_INTRADAY_MOMREV_G1_V1
2010-04-27,1.0,135,71,23,-0.011200537076825988,-8.296694130982214e-05,141,64,26,24,24,13,0.0013510253206521425,5.629272169383927e-05,0,0,9efd85316ee1f3b09e5fe45f6de7e0ba227b549d0dbf09d49476fcb9ad5caa0f,JNU_INTRADAY_MOMREV_G1_V1
2010-04-28,1.0,136,69,21,-0.016014503978169402,-0.00011775370572183385,140,67,26,24,24,10,0.0013800127874356166,5.750053280981736e-05,0,0,9efd85316ee1f3b09e5fe45f6de7e0ba227b549d0dbf09d49476fcb9ad5caa0f,JNU_INTRADAY_MOMREV_G1_V1
2010-04-30,1.0,131,65,17,-0.015350315359083913,-0.00011717797984033522,145,66,26,24,24,15,0.004519371241809545,0.0001883071350753977,0,0,9efd85316ee1f3b09e5fe45f6de7e0ba227b549d0dbf09d49476fcb9ad5caa0f,JNU_INTRADAY_MOMREV_G1_V1
2010-05-06,1.0,123,54,12,-0.018211336511314746,-0.0001480596464334532,153,69,26,24,24,13,0.00466940847066083,0.00019455868627753456,0,0,9efd85316ee1f3b09e5fe45f6de7e0ba227b549d0dbf09d49476fcb9ad5caa0f,JNU_INTRADAY_MOMREV_G1_V1
2010-05-07,1.0,169,110,41,-0.01407936173347959,-8.330983274248278e-05,107,59,26,24,24,13,0.004353204929386038,0.00018138353872441826,0,0,9efd85316ee1f3b09e5fe45f6de7e0ba227b549d0dbf09d49476fcb9ad5caa0f,JNU_INTRADAY_MOMREV_G1_V1
2010-05-10,1.0,156,95,38,-0.011421853800046566,-7.321701153876005e-05,120,61,26,24,24,13,0.01051257813849266,0.0004380240891038608,0,0,9efd85316ee1f3b09e5fe45f6de7e0ba227b549d0dbf09d49476fcb9ad5caa0f,JNU_INTRADAY_MOMREV_G1_V1
2010-05-11,1.0,177,114,56,0.002865961890995004,1.6191875090367257e-05,99,63,26,24,24,16,0.012431978658534395,0.0005179991107722665,0,0,9efd85316ee1f3b09e5fe45f6de7e0ba227b549d0dbf09d49476fcb9ad5caa0f,JNU_INTRADAY_MOMREV_G1_V1
2010-05-12,1.0,175,111,51,-0.002463297418100898,-1.4075985246290844e-05,101,64,26,24,24,16,0.009111821570252757,0.00037965923209386487,0,0,9efd85316ee1f3b09e5fe45f6de7e0ba227b549d0dbf09d49476fcb9ad5caa0f,JNU_INTRADAY_MOMREV_G1_V1
2010-05-13,1.0,150,81,22,-0.01937018885455247,-0.00012913459236368313,126,69,26,24,24,11,-0.0033106865471949146,-0.0001379452727997881,0,0,9efd85316ee1f3b09e5fe45f6de7e0ba227b549d0dbf09d49476fcb9ad5caa0f,JNU_INTRADAY_MOMREV_G1_V1
2010-05-14,1.0,144,70,33,0.004317388253648445,2.998186287255865e-05,132,74,26,24,24,13,-0.003272458193348422,-0.00013635242472285092,0,0,9efd85316ee1f3b09e5fe45f6de7e0ba227b549d0dbf09d49476fcb9ad5caa0f,JNU_INTRADAY_MOMREV_G1_V1
2010-05-17,1.0,171,104,43,-0.012154074477546125,-7.107645893301828e-05,105,67,26,24,24,9,-0.0058309083130250626,-0.00024295451304271094,0,0,9efd85316ee1f3b09e5fe45f6de7e0ba227b549d0dbf09d49476fcb9ad5caa0f,JNU_INTRADAY_MOMREV_G1_V1
2010-05-18,1.0,146,87,41,0.0014731043495018487,1.0089755818505812e-05,130,59,26,24,24,10,-0.007815553166228452,-0.0003256480485928522,0,0,9efd85316ee1f3b09e5fe45f6de7e0ba227b549d0dbf09d49476fcb9ad5caa0f,JNU_INTRADAY_MOMREV_G1_V1
2010-05-19,1.0,164,98,49,0.0014552093259510687,8.873227597262613e-06,112,66,26,24,24,12,-0.0039727823959353975,-0.00016553259983064156,0,0,9efd85316ee1f3b09e5fe45f6de7e0ba227b549d0dbf09d49476fcb9ad5caa0f,JNU_INTRADAY_MOMREV_G1_V1
2010-05-20,1.0,164,100,40,-0.010441351979456854,-6.36667803625418e-05,112,64,26,24,24,9,-0.003966805895012748,-0.0001652835789588645,0,0,9efd85316ee1f3b09e5fe45f6de7e0ba227b549d0dbf09d49476fcb9ad5caa0f,JNU_INTRADAY_MOMREV_G1_V1
2010-05-21,1.0,172,103,56,0.008193274797279704,4.763531858883549e-05,104,69,26,24,24,10,-0.009237059951886482,-0.00038487749799527007,0,0,9efd85316ee1f3b09e5fe45f6de7e0ba227b549d0dbf09d49476fcb9ad5caa0f,JNU_INTRADAY_MOMREV_G1_V1
2010-05-24,1.0,174,110,54,-0.005119970853035326,-2.942511984503061e-05,102,64,26,24,24,13,0.012822337334759472,0.000534264055614978,0,0,9efd85316ee1f3b09e5fe45f6de7e0ba227b549d0dbf09d49476fcb9ad5caa0f,JNU_INTRADAY_MOMREV_G1_V1
2010-05-25,1.0,189,132,54,-0.02512552928287782,-0.00013293930837501492,87,57,26,24,24,13,0.0015308274956320348,6.378447898466812e-05,0,0,9efd85316ee1f3b09e5fe45f6de7e0ba227b549d0dbf09d49476fcb9ad5caa0f,JNU_INTRADAY_MOMREV_G1_V1
2010-05-26,1.0,178,120,61,0.008968143831845016,5.0382830515983235e-05,98,58,26,24,24,12,0.0010302152688221851,4.292563620092438e-05,0,0,9efd85316ee1f3b09e5fe45f6de7e0ba227b549d0dbf09d49476fcb9ad5caa0f,JNU_INTRADAY_MOMREV_G1_V1
2010-05-27,1.0,192,135,57,-0.020357114153837893,-0.00010602663621790569,84,57,26,24,24,11,-0.0015877024188606936,-6.61542674525289e-05,0,0,9efd85316ee1f3b09e5fe45f6de7e0ba227b549d0dbf09d49476fcb9ad5caa0f,JNU_INTRADAY_MOMREV_G1_V1
2010-05-28,1.0,180,121,60,-0.005618605343968375,-3.121447413315764e-05,96,59,26,24,24,10,0.0035707043103317972,0.00014877934626382488,0,0,9efd85316ee1f3b09e5fe45f6de7e0ba227b549d0dbf09d49476fcb9ad5caa0f,JNU_INTRADAY_MOMREV_G1_V1
2010-05-31,1.0,155,87,41,-0.0036116049589323893,-2.330067715440251e-05,121,68,26,24,24,13,0.0015709902386970382,6.54579266123766e-05,0,0,9efd85316ee1f3b09e5fe45f6de7e0ba227b549d0dbf09d49476fcb9ad5caa0f,JNU_INTRADAY_MOMREV_G1_V1
2010-06-01,1.0,165,101,48,0.0010187121144767596,6.174012815010664e-06,111,64,26,24,24,12,-0.001029599139328542,-4.2899964138689245e-05,0,0,9efd85316ee1f3b09e5fe45f6de7e0ba227b549d0dbf09d49476fcb9ad5caa0f,JNU_INTRADAY_MOMREV_G1_V1
2010-06-02,1.0,181,126,66,0.008290851439598266,4.580580905855396e-05,95,55,26,24,24,12,0.0010791028865481667,4.496262027284028e-05,0,0,9efd85316ee1f3b09e5fe45f6de7e0ba227b549d0dbf09d49476fcb9ad5caa0f,JNU_INTRADAY_MOMREV_G1_V1
2010-06-03,1.0,161,90,40,-0.004004289251259425,-2.487136180906475e-05,115,71,26,24,24,12,-0.0015651070110413885,-6.521279212672452e-05,0,0,9efd85316ee1f3b09e5fe45f6de7e0ba227b549d0dbf09d49476fcb9ad5caa0f,JNU_INTRADAY_MOMREV_G1_V1
2010-06-04,1.0,169,108,46,-0.00605200408463684,-3.581067505702272e-05,107,61,26,24,24,15,0.006044891578744965,0.0002518704824477069,0,0,9efd85316ee1f3b09e5fe45f6de7e0ba227b549d0dbf09d49476fcb9ad5caa0f,JNU_INTRADAY_MOMREV_G1_V1
2010-06-07,1.0,165,99,33,-0.019407757432360558,-0.00011762277231733672,111,66,26,24,24,10,-0.005213264503332044,-0.00021721935430550184,0,0,9efd85316ee1f3b09e5fe45f6de7e0ba227b549d0dbf09d49476fcb9ad5caa0f,JNU_INTRADAY_MOMREV_G1_V1
2010-06-08,1.0,150,86,43,-0.003179323678715338,-2.1195491191435585e-05,126,64,26,24,24,7,-0.00788687775531545,-0.0003286199064714771,0,0,9efd85316ee1f3b09e5fe45f6de7e0ba227b549d0dbf09d49476fcb9ad5caa0f,JNU_INTRADAY_MOMREV_G1_V1
2010-06-09,1.0,164,100,49,0.0015893134589756654,9.690935725461374e-06,112,64,26,24,24,14,0.0026451661357913834,0.00011021525565797431,0,0,9efd85316ee1f3b09e5fe45f6de7e0ba227b549d0dbf09d49476fcb9ad5caa0f,JNU_INTRADAY_MOMREV_G1_V1
2010-06-10,1.0,157,89,36,-0.008968147196202304,-5.712195666370894e-05,119,68,26,24,24,12,-0.0005219354740337932,-2.1747311418074715e-05,0,0,9efd85316ee1f3b09e5fe45f6de7e0ba227b549d0dbf09d49476fcb9ad5caa0f,JNU_INTRADAY_MOMREV_G1_V1
2010-06-11,1.0,149,78,32,-0.009799022164991065,-6.576524942947023e-05,127,71,26,24,24,15,0.008750330291546406,0.0003645970954811002,0,0,9efd85316ee1f3b09e5fe45f6de7e0ba227b549d0dbf09d49476fcb9ad5caa0f,JNU_INTRADAY_MOMREV_G1_V1
2010-06-14,1.0,139,79,24,-0.01877002354059636,-0.00013503614057982992,137,60,26,24,24,15,0.00862752003073996,0.0003594800012808317,0,0,9efd85316ee1f3b09e5fe45f6de7e0ba227b549d0dbf09d49476fcb9ad5caa0f,JNU_INTRADAY_MOMREV_G1_V1
2010-06-15,1.0,148,76,21,-0.0217847039024583,-0.00014719394528688043,128,72,26,24,24,14,0.005589007410093663,0.00023287530875390264,0,0,9efd85316ee1f3b09e5fe45f6de7e0ba227b549d0dbf09d49476fcb9ad5caa0f,JNU_INTRADAY_MOMREV_G1_V1
2010-06-16,1.0,154,97,18,-0.03924516600359554,-0.00025483874028308794,122,57,26,24,24,15,-0.0004959112272746621,-2.0662967803110923e-05,0,0,9efd85316ee1f3b09e5fe45f6de7e0ba227b549d0dbf09d49476fcb9ad5caa0f,JNU_INTRADAY_MOMREV_G1_V1
2010-06-17,1.0,138,65,13,-0.022483204349318987,-0.00016292177064723904,138,73,26,24,24,12,-0.0004961370131338601,-2.0672375547244172e-05,0,0,9efd85316ee1f3b09e5fe45f6de7e0ba227b549d0dbf09d49476fcb9ad5caa0f,JNU_INTRADAY_MOMREV_G1_V1
2010-06-18,1.0,118,54,19,-0.007987274147278688,-6.768876395998889e-05,158,64,26,24,24,16,0.004998260420228091,0.00020826085084283712,0,0,9efd85316ee1f3b09e5fe45f6de7e0ba227b549d0dbf09d49476fcb9ad5caa0f,JNU_INTRADAY_MOMREV_G1_V1
2010-06-21,1.0,164,98,37,-0.015672394613456434,-9.55633817893685e-05,112,66,26,24,24,15,0.011804826425542462,0.0004918677677309359,0,0,9efd85316ee1f3b09e5fe45f6de7e0ba227b549d0dbf09d49476fcb9ad5caa0f,JNU_INTRADAY_MOMREV_G1_V1
2010-06-22,1.0,124,55,16,-0.01429827737743095,-0.00011530868852766895,152,69,26,24,24,16,0.0049324449068550375,0.00020551853778562657,0,0,9efd85316ee1f3b09e5fe45f6de7e0ba227b549d0dbf09d49476fcb9ad5caa0f,JNU_INTRADAY_MOMREV_G1_V1
2010-06-23,1.0,131,61,9,-0.027164790590125092,-0.00020736481366507705,145,70,26,24,24,12,-0.004531607911320287,-0.00018881699630501195,0,0,9efd85316ee1f3b09e5fe45f6de7e0ba227b549d0dbf09d49476fcb9ad5caa0f,JNU_INTRADAY_MOMREV_G1_V1
2010-06-24,1.0,138,70,22,-0.011058219819605907,-8.013202767830367e-05,138,68,26,24,24,9,-0.005034208467067607,-0.00020975868612781696,0,0,9efd85316ee1f3b09e5fe45f6de7e0ba227b549d0dbf09d49476fcb9ad5caa0f,JNU_INTRADAY_MOMREV_G1_V1
2010-06-25,1.0,156,98,33,-0.01747208061815607,-0.00011200051678305172,120,58,26,24,24,12,-0.0036088612443636774,-0.00015036921851515323,0,0,9efd85316ee1f3b09e5fe45f6de7e0ba227b549d0dbf09d49476fcb9ad5caa0f,JNU_INTRADAY_MOMREV_G1_V1
2010-06-28,1.0,147,82,26,-0.019589006162157002,-0.00013325854532079593,129,65,26,24,24,17,0.0025856943887425854,0.00010773726619760773,0,0,9efd85316ee1f3b09e5fe45f6de7e0ba227b549d0dbf09d49476fcb9ad5caa0f,JNU_INTRADAY_MOMREV_G1_V1
2010-06-29,1.0,160,97,30,-0.022216202746943234,-0.0001388512671683952,116,63,26,24,24,16,0.00927652260612467,0.0003865217752551946,0,0,9efd85316ee1f3b09e5fe45f6de7e0ba227b549d0dbf09d49476fcb9ad5caa0f,JNU_INTRADAY_MOMREV_G1_V1
2010-06-30,1.0,161,99,35,-0.01973322361108688,-0.00012256660628004272,115,62,26,24,24,14,0.0074664132128765305,0.0003111005505365221,0,0,9efd85316ee1f3b09e5fe45f6de7e0ba227b549d0dbf09d49476fcb9ad5caa0f,JNU_INTRADAY_MOMREV_G1_V1
2010-07-01,1.0,159,91,28,-0.02168965452446714,-0.00013641292153752918,117,68,26,24,24,15,0.0075859991499010425,0.0003160832979125434,0,0,9efd85316ee1f3b09e5fe45f6de7e0ba227b549d0dbf09d49476fcb9ad5caa0f,JNU_INTRADAY_MOMREV_G1_V1
2010-07-02,1.0,168,103,37,-0.023897835142428294,-0.00014224901870493032,108,65,26,24,24,11,-0.0027216516997238564,-0.00011340215415516068,0,0,9efd85316ee1f3b09e5fe45f6de7e0ba227b549d0dbf09d49476fcb9ad5caa0f,JNU_INTRADAY_MOMREV_G1_V1
2010-07-05,1.0,131,71,22,-0.01730025530985154,-0.0001320630176324545,145,60,26,24,24,11,0.006502317663431576,0.0002709299026429823,0,0,9efd85316ee1f3b09e5fe45f6de7e0ba227b549d0dbf09d49476fcb9ad5caa0f,JNU_INTRADAY_MOMREV_G1_V1
2010-07-06,1.0,159,87,43,0.0005358265761188041,3.369978466156001e-06,117,72,26,24,24,15,0.0031469697016053943,0.00013112373756689143,0,0,9efd85316ee1f3b09e5fe45f6de7e0ba227b549d0dbf09d49476fcb9ad5caa0f,JNU_INTRADAY_MOMREV_G1_V1
2010-07-07,1.0,168,102,45,-0.00921235397334888,-5.483544031755286e-05,108,66,26,24,24,15,0.0032803905135223403,0.00013668293806343084,0,0,9efd85316ee1f3b09e5fe45f6de7e0ba227b549d0dbf09d49476fcb9ad5caa0f,JNU_INTRADAY_MOMREV_G1_V1
2010-07-08,1.0,154,94,17,-0.040991538139071734,-0.0002661788190848814,122,60,26,24,24,12,0.003149884754042772,0.0001312451980851155,0,0,9efd85316ee1f3b09e5fe45f6de7e0ba227b549d0dbf09d49476fcb9ad5caa0f,JNU_INTRADAY_MOMREV_G1_V1
2010-07-09,1.0,140,68,20,-0.0177765003870882,-0.0001269750027649157,136,72,26,24,24,11,-0.005784221170354062,-0.00024100921543141924,0,0,9efd85316ee1f3b09e5fe45f6de7e0ba227b549d0dbf09d49476fcb9ad5caa0f,JNU_INTRADAY_MOMREV_G1_V1
2010-07-12,1.0,164,94,38,-0.006748727350858071,-4.115077652962239e-05,112,70,26,24,24,9,-0.002607846603151295,-0.00010866027513130396,0,0,9efd85316ee1f3b09e5fe45f6de7e0ba227b549d0dbf09d49476fcb9ad5caa0f,JNU_INTRADAY_MOMREV_G1_V1
2010-07-13,1.0,148,83,32,-0.012049479467153503,-8.141540180509124e-05,128,65,26,24,24,13,0.008914211554679226,0.00037142548144496776,0,0,9efd85316ee1f3b09e5fe45f6de7e0ba227b549d0dbf09d49476fcb9ad5caa0f,JNU_INTRADAY_MOMREV_G1_V1
2010-07-14,1.0,162,95,21,-0.029134993170334314,-0.0001798456368539155,114,67,26,24,24,16,0.009205607875381055,0.00038356699480754397,0,0,9efd85316ee1f3b09e5fe45f6de7e0ba227b549d0dbf09d49476fcb9ad5caa0f,JNU_INTRADAY_MOMREV_G1_V1
2010-07-15,1.0,130,63,23,-0.009795028222006981,-7.534637093851524e-05,146,67,26,24,24,14,0.004134087869336745,0.00017225366122236436,0,0,9efd85316ee1f3b09e5fe45f6de7e0ba227b549d0dbf09d49476fcb9ad5caa0f,JNU_INTRADAY_MOMREV_G1_V1
2010-07-16,1.0,156,89,32,-0.016416025895252737,-0.00010523093522597909,120,67,26,24,24,10,-0.00996015473985382,-0.00041500644749390916,0,0,9efd85316ee1f3b09e5fe45f6de7e0ba227b549d0dbf09d49476fcb9ad5caa0f,JNU_INTRADAY_MOMREV_G1_V1
2010-07-20,1.0,143,66,22,-0.012309134861029017,-8.607786616104207e-05,133,77,26,24,24,9,-0.008065656393867136,-0.0003360690164111307,0,0,9efd85316ee1f3b09e5fe45f6de7e0ba227b549d0dbf09d49476fcb9ad5caa0f,JNU_INTRADAY_MOMREV_G1_V1
2010-07-21,1.0,161,94,36,-0.018830082922665987,-0.00011695703678674527,115,67,26,24,24,14,-0.0015993817738626805,-6.664090724427836e-05,0,0,9efd85316ee1f3b09e5fe45f6de7e0ba227b549d0dbf09d49476fcb9ad5caa0f,JNU_INTRADAY_MOMREV_G1_V1
2010-07-22,1.0,155,94,36,-0.014102239503728659,-9.09821903466365e-05,121,61,26,24,24,15,0.013028192030374315,0.0005428413345989298,0,0,9efd85316ee1f3b09e5fe45f6de7e0ba227b549d0dbf09d49476fcb9ad5caa0f,JNU_INTRADAY_MOMREV_G1_V1
2010-07-23,1.0,152,86,35,-0.006917106815223176,-4.550728167909985e-05,124,66,26,24,24,14,0.004255634771345599,0.00017731811547273328,0,0,9efd85316ee1f3b09e5fe45f6de7e0ba227b549d0dbf09d49476fcb9ad5caa0f,JNU_INTRADAY_MOMREV_G1_V1
2010-07-26,1.0,142,83,28,-0.019420343161479236,-0.00013676298001041715,134,59,26,24,24,17,0.01521341661024428,0.0006338923587601783,0,0,9efd85316ee1f3b09e5fe45f6de7e0ba227b549d0dbf09d49476fcb9ad5caa0f,JNU_INTRADAY_MOMREV_G1_V1
2010-07-27,1.0,128,56,19,-0.011578951946738757,-9.046056208389654e-05,148,72,26,24,24,14,0.013662101733811714,0.0005692542389088214,0,0,9efd85316ee1f3b09e5fe45f6de7e0ba227b549d0dbf09d49476fcb9ad5caa0f,JNU_INTRADAY_MOMREV_G1_V1
2010-07-28,1.0,132,67,16,-0.02374374271731099,-0.0001798768387675075,144,65,26,24,24,10,-0.0015134915701322908,-6.306214875551211e-05,0,0,9efd85316ee1f3b09e5fe45f6de7e0ba227b549d0dbf09d49476fcb9ad5caa0f,JNU_INTRADAY_MOMREV_G1_V1
2010-07-29,1.0,133,63,19,-0.013914260490011153,-0.00010461849992489588,143,70,26,24,24,13,0.005671317083916671,0.00023630487849652794,0,0,9efd85316ee1f3b09e5fe45f6de7e0ba227b549d0dbf09d49476fcb9ad5caa0f,JNU_INTRADAY_MOMREV_G1_V1
2010-07-30,1.0,148,84,27,-0.01620655871523113,-0.00010950377510291304,128,64,26,24,24,9,-0.014088007361505225,-0.0005870003067293844,0,0,9efd85316ee1f3b09e5fe45f6de7e0ba227b549d0dbf09d49476fcb9ad5caa0f,JNU_INTRADAY_MOMREV_G1_V1
2010-08-02,1.0,166,103,27,-0.032263917534715796,-0.000194360949004312,110,63,26,24,24,12,-0.008269566125199265,-0.00034456525521663604,0,0,9efd85316ee1f3b09e5fe45f6de7e0ba227b549d0dbf09d49476fcb9ad5caa0f,JNU_INTRADAY_MOMREV_G1_V1
2010-08-03,1.0,152,86,27,-0.018585331281779856,-0.00012227191632749906,124,66,26,24,24,12,0.002065103441920108,8.604597674667117e-05,0,0,9efd85316ee1f3b09e5fe45f6de7e0ba227b549d0dbf09d49476fcb9ad5caa0f,JNU_INTRADAY_MOMREV_G1_V1
2010-08-04,1.0,155,89,28,-0.023140276144897443,-0.00014929210416062867,121,66,26,24,24,14,0.012112043198673553,0.0005046684666113981,0,0,9efd85316ee1f3b09e5fe45f6de7e0ba227b549d0dbf09d49476fcb9ad5caa0f,JNU_INTRADAY_MOMREV_G1_V1
2010-08-05,1.0,132,64,27,-0.00415131761390737,-3.1449375862934624e-05,144,68,26,24,24,13,0.0010091457238784619,4.204773849493591e-05,0,0,9efd85316ee1f3b09e5fe45f6de7e0ba227b549d0dbf09d49476fcb9ad5caa0f,JNU_INTRADAY_MOMREV_G1_V1
2010-08-06,1.0,152,82,29,-0.01770396370179649,-0.00011647344540655584,124,70,26,24,24,10,-0.006233466419525995,-0.0002597277674802498,0,0,9efd85316ee1f3b09e5fe45f6de7e0ba227b549d0dbf09d49476fcb9ad5caa0f,JNU_INTRADAY_MOMREV_G1_V1
2010-08-09,1.0,139,84,22,-0.022523672091468373,-0.00016204080641344152,137,55,26,23,22,15,0.008907253994656951,0.00038727191281117177,1,1,9efd85316ee1f3b09e5fe45f6de7e0ba227b549d0dbf09d49476fcb9ad5caa0f,JNU_INTRADAY_MOMREV_G1_V1
2010-08-10,1.0,142,67,17,-0.0219434270790419,-0.00015453117661297112,134,75,26,24,24,12,-0.0020256907598637922,-8.440378166099134e-05,0,0,9efd85316ee1f3b09e5fe45f6de7e0ba227b549d0dbf09d49476fcb9ad5caa0f,JNU_INTRADAY_MOMREV_G1_V1
2010-08-11,1.0,151,84,29,-0.013428097966796138,-8.892780110461019e-05,125,67,26,24,24,12,-0.006370095611273921,-0.00026542065046974674,0,0,9efd85316ee1f3b09e5fe45f6de7e0ba227b549d0dbf09d49476fcb9ad5caa0f,JNU_INTRADAY_MOMREV_G1_V1
2010-08-12,1.0,162,96,35,-0.012020421457711438,-7.420013245500888e-05,114,66,26,24,24,11,-0.004917848624025519,-0.00020491035933439662,0,0,9efd85316ee1f3b09e5fe45f6de7e0ba227b549d0dbf09d49476fcb9ad5caa0f,JNU_INTRADAY_MOMREV_G1_V1
2010-08-13,1.0,161,95,32,-0.022243562879363365,-0.00013815877564821966,115,66,26,24,24,13,0.010338678666177933,0.00043077827775741384,0,0,9efd85316ee1f3b09e5fe45f6de7e0ba227b549d0dbf09d49476fcb9ad5caa0f,JNU_INTRADAY_MOMREV_G1_V1
2010-08-16,1.0,161,97,30,-0.020202073208000774,-0.00012547871557764455,115,64,26,24,24,14,0.0032787240795171756,0.00013661350331321565,0,0,9efd85316ee1f3b09e5fe45f6de7e0ba227b549d0dbf09d49476fcb9ad5caa0f,JNU_INTRADAY_MOMREV_G1_V1
2010-08-17,1.0,151,84,36,-0.009285875582166215,-6.149586478255772e-05,125,67,26,24,24,12,-0.004408473120420188,-0.00018368638001750785,0,0,9efd85316ee1f3b09e5fe45f6de7e0ba227b549d0dbf09d49476fcb9ad5caa0f,JNU_INTRADAY_MOMREV_G1_V1
2010-08-18,1.0,162,96,35,-0.022255685255050683,-0.00013738077317932521,114,66,26,24,24,12,0.007029800210067796,0.00029290834208615816,0,0,9efd85316ee1f3b09e5fe45f6de7e0ba227b549d0dbf09d49476fcb9ad5caa0f,JNU_INTRADAY_MOMREV_G1_V1
2010-08-19,1.0,139,78,30,-0.00427198954145649,-3.0733737708320075e-05,137,61,26,24,24,12,-0.008573672188668682,-0.00035723634119452845,0,0,9efd85316ee1f3b09e5fe45f6de7e0ba227b549d0dbf09d49476fcb9ad5caa0f,JNU_INTRADAY_MOMREV_G1_V1
2010-08-20,1.0,150,86,37,-0.00924818379812009,-6.165455865413393e-05,126,64,26,24,24,15,0.008119181775879896,0.00033829924066166233,0,0,9efd85316ee1f3b09e5fe45f6de7e0ba227b549d0dbf09d49476fcb9ad5caa0f,JNU_INTRADAY_MOMREV_G1_V1
2010-08-23,1.0,168,106,30,-0.028549435811095807,-0.00016993711792318933,108,62,26,24,24,10,-0.005468026148957873,-0.0002278344228732447,0,0,9efd85316ee1f3b09e5fe45f6de7e0ba227b549d0dbf09d49476fcb9ad5caa0f,JNU_INTRADAY_MOMREV_G1_V1
2010-08-24,1.0,165,89,37,-0.010541842966773008,-6.388995737438186e-05,111,76,26,24,24,11,-0.007214954274478662,-0.00030062309476994425,0,0,9efd85316ee1f3b09e5fe45f6de7e0ba227b549d0dbf09d49476fcb9ad5caa0f,JNU_INTRADAY_MOMREV_G1_V1
2010-08-25,1.0,166,98,40,-0.007319802068020175,-4.4095193180844426e-05,110,68,26,24,24,11,0.007858496927615158,0.00032743737198396493,0,0,9efd85316ee1f3b09e5fe45f6de7e0ba227b549d0dbf09d49476fcb9ad5caa0f,JNU_INTRADAY_MOMREV_G1_V1
2010-08-26,1.0,137,71,24,-0.018056849353168546,-0.00013180182009612078,139,66,26,24,24,11,0.003369794630941737,0.00014040810962257237,0,0,9efd85316ee1f3b09e5fe45f6de7e0ba227b549d0dbf09d49476fcb9ad5caa0f,JNU_INTRADAY_MOMREV_G1_V1
2010-08-27,1.0,169,109,45,-0.00912466404903752,-5.399209496471905e-05,107,60,26,24,24,12,-0.0072827004086500335,-0.00030344585036041805,0,0,9efd85316ee1f3b09e5fe45f6de7e0ba227b549d0dbf09d49476fcb9ad5caa0f,JNU_INTRADAY_MOMREV_G1_V1
2010-08-30,1.0,162,102,44,-0.0065153086494175675,-4.021795462603437e-05,114,60,26,24,24,7,-0.003765743222776165,-0.00015690596761567353,0,0,9efd85316ee1f3b09e5fe45f6de7e0ba227b549d0dbf09d49476fcb9ad5caa0f,JNU_INTRADAY_MOMREV_G1_V1
2010-08-31,1.0,157,96,39,-0.006697708506561649,-4.2660563736061455e-05,119,61,26,24,24,10,-0.010719616566436167,-0.0004466506902681736,0,0,9efd85316ee1f3b09e5fe45f6de7e0ba227b549d0dbf09d49476fcb9ad5caa0f,JNU_INTRADAY_MOMREV_G1_V1
2010-09-01,1.0,158,91,40,-0.005041927680202393,-3.191093468482528e-05,118,67,26,24,24,16,0.012426034673942495,0.000517751444747604,0,0,9efd85316ee1f3b09e5fe45f6de7e0ba227b549d0dbf09d49476fcb9ad5caa0f,JNU_INTRADAY_MOMREV_G1_V1
2010-09-02,1.0,157,86,34,-0.008884163445775514,-5.658702831704149e-05,119,71,26,24,24,12,-0.0027778649846363157,-0.00011574437435984649,0,0,9efd85316ee1f3b09e5fe45f6de7e0ba227b549d0dbf09d49476fcb9ad5caa0f,JNU_INTRADAY_MOMREV_G1_V1
2010-09-03,1.0,158,84,40,-0.0038472196389023267,-2.4349491385457765e-05,118,74,26,24,24,14,0.006029390291130353,0.0002512245954637647,0,0,9efd85316ee1f3b09e5fe45f6de7e0ba227b549d0dbf09d49476fcb9ad5caa0f,JNU_INTRADAY_MOMREV_G1_V1
2010-09-06,1.0,162,88,25,-0.022705427948024735,-0.000140156962642128,114,74,26,24,24,19,0.008084693257092521,0.00033686221904552174,0,0,9efd85316ee1f3b09e5fe45f6de7e0ba227b549d0dbf09d49476fcb9ad5caa0f,JNU_INTRADAY_MOMREV_G1_V1
2010-09-07,1.0,146,80,24,-0.02158189697513886,-0.00014782121215848533,130,66,26,24,24,14,0.005429666951053213,0.00022623612296055056,0,0,9efd85316ee1f3b09e5fe45f6de7e0ba227b549d0dbf09d49476fcb9ad5caa0f,JNU_INTRADAY_MOMREV_G1_V1
2010-09-08,1.0,136,73,30,-0.011600579112719158,-8.529837582881734e-05,140,63,26,24,24,15,0.011069082072438136,0.00046121175301825566,0,0,9efd85316ee1f3b09e5fe45f6de7e0ba227b549d0dbf09d49476fcb9ad5caa0f,JNU_INTRADAY_MOMREV_G1_V1
2010-09-09,1.0,140,74,24,-0.01815743344922302,-0.00012969595320873586,136,66,26,24,24,12,-0.002766676064671695,-0.00011527816936132063,0,0,9efd85316ee1f3b09e5fe45f6de7e0ba227b549d0dbf09d49476fcb9ad5caa0f,JNU_INTRADAY_MOMREV_G1_V1
2010-09-10,1.0,155,94,32,-0.014723115656428337,-9.498784294469895e-05,121,61,26,24,24,10,-0.017467124777803843,-0.0007277968657418268,0,0,9efd85316ee1f3b09e5fe45f6de7e0ba227b549d0dbf09d49476fcb9ad5caa0f,JNU_INTRADAY_MOMREV_G1_V1
2010-09-13,1.0,154,88,29,-0.02255847690137261,-0.0001464836162426793,122,66,26,24,24,11,-0.005386191055438077,-0.0002244246273099199,0,0,9efd85316ee1f3b09e5fe45f6de7e0ba227b549d0dbf09d49476fcb9ad5caa0f,JNU_INTRADAY_MOMREV_G1_V1
2010-09-14,1.0,151,89,34,-0.015689035924891733,-0.00010390090016484592,125,62,26,24,24,11,-0.004330193138569241,-0.0001804247141070517,0,0,9efd85316ee1f3b09e5fe45f6de7e0ba227b549d0dbf09d49476fcb9ad5caa0f,JNU_INTRADAY_MOMREV_G1_V1
2010-09-15,1.0,179,117,51,0.006203502620568931,3.465643922105548e-05,97,62,26,24,24,11,0.018236901261548324,0.0007598708858978469,0,0,9efd85316ee1f3b09e5fe45f6de7e0ba227b549d0dbf09d49476fcb9ad5caa0f,JNU_INTRADAY_MOMREV_G1_V1
2010-09-16,1.0,155,88,34,-0.01527872319228502,-9.857240769216142e-05,121,67,26,24,24,14,0.004703566316856563,0.00019598192986902346,0,0,9efd85316ee1f3b09e5fe45f6de7e0ba227b549d0dbf09d49476fcb9ad5caa0f,JNU_INTRADAY_MOMREV_G1_V1
2010-09-17,1.0,155,89,25,-0.025128815410333665,-0.00016212138974408817,121,66,26,24,24,14,0.00785495457320547,0.00032728977388356127,0,0,9efd85316ee1f3b09e5fe45f6de7e0ba227b549d0dbf09d49476fcb9ad5caa0f,JNU_INTRADAY_MOMREV_G1_V1
2010-09-21,1.0,157,88,20,-0.030767779104769192,-0.00019597311531700123,119,69,26,24,24,14,0.007297173420301216,0.0003040488925125507,0,0,9efd85316ee1f3b09e5fe45f6de7e0ba227b549d0dbf09d49476fcb9ad5caa0f,JNU_INTRADAY_MOMREV_G1_V1
2010-09-22,1.0,140,81,24,-0.01625968575599219,-0.00011614061254280135,136,59,26,24,24,18,0.007860428723542538,0.0003275178634809391,0,0,9efd85316ee1f3b09e5fe45f6de7e0ba227b549d0dbf09d49476fcb9ad5caa0f,JNU_INTRADAY_MOMREV_G1_V1
2010-09-24,1.0,161,94,36,-0.003175330307217829,-1.9722548492036205e-05,115,67,26,24,24,12,-0.012674923156462087,-0.0005281217981859203,0,0,9efd85316ee1f3b09e5fe45f6de7e0ba227b549d0dbf09d49476fcb9ad5caa0f,JNU_INTRADAY_MOMREV_G1_V1
2010-09-27,1.0,161,96,29,-0.02465779999557722,-0.00015315403723961007,115,65,26,24,24,10,-0.00523694363930172,-0.000218205984970905,0,0,9efd85316ee1f3b09e5fe45f6de7e0ba227b549d0dbf09d49476fcb9ad5caa0f,JNU_INTRADAY_MOMREV_G1_V1
2010-09-28,1.0,129,71,12,-0.029921015936065914,-0.00023194585996950322,147,58,26,23,22,15,0.0041815789807851216,0.00018180778177326616,1,1,9efd85316ee1f3b09e5fe45f6de7e0ba227b549d0dbf09d49476fcb9ad5caa0f,JNU_INTRADAY_MOMREV_G1_V1
2010-09-29,1.0,141,72,26,-0.004691750799741529,-3.32748283669612e-05,135,69,26,24,24,11,-0.009933834976015209,-0.00041390979066730036,0,0,9efd85316ee1f3b09e5fe45f6de7e0ba227b549d0dbf09d49476fcb9ad5caa0f,JNU_INTRADAY_MOMREV_G1_V1
2010-09-30,1.0,165,93,29,-0.01679763922493859,-0.00010180387409053692,111,72,26,24,24,14,0.006774242778698083,0.0002822601157790868,0,0,9efd85316ee1f3b09e5fe45f6de7e0ba227b549d0dbf09d49476fcb9ad5caa0f,JNU_INTRADAY_MOMREV_G1_V1
2010-10-01,1.0,150,86,31,-0.020148960736781574,-0.00013432640491187715,126,64,26,24,24,9,-0.01221673294718076,-0.000509030539465865,0,0,9efd85316ee1f3b09e5fe45f6de7e0ba227b549d0dbf09d49476fcb9ad5caa0f,JNU_INTRADAY_MOMREV_G1_V1
2010-10-04,1.0,177,120,47,-0.015910510866862255,-8.988989190317658e-05,99,57,26,24,24,11,-0.009586700170435725,-0.00039944584043482184,0,0,9efd85316ee1f3b09e5fe45f6de7e0ba227b549d0dbf09d49476fcb9ad5caa0f,JNU_INTRADAY_MOMREV_G1_V1
2010-10-05,1.0,176,113,44,-0.017484812273503517,-9.934552428126999e-05,100,63,26,24,24,11,-0.005757395551462764,-0.00023989148131094848,0,0,9efd85316ee1f3b09e5fe45f6de7e0ba227b549d0dbf09d49476fcb9ad5caa0f,JNU_INTRADAY_MOMREV_G1_V1
2010-10-06,1.0,176,114,44,-0.01090414467214383,-6.195536745536267e-05,100,62,26,24,24,18,0.020179830356451142,0.0008408262648521309,0,0,9efd85316ee1f3b09e5fe45f6de7e0ba227b549d0dbf09d49476fcb9ad5caa0f,JNU_INTRADAY_MOMREV_G1_V1
2010-10-07,1.0,160,106,35,-0.027384991308487074,-0.00017115619567804422,116,54,26,24,24,13,0.00826793253753782,0.00034449718906407584,0,0,9efd85316ee1f3b09e5fe45f6de7e0ba227b549d0dbf09d49476fcb9ad5caa0f,JNU_INTRADAY_MOMREV_G1_V1
2010-10-08,1.0,135,71,26,-0.012953766550330929,-9.595382629874761e-05,141,64,26,24,24,15,0.001022232543675167,4.259302265313196e-05,0,0,9efd85316ee1f3b09e5fe45f6de7e0ba227b549d0dbf09d49476fcb9ad5caa0f,JNU_INTRADAY_MOMREV_G1_V1
2010-10-12,1.0,172,105,36,-0.017383485258830423,-0.00010106677476064199,104,67,26,24,24,10,-0.0036438458709769374,-0.00015182691129070572,0,0,9efd85316ee1f3b09e5fe45f6de7e0ba227b549d0dbf09d49476fcb9ad5caa0f,JNU_INTRADAY_MOMREV_G1_V1
2010-10-13,1.0,148,77,27,-0.01639176473706127,-0.00011075516714230587,128,71,26,24,24,16,0.005830370411027801,0.0002429321004594917,0,0,9efd85316ee1f3b09e5fe45f6de7e0ba227b549d0dbf09d49476fcb9ad5caa0f,JNU_INTRADAY_MOMREV_G1_V1
2010-10-14,1.0,151,86,36,-0.007819531321529271,-5.17849756392667e-05,125,65,26,24,24,10,-0.00940115840084567,-0.0003917149333685696,0,0,9efd85316ee1f3b09e5fe45f6de7e0ba227b549d0dbf09d49476fcb9ad5caa0f,JNU_INTRADAY_MOMREV_G1_V1
2010-10-15,1.0,148,79,30,-0.012099902976967548,-8.175610119572668e-05,128,69,26,24,24,14,-0.006827043836350306,-0.00028446015984792943,0,0,9efd85316ee1f3b09e5fe45f6de7e0ba227b549d0dbf09d49476fcb9ad5caa0f,JNU_INTRADAY_MOMREV_G1_V1
2010-10-18,1.0,132,63,19,-0.015224106837435634,-0.00011533414270784571,144,69,26,24,24,14,0.005231748183897301,0.00021798950766238753,0,0,9efd85316ee1f3b09e5fe45f6de7e0ba227b549d0dbf09d49476fcb9ad5caa0f,JNU_INTRADAY_MOMREV_G1_V1
2010-10-19,1.0,143,78,23,-0.020428960948492038,-0.0001428598667726716,133,65,26,24,24,15,-0.002096971231691002,-8.737380132045841e-05,0,0,9efd85316ee1f3b09e5fe45f6de7e0ba227b549d0dbf09d49476fcb9ad5caa0f,JNU_INTRADAY_MOMREV_G1_V1
2010-10-20,1.0,148,89,30,-0.018145340715076015,-0.00012260365348024335,128,59,26,24,24,14,0.008005862582568895,0.00033357760760703727,0,0,9efd85316ee1f3b09e5fe45f6de7e0ba227b549d0dbf09d49476fcb9ad5caa0f,JNU_INTRADAY_MOMREV_G1_V1
2010-10-21,1.0,158,91,31,-0.019739243613140542,-0.00012493192160215532,118,67,26,24,24,12,0.01543048112496929,0.000642936713540387,0,0,9efd85316ee1f3b09e5fe45f6de7e0ba227b549d0dbf09d49476fcb9ad5caa0f,JNU_INTRADAY_MOMREV_G1_V1
2010-10-22,1.0,127,69,16,-0.02228937291917122,-0.00017550687337930095,149,58,26,24,24,13,0.0026535069575282814,0.00011056278989701172,0,0,9efd85316ee1f3b09e5fe45f6de7e0ba227b549d0dbf09d49476fcb9ad5caa0f,JNU_INTRADAY_MOMREV_G1_V1
2010-10-25,1.0,134,73,26,-0.013250123103713308,-9.888151569935304e-05,142,61,26,24,24,13,0.0005269872768640805,2.195780320267002e-05,0,0,9efd85316ee1f3b09e5fe45f6de7e0ba227b549d0dbf09d49476fcb9ad5caa0f,JNU_INTRADAY_MOMREV_G1_V1
2010-10-26,1.0,129,68,17,-0.021280355632353344,-0.00016496399715002592,147,61,26,24,24,12,0.0021395298229986304,8.914707595827627e-05,0,0,9efd85316ee1f3b09e5fe45f6de7e0ba227b549d0dbf09d49476fcb9ad5caa0f,JNU_INTRADAY_MOMREV_G1_V1
2010-10-27,1.0,132,67,18,-0.01542620927392606,-0.00011686522177216712,144,65,26,24,24,14,0.0015758216515350692,6.565923548062788e-05,0,0,9efd85316ee1f3b09e5fe45f6de7e0ba227b549d0dbf09d49476fcb9ad5caa0f,JNU_INTRADAY_MOMREV_G1_V1
2010-10-28,1.0,118,60,16,-0.019196619084107743,-0.00016268321257718426,158,58,26,22,21,12,0.002669945925525698,0.00012136117843298627,2,1,9efd85316ee1f3b09e5fe45f6de7e0ba227b549d0dbf09d49476fcb9ad5caa0f,JNU_INTRADAY_MOMREV_G1_V1
2010-10-29,1.0,144,81,28,-0.011425674257928627,-7.934496012450435e-05,132,63,26,24,24,8,-0.005462582700538118,-0.00022760761252242157,0,0,9efd85316ee1f3b09e5fe45f6de7e0ba227b549d0dbf09d49476fcb9ad5caa0f,JNU_INTRADAY_MOMREV_G1_V1
2010-11-01,1.0,155,101,32,-0.025548784994544927,-0.00016483087093254793,121,54,26,24,24,14,0.00215403928426534,8.975163684438917e-05,0,0,9efd85316ee1f3b09e5fe45f6de7e0ba227b549d0dbf09d49476fcb9ad5caa0f,JNU_INTRADAY_MOMREV_G1_V1
2010-11-02,1.0,138,71,16,-0.024041052989169268,-0.00017421052890702367,138,67,26,24,24,13,0.004371885046588064,0.00018216187694116933,0,0,9efd85316ee1f3b09e5fe45f6de7e0ba227b549d0dbf09d49476fcb9ad5caa0f,JNU_INTRADAY_MOMREV_G1_V1
2010-11-04,1.0,147,86,24,-0.02300972862632988,-0.0001565287661655094,129,61,26,24,24,11,-0.002679684846272363,-0.00011165353526134845,0,0,9efd85316ee1f3b09e5fe45f6de7e0ba227b549d0dbf09d49476fcb9ad5caa0f,JNU_INTRADAY_MOMREV_G1_V1
2010-11-05,1.0,137,71,26,-0.013609134203470959,-9.933674601073692e-05,139,66,26,24,24,7,-0.014551587259250102,-0.0006063161358020875,0,0,9efd85316ee1f3b09e5fe45f6de7e0ba227b549d0dbf09d49476fcb9ad5caa0f,JNU_INTRADAY_MOMREV_G1_V1
2010-11-08,1.0,135,69,19,-0.01286765728677228,-9.531597990201689e-05,141,66,26,24,24,12,0.0015449340761491755,6.437225317288232e-05,0,0,9efd85316ee1f3b09e5fe45f6de7e0ba227b549d0dbf09d49476fcb9ad5caa0f,JNU_INTRADAY_MOMREV_G1_V1
2010-11-09,1.0,120,65,19,-0.011873372019888194,-9.894476683240161e-05,156,55,26,22,20,14,0.011350865493091084,0.0005159484315041402,2,2,9efd85316ee1f3b09e5fe45f6de7e0ba227b549d0dbf09d49476fcb9ad5caa0f,JNU_INTRADAY_MOMREV_G1_V1
2010-11-10,1.0,128,72,23,-0.016839558741517775,-0.00013155905266810762,148,56,26,24,24,15,0.0020392702935722734,8.49695955655114e-05,0,0,9efd85316ee1f3b09e5fe45f6de7e0ba227b549d0dbf09d49476fcb9ad5caa0f,JNU_INTRADAY_MOMREV_G1_V1
2010-11-11,1.0,143,81,13,-0.03294953757847818,-0.00023041634670264465,133,62,26,24,24,11,0.002535369902838006,0.00010564041261825026,0,0,9efd85316ee1f3b09e5fe45f6de7e0ba227b549d0dbf09d49476fcb9ad5caa0f,JNU_INTRADAY_MOMREV_G1_V1
2010-11-12,1.0,137,72,20,-0.02096620401627219,-0.00015303798552023496,139,65,26,24,24,13,0.0020729024606213377,8.637093585922241e-05,0,0,9efd85316ee1f3b09e5fe45f6de7e0ba227b549d0dbf09d49476fcb9ad5caa0f,JNU_INTRADAY_MOMREV_G1_V1
2010-11-15,1.0,155,102,30,-0.02447373694383067,-0.00015789507705697207,121,53,26,24,24,12,0.0010133841081134312,4.222433783805963e-05,0,0,9efd85316ee1f3b09e5fe45f6de7e0ba227b549d0dbf09d49476fcb9ad5caa0f,JNU_INTRADAY_MOMREV_G1_V1
2010-11-16,1.0,141,72,25,-0.00917404582600843,-6.506415479438603e-05,135,69,26,24,24,4,-0.021858396508037014,-0.0009107665211682089,0,0,9efd85316ee1f3b09e5fe45f6de7e0ba227b549d0dbf09d49476fcb9ad5caa0f,JNU_INTRADAY_MOMREV_G1_V1
2010-11-17,1.0,136,62,15,-0.023030712868949556,-0.00016934347697757026,140,74,26,24,24,16,0.006133121353540392,0.000255546723064183,0,0,9efd85316ee1f3b09e5fe45f6de7e0ba227b549d0dbf09d49476fcb9ad5caa0f,JNU_INTRADAY_MOMREV_G1_V1
2010-11-18,1.0,140,75,33,-0.005047127182969988,-3.605090844978563e-05,136,65,26,24,24,8,-0.009621386480144078,-0.0004008911033393366,0,0,9efd85316ee1f3b09e5fe45f6de7e0ba227b549d0dbf09d49476fcb9ad5caa0f,JNU_INTRADAY_MOMREV_G1_V1
2010-11-19,1.0,132,68,23,-0.010449168167755577,-7.916036490723921e-05,144,64,26,24,24,14,0.00444792093454263,0.00018533003893927624,0,0,9efd85316ee1f3b09e5fe45f6de7e0ba227b549d0dbf09d49476fcb9ad5caa0f,JNU_INTRADAY_MOMREV_G1_V1
2010-11-22,1.0,138,75,17,-0.022213631500204917,-0.00016096834420438344,138,63,26,24,24,10,0.002960770821864674,0.0001233654509110281,0,0,9efd85316ee1f3b09e5fe45f6de7e0ba227b549d0dbf09d49476fcb9ad5caa0f,JNU_INTRADAY_MOMREV_G1_V1
2010-11-24,1.0,152,98,37,-0.01546888367140864,-0.00010176897152242526,124,54,26,24,24,14,0.007469285518133608,0.00031122022992223367,0,0,9efd85316ee1f3b09e5fe45f6de7e0ba227b549d0dbf09d49476fcb9ad5caa0f,JNU_INTRADAY_MOMREV_G1_V1
2010-11-25,1.0,143,75,27,-0.011387041285442379,-7.962965933875789e-05,133,68,26,24,24,13,0.004480405507487822,0.0001866835628119926,0,0,9efd85316ee1f3b09e5fe45f6de7e0ba227b549d0dbf09d49476fcb9ad5caa0f,JNU_INTRADAY_MOMREV_G1_V1
2010-11-26,1.0,142,82,19,-0.027269983346560937,-0.0001920421362433869,134,60,26,24,24,12,0.00444775863686883,0.00018532327653620123,0,0,9efd85316ee1f3b09e5fe45f6de7e0ba227b549d0dbf09d49476fcb9ad5caa0f,JNU_INTRADAY_MOMREV_G1_V1
2010-11-29,1.0,155,89,25,-0.02819462794601985,-0.00018190082545819258,121,66,26,24,24,10,-0.009396306005712366,-0.00039151275023801527,0,0,9efd85316ee1f3b09e5fe45f6de7e0ba227b549d0dbf09d49476fcb9ad5caa0f,JNU_INTRADAY_MOMREV_G1_V1
2010-11-30,1.0,146,78,28,-0.010975031258579836,-7.517144697657422e-05,130,68,26,24,24,17,0.012504127687116734,0.0005210053202965306,0,0,9efd85316ee1f3b09e5fe45f6de7e0ba227b549d0dbf09d49476fcb9ad5caa0f,JNU_INTRADAY_MOMREV_G1_V1
2010-12-01,1.0,132,68,24,-0.010554913222961773,-7.996146381031646e-05,144,64,26,24,24,11,0.002014840177946274,8.395167408109474e-05,0,0,9efd85316ee1f3b09e5fe45f6de7e0ba227b549d0dbf09d49476fcb9ad5caa0f,JNU_INTRADAY_MOMREV_G1_V1
2010-12-02,1.0,144,79,21,-0.020645367284801666,-0.000143370606144456,132,65,26,24,24,16,0.009335527011252802,0.0003889802921355334,0,0,9efd85316ee1f3b09e5fe45f6de7e0ba227b549d0dbf09d49476fcb9ad5caa0f,JNU_INTRADAY_MOMREV_G1_V1
2010-12-03,1.0,134,74,13,-0.02548937353486689,-0.00019021920548408126,142,60,26,24,24,14,0.0024590313479503113,0.00010245963949792964,0,0,9efd85316ee1f3b09e5fe45f6de7e0ba227b549d0dbf09d49476fcb9ad5caa0f,JNU_INTRADAY_MOMREV_G1_V1
2010-12-06,1.0,128,60,8,-0.022626423555159734,-0.00017676893402468542,148,68,26,24,24,13,0.0024605111700341615,0.0001025212987514234,0,0,9efd85316ee1f3b09e5fe45f6de7e0ba227b549d0dbf09d49476fcb9ad5caa0f,JNU_INTRADAY_MOMREV_G1_V1
2010-12-07,1.0,138,76,24,-0.016290105553515285,-0.0001180442431414151,138,62,26,24,24,12,0.000486159569723345,2.025664873847271e-05,0,0,9efd85316ee1f3b09e5fe45f6de7e0ba227b549d0dbf09d49476fcb9ad5caa0f,JNU_INTRADAY_MOMREV_G1_V1
2010-12-08,1.0,146,83,19,-0.025398519055078034,-0.0001739624592813564,130,63,26,24,24,10,-0.008795027371788543,-0.0003664594738245226,0,0,9efd85316ee1f3b09e5fe45f6de7e0ba227b549d0dbf09d49476fcb9ad5caa0f,JNU_INTRADAY_MOMREV_G1_V1
2010-12-09,1.0,137,71,10,-0.024340411890133144,-0.00017766724007396457,139,66,26,24,24,19,0.005350075993399636,0.00022291983305831818,0,0,9efd85316ee1f3b09e5fe45f6de7e0ba227b549d0dbf09d49476fcb9ad5caa0f,JNU_INTRADAY_MOMREV_G1_V1
2010-12-10,1.0,137,69,23,-0.006366051707028562,-4.646753070823768e-05,139,68,26,23,22,10,-0.0024372333927439884,-0.00010596666924973863,1,1,9efd85316ee1f3b09e5fe45f6de7e0ba227b549d0dbf09d49476fcb9ad5caa0f,JNU_INTRADAY_MOMREV_G1_V1
2010-12-13,1.0,128,68,8,-0.02883367200447535,-0.00022526306253496366,148,60,26,24,24,14,0.005390569533522445,0.00022460706389676856,0,0,9efd85316ee1f3b09e5fe45f6de7e0ba227b549d0dbf09d49476fcb9ad5caa0f,JNU_INTRADAY_MOMREV_G1_V1
2010-12-14,1.0,135,67,13,-0.021874302813534086,-0.00016203187269284508,141,68,26,24,24,15,0.008261523478996356,0.00034423014495818153,0,0,9efd85316ee1f3b09e5fe45f6de7e0ba227b549d0dbf09d49476fcb9ad5caa0f,JNU_INTRADAY_MOMREV_G1_V1
2010-12-15,1.0,112,45,14,-0.00969603821677694,-8.657176979265126e-05,164,67,26,24,24,14,0.0009692211232810565,4.038421347004402e-05,0,0,9efd85316ee1f3b09e5fe45f6de7e0ba227b549d0dbf09d49476fcb9ad5caa0f,JNU_INTRADAY_MOMREV_G1_V1
2010-12-16,1.0,117,52,12,-0.01552599278626404,-0.0001327007930449918,159,65,26,22,21,12,-0.00047566981646576193,-2.162135529389827e-05,2,1,9efd85316ee1f3b09e5fe45f6de7e0ba227b549d0dbf09d49476fcb9ad5caa0f,JNU_INTRADAY_MOMREV_G1_V1
2010-12-17,1.0,108,46,4,-0.018451561629827,-0.00017084779286876854,168,62,26,24,24,15,0.004369052036467695,0.00018204383485282064,0,0,9efd85316ee1f3b09e5fe45f6de7e0ba227b549d0dbf09d49476fcb9ad5caa0f,JNU_INTRADAY_MOMREV_G1_V1
2010-12-20,1.0,111,52,14,-0.01124191897318206,-0.00010127854930794648,165,59,26,24,24,14,0.003389057661104168,0.00014121073587934033,0,0,9efd85316ee1f3b09e5fe45f6de7e0ba227b549d0dbf09d49476fcb9ad5caa0f,JNU_INTRADAY_MOMREV_G1_V1
2010-12-21,1.0,116,58,8,-0.02180668681088812,-0.00018798867940420793,160,58,26,24,24,15,0.0038779076755945897,0.0001615794864831079,0,0,9efd85316ee1f3b09e5fe45f6de7e0ba227b549d0dbf09d49476fcb9ad5caa0f,JNU_INTRADAY_MOMREV_G1_V1
2010-12-22,1.0,102,46,5,-0.018350076461718642,-0.0001799027104090063,174,56,26,23,22,9,-0.005792444251596969,-0.0002518454022433465,1,1,9efd85316ee1f3b09e5fe45f6de7e0ba227b549d0dbf09d49476fcb9ad5caa0f,JNU_INTRADAY_MOMREV_G1_V1
2010-12-24,1.0,110,55,4,-0.022887991714956552,-0.00020807265195415048,166,55,26,24,24,8,0.0009741844284703598,4.0591017852931656e-05,0,0,9efd85316ee1f3b09e5fe45f6de7e0ba227b549d0dbf09d49476fcb9ad5caa0f,JNU_INTRADAY_MOMREV_G1_V1
2010-12-27,1.0,116,53,3,-0.02465753421323773,-0.00021256495011411837,160,63,26,24,24,14,0.0033770839787666007,0.00014071183244860835,0,0,9efd85316ee1f3b09e5fe45f6de7e0ba227b549d0dbf09d49476fcb9ad5caa0f,JNU_INTRADAY_MOMREV_G1_V1
2010-12-28,1.0,85,37,6,-0.011632370840584312,-0.00013685142165393308,191,48,26,23,22,9,-0.0014538405909352958,-6.321046047544765e-05,1,1,9efd85316ee1f3b09e5fe45f6de7e0ba227b549d0dbf09d49476fcb9ad5caa0f,JNU_INTRADAY_MOMREV_G1_V1
2010-12-29,1.0,100,49,11,-0.013081325471960057,-0.00013081325471960058,176,51,26,23,22,8,-0.003392308816190602,-0.00014749168766046096,1,1,9efd85316ee1f3b09e5fe45f6de7e0ba227b549d0dbf09d49476fcb9ad5caa0f,JNU_INTRADAY_MOMREV_G1_V1
2010-12-30,1.0,128,69,21,-0.011237834924141146,-8.77955853448527e-05,148,59,26,23,22,10,-0.008315160822207266,-0.0003615287314003159,1,1,9efd85316ee1f3b09e5fe45f6de7e0ba227b549d0dbf09d49476fcb9ad5caa0f,JNU_INTRADAY_MOMREV_G1_V1
2011-01-04,1.0,128,63,11,-0.02215647485858533,-0.0001730974598326979,148,65,26,24,24,10,-0.0019284225386553774,-8.035093911064072e-05,0,0,6f7b41261f1f9ccbcc454fe41cc5c76c85a575f8f1ae17a634fc0f54da242d43,JNU_INTRADAY_MOMREV_G1_V1
2011-01-05,1.0,121,68,16,-0.02022427192918389,-0.0001671427432163958,155,53,26,24,24,16,0.007703192982790617,0.00032096637428294237,0,0,6f7b41261f1f9ccbcc454fe41cc5c76c85a575f8f1ae17a634fc0f54da242d43,JNU_INTRADAY_MOMREV_G1_V1
2011-01-06,1.0,103,55,9,-0.01996989472383767,-0.00019388247304696766,173,48,26,23,22,13,0.006181082607379171,0.000268742722059964,1,1,6f7b41261f1f9ccbcc454fe41cc5c76c85a575f8f1ae17a634fc0f54da242d43,JNU_INTRADAY_MOMREV_G1_V1
2011-01-07,1.0,101,49,6,-0.01947172196147631,-0.0001927893263512506,175,52,26,24,24,13,0.00616822024459208,0.00025700917685800333,0,0,6f7b41261f1f9ccbcc454fe41cc5c76c85a575f8f1ae17a634fc0f54da242d43,JNU_INTRADAY_MOMREV_G1_V1
2011-01-11,1.0,118,58,9,-0.018543494599034337,-0.0001571482593138503,158,60,26,24,24,13,0.004760552335404005,0.00019835634730850022,0,0,6f7b41261f1f9ccbcc454fe41cc5c76c85a575f8f1ae17a634fc0f54da242d43,JNU_INTRADAY_MOMREV_G1_V1
2011-01-12,1.0,125,66,12,-0.021343849800581727,-0.0001707507984046538,151,59,26,22,21,12,-0.00048372122306184536,-2.198732832099297e-05,2,1,6f7b41261f1f9ccbcc454fe41cc5c76c85a575f8f1ae17a634fc0f54da242d43,JNU_INTRADAY_MOMREV_G1_V1
2011-01-13,1.0,112,63,11,-0.02078926372876749,-0.00018561842614970973,164,49,26,22,20,12,0.00425364366635169,0.00019334743937962225,2,2,6f7b41261f1f9ccbcc454fe41cc5c76c85a575f8f1ae17a634fc0f54da242d43,JNU_INTRADAY_MOMREV_G1_V1
2011-01-14,1.0,131,66,9,-0.025141200518887557,-0.0001919175612128821,145,65,26,24,24,13,0.0014264122618767793,5.943384424486581e-05,0,0,6f7b41261f1f9ccbcc454fe41cc5c76c85a575f8f1ae17a634fc0f54da242d43,JNU_INTRADAY_MOMREV_G1_V1
2011-01-17,1.0,115,52,6,-0.019968421426701365,-0.00017363844718870753,161,63,26,24,24,16,0.006655825639205973,0.00027732606830024886,0,0,6f7b41261f1f9ccbcc454fe41cc5c76c85a575f8f1ae17a634fc0f54da242d43,JNU_INTRADAY_MOMREV_G1_V1
2011-01-18,1.0,119,56,9,-0.016634704314438243,-0.00013978743121376676,157,63,26,24,24,10,0.004285615917589357,0.00017856732989955657,0,0,6f7b41261f1f9ccbcc454fe41cc5c76c85a575f8f1ae17a634fc0f54da242d43,JNU_INTRADAY_MOMREV_G1_V1
2011-01-19,1.0,116,56,8,-0.020378826194315077,-0.0001756795361578886,160,60,26,23,22,13,0.0033174239123504095,0.00014423582227610475,1,1,6f7b41261f1f9ccbcc454fe41cc5c76c85a575f8f1ae17a634fc0f54da242d43,JNU_INTRADAY_MOMREV_G1_V1
2011-01-20,1.0,105,46,6,-0.017225206635744172,-0.00016404958700708735,171,59,26,23,22,10,-0.00046280250910157324,-2.0121848221807533e-05,1,1,6f7b41261f1f9ccbcc454fe41cc5c76c85a575f8f1ae17a634fc0f54da242d43,JNU_INTRADAY_MOMREV_G1_V1
2011-01-21,1.0,150,90,34,-0.010629294639867988,-7.086196426578659e-05,126,60,26,24,24,13,-0.0018365606557614552,-7.65233606567273e-05,0,0,6f7b41261f1f9ccbcc454fe41cc5c76c85a575f8f1ae17a634fc0f54da242d43,JNU_INTRADAY_MOMREV_G1_V1
2011-01-24,1.0,144,77,21,-0.018420746164399097,-0.0001279218483638826,132,67,26,24,24,13,0.0029095659064004224,0.00012123191276668426,0,0,6f7b41261f1f9ccbcc454fe41cc5c76c85a575f8f1ae17a634fc0f54da242d43,JNU_INTRADAY_MOMREV_G1_V1
2011-01-25,1.0,134,74,16,-0.020594097079027165,-0.0001536872916345311,142,60,26,24,24,15,-0.0004976700360761492,-2.0736251503172884e-05,0,0,6f7b41261f1f9ccbcc454fe41cc5c76c85a575f8f1ae17a634fc0f54da242d43,JNU_INTRADAY_MOMREV_G1_V1
2011-01-26,1.0,114,48,15,-0.009124113021134328,-8.003607913275726e-05,162,66,26,24,24,13,0.009598319189193,0.000399929966216375,0,0,6f7b41261f1f9ccbcc454fe41cc5c76c85a575f8f1ae17a634fc0f54da242d43,JNU_INTRADAY_MOMREV_G1_V1
2011-01-27,1.0,118,51,14,-0.012410277768083434,-0.0001051718454922325,158,67,26,24,24,18,0.010036779194092706,0.0004181991330871961,0,0,6f7b41261f1f9ccbcc454fe41cc5c76c85a575f8f1ae17a634fc0f54da242d43,JNU_INTRADAY_MOMREV_G1_V1
2011-01-28,1.0,132,71,22,-0.012527875781426721,-9.490814985929334e-05,144,61,26,24,24,11,-0.005296252134054883,-0.0002206771722522868,0,0,6f7b41261f1f9ccbcc454fe41cc5c76c85a575f8f1ae17a634fc0f54da242d43,JNU_INTRADAY_MOMREV_G1_V1
2011-01-31,1.0,123,62,13,-0.022982408204487062,-0.00018684884719095173,153,61,26,24,24,12,-1.1224594540374722e-05,-4.676914391822801e-07,0,0,6f7b41261f1f9ccbcc454fe41cc5c76c85a575f8f1ae17a634fc0f54da242d43,JNU_INTRADAY_MOMREV_G1_V1
2011-02-01,1.0,130,70,18,-0.022397488448630078,-0.00017228837268176982,146,60,26,23,22,13,0.008286856055730624,0.0003602980893795923,1,1,6f7b41261f1f9ccbcc454fe41cc5c76c85a575f8f1ae17a634fc0f54da242d43,JNU_INTRADAY_MOMREV_G1_V1
2011-02-02,1.0,118,58,15,-0.013870757118067891,-0.00011754878913616857,158,60,26,24,24,13,-8.736857525175616e-06,-3.6403573021565066e-07,0,0,6f7b41261f1f9ccbcc454fe41cc5c76c85a575f8f1ae17a634fc0f54da242d43,JNU_INTRADAY_MOMREV_G1_V1
2011-02-03,1.0,113,57,11,-0.018218757633665844,-0.00016122794366075967,163,56,26,23,22,13,0.00383647046600507,0.00016680306373935086,1,1,6f7b41261f1f9ccbcc454fe41cc5c76c85a575f8f1ae17a634fc0f54da242d43,JNU_INTRADAY_MOMREV_G1_V1
2011-02-04,1.0,113,49,5,-0.018473431820463133,-0.00016348169752622243,163,64,26,22,20,10,-0.0004731492411435799,-2.1506783688344542e-05,2,2,6f7b41261f1f9ccbcc454fe41cc5c76c85a575f8f1ae17a634fc0f54da242d43,JNU_INTRADAY_MOMREV_G1_V1
2011-02-07,1.0,123,67,23,-0.010825184977620429,-8.800963396439373e-05,153,56,26,24,24,12,0.0009436123060772121,3.931717941988384e-05,0,0,6f7b41261f1f9ccbcc454fe41cc5c76c85a575f8f1ae17a634fc0f54da242d43,JNU_INTRADAY_MOMREV_G1_V1
2011-02-08,1.0,111,53,11,-0.015982749259720385,-0.000143988732069553,165,58,26,24,24,15,0.003291131185256066,0.00013713046605233608,0,0,6f7b41261f1f9ccbcc454fe41cc5c76c85a575f8f1ae17a634fc0f54da242d43,JNU_INTRADAY_MOMREV_G1_V1
2011-02-09,1.0,112,49,11,-0.01409916139918633,-0.00012588536963559224,164,63,26,24,24,11,0.0009447203963695015,3.9363349848729226e-05,0,0,6f7b41261f1f9ccbcc454fe41cc5c76c85a575f8f1ae17a634fc0f54da242d43,JNU_INTRADAY_MOMREV_G1_V1
2011-02-10,1.0,122,58,11,-0.02169301623117366,-0.00017781160845224312,154,64,26,24,24,16,0.003773815461421132,0.00015724231089254718,0,0,6f7b41261f1f9ccbcc454fe41cc5c76c85a575f8f1ae17a634fc0f54da242d43,JNU_INTRADAY_MOMREV_G1_V1
2011-02-14,1.0,137,62,5,-0.024328407511501206,-0.00017757961687227158,236,75,37,33,30,21,0.011225460888499196,0.0003401654814696726,3,3,6f7b41261f1f9ccbcc454fe41cc5c76c85a575f8f1ae17a634fc0f54da242d43,JNU_INTRADAY_MOMREV_G1_V1
2011-02-15,1.0,176,89,13,-0.03168474092440635,-0.00018002693707049063,197,87,37,35,34,21,0.008850761635506608,0.00025287890387161736,1,1,6f7b41261f1f9ccbcc454fe41cc5c76c85a575f8f1ae17a634fc0f54da242d43,JNU_INTRADAY_MOMREV_G1_V1
2011-02-16,1.0,184,92,15,-0.030565478324872192,-0.0001661167300264793,189,92,37,36,36,21,0.008329910317173042,0.00023138639769925117,0,0,6f7b41261f1f9ccbcc454fe41cc5c76c85a575f8f1ae17a634fc0f54da242d43,JNU_INTRADAY_MOMREV_G1_V1
2011-02-17,1.0,159,79,16,-0.025360471460970927,-0.0001594998205092511,214,80,37,36,36,21,0.004142731322062218,0.00011507587005728383,0,0,6f7b41261f1f9ccbcc454fe41cc5c76c85a575f8f1ae17a634fc0f54da242d43,JNU_INTRADAY_MOMREV_G1_V1
2011-02-18,1.0,157,74,9,-0.026302500815661278,-0.00016753185232905272,216,83,37,36,36,23,0.006919353926145441,0.00019220427572626226,0,0,6f7b41261f1f9ccbcc454fe41cc5c76c85a575f8f1ae17a634fc0f54da242d43,JNU_INTRADAY_MOMREV_G1_V1
2011-02-21,1.0,154,74,11,-0.02678993071541222,-0.00017396058906111832,219,80,37,35,34,22,0.005545736456169767,0.00015844961303342192,1,1,6f7b41261f1f9ccbcc454fe41cc5c76c85a575f8f1ae17a634fc0f54da242d43,JNU_INTRADAY_MOMREV_G1_V1
2011-02-22,1.0,184,100,26,-0.025802141906694623,-0.0001402290321016012,189,84,37,36,36,18,-0.0032753113059277228,-9.098086960910341e-05,0,0,6f7b41261f1f9ccbcc454fe41cc5c76c85a575f8f1ae17a634fc0f54da242d43,JNU_INTRADAY_MOMREV_G1_V1
2011-02-23,1.0,171,78,19,-0.022592374706739353,-0.00013211915033180908,202,93,37,36,36,18,-0.00047000934004968076,-1.305581500138002e-05,0,0,6f7b41261f1f9ccbcc454fe41cc5c76c85a575f8f1ae17a634fc0f54da242d43,JNU_INTRADAY_MOMREV_G1_V1
2011-02-24,1.0,202,116,36,-0.023761199200843894,-0.00011762969901407868,171,86,37,36,36,19,-0.0019188289517046446,-5.3300804214017904e-05,0,0,6f7b41261f1f9ccbcc454fe41cc5c76c85a575f8f1ae17a634fc0f54da242d43,JNU_INTRADAY_MOMREV_G1_V1
2011-02-25,1.0,167,84,23,-0.017631450704579374,-0.00010557754912921781,206,83,37,36,36,21,-0.0004738175554696107,-1.3161598763044742e-05,0,0,6f7b41261f1f9ccbcc454fe41cc5c76c85a575f8f1ae17a634fc0f54da242d43,JNU_INTRADAY_MOMREV_G1_V1
2011-02-28,1.0,171,90,30,-0.012832116647662614,-7.504161782258838e-05,202,81,37,35,34,15,2.6738201049721197e-05,7.639486014206057e-07,1,1,6f7b41261f1f9ccbcc454fe41cc5c76c85a575f8f1ae17a634fc0f54da242d43,JNU_INTRADAY_MOMREV_G1_V1
2011-03-01,1.0,175,86,18,-0.026622566754764133,-0.00015212895288436648,198,89,37,35,34,23,0.01027624732476914,0.0002936070664219754,1,1,6f7b41261f1f9ccbcc454fe41cc5c76c85a575f8f1ae17a634fc0f54da242d43,JNU_INTRADAY_MOMREV_G1_V1
2011-03-02,1.0,179,93,26,-0.02417019785158933,-0.00013502903827703537,194,86,37,34,32,16,0.002826200464258087,8.312354306641432e-05,2,2,6f7b41261f1f9ccbcc454fe41cc5c76c85a575f8f1ae17a634fc0f54da242d43,JNU_INTRADAY_MOMREV_G1_V1
2011-03-03,1.0,161,87,19,-0.02321997157643007,-0.00014422342594055943,212,74,37,35,34,22,0.00852453245685381,0.00024355807019582314,1,1,6f7b41261f1f9ccbcc454fe41cc5c76c85a575f8f1ae17a634fc0f54da242d43,JNU_INTRADAY_MOMREV_G1_V1
2011-03-04,1.0,171,86,13,-0.0307540271082555,-0.00017984811174418422,202,85,37,36,36,20,-0.0018693507786267166,-5.1926410517408794e-05,0,0,6f7b41261f1f9ccbcc454fe41cc5c76c85a575f8f1ae17a634fc0f54da242d43,JNU_INTRADAY_MOMREV_G1_V1
2011-03-07,1.0,195,109,40,-0.015204519039634656,-7.797189251094696e-05,178,86,37,36,36,17,0.0014063812269399039,3.906614519277511e-05,0,0,6f7b41261f1f9ccbcc454fe41cc5c76c85a575f8f1ae17a634fc0f54da242d43,JNU_INTRADAY_MOMREV_G1_V1
2011-03-08,1.0,168,81,21,-0.019455919512057742,-0.00011580904471462942,205,87,37,36,36,27,0.009968024538143798,0.00027688957050399436,0,0,6f7b41261f1f9ccbcc454fe41cc5c76c85a575f8f1ae17a634fc0f54da242d43,JNU_INTRADAY_MOMREV_G1_V1
2011-03-09,1.0,166,87,26,-0.016475816708411903,-9.925190788199941e-05,207,79,37,36,36,24,0.007540072579394406,0.0002094464605387335,0,0,6f7b41261f1f9ccbcc454fe41cc5c76c85a575f8f1ae17a634fc0f54da242d43,JNU_INTRADAY_MOMREV_G1_V1
2011-03-10,1.0,189,100,34,-0.01385877304217507,-7.332684149298979e-05,184,89,37,36,36,19,0.010519270483649394,0.0002922019578791498,0,0,6f7b41261f1f9ccbcc454fe41cc5c76c85a575f8f1ae17a634fc0f54da242d43,JNU_INTRADAY_MOMREV_G1_V1
2011-03-11,1.0,194,100,31,-0.021953240318372032,-0.000113161032568928,179,94,37,36,36,16,-0.0010084736311266448,-2.801315642018458e-05,0,0,6f7b41261f1f9ccbcc454fe41cc5c76c85a575f8f1ae17a634fc0f54da242d43,JNU_INTRADAY_MOMREV_G1_V1
2011-03-14,1.0,283,221,113,0.014210155373857404,5.0212563158506725e-05,90,62,37,36,36,19,0.0061141695890845425,0.00016983804414123728,0,0,6f7b41261f1f9ccbcc454fe41cc5c76c85a575f8f1ae17a634fc0f54da242d43,JNU_INTRADAY_MOMREV_G1_V1
2011-03-15,1.0,299,258,146,0.24172705178189538,0.000808451678200319,74,41,37,34,32,17,0.029406079796823092,0.0008648846999065615,2,2,6f7b41261f1f9ccbcc454fe41cc5c76c85a575f8f1ae17a634fc0f54da242d43,JNU_INTRADAY_MOMREV_G1_V1
2011-03-16,1.0,309,257,118,-0.030093553526524014,-9.739014086253727e-05,64,52,37,36,36,16,-0.012383425551313738,-0.00034398404309204825,0,0,6f7b41261f1f9ccbcc454fe41cc5c76c85a575f8f1ae17a634fc0f54da242d43,JNU_INTRADAY_MOMREV_G1_V1
2011-03-17,1.0,296,239,121,0.008739624961717265,2.952576000580157e-05,77,57,37,36,36,14,-0.024710323479212287,-0.0006863978744225635,0,0,6f7b41261f1f9ccbcc454fe41cc5c76c85a575f8f1ae17a634fc0f54da242d43,JNU_INTRADAY_MOMREV_G1_V1
2011-03-18,1.0,246,168,82,-0.0016396047271542433,-6.665059866480664e-06,127,78,37,36,36,17,-0.01867383586794619,-0.0005187176629985053,0,0,6f7b41261f1f9ccbcc454fe41cc5c76c85a575f8f1ae17a634fc0f54da242d43,JNU_INTRADAY_MOMREV_G1_V1
2011-03-22,1.0,223,154,57,-0.023897632111452512,-0.00010716426955808301,150,69,37,36,36,17,-0.0010523839497668785,-2.92328874935244e-05,0,0,6f7b41261f1f9ccbcc454fe41cc5c76c85a575f8f1ae17a634fc0f54da242d43,JNU_INTRADAY_MOMREV_G1_V1
2011-03-23,1.0,232,155,60,-0.022274527454738034,-9.601089420145705e-05,141,77,37,36,36,17,-0.017089502019017305,-0.00047470838941714735,0,0,6f7b41261f1f9ccbcc454fe41cc5c76c85a575f8f1ae17a634fc0f54da242d43,JNU_INTRADAY_MOMREV_G1_V1
2011-03-24,1.0,191,102,27,-0.032560881831333835,-0.00017047582110645988,182,89,37,35,34,22,0.018133405669322766,0.0005180973048377933,1,1,6f7b41261f1f9ccbcc454fe41cc5c76c85a575f8f1ae17a634fc0f54da242d43,JNU_INTRADAY_MOMREV_G1_V1
2011-03-25,1.0,192,114,35,-0.025080665864187522,-0.00013062846804264334,181,78,37,36,36,18,-0.003725992939364634,-0.00010349980387123983,0,0,6f7b41261f1f9ccbcc454fe41cc5c76c85a575f8f1ae17a634fc0f54da242d43,JNU_INTRADAY_MOMREV_G1_V1
2011-03-28,1.0,187,98,26,-0.026087801293408937,-0.00013950695878828308,186,89,37,36,36,19,0.0026614502891276755,7.392917469799098e-05,0,0,6f7b41261f1f9ccbcc454fe41cc5c76c85a575f8f1ae17a634fc0f54da242d43,JNU_INTRADAY_MOMREV_G1_V1
2011-03-29,1.0,195,119,39,-0.028758193600044585,-0.00014747791589766454,178,76,37,36,36,18,0.003705940299245868,0.000102942786090163,0,0,6f7b41261f1f9ccbcc454fe41cc5c76c85a575f8f1ae17a634fc0f54da242d43,JNU_INTRADAY_MOMREV_G1_V1
2011-03-30,1.0,202,126,36,-0.038605639607711406,-0.00019111702776094755,171,76,37,36,36,19,-0.009841291588847539,-0.0002733692108013205,0,0,6f7b41261f1f9ccbcc454fe41cc5c76c85a575f8f1ae17a634fc0f54da242d43,JNU_INTRADAY_MOMREV_G1_V1
2011-03-31,1.0,198,108,40,-0.018010428473964134,-9.096175996951582e-05,175,90,37,36,36,18,0.0005415432235548029,1.5042867320966748e-05,0,0,6f7b41261f1f9ccbcc454fe41cc5c76c85a575f8f1ae17a634fc0f54da242d43,JNU_INTRADAY_MOMREV_G1_V1
2011-04-01,1.0,196,119,57,0.009730179203136026,4.964377144457156e-05,177,77,37,35,34,16,0.00048244572327264335,1.3784163522075525e-05,1,1,6f7b41261f1f9ccbcc454fe41cc5c76c85a575f8f1ae17a634fc0f54da242d43,JNU_INTRADAY_MOMREV_G1_V1
2011-04-04,1.0,183,97,20,-0.03274636726218165,-0.00017894189760755,190,86,37,36,36,16,-1.1005137967026388e-05,-3.056982768618441e-07,0,0,6f7b41261f1f9ccbcc454fe41cc5c76c85a575f8f1ae17a634fc0f54da242d43,JNU_INTRADAY_MOMREV_G1_V1
2011-04-05,1.0,182,90,27,-0.02390327193680669,-0.00013133665899344336,191,92,37,36,36,15,-0.002054452805050412,-5.706813347362256e-05,0,0,6f7b41261f1f9ccbcc454fe41cc5c76c85a575f8f1ae17a634fc0f54da242d43,JNU_INTRADAY_MOMREV_G1_V1
2011-04-06,1.0,208,129,48,-0.016122277694213146,-7.751095045294781e-05,165,79,37,36,36,21,0.00780137355709695,0.00021670482103047081,0,0,6f7b41261f1f9ccbcc454fe41cc5c76c85a575f8f1ae17a634fc0f54da242d43,JNU_INTRADAY_MOMREV_G1_V1
2011-04-07,1.0,172,86,26,-0.01734168644407626,-0.00010082375839579222,201,86,37,36,36,20,-0.0010308369623968593,-2.8634360066579424e-05,0,0,6f7b41261f1f9ccbcc454fe41cc5c76c85a575f8f1ae17a634fc0f54da242d43,JNU_INTRADAY_MOMREV_G1_V1
2011-04-08,1.0,199,117,44,-0.015080406698876713,-7.578093818531012e-05,174,82,37,36,36,16,-0.014427205582684597,-0.0004007557106301277,0,0,6f7b41261f1f9ccbcc454fe41cc5c76c85a575f8f1ae17a634fc0f54da242d43,JNU_INTRADAY_MOMREV_G1_V1
2011-04-11,1.0,190,109,35,-0.022397558728065835,-0.00011788188804245177,183,81,37,36,36,21,0.012347040550004091,0.00034297334861122474,0,0,6f7b41261f1f9ccbcc454fe41cc5c76c85a575f8f1ae17a634fc0f54da242d43,JNU_INTRADAY_MOMREV_G1_V1
2011-04-12,1.0,189,97,38,-0.012594438898815183,-6.663724285087398e-05,184,92,37,36,36,24,0.014666349152504572,0.00040739858756957145,0,0,6f7b41261f1f9ccbcc454fe41cc5c76c85a575f8f1ae17a634fc0f54da242d43,JNU_INTRADAY_MOMREV_G1_V1
2011-04-13,1.0,186,98,27,-0.021909734930156143,-0.00011779427381804378,187,88,37,36,36,14,-0.004170571711079241,-0.00011584921419664559,0,0,6f7b41261f1f9ccbcc454fe41cc5c76c85a575f8f1ae17a634fc0f54da242d43,JNU_INTRADAY_MOMREV_G1_V1
2011-04-14,1.0,175,90,39,-0.006251948527670295,-3.572542015811597e-05,198,85,37,34,33,19,0.01615845354741052,0.0004752486337473682,2,1,6f7b41261f1f9ccbcc454fe41cc5c76c85a575f8f1ae17a634fc0f54da242d43,JNU_INTRADAY_MOMREV_G1_V1
2011-04-15,1.0,166,85,29,-0.017494088973619495,-0.0001053860781543343,207,81,37,36,36,20,0.010911102815185102,0.00030308618931069726,0,0,6f7b41261f1f9ccbcc454fe41cc5c76c85a575f8f1ae17a634fc0f54da242d43,JNU_INTRADAY_MOMREV_G1_V1
2011-04-18,1.0,168,89,26,-0.023475197483794504,-0.00013973331835591965,205,79,37,36,36,15,-8.035247907430465e-07,-2.2320133076195736e-08,0,0,6f7b41261f1f9ccbcc454fe41cc5c76c85a575f8f1ae17a634fc0f54da242d43,JNU_INTRADAY_MOMREV_G1_V1
2011-04-19,1.0,167,79,31,-0.006906030291743512,-4.135347480085935e-05,206,88,37,36,36,23,0.009554728388898507,0.00026540912191384743,0,0,6f7b41261f1f9ccbcc454fe41cc5c76c85a575f8f1ae17a634fc0f54da242d43,JNU_INTRADAY_MOMREV_G1_V1
2011-04-20,1.0,149,67,14,-0.022947773283806896,-0.00015401190123360333,224,82,37,36,36,20,0.004146810180928922,0.00011518917169247005,0,0,6f7b41261f1f9ccbcc454fe41cc5c76c85a575f8f1ae17a634fc0f54da242d43,JNU_INTRADAY_MOMREV_G1_V1
2011-04-21,1.0,184,95,22,-0.028924443864544822,-0.00015719806448122187,189,89,37,36,36,18,0.001563063601359398,4.341843337109439e-05,0,0,6f7b41261f1f9ccbcc454fe41cc5c76c85a575f8f1ae17a634fc0f54da242d43,JNU_INTRADAY_MOMREV_G1_V1
2011-04-22,1.0,163,77,16,-0.0222573155520069,-0.00013654794817182149,210,86,37,35,34,18,0.0025721575665692263,7.349021618769218e-05,1,1,6f7b41261f1f9ccbcc454fe41cc5c76c85a575f8f1ae17a634fc0f54da242d43,JNU_INTRADAY_MOMREV_G1_V1
2011-04-25,1.0,178,87,19,-0.025253248982168817,-0.00014187218529308323,195,91,37,36,36,18,0.0010290707481958761,2.858529856099656e-05,0,0,6f7b41261f1f9ccbcc454fe41cc5c76c85a575f8f1ae17a634fc0f54da242d43,JNU_INTRADAY_MOMREV_G1_V1
2011-04-26,1.0,172,90,19,-0.02875571108523915,-0.0001671843667746462,201,82,37,36,36,19,-0.0005267034264078452,-1.4630650733551256e-05,0,0,6f7b41261f1f9ccbcc454fe41cc5c76c85a575f8f1ae17a634fc0f54da242d43,JNU_INTRADAY_MOMREV_G1_V1
2011-04-27,1.0,161,80,24,-0.013415348342858643,-8.332514498669964e-05,212,81,37,35,34,23,0.007215956354142393,0.0002061701815469255,1,1,6f7b41261f1f9ccbcc454fe41cc5c76c85a575f8f1ae17a634fc0f54da242d43,JNU_INTRADAY_MOMREV_G1_V1
2011-04-28,1.0,186,100,26,-0.027029449100835965,-0.00014531961882169873,187,86,37,36,36,17,-0.004081462347161993,-0.00011337395408783314,0,0,6f7b41261f1f9ccbcc454fe41cc5c76c85a575f8f1ae17a634fc0f54da242d43,JNU_INTRADAY_MOMREV_G1_V1
2011-05-02,1.0,175,102,31,-0.019568431975366906,-0.00011181961128781089,198,73,37,36,36,17,-0.007535446213548847,-0.00020931795037635686,0,0,6f7b41261f1f9ccbcc454fe41cc5c76c85a575f8f1ae17a634fc0f54da242d43,JNU_INTRADAY_MOMREV_G1_V1
2011-05-06,1.0,181,95,28,-0.020945328527627743,-0.00011572004711396544,192,86,37,36,36,14,-0.005591388361937924,-0.00015531634338716456,0,0,6f7b41261f1f9ccbcc454fe41cc5c76c85a575f8f1ae17a634fc0f54da242d43,JNU_INTRADAY_MOMREV_G1_V1
2011-05-09,1.0,151,67,21,-0.012707314870202435,-8.415440311392341e-05,222,84,37,35,34,21,0.005599129755977868,0.00015997513588508197,1,1,6f7b41261f1f9ccbcc454fe41cc5c76c85a575f8f1ae17a634fc0f54da242d43,JNU_INTRADAY_MOMREV_G1_V1
2011-05-10,1.0,158,70,16,-0.02449489114558257,-0.0001550309566176112,215,88,37,36,36,19,0.007161622887007745,0.00019893396908354848,0,0,6f7b41261f1f9ccbcc454fe41cc5c76c85a575f8f1ae17a634fc0f54da242d43,JNU_INTRADAY_MOMREV_G1_V1
2011-05-11,1.0,166,80,20,-0.023278691674060648,-0.00014023308237385933,207,86,37,36,36,16,-0.004051650464434913,-0.00011254584623430313,0,0,6f7b41261f1f9ccbcc454fe41cc5c76c85a575f8f1ae17a634fc0f54da242d43,JNU_INTRADAY_MOMREV_G1_V1
2011-05-12,1.0,170,93,28,-0.022345350725900517,-0.00013144323956412068,203,77,37,36,36,18,-0.0020673833088071573,-5.7427314133532145e-05,0,0,6f7b41261f1f9ccbcc454fe41cc5c76c85a575f8f1ae17a634fc0f54da242d43,JNU_INTRADAY_MOMREV_G1_V1
2011-05-13,1.0,192,110,45,-0.007776231449968008,-4.0501205468583375e-05,181,82,37,36,36,17,-0.005200694244178947,-0.00014446372900497073,0,0,6f7b41261f1f9ccbcc454fe41cc5c76c85a575f8f1ae17a634fc0f54da242d43,JNU_INTRADAY_MOMREV_G1_V1
2011-05-16,1.0,186,106,37,-0.015148386486378286,-8.1442938098808e-05,187,80,37,35,34,21,0.009397582958756982,0.0002685023702501995,1,1,6f7b41261f1f9ccbcc454fe41cc5c76c85a575f8f1ae17a634fc0f54da242d43,JNU_INTRADAY_MOMREV_G1_V1
2011-05-17,1.0,184,99,30,-0.021450047699469097,-0.00011657634619276683,189,85,37,36,36,24,0.019381250018399535,0.0005383680560666537,0,0,6f7b41261f1f9ccbcc454fe41cc5c76c85a575f8f1ae17a634fc0f54da242d43,JNU_INTRADAY_MOMREV_G1_V1
2011-05-18,1.0,173,93,23,-0.029531059059912382,-0.00017069976335209468,200,80,37,35,34,24,0.006207960159917994,0.00017737029028337125,1,1,6f7b41261f1f9ccbcc454fe41cc5c76c85a575f8f1ae17a634fc0f54da242d43,JNU_INTRADAY_MOMREV_G1_V1
2011-05-19,1.0,171,80,27,-0.012949337362505121,-7.572711907897731e-05,202,91,37,36,36,22,0.00363835871257418,0.00010106551979372722,0,0,6f7b41261f1f9ccbcc454fe41cc5c76c85a575f8f1ae17a634fc0f54da242d43,JNU_INTRADAY_MOMREV_G1_V1
2011-05-20,1.0,175,95,25,-0.021766285792978835,-0.00012437877595987905,198,80,37,36,36,24,0.015046794945064855,0.00041796652625180155,0,0,6f7b41261f1f9ccbcc454fe41cc5c76c85a575f8f1ae17a634fc0f54da242d43,JNU_INTRADAY_MOMREV_G1_V1
2011-05-23,1.0,188,107,37,-0.020058944358039208,-0.00010669651254276174,185,81,37,35,34,20,0.0063324717504608516,0.00018092776429888148,1,1,6f7b41261f1f9ccbcc454fe41cc5c76c85a575f8f1ae17a634fc0f54da242d43,JNU_INTRADAY_MOMREV_G1_V1
2011-05-24,1.0,165,78,14,-0.029062969001281823,-0.00017613920606837467,208,87,37,35,34,18,2.7853023512036928e-06,7.958006717724836e-08,1,1,6f7b41261f1f9ccbcc454fe41cc5c76c85a575f8f1ae17a634fc0f54da242d43,JNU_INTRADAY_MOMREV_G1_V1
2011-05-25,1.0,164,77,21,-0.01854808137340043,-0.00011309805715488066,209,87,37,34,32,20,0.013219354286617172,0.00038880453784168154,2,2,6f7b41261f1f9ccbcc454fe41cc5c76c85a575f8f1ae17a634fc0f54da242d43,JNU_INTRADAY_MOMREV_G1_V1
2011-05-26,1.0,166,81,21,-0.022000815657221527,-0.00013253503407964775,207,85,37,36,36,21,0.010499827314249807,0.0002916618698402724,0,0,6f7b41261f1f9ccbcc454fe41cc5c76c85a575f8f1ae17a634fc0f54da242d43,JNU_INTRADAY_MOMREV_G1_V1
2011-05-27,1.0,168,89,18,-0.02934805894351928,-0.00017469082704475763,205,79,37,36,36,23,0.0005143503139954397,1.4287508722095547e-05,0,0,6f7b41261f1f9ccbcc454fe41cc5c76c85a575f8f1ae17a634fc0f54da242d43,JNU_INTRADAY_MOMREV_G1_V1
2011-05-30,1.0,173,84,17,-0.02578834436355465,-0.00014906557435580723,200,89,37,35,34,19,0.0057918040283277345,0.00016548011509507813,1,1,6f7b41261f1f9ccbcc454fe41cc5c76c85a575f8f1ae17a634fc0f54da242d43,JNU_INTRADAY_MOMREV_G1_V1
2011-05-31,1.0,173,94,30,-0.016077684157152394,-9.293459050377106e-05,200,79,37,36,36,21,0.005160224439969803,0.000143339567776939,0,0,6f7b41261f1f9ccbcc454fe41cc5c76c85a575f8f1ae17a634fc0f54da242d43,JNU_INTRADAY_MOMREV_G1_V1
2011-06-01,1.0,178,91,22,-0.026296809954823495,-0.00014773488738664884,195,87,37,36,36,24,0.019081113263018257,0.0005300309239727294,0,0,6f7b41261f1f9ccbcc454fe41cc5c76c85a575f8f1ae17a634fc0f54da242d43,JNU_INTRADAY_MOMREV_G1_V1
2011-06-02,1.0,167,77,15,-0.027729421902239423,-0.00016604444252837978,206,90,37,36,36,24,0.019371347944172564,0.0005380929984492379,0,0,6f7b41261f1f9ccbcc454fe41cc5c76c85a575f8f1ae17a634fc0f54da242d43,JNU_INTRADAY_MOMREV_G1_V1
2011-06-03,1.0,167,82,25,-0.015726407866567108,-9.417010698543179e-05,206,85,37,36,36,14,0.0005099723669724855,1.4165899082569043e-05,0,0,6f7b41261f1f9ccbcc454fe41cc5c76c85a575f8f1ae17a634fc0f54da242d43,JNU_INTRADAY_MOMREV_G1_V1
2011-06-06,1.0,196,106,31,-0.020206498643291482,-0.00010309438083311981,177,90,37,36,36,18,-0.00266344599279977,-7.398461091110472e-05,0,0,6f7b41261f1f9ccbcc454fe41cc5c76c85a575f8f1ae17a634fc0f54da242d43,JNU_INTRADAY_MOMREV_G1_V1
2011-06-07,1.0,149,61,16,-0.013803859671140391,-9.264335349758652e-05,224,88,37,36,36,20,0.006384178941597424,0.00017733830393326178,0,0,6f7b41261f1f9ccbcc454fe41cc5c76c85a575f8f1ae17a634fc0f54da242d43,JNU_INTRADAY_MOMREV_G1_V1
2011-06-08,1.0,153,69,9,-0.028665351000918934,-0.00018735523530012376,220,84,37,36,36,17,0.0074253985027836564,0.00020626106952176823,0,0,6f7b41261f1f9ccbcc454fe41cc5c76c85a575f8f1ae17a634fc0f54da242d43,JNU_INTRADAY_MOMREV_G1_V1
2011-06-09,1.0,171,83,26,-0.021223667020185345,-0.0001241150118139494,202,88,37,35,34,20,0.0031920550983026543,9.12015742372187e-05,1,1,6f7b41261f1f9ccbcc454fe41cc5c76c85a575f8f1ae17a634fc0f54da242d43,JNU_INTRADAY_MOMREV_G1_V1
2011-06-10,1.0,187,101,28,-0.021476172587858628,-0.00011484584271582154,186,86,37,36,36,17,0.007363144963974702,0.00020453180455485285,0,0,6f7b41261f1f9ccbcc454fe41cc5c76c85a575f8f1ae17a634fc0f54da242d43,JNU_INTRADAY_MOMREV_G1_V1
2011-06-13,1.0,156,74,12,-0.03128304580820951,-0.00020053234492441993,217,82,37,36,36,20,0.0037108566586443394,0.00010307935162900943,0,0,6f7b41261f1f9ccbcc454fe41cc5c76c85a575f8f1ae17a634fc0f54da242d43,JNU_INTRADAY_MOMREV_G1_V1
2011-06-14,1.0,166,86,26,-0.014253555961488529,-8.586479494872607e-05,207,80,37,36,36,15,-0.010032323000792985,-0.00027867563891091624,0,0,6f7b41261f1f9ccbcc454fe41cc5c76c85a575f8f1ae17a634fc0f54da242d43,JNU_INTRADAY_MOMREV_G1_V1
2011-06-15,1.0,149,69,11,-0.031939856249309395,-0.00021436145133764696,224,80,37,34,32,13,-0.002622883352417198,-7.714362801227054e-05,2,2,6f7b41261f1f9ccbcc454fe41cc5c76c85a575f8f1ae17a634fc0f54da242d43,JNU_INTRADAY_MOMREV_G1_V1
2011-06-16,1.0,165,84,17,-0.030657236720531958,-0.00018580143466989066,208,81,37,35,34,21,0.012680559868643318,0.0003623017105326662,1,1,6f7b41261f1f9ccbcc454fe41cc5c76c85a575f8f1ae17a634fc0f54da242d43,JNU_INTRADAY_MOMREV_G1_V1
2011-06-17,1.0,175,90,27,-0.02239125720807836,-0.0001279500411890192,198,85,37,36,36,18,0.0015877676910401044,4.4104658084447345e-05,0,0,6f7b41261f1f9ccbcc454fe41cc5c76c85a575f8f1ae17a634fc0f54da242d43,JNU_INTRADAY_MOMREV_G1_V1
2011-06-20,1.0,179,92,24,-0.025061797438766846,-0.0001400100415573567,194,87,37,36,36,25,0.01811944999914894,0.000503318055531915,0,0,6f7b41261f1f9ccbcc454fe41cc5c76c85a575f8f1ae17a634fc0f54da242d43,JNU_INTRADAY_MOMREV_G1_V1
2011-06-21,1.0,171,99,26,-0.022847946877046072,-0.00013361372442717,202,72,37,36,36,20,0.004255031266807045,0.00011819531296686235,0,0,6f7b41261f1f9ccbcc454fe41cc5c76c85a575f8f1ae17a634fc0f54da242d43,JNU_INTRADAY_MOMREV_G1_V1
2011-06-22,1.0,162,79,20,-0.024499597769984477,-0.00015123208499990417,211,83,37,34,32,15,-0.007308315652955293,-0.00021495046038103803,2,2,6f7b41261f1f9ccbcc454fe41cc5c76c85a575f8f1ae17a634fc0f54da242d43,JNU_INTRADAY_MOMREV_G1_V1
2011-06-23,1.0,168,76,23,-0.015634804898781413,-9.306431487369888e-05,205,92,37,36,36,26,0.018215784595041796,0.0005059940165289388,0,0,6f7b41261f1f9ccbcc454fe41cc5c76c85a575f8f1ae17a634fc0f54da242d43,JNU_INTRADAY_MOMREV_G1_V1
2011-06-24,1.0,184,94,27,-0.02439880524900505,-0.00013260220244024483,189,90,37,36,36,17,0.0005136871915063077,1.4269088652952994e-05,0,0,6f7b41261f1f9ccbcc454fe41cc5c76c85a575f8f1ae17a634fc0f54da242d43,JNU_INTRADAY_MOMREV_G1_V1
2011-06-27,1.0,183,100,21,-0.03127043218047344,-0.0001708766785818221,190,83,37,36,36,23,0.006780751910624147,0.00018835421973955964,0,0,6f7b41261f1f9ccbcc454fe41cc5c76c85a575f8f1ae17a634fc0f54da242d43,JNU_INTRADAY_MOMREV_G1_V1
2011-06-28,1.0,161,77,21,-0.018608464136148466,-0.00011558052258477308,212,84,37,36,36,20,0.0057030856341879505,0.00015841904539410972,0,0,6f7b41261f1f9ccbcc454fe41cc5c76c85a575f8f1ae17a634fc0f54da242d43,JNU_INTRADAY_MOMREV_G1_V1
2011-06-29,1.0,145,67,8,-0.028688572490296646,-0.00019785222407101135,228,78,37,36,36,19,4.455683016429328e-06,1.2376897267859243e-07,0,0,6f7b41261f1f9ccbcc454fe41cc5c76c85a575f8f1ae17a634fc0f54da242d43,JNU_INTRADAY_MOMREV_G1_V1
2011-06-30,1.0,145,63,13,-0.021398187435254155,-0.00014757370645002865,228,82,37,36,36,17,0.0015302205906976357,4.250612751937877e-05,0,0,6f7b41261f1f9ccbcc454fe41cc5c76c85a575f8f1ae17a634fc0f54da242d43,JNU_INTRADAY_MOMREV_G1_V1
2011-07-01,1.0,143,72,9,-0.029677421119165433,-0.0002075344134207373,230,71,37,35,34,16,0.0030395165343639363,8.684332955325533e-05,1,1,6f7b41261f1f9ccbcc454fe41cc5c76c85a575f8f1ae17a634fc0f54da242d43,JNU_INTRADAY_MOMREV_G1_V1
2011-07-04,1.0,164,77,17,-0.021953403725976334,-0.00013386221784131912,209,87,37,36,36,18,0.001998725265168479,5.5520146254679974e-05,0,0,6f7b41261f1f9ccbcc454fe41cc5c76c85a575f8f1ae17a634fc0f54da242d43,JNU_INTRADAY_MOMREV_G1_V1
2011-07-05,1.0,177,89,15,-0.03289618007374917,-0.0001858541247104473,196,88,37,36,36,21,0.009025323973601958,0.0002507034437111655,0,0,6f7b41261f1f9ccbcc454fe41cc5c76c85a575f8f1ae17a634fc0f54da242d43,JNU_INTRADAY_MOMREV_G1_V1
2011-07-06,1.0,128,56,12,-0.017495993488923643,-0.00013668744913221596,245,72,37,36,36,22,0.0035005539179269254,9.723760883130348e-05,0,0,6f7b41261f1f9ccbcc454fe41cc5c76c85a575f8f1ae17a634fc0f54da242d43,JNU_INTRADAY_MOMREV_G1_V1
2011-07-07,1.0,163,73,22,-0.01548299161555599,-9.498767862304288e-05,210,90,37,36,36,15,-0.0004894735265006255,-1.3596486847239596e-05,0,0,6f7b41261f1f9ccbcc454fe41cc5c76c85a575f8f1ae17a634fc0f54da242d43,JNU_INTRADAY_MOMREV_G1_V1
2011-07-08,1.0,155,73,21,-0.01426113787967376,-9.200734115918554e-05,218,82,37,34,32,15,0.003943305571030687,0.00011597957561854963,2,2,6f7b41261f1f9ccbcc454fe41cc5c76c85a575f8f1ae17a634fc0f54da242d43,JNU_INTRADAY_MOMREV_G1_V1
2011-07-11,1.0,168,88,16,-0.029766858196106888,-0.00017718367973873148,205,80,37,34,32,18,0.00149289280773391,4.390861199217382e-05,2,2,6f7b41261f1f9ccbcc454fe41cc5c76c85a575f8f1ae17a634fc0f54da242d43,JNU_INTRADAY_MOMREV_G1_V1
2011-07-12,1.0,174,86,11,-0.03273866976537224,-0.00018815327451363357,199,88,37,36,36,20,0.011075527421125282,0.0003076535394757023,0,0,6f7b41261f1f9ccbcc454fe41cc5c76c85a575f8f1ae17a634fc0f54da242d43,JNU_INTRADAY_MOMREV_G1_V1
2011-07-13,1.0,196,116,36,-0.023599295356979542,-0.0001204045681478548,177,80,37,36,36,19,0.0070265938515913055,0.00019518316254420293,0,0,6f7b41261f1f9ccbcc454fe41cc5c76c85a575f8f1ae17a634fc0f54da242d43,JNU_INTRADAY_MOMREV_G1_V1
2011-07-14,1.0,186,103,25,-0.02973759182090058,-0.00015987952591882033,187,83,37,36,36,27,0.016618527719171848,0.0004616257699769958,0,0,6f7b41261f1f9ccbcc454fe41cc5c76c85a575f8f1ae17a634fc0f54da242d43,JNU_INTRADAY_MOMREV_G1_V1
2011-07-15,1.0,167,83,15,-0.031129074790971403,-0.0001864016454549186,206,84,37,36,36,17,-0.0025081553367012222,-6.967098157503396e-05,0,0,6f7b41261f1f9ccbcc454fe41cc5c76c85a575f8f1ae17a634fc0f54da242d43,JNU_INTRADAY_MOMREV_G1_V1
2011-07-19,1.0,183,99,24,-0.027139865254356625,-0.00014830527461397064,190,84,37,36,36,20,0.003022923044493018,8.39700845692505e-05,0,0,6f7b41261f1f9ccbcc454fe41cc5c76c85a575f8f1ae17a634fc0f54da242d43,JNU_INTRADAY_MOMREV_G1_V1
2011-07-20,1.0,128,65,16,-0.017975060328653952,-0.000140430158817609,245,63,37,34,32,17,0.005484669577988647,0.00016131381111731313,2,2,6f7b41261f1f9ccbcc454fe41cc5c76c85a575f8f1ae17a634fc0f54da242d43,JNU_INTRADAY_MOMREV_G1_V1
2011-07-21,1.0,155,69,14,-0.021504894565760314,-0.00013874125526296976,218,86,37,36,36,15,-0.0004938637636557048,-1.3718437879325135e-05,0,0,6f7b41261f1f9ccbcc454fe41cc5c76c85a575f8f1ae17a634fc0f54da242d43,JNU_INTRADAY_MOMREV_G1_V1
2011-07-22,1.0,155,79,16,-0.02521641429385472,-0.0001626865438313208,218,76,37,36,36,23,0.0074114469941888314,0.00020587352761635642,0,0,6f7b41261f1f9ccbcc454fe41cc5c76c85a575f8f1ae17a634fc0f54da242d43,JNU_INTRADAY_MOMREV_G1_V1
2011-07-25,1.0,160,86,16,-0.029803820158367984,-0.0001862738759897999,213,74,37,35,34,21,0.006951094645752546,0.00019860270416435845,1,1,6f7b41261f1f9ccbcc454fe41cc5c76c85a575f8f1ae17a634fc0f54da242d43,JNU_INTRADAY_MOMREV_G1_V1
2011-07-26,1.0,155,67,17,-0.017253190237208026,-0.00011131090475618081,218,88,37,35,34,19,0.000492488660297415,1.4071104579926141e-05,1,1,6f7b41261f1f9ccbcc454fe41cc5c76c85a575f8f1ae17a634fc0f54da242d43,JNU_INTRADAY_MOMREV_G1_V1
2011-07-27,1.0,158,76,14,-0.024901404128260418,-0.00015760382359658492,215,82,37,35,34,18,0.003983321767465655,0.00011380919335616157,1,1,6f7b41261f1f9ccbcc454fe41cc5c76c85a575f8f1ae17a634fc0f54da242d43,JNU_INTRADAY_MOMREV_G1_V1
2011-07-28,1.0,171,85,21,-0.026195766179560095,-0.00015319161508514675,202,86,37,36,36,20,0.004031523780687388,0.00011198677168576079,0,0,6f7b41261f1f9ccbcc454fe41cc5c76c85a575f8f1ae17a634fc0f54da242d43,JNU_INTRADAY_MOMREV_G1_V1
2011-07-29,1.0,168,83,22,-0.021289596661201643,-0.00012672378965000977,205,85,37,36,36,18,-0.006065165115386228,-0.00016847680876072856,0,0,6f7b41261f1f9ccbcc454fe41cc5c76c85a575f8f1ae17a634fc0f54da242d43,JNU_INTRADAY_MOMREV_G1_V1
2011-08-01,1.0,196,112,32,-0.024986115766865363,-0.00012748018248400696,177,84,37,36,36,16,-0.0040150535005328905,-0.0001115292639036914,0,0,6f7b41261f1f9ccbcc454fe41cc5c76c85a575f8f1ae17a634fc0f54da242d43,JNU_INTRADAY_MOMREV_G1_V1
2011-08-02,1.0,177,88,20,-0.030273988598038724,-0.00017103948360473856,196,89,37,36,36,14,-0.0030480061583612024,-8.466683773225563e-05,0,0,6f7b41261f1f9ccbcc454fe41cc5c76c85a575f8f1ae17a634fc0f54da242d43,JNU_INTRADAY_MOMREV_G1_V1
2011-08-03,1.0,165,67,18,-0.018649155730057987,-0.00011302518624277567,208,98,37,36,36,18,-0.0015655589394090858,-4.348774831691905e-05,0,0,6f7b41261f1f9ccbcc454fe41cc5c76c85a575f8f1ae17a634fc0f54da242d43,JNU_INTRADAY_MOMREV_G1_V1
2011-08-04,1.0,201,113,36,-0.029581680415402333,-0.0001471725393801111,172,88,37,36,36,17,-0.011370660176066283,-0.00031585167155739674,0,0,6f7b41261f1f9ccbcc454fe41cc5c76c85a575f8f1ae17a634fc0f54da242d43,JNU_INTRADAY_MOMREV_G1_V1
2011-08-05,1.0,194,106,31,-0.031681169162505685,-0.000163304995683019,179,88,37,36,36,20,0.01021692841734682,0.0002838035671485228,0,0,6f7b41261f1f9ccbcc454fe41cc5c76c85a575f8f1ae17a634fc0f54da242d43,JNU_INTRADAY_MOMREV_G1_V1
2011-08-08,1.0,217,127,56,-0.011465088308668495,-5.2834508334877856e-05,156,90,37,36,36,22,0.019214431829431552,0.0005337342174842098,0,0,6f7b41261f1f9ccbcc454fe41cc5c76c85a575f8f1ae17a634fc0f54da242d43,JNU_INTRADAY_MOMREV_G1_V1
2011-08-09,1.0,262,182,97,0.015840508615130176,6.045995654629838e-05,111,80,37,36,36,13,-0.02888480877421755,-0.0008023557992838208,0,0,6f7b41261f1f9ccbcc454fe41cc5c76c85a575f8f1ae17a634fc0f54da242d43,JNU_INTRADAY_MOMREV_G1_V1
2011-08-10,1.0,206,122,43,-0.03488529238500001,-0.000169346079538835,167,84,37,36,36,18,-0.0010931461655897038,-3.036517126638066e-05,0,0,6f7b41261f1f9ccbcc454fe41cc5c76c85a575f8f1ae17a634fc0f54da242d43,JNU_INTRADAY_MOMREV_G1_V1
2011-08-11,1.0,234,151,55,-0.03813158727852096,-0.0001629555011902605,139,83,37,36,36,20,0.01117204539336223,0.00031033459426006195,0,0,6f7b41261f1f9ccbcc454fe41cc5c76c85a575f8f1ae17a634fc0f54da242d43,JNU_INTRADAY_MOMREV_G1_V1
2011-08-12,1.0,217,130,42,-0.034560857512965705,-0.00015926662448371293,156,87,37,36,36,22,0.008900224063176365,0.0002472284461993435,0,0,6f7b41261f1f9ccbcc454fe41cc5c76c85a575f8f1ae17a634fc0f54da242d43,JNU_INTRADAY_MOMREV_G1_V1
2011-08-15,1.0,159,73,17,-0.027594267529547984,-0.00017354885238709424,214,86,37,35,34,19,0.00551301821315182,0.000157514806090052,1,1,6f7b41261f1f9ccbcc454fe41cc5c76c85a575f8f1ae17a634fc0f54da242d43,JNU_INTRADAY_MOMREV_G1_V1
2011-08-16,1.0,161,68,24,-0.011520287932272232,-7.155458343026231e-05,212,93,37,36,36,18,0.011003538288683815,0.0003056538413523282,0,0,6f7b41261f1f9ccbcc454fe41cc5c76c85a575f8f1ae17a634fc0f54da242d43,JNU_INTRADAY_MOMREV_G1_V1
2011-08-17,1.0,185,101,26,-0.02876121784850011,-0.00015546604242432492,188,84,37,36,36,18,0.002763192942255255,7.675535950709042e-05,0,0,6f7b41261f1f9ccbcc454fe41cc5c76c85a575f8f1ae17a634fc0f54da242d43,JNU_INTRADAY_MOMREV_G1_V1
2011-08-18,1.0,167,89,30,-0.019453802071804492,-0.00011648983276529637,206,78,37,34,33,20,0.0039014859201891468,0.00011474958588791609,2,1,6f7b41261f1f9ccbcc454fe41cc5c76c85a575f8f1ae17a634fc0f54da242d43,JNU_INTRADAY_MOMREV_G1_V1
2011-08-19,1.0,182,95,30,-0.02569399772853293,-0.00014117581169523588,191,87,37,36,36,16,-0.006292736999051166,-0.0001747982499736435,0,0,6f7b41261f1f9ccbcc454fe41cc5c76c85a575f8f1ae17a634fc0f54da242d43,JNU_INTRADAY_MOMREV_G1_V1
2011-08-22,1.0,218,132,51,-0.01658975922882216,-7.609981297624845e-05,155,86,37,36,36,17,0.002316477618099514,6.434660050276428e-05,0,0,6f7b41261f1f9ccbcc454fe41cc5c76c85a575f8f1ae17a634fc0f54da242d43,JNU_INTRADAY_MOMREV_G1_V1
2011-08-23,1.0,199,108,34,-0.03340259110032146,-0.00016785221658452995,174,91,37,36,36,19,0.003449038974355405,9.580663817653904e-05,0,0,6f7b41261f1f9ccbcc454fe41cc5c76c85a575f8f1ae17a634fc0f54da242d43,JNU_INTRADAY_MOMREV_G1_V1
2011-08-24,1.0,225,137,63,-0.001759970493597315,-7.822091082654733e-06,148,88,37,36,36,23,0.015403344387300682,0.000427870677425019,0,0,6f7b41261f1f9ccbcc454fe41cc5c76c85a575f8f1ae17a634fc0f54da242d43,JNU_INTRADAY_MOMREV_G1_V1
2011-08-25,1.0,171,78,33,-0.0028345303115597026,-1.6576200652395922e-05,202,93,37,36,36,14,-0.0033884167261467955,-9.412268683741098e-05,0,0,6f7b41261f1f9ccbcc454fe41cc5c76c85a575f8f1ae17a634fc0f54da242d43,JNU_INTRADAY_MOMREV_G1_V1
2011-08-26,1.0,182,97,34,-0.021097097585394305,-0.0001159181186010676,191,85,37,36,36,18,-0.000566066143555341,-1.5724059543203915e-05,0,0,6f7b41261f1f9ccbcc454fe41cc5c76c85a575f8f1ae17a634fc0f54da242d43,JNU_INTRADAY_MOMREV_G1_V1
2011-08-29,1.0,207,118,41,-0.025377013595883135,-0.0001225942685791456,166,89,37,36,36,18,-0.007350385274676993,-0.0002041773687410276,0,0,6f7b41261f1f9ccbcc454fe41cc5c76c85a575f8f1ae17a634fc0f54da242d43,JNU_INTRADAY_MOMREV_G1_V1
2011-08-30,1.0,171,85,26,-0.01782519273313535,-0.00010424089317623013,202,86,37,36,36,17,-0.0022395953030035372,-6.221098063898714e-05,0,0,6f7b41261f1f9ccbcc454fe41cc5c76c85a575f8f1ae17a634fc0f54da242d43,JNU_INTRADAY_MOMREV_G1_V1
2011-08-31,1.0,167,81,28,-0.012312717344663913,-7.372884637523301e-05,206,86,37,35,34,20,0.007837821183213398,0.00022393774809181135,1,1,6f7b41261f1f9ccbcc454fe41cc5c76c85a575f8f1ae17a634fc0f54da242d43,JNU_INTRADAY_MOMREV_G1_V1
2011-09-01,1.0,180,99,30,-0.025382583610896545,-0.00014101435339386968,193,81,37,36,36,22,0.0016624958860885241,4.618044128023678e-05,0,0,6f7b41261f1f9ccbcc454fe41cc5c76c85a575f8f1ae17a634fc0f54da242d43,JNU_INTRADAY_MOMREV_G1_V1
2011-09-02,1.0,176,89,23,-0.030139990299572456,-0.00017124994488393441,197,87,37,36,36,20,0.008340881566877924,0.0002316911546354979,0,0,6f7b41261f1f9ccbcc454fe41cc5c76c85a575f8f1ae17a634fc0f54da242d43,JNU_INTRADAY_MOMREV_G1_V1
2011-09-05,1.0,171,91,20,-0.03297561477405001,-0.00019283985247982462,202,80,37,36,36,17,0.0005793280478273568,1.6092445772982134e-05,0,0,6f7b41261f1f9ccbcc454fe41cc5c76c85a575f8f1ae17a634fc0f54da242d43,JNU_INTRADAY_MOMREV_G1_V1
2011-09-06,1.0,183,90,32,-0.01672378940124842,-9.138682732922634e-05,190,93,37,36,36,18,0.00402103466982825,0.00011169540749522916,0,0,6f7b41261f1f9ccbcc454fe41cc5c76c85a575f8f1ae17a634fc0f54da242d43,JNU_INTRADAY_MOMREV_G1_V1
2011-09-07,1.0,178,107,26,-0.03777204855837589,-0.00021220251999087578,195,71,37,36,36,17,0.0017242728072178275,4.789646686716188e-05,0,0,6f7b41261f1f9ccbcc454fe41cc5c76c85a575f8f1ae17a634fc0f54da242d43,JNU_INTRADAY_MOMREV_G1_V1
2011-09-08,1.0,174,81,24,-0.019887675014264344,-0.00011429698284059968,199,93,37,35,34,14,0.000570631646652695,1.630376133293414e-05,1,1,6f7b41261f1f9ccbcc454fe41cc5c76c85a575f8f1ae17a634fc0f54da242d43,JNU_INTRADAY_MOMREV_G1_V1
2011-09-09,1.0,173,82,27,-0.018360221254413514,-0.00010612844655730354,200,91,37,36,36,19,0.00285035001702112,7.917638936169778e-05,0,0,6f7b41261f1f9ccbcc454fe41cc5c76c85a575f8f1ae17a634fc0f54da242d43,JNU_INTRADAY_MOMREV_G1_V1
2011-09-12,1.0,189,97,24,-0.035365224188861566,-0.00018711758830085485,184,92,37,36,36,16,-0.0011847932001964412,-3.291092222767892e-05,0,0,6f7b41261f1f9ccbcc454fe41cc5c76c85a575f8f1ae17a634fc0f54da242d43,JNU_INTRADAY_MOMREV_G1_V1
2011-09-13,1.0,168,80,16,-0.029326390980545305,-0.00017456185107467444,205,88,37,35,34,20,0.014055688774194688,0.00040159110783413395,1,1,6f7b41261f1f9ccbcc454fe41cc5c76c85a575f8f1ae17a634fc0f54da242d43,JNU_INTRADAY_MOMREV_G1_V1
2011-09-14,1.0,195,106,31,-0.03470209536465436,-0.0001779594634084839,178,89,37,36,36,22,0.0035864862790072035,9.96246188613112e-05,0,0,6f7b41261f1f9ccbcc454fe41cc5c76c85a575f8f1ae17a634fc0f54da242d43,JNU_INTRADAY_MOMREV_G1_V1
2011-09-15,1.0,179,102,31,-0.029085734404209085,-0.0001624901363363636,194,77,37,36,36,18,0.009296242211931278,0.0002582289503314244,0,0,6f7b41261f1f9ccbcc454fe41cc5c76c85a575f8f1ae17a634fc0f54da242d43,JNU_INTRADAY_MOMREV_G1_V1
2011-09-16,1.0,157,75,12,-0.03194834588004002,-0.00020349264891745237,216,82,37,35,34,22,0.00568820958128997,0.000162520273751142,1,1,6f7b41261f1f9ccbcc454fe41cc5c76c85a575f8f1ae17a634fc0f54da242d43,JNU_INTRADAY_MOMREV_G1_V1
2011-09-20,1.0,159,76,20,-0.02363035044618545,-0.0001486185562653173,214,83,37,35,34,22,0.011530041763704282,0.0003294297646772652,1,1,6f7b41261f1f9ccbcc454fe41cc5c76c85a575f8f1ae17a634fc0f54da242d43,JNU_INTRADAY_MOMREV_G1_V1
2011-09-21,1.0,153,73,16,-0.02419759826372003,-0.00015815423701777797,220,80,37,35,34,19,0.005753760063321339,0.00016439314466632396,1,1,6f7b41261f1f9ccbcc454fe41cc5c76c85a575f8f1ae17a634fc0f54da242d43,JNU_INTRADAY_MOMREV_G1_V1
2011-09-22,1.0,161,72,18,-0.02406000367643067,-0.00014944101662379297,212,89,37,36,36,17,-0.0017493673920024875,-4.859353866673576e-05,0,0,6f7b41261f1f9ccbcc454fe41cc5c76c85a575f8f1ae17a634fc0f54da242d43,JNU_INTRADAY_MOMREV_G1_V1
2011-09-26,1.0,196,112,42,-0.017399945565451113,-8.877523247679139e-05,177,84,37,35,34,18,-0.005895949588925725,-0.000168455702540735,1,1,6f7b41261f1f9ccbcc454fe41cc5c76c85a575f8f1ae17a634fc0f54da242d43,JNU_INTRADAY_MOMREV_G1_V1
2011-09-27,1.0,172,90,25,-0.02541336260954206,-0.000147752108195012,201,82,37,36,36,13,-0.008186254238678362,-0.00022739595107439895,0,0,6f7b41261f1f9ccbcc454fe41cc5c76c85a575f8f1ae17a634fc0f54da242d43,JNU_INTRADAY_MOMREV_G1_V1
2011-09-28,1.0,189,101,32,-0.023169295896744335,-0.00012258886717854146,184,88,37,36,36,20,0.01449763560124117,0.00040271210003447696,0,0,6f7b41261f1f9ccbcc454fe41cc5c76c85a575f8f1ae17a634fc0f54da242d43,JNU_INTRADAY_MOMREV_G1_V1
2011-09-29,1.0,179,98,41,-0.007105151813937073,-3.969358555272108e-05,194,81,37,35,34,19,0.004065704009140176,0.00011616297168971932,1,1,6f7b41261f1f9ccbcc454fe41cc5c76c85a575f8f1ae17a634fc0f54da242d43,JNU_INTRADAY_MOMREV_G1_V1
2011-09-30,1.0,212,135,48,-0.02301317291999977,-0.0001085527024528291,161,77,37,36,36,22,0.0045928848955158145,0.0001275801359865504,0,0,6f7b41261f1f9ccbcc454fe41cc5c76c85a575f8f1ae17a634fc0f54da242d43,JNU_INTRADAY_MOMREV_G1_V1
2011-10-03,1.0,196,117,31,-0.043459005057783336,-0.0002217296176417517,177,79,37,36,36,23,0.011718573782051343,0.00032551593839031507,0,0,6f7b41261f1f9ccbcc454fe41cc5c76c85a575f8f1ae17a634fc0f54da242d43,JNU_INTRADAY_MOMREV_G1_V1
2011-10-04,1.0,194,104,28,-0.027305839941980086,-0.00014075175227824786,179,90,37,36,36,23,0.008912499317578301,0.00024756942548828615,0,0,6f7b41261f1f9ccbcc454fe41cc5c76c85a575f8f1ae17a634fc0f54da242d43,JNU_INTRADAY_MOMREV_G1_V1
2011-10-05,1.0,203,121,39,-0.037337296383117974,-0.0001839275683897437,170,82,37,36,36,20,0.0029470897649379784,8.186360458161051e-05,0,0,6f7b41261f1f9ccbcc454fe41cc5c76c85a575f8f1ae17a634fc0f54da242d43,JNU_INTRADAY_MOMREV_G1_V1
2011-10-06,1.0,169,76,23,-0.02052117305529693,-0.0001214270594987984,204,93,37,36,36,20,0.005858929960269106,0.0001627480544519196,0,0,6f7b41261f1f9ccbcc454fe41cc5c76c85a575f8f1ae17a634fc0f54da242d43,JNU_INTRADAY_MOMREV_G1_V1
2011-10-07,1.0,173,97,31,-0.02085688140125777,-0.0001205600080997559,200,76,37,35,34,19,0.012159648650248288,0.0003474185328642368,1,1,6f7b41261f1f9ccbcc454fe41cc5c76c85a575f8f1ae17a634fc0f54da242d43,JNU_INTRADAY_MOMREV_G1_V1
2011-10-11,1.0,159,76,10,-0.037690829611602056,-0.0002370492428402645,214,83,37,36,36,16,-0.0017121564579700775,-4.755990161027993e-05,0,0,6f7b41261f1f9ccbcc454fe41cc5c76c85a575f8f1ae17a634fc0f54da242d43,JNU_INTRADAY_MOMREV_G1_V1
2011-10-12,1.0,164,78,17,-0.025284456214014768,-0.00015417351350009004,209,86,37,35,34,20,0.008601098868008342,0.0002457456819430955,1,1,6f7b41261f1f9ccbcc454fe41cc5c76c85a575f8f1ae17a634fc0f54da242d43,JNU_INTRADAY_MOMREV_G1_V1
2011-10-13,1.0,137,58,17,-0.017099053158085246,-0.00012481060699332297,236,79,37,35,34,20,0.00679019863328865,0.00019400567523681855,1,1,6f7b41261f1f9ccbcc454fe41cc5c76c85a575f8f1ae17a634fc0f54da242d43,JNU_INTRADAY_MOMREV_G1_V1
2011-10-14,1.0,177,97,27,-0.025675033458252457,-0.00014505668620481613,196,80,37,35,34,19,0.009121369244443877,0.0002606105498412536,1,1,6f7b41261f1f9ccbcc454fe41cc5c76c85a575f8f1ae17a634fc0f54da242d43,JNU_INTRADAY_MOMREV_G1_V1
2011-10-17,1.0,143,59,14,-0.018576192815435332,-0.00012990344626178553,230,84,37,34,33,16,0.0033742611361610255,9.924297459297134e-05,2,1,6f7b41261f1f9ccbcc454fe41cc5c76c85a575f8f1ae17a634fc0f54da242d43,JNU_INTRADAY_MOMREV_G1_V1
2011-10-18,1.0,167,89,19,-0.03199023178288148,-0.00019155827414899093,206,78,37,36,36,19,0.005716244031365362,0.00015878455642681562,0,0,6f7b41261f1f9ccbcc454fe41cc5c76c85a575f8f1ae17a634fc0f54da242d43,JNU_INTRADAY_MOMREV_G1_V1
2011-10-19,1.0,155,77,19,-0.021610723695628123,-0.00013942402384276207,218,78,37,36,36,18,0.0017241815258621901,4.7893931273949724e-05,0,0,6f7b41261f1f9ccbcc454fe41cc5c76c85a575f8f1ae17a634fc0f54da242d43,JNU_INTRADAY_MOMREV_G1_V1
2011-10-20,1.0,162,73,16,-0.022421256020288806,-0.00013840281494005436,211,89,37,36,36,21,0.0034522614013008895,9.589615003613582e-05,0,0,6f7b41261f1f9ccbcc454fe41cc5c76c85a575f8f1ae17a634fc0f54da242d43,JNU_INTRADAY_MOMREV_G1_V1
2011-10-21,1.0,136,66,14,-0.023602116275353538,-0.00017354497261289366,237,70,37,34,32,18,0.0022988405316342114,6.761295681277093e-05,2,2,6f7b41261f1f9ccbcc454fe41cc5c76c85a575f8f1ae17a634fc0f54da242d43,JNU_INTRADAY_MOMREV_G1_V1
2011-10-24,1.0,140,62,13,-0.018719265259895874,-0.00013370903757068482,233,78,37,36,36,15,-0.002252793138838062,-6.257758718994617e-05,0,0,6f7b41261f1f9ccbcc454fe41cc5c76c85a575f8f1ae17a634fc0f54da242d43,JNU_INTRADAY_MOMREV_G1_V1
2011-10-25,1.0,163,83,24,-0.019869764094343878,-0.0001219003932168336,210,80,37,35,34,14,-0.0005908681888880098,-1.6881948253943137e-05,1,1,6f7b41261f1f9ccbcc454fe41cc5c76c85a575f8f1ae17a634fc0f54da242d43,JNU_INTRADAY_MOMREV_G1_V1
2011-10-26,1.0,156,73,19,-0.019527259090787497,-0.00012517473776145832,217,83,37,36,36,18,0.001730420094231871,4.80672248397742e-05,0,0,6f7b41261f1f9ccbcc454fe41cc5c76c85a575f8f1ae17a634fc0f54da242d43,JNU_INTRADAY_MOMREV_G1_V1
2011-10-27,1.0,180,91,27,-0.02662053059900738,-0.0001478918366611521,193,89,37,36,36,16,-0.0011016936814773073,-3.0602602263258534e-05,0,0,6f7b41261f1f9ccbcc454fe41cc5c76c85a575f8f1ae17a634fc0f54da242d43,JNU_INTRADAY_MOMREV_G1_V1
2011-10-28,1.0,155,67,17,-0.0182514542698373,-0.00011775131786991805,218,88,37,35,34,18,-1.1608669297041374e-05,-3.3167626562975356e-07,1,1,6f7b41261f1f9ccbcc454fe41cc5c76c85a575f8f1ae17a634fc0f54da242d43,JNU_INTRADAY_MOMREV_G1_V1
2011-10-31,1.0,202,118,45,-0.016556187141992626,-8.196132248511202e-05,171,84,37,36,36,20,-0.017130274630372068,-0.00047584096195477966,0,0,6f7b41261f1f9ccbcc454fe41cc5c76c85a575f8f1ae17a634fc0f54da242d43,JNU_INTRADAY_MOMREV_G1_V1
2011-11-01,1.0,192,101,35,-0.021888024854425377,-0.00011400012945013217,181,91,37,36,36,20,-0.00283035524757818,-7.862097909939389e-05,0,0,6f7b41261f1f9ccbcc454fe41cc5c76c85a575f8f1ae17a634fc0f54da242d43,JNU_INTRADAY_MOMREV_G1_V1
2011-11-02,1.0,179,94,28,-0.024793703431335416,-0.0001385123096722649,194,85,37,36,36,23,0.0022921968557936792,6.367213488315775e-05,0,0,6f7b41261f1f9ccbcc454fe41cc5c76c85a575f8f1ae17a634fc0f54da242d43,JNU_INTRADAY_MOMREV_G1_V1
2011-11-04,1.0,182,92,22,-0.029130039400443845,-0.00016005516154090024,191,90,37,36,36,18,-0.0074154093632689405,-0.00020598359342413725,0,0,6f7b41261f1f9ccbcc454fe41cc5c76c85a575f8f1ae17a634fc0f54da242d43,JNU_INTRADAY_MOMREV_G1_V1
2011-11-07,1.0,149,59,14,-0.018839374695156123,-0.0001264387563433297,224,90,37,36,36,21,0.007418305884283229,0.00020606405234120082,0,0,6f7b41261f1f9ccbcc454fe41cc5c76c85a575f8f1ae17a634fc0f54da242d43,JNU_INTRADAY_MOMREV_G1_V1
2011-11-08,1.0,175,91,23,-0.030937409738500114,-0.00017678519850571493,198,84,37,36,36,24,0.011446005531072298,0.0003179445980853416,0,0,6f7b41261f1f9ccbcc454fe41cc5c76c85a575f8f1ae17a634fc0f54da242d43,JNU_INTRADAY_MOMREV_G1_V1
2011-11-09,1.0,178,96,26,-0.03093411007024206,-0.00017378713522607899,195,82,37,35,34,21,0.00743328246635899,0.00021237949903882828,1,1,6f7b41261f1f9ccbcc454fe41cc5c76c85a575f8f1ae17a634fc0f54da242d43,JNU_INTRADAY_MOMREV_G1_V1
2011-11-10,1.0,188,102,29,-0.0328199595874385,-0.0001745742531246729,185,86,37,36,36,18,0.007616261493645023,0.0002115628192679173,0,0,6f7b41261f1f9ccbcc454fe41cc5c76c85a575f8f1ae17a634fc0f54da242d43,JNU_INTRADAY_MOMREV_G1_V1
2011-11-11,1.0,171,86,31,-0.01699043316210738,-9.935925825793788e-05,202,85,37,36,36,21,0.007052627583298524,0.00019590632175829232,0,0,6f7b41261f1f9ccbcc454fe41cc5c76c85a575f8f1ae17a634fc0f54da242d43,JNU_INTRADAY_MOMREV_G1_V1
2011-11-14,1.0,183,97,22,-0.033600789811346204,-0.00018361087328604484,190,86,37,36,36,20,0.002321537128015497,6.448714244487491e-05,0,0,6f7b41261f1f9ccbcc454fe41cc5c76c85a575f8f1ae17a634fc0f54da242d43,JNU_INTRADAY_MOMREV_G1_V1
2011-11-15,1.0,161,79,15,-0.02977289479959848,-0.00018492481241986632,212,82,37,35,34,15,-0.002920050087302572,-8.343000249435919e-05,1,1,6f7b41261f1f9ccbcc454fe41cc5c76c85a575f8f1ae17a634fc0f54da242d43,JNU_INTRADAY_MOMREV_G1_V1
2011-11-16,1.0,160,76,15,-0.026456842461974744,-0.00016535526538734215,213,84,37,36,36,19,0.004704656196819139,0.00013068489435608718,0,0,6f7b41261f1f9ccbcc454fe41cc5c76c85a575f8f1ae17a634fc0f54da242d43,JNU_INTRADAY_MOMREV_G1_V1
2011-11-17,1.0,177,98,28,-0.02836622949293128,-0.00016026118357588293,196,79,37,36,36,23,0.011253407318020575,0.00031259464772279377,0,0,6f7b41261f1f9ccbcc454fe41cc5c76c85a575f8f1ae17a634fc0f54da242d43,JNU_INTRADAY_MOMREV_G1_V1
2011-11-18,1.0,152,72,15,-0.026862654139008565,-0.0001767279877566353,221,80,37,35,34,19,0.0029713776000390444,8.48965028582584e-05,1,1,6f7b41261f1f9ccbcc454fe41cc5c76c85a575f8f1ae17a634fc0f54da242d43,JNU_INTRADAY_MOMREV_G1_V1
2011-11-21,1.0,134,63,13,-0.022721559394455134,-0.00016956387607802337,239,71,37,34,32,21,0.008972903046601647,0.00026390891313534255,2,2,6f7b41261f1f9ccbcc454fe41cc5c76c85a575f8f1ae17a634fc0f54da242d43,JNU_INTRADAY_MOMREV_G1_V1
2011-11-22,1.0,192,109,37,-0.021062952502173063,-0.00010970287761548471,181,83,37,36,36,18,0.0011679439651349154,3.244288792041432e-05,0,0,6f7b41261f1f9ccbcc454fe41cc5c76c85a575f8f1ae17a634fc0f54da242d43,JNU_INTRADAY_MOMREV_G1_V1
2011-11-24,1.0,157,77,16,-0.02932722584890364,-0.0001867976168719977,216,80,37,36,36,19,0.003652204567991138,0.00010145012688864273,0,0,6f7b41261f1f9ccbcc454fe41cc5c76c85a575f8f1ae17a634fc0f54da242d43,JNU_INTRADAY_MOMREV_G1_V1
2011-11-25,1.0,148,64,16,-0.02632951991556366,-0.00017790216159164633,225,84,37,34,32,20,0.008569819915097133,0.00025205352691462155,2,2,6f7b41261f1f9ccbcc454fe41cc5c76c85a575f8f1ae17a634fc0f54da242d43,JNU_INTRADAY_MOMREV_G1_V1
2011-11-28,1.0,147,70,21,-0.01805820779051628,-0.00012284495095589307,226,77,37,35,34,15,0.002417288166713427,6.90653761918122e-05,1,1,6f7b41261f1f9ccbcc454fe41cc5c76c85a575f8f1ae17a634fc0f54da242d43,JNU_INTRADAY_MOMREV_G1_V1
2011-11-29,1.0,158,78,18,-0.02745165506799402,-0.00017374465232907607,215,80,37,36,36,15,-0.009504522831871056,-0.0002640145231075293,0,0,6f7b41261f1f9ccbcc454fe41cc5c76c85a575f8f1ae17a634fc0f54da242d43,JNU_INTRADAY_MOMREV_G1_V1
2011-11-30,1.0,141,60,9,-0.024415335130267255,-0.00017315840517920038,232,81,37,35,34,18,0.006552099910927294,0.0001872028545979227,1,1,6f7b41261f1f9ccbcc454fe41cc5c76c85a575f8f1ae17a634fc0f54da242d43,JNU_INTRADAY_MOMREV_G1_V1
2011-12-01,1.0,174,91,23,-0.024924357518896705,-0.00014324343401664772,199,83,37,36,36,16,-0.0023299481679991477,-6.472078244442077e-05,0,0,6f7b41261f1f9ccbcc454fe41cc5c76c85a575f8f1ae17a634fc0f54da242d43,JNU_INTRADAY_MOMREV_G1_V1
2011-12-02,1.0,156,71,17,-0.023188795131622822,-0.00014864612263860785,217,85,37,36,36,19,-1.6908462801186203e-06,-4.6967952225517234e-08,0,0,6f7b41261f1f9ccbcc454fe41cc5c76c85a575f8f1ae17a634fc0f54da242d43,JNU_INTRADAY_MOMREV_G1_V1
2011-12-05,1.0,160,89,12,-0.03684514965027245,-0.0002302821853142028,213,71,37,36,36,22,0.005180849043318791,0.00014391247342552196,0,0,6f7b41261f1f9ccbcc454fe41cc5c76c85a575f8f1ae17a634fc0f54da242d43,JNU_INTRADAY_MOMREV_G1_V1
2011-12-06,1.0,140,65,15,-0.01971127606639386,-0.00014079482904567043,233,75,37,35,34,17,-0.0006041142619812307,-1.726040748517802e-05,1,1,6f7b41261f1f9ccbcc454fe41cc5c76c85a575f8f1ae17a634fc0f54da242d43,JNU_INTRADAY_MOMREV_G1_V1
2011-12-07,1.0,150,63,13,-0.024234980421552872,-0.00016156653614368582,223,87,37,36,36,20,0.0034924621356553108,9.701283710153642e-05,0,0,6f7b41261f1f9ccbcc454fe41cc5c76c85a575f8f1ae17a634fc0f54da242d43,JNU_INTRADAY_MOMREV_G1_V1
2011-12-08,1.0,161,75,12,-0.030612742117256213,-0.00019014125538668455,212,86,37,36,36,17,-6.655527471058093e-06,-1.8487576308494704e-07,0,0,6f7b41261f1f9ccbcc454fe41cc5c76c85a575f8f1ae17a634fc0f54da242d43,JNU_INTRADAY_MOMREV_G1_V1
2011-12-09,1.0,163,76,29,-0.011739162170580686,-7.201939981951341e-05,210,87,37,36,36,17,-0.0035121853040789588,-9.756070289108219e-05,0,0,6f7b41261f1f9ccbcc454fe41cc5c76c85a575f8f1ae17a634fc0f54da242d43,JNU_INTRADAY_MOMREV_G1_V1
2011-12-12,1.0,142,56,9,-0.02253252465110932,-0.00015867975106415014,231,86,37,34,32,14,-0.0040494259187064865,-0.00011910076231489667,2,2,6f7b41261f1f9ccbcc454fe41cc5c76c85a575f8f1ae17a634fc0f54da242d43,JNU_INTRADAY_MOMREV_G1_V1
2011-12-13,1.0,151,72,17,-0.021705177909076417,-0.00014374290006010873,222,79,37,36,36,21,-0.0017518060155136718,-4.866127820871311e-05,0,0,6f7b41261f1f9ccbcc454fe41cc5c76c85a575f8f1ae17a634fc0f54da242d43,JNU_INTRADAY_MOMREV_G1_V1
2011-12-14,1.0,152,70,18,-0.021765260393115875,-0.00014319250258628866,221,82,37,36,36,18,0.0029334027153018628,8.148340875838508e-05,0,0,6f7b41261f1f9ccbcc454fe41cc5c76c85a575f8f1ae17a634fc0f54da242d43,JNU_INTRADAY_MOMREV_G1_V1
2011-12-15,1.0,172,82,12,-0.03687300194361634,-0.0002143779182768392,201,90,37,36,36,23,0.007718114317413787,0.0002143920643726052,0,0,6f7b41261f1f9ccbcc454fe41cc5c76c85a575f8f1ae17a634fc0f54da242d43,JNU_INTRADAY_MOMREV_G1_V1
2011-12-16,1.0,151,62,12,-0.02320597863742535,-0.0001536819777312937,222,89,37,36,36,27,0.014275103561074004,0.0003965306544742779,0,0,6f7b41261f1f9ccbcc454fe41cc5c76c85a575f8f1ae17a634fc0f54da242d43,JNU_INTRADAY_MOMREV_G1_V1
2011-12-19,1.0,161,70,16,-0.025858236334074833,-0.0001606101635656822,212,91,37,36,36,14,-0.0060310435888341575,-0.0001675289885787266,0,0,6f7b41261f1f9ccbcc454fe41cc5c76c85a575f8f1ae17a634fc0f54da242d43,JNU_INTRADAY_MOMREV_G1_V1
2011-12-20,1.0,143,64,15,-0.02280264886499268,-0.0001594590829719768,230,79,37,35,34,22,0.006003485145751666,0.00017152814702147619,1,1,6f7b41261f1f9ccbcc454fe41cc5c76c85a575f8f1ae17a634fc0f54da242d43,JNU_INTRADAY_MOMREV_G1_V1
2011-12-21,1.0,113,49,4,-0.024275603771903874,-0.0002148283519637511,260,64,37,32,28,18,0.007698442880785065,0.0002405763400245333,4,4,6f7b41261f1f9ccbcc454fe41cc5c76c85a575f8f1ae17a634fc0f54da242d43,JNU_INTRADAY_MOMREV_G1_V1
2011-12-22,1.0,114,41,5,-0.018090274419133256,-0.00015868661771169522,259,73,37,34,32,20,0.004164008559266018,0.0001224708399784123,2,2,6f7b41261f1f9ccbcc454fe41cc5c76c85a575f8f1ae17a634fc0f54da242d43,JNU_INTRADAY_MOMREV_G1_V1
2011-12-26,1.0,138,59,0,-0.03534719434605042,-0.0002561390894641335,235,79,37,36,36,18,0.0017673016415549595,4.909171226541554e-05,0,0,6f7b41261f1f9ccbcc454fe41cc5c76c85a575f8f1ae17a634fc0f54da242d43,JNU_INTRADAY_MOMREV_G1_V1
2011-12-27,1.0,145,68,6,-0.033310117861866474,-0.00022972495077149292,228,77,37,36,36,16,0.004743200501325795,0.00013175556948127206,0,0,6f7b41261f1f9ccbcc454fe41cc5c76c85a575f8f1ae17a634fc0f54da242d43,JNU_INTRADAY_MOMREV_G1_V1
2011-12-28,1.0,121,53,5,-0.02666742810482342,-0.00022039196780845803,252,68,37,35,34,13,-0.001187646921978189,-3.393276919937683e-05,1,1,6f7b41261f1f9ccbcc454fe41cc5c76c85a575f8f1ae17a634fc0f54da242d43,JNU_INTRADAY_MOMREV_G1_V1
2011-12-29,1.0,132,60,8,-0.026907714320852958,-0.0002038463206125224,241,72,37,34,32,15,-0.0006061367730889278,-1.7827552149674348e-05,2,2,6f7b41261f1f9ccbcc454fe41cc5c76c85a575f8f1ae17a634fc0f54da242d43,JNU_INTRADAY_MOMREV_G1_V1
2011-12-30,1.0,125,57,5,-0.02847926344500938,-0.00022783410756007505,248,68,37,35,34,18,0.006528016662871933,0.00018651476179634094,1,1,6f7b41261f1f9ccbcc454fe41cc5c76c85a575f8f1ae17a634fc0f54da242d43,JNU_INTRADAY_MOMREV_G1_V1
2012-01-04,1.0,144,67,9,-0.03155504911294422,-0.00021913228550655706,229,77,37,35,34,23,0.009932473757220964,0.0002837849644920275,1,1,13db64a872735ff89bd9a015cf6fddf0de9dcf86981d530f7503f8be1f43d1eb,JNU_INTRADAY_MOMREV_G1_V1
2012-01-05,1.0,134,63,3,-0.0344696565203229,-0.00025723624268897687,239,71,37,34,32,15,-0.0005894464355587584,-1.7336659869375248e-05,2,2,13db64a872735ff89bd9a015cf6fddf0de9dcf86981d530f7503f8be1f43d1eb,JNU_INTRADAY_MOMREV_G1_V1
2012-01-06,1.0,155,79,18,-0.028544304107237798,-0.00018415680069185677,218,76,37,36,36,17,-0.004118040001082993,-0.00011439000003008313,0,0,13db64a872735ff89bd9a015cf6fddf0de9dcf86981d530f7503f8be1f43d1eb,JNU_INTRADAY_MOMREV_G1_V1
2012-01-10,1.0,148,74,14,-0.029690477703546398,-0.00020061133583477295,225,74,37,36,36,18,0.0041597674181341245,0.00011554909494817012,0,0,13db64a872735ff89bd9a015cf6fddf0de9dcf86981d530f7503f8be1f43d1eb,JNU_INTRADAY_MOMREV_G1_V1
2012-01-11,1.0,148,63,10,-0.026085680180726493,-0.00017625459581571955,225,85,37,36,36,21,0.007706515755403544,0.0002140698820945429,0,0,13db64a872735ff89bd9a015cf6fddf0de9dcf86981d530f7503f8be1f43d1eb,JNU_INTRADAY_MOMREV_G1_V1
2012-01-12,1.0,144,69,9,-0.03340230541743162,-0.00023196045428771955,229,75,37,36,36,14,-0.006554555880548643,-0.00018207099668190673,0,0,13db64a872735ff89bd9a015cf6fddf0de9dcf86981d530f7503f8be1f43d1eb,JNU_INTRADAY_MOMREV_G1_V1
2012-01-13,1.0,138,62,8,-0.02713589000324738,-0.00019663688408150275,235,76,37,35,34,18,0.008849048761019645,0.0002528299646005613,1,1,13db64a872735ff89bd9a015cf6fddf0de9dcf86981d530f7503f8be1f43d1eb,JNU_INTRADAY_MOMREV_G1_V1
2012-01-16,1.0,180,103,20,-0.040043027929925055,-0.00022246126627736143,193,77,37,35,34,22,0.010164788926578636,0.0002904225407593896,1,1,13db64a872735ff89bd9a015cf6fddf0de9dcf86981d530f7503f8be1f43d1eb,JNU_INTRADAY_MOMREV_G1_V1
2012-01-17,1.0,144,69,8,-0.03321132368114714,-0.00023063419223018846,229,75,37,34,32,20,0.006529779797793006,0.00019205234699391194,2,2,13db64a872735ff89bd9a015cf6fddf0de9dcf86981d530f7503f8be1f43d1eb,JNU_INTRADAY_MOMREV_G1_V1
2012-01-18,1.0,144,64,13,-0.02000126335481353,-0.0001388976621862051,229,80,37,36,36,21,-0.0017484176187491328,-4.85671560763648e-05,0,0,13db64a872735ff89bd9a015cf6fddf0de9dcf86981d530f7503f8be1f43d1eb,JNU_INTRADAY_MOMREV_G1_V1
2012-01-19,1.0,161,85,18,-0.03178881928621587,-0.00019744608252307997,212,76,37,35,34,15,-0.001741979782922157,-4.977085094063306e-05,1,1,13db64a872735ff89bd9a015cf6fddf0de9dcf86981d530f7503f8be1f43d1eb,JNU_INTRADAY_MOMREV_G1_V1
2012-01-20,1.0,170,92,12,-0.044558449743963315,-0.00026210852790566655,203,78,37,33,30,15,0.0022840818811713437,6.921460245973769e-05,3,3,13db64a872735ff89bd9a015cf6fddf0de9dcf86981d530f7503f8be1f43d1eb,JNU_INTRADAY_MOMREV_G1_V1
2012-01-23,1.0,145,67,9,-0.02908441845615493,-0.00020058219624934434,228,78,37,36,36,19,0.0028475521532492394,7.909867092358998e-05,0,0,13db64a872735ff89bd9a015cf6fddf0de9dcf86981d530f7503f8be1f43d1eb,JNU_INTRADAY_MOMREV_G1_V1
2012-01-24,1.0,145,72,14,-0.026734502094349757,-0.00018437587651275696,228,73,37,35,34,9,-0.0051189790685469815,-0.00014625654481562804,1,1,13db64a872735ff89bd9a015cf6fddf0de9dcf86981d530f7503f8be1f43d1eb,JNU_INTRADAY_MOMREV_G1_V1
2012-01-25,1.0,163,84,13,-0.034976763876119435,-0.00021458137347312538,210,79,37,35,34,14,-0.000576925107526376,-1.6483574500753598e-05,1,1,13db64a872735ff89bd9a015cf6fddf0de9dcf86981d530f7503f8be1f43d1eb,JNU_INTRADAY_MOMREV_G1_V1
2012-01-26,1.0,151,65,11,-0.025966751305937175,-0.00017196524043667003,222,86,37,36,36,23,0.01751207948421945,0.00048644665233942914,0,0,13db64a872735ff89bd9a015cf6fddf0de9dcf86981d530f7503f8be1f43d1eb,JNU_INTRADAY_MOMREV_G1_V1
2012-01-27,1.0,150,69,13,-0.024293075745508274,-0.00016195383830338848,223,81,37,33,30,11,1.0223998328993652e-05,3.098181311816258e-07,3,3,13db64a872735ff89bd9a015cf6fddf0de9dcf86981d530f7503f8be1f43d1eb,JNU_INTRADAY_MOMREV_G1_V1
2012-01-30,1.0,164,97,22,-0.03129839078805126,-0.00019084384626860524,209,67,37,34,32,20,0.003399751169567757,9.99926814578752e-05,2,2,13db64a872735ff89bd9a015cf6fddf0de9dcf86981d530f7503f8be1f43d1eb,JNU_INTRADAY_MOMREV_G1_V1
2012-01-31,1.0,147,67,15,-0.02326440342612781,-0.00015826124779678782,226,80,37,36,36,14,-0.0022791738873529518,-6.331038575980422e-05,0,0,13db64a872735ff89bd9a015cf6fddf0de9dcf86981d530f7503f8be1f43d1eb,JNU_INTRADAY_MOMREV_G1_V1
2012-02-01,1.0,150,76,13,-0.02951194448860043,-0.00019674629659066953,223,74,37,36,36,21,0.009081556767257267,0.00025226546575714634,0,0,13db64a872735ff89bd9a015cf6fddf0de9dcf86981d530f7503f8be1f43d1eb,JNU_INTRADAY_MOMREV_G1_V1
2012-02-02,1.0,162,90,16,-0.034332140941530954,-0.00021192679593537626,211,72,37,36,36,12,0.002814206686064342,7.817240794623172e-05,0,0,13db64a872735ff89bd9a015cf6fddf0de9dcf86981d530f7503f8be1f43d1eb,JNU_INTRADAY_MOMREV_G1_V1
2012-02-03,1.0,134,54,3,-0.029958389330764383,-0.00022357006963257003,239,80,37,34,33,18,0.004523291043519956,0.00013303797186823402,2,1,13db64a872735ff89bd9a015cf6fddf0de9dcf86981d530f7503f8be1f43d1eb,JNU_INTRADAY_MOMREV_G1_V1
2012-02-06,1.0,138,66,4,-0.03247733648953241,-0.00023534301804008993,235,72,37,34,32,19,0.0033569537787266897,9.873393466843205e-05,2,2,13db64a872735ff89bd9a015cf6fddf0de9dcf86981d530f7503f8be1f43d1eb,JNU_INTRADAY_MOMREV_G1_V1
2012-02-07,1.0,145,71,8,-0.03369748136775511,-0.00023239642322589734,228,74,37,35,34,20,0.0028078875898351497,8.022535970957571e-05,1,1,13db64a872735ff89bd9a015cf6fddf0de9dcf86981d530f7503f8be1f43d1eb,JNU_INTRADAY_MOMREV_G1_V1
2012-02-08,1.0,160,79,6,-0.03897651912874706,-0.00024360324455466914,213,81,37,34,32,21,0.005567330695028069,0.000163745020442002,2,2,13db64a872735ff89bd9a015cf6fddf0de9dcf86981d530f7503f8be1f43d1eb,JNU_INTRADAY_MOMREV_G1_V1
2012-02-09,1.0,154,78,18,-0.027300139450838923,-0.00017727363279765535,219,76,37,35,34,16,0.000582094845709093,1.6631281305974087e-05,1,1,13db64a872735ff89bd9a015cf6fddf0de9dcf86981d530f7503f8be1f43d1eb,JNU_INTRADAY_MOMREV_G1_V1
2012-02-10,1.0,155,74,12,-0.03119563756286817,-0.00020126217782495594,218,81,37,34,32,14,-0.0038927233947097114,-0.00011449186455028562,2,2,13db64a872735ff89bd9a015cf6fddf0de9dcf86981d530f7503f8be1f43d1eb,JNU_INTRADAY_MOMREV_G1_V1
2012-02-13,1.0,152,74,10,-0.03226716100551503,-0.0002122839539836515,221,78,37,36,36,22,-0.0005516717441188628,-1.5324215114412856e-05,0,0,13db64a872735ff89bd9a015cf6fddf0de9dcf86981d530f7503f8be1f43d1eb,JNU_INTRADAY_MOMREV_G1_V1
2012-02-14,1.0,169,85,18,-0.02665748010737892,-0.0001577365686827155,204,84,37,36,36,16,-0.0016535208537412551,-4.593113482614597e-05,0,0,13db64a872735ff89bd9a015cf6fddf0de9dcf86981d530f7503f8be1f43d1eb,JNU_INTRADAY_MOMREV_G1_V1
2012-02-15,1.0,166,89,38,-0.00923429813024648,-5.562830198943663e-05,207,77,37,36,36,13,-0.012486734619481745,-0.0003468537394300485,0,0,13db64a872735ff89bd9a015cf6fddf0de9dcf86981d530f7503f8be1f43d1eb,JNU_INTRADAY_MOMREV_G1_V1
2012-02-16,1.0,180,90,25,-0.023252282635660156,-0.00012917934797588977,193,90,37,36,36,15,-0.0037877138327152005,-0.0001052142731309778,0,0,13db64a872735ff89bd9a015cf6fddf0de9dcf86981d530f7503f8be1f43d1eb,JNU_INTRADAY_MOMREV_G1_V1
2012-02-17,1.0,161,85,24,-0.021827640531955884,-0.00013557540703078188,212,76,37,36,36,17,0.0031912067292004863,8.864463136668017e-05,0,0,13db64a872735ff89bd9a015cf6fddf0de9dcf86981d530f7503f8be1f43d1eb,JNU_INTRADAY_MOMREV_G1_V1
2012-02-20,1.0,155,71,17,-0.019470324311228547,-0.00012561499555631322,218,84,37,36,36,14,-0.00263120588469099,-7.30890523525275e-05,0,0,13db64a872735ff89bd9a015cf6fddf0de9dcf86981d530f7503f8be1f43d1eb,JNU_INTRADAY_MOMREV_G1_V1
2012-02-21,1.0,195,111,38,-0.019523935498424856,-0.00010012274614576849,178,84,37,36,36,20,0.011606754706081872,0.0003224098529467187,0,0,13db64a872735ff89bd9a015cf6fddf0de9dcf86981d530f7503f8be1f43d1eb,JNU_INTRADAY_MOMREV_G1_V1
2012-02-22,1.0,174,89,22,-0.028450496566813702,-0.00016350860095869945,199,85,37,36,36,16,0.0005071117724939597,1.4086438124832214e-05,0,0,13db64a872735ff89bd9a015cf6fddf0de9dcf86981d530f7503f8be1f43d1eb,JNU_INTRADAY_MOMREV_G1_V1
2012-02-23,1.0,173,85,24,-0.02301566204792433,-0.00013303850894753948,200,88,37,36,36,22,0.00784018565108913,0.00021778293475247583,0,0,13db64a872735ff89bd9a015cf6fddf0de9dcf86981d530f7503f8be1f43d1eb,JNU_INTRADAY_MOMREV_G1_V1
2012-02-24,1.0,167,85,22,-0.022377325766564222,-0.00013399596267403725,206,82,37,35,34,17,-0.002602937997941957,-7.436965708405591e-05,1,1,13db64a872735ff89bd9a015cf6fddf0de9dcf86981d530f7503f8be1f43d1eb,JNU_INTRADAY_MOMREV_G1_V1
2012-02-27,1.0,190,107,31,-0.025838402066132405,-0.0001359915898217495,183,83,37,36,36,16,-0.004106604526434371,-0.0001140723479565103,0,0,13db64a872735ff89bd9a015cf6fddf0de9dcf86981d530f7503f8be1f43d1eb,JNU_INTRADAY_MOMREV_G1_V1
2012-02-28,1.0,185,108,38,-0.021355629907056847,-0.00011543583733544242,188,77,37,36,36,18,-0.015983549618516828,-0.0004439874894032452,0,0,13db64a872735ff89bd9a015cf6fddf0de9dcf86981d530f7503f8be1f43d1eb,JNU_INTRADAY_MOMREV_G1_V1
2012-02-29,1.0,206,115,44,-0.01676716203714522,-8.139399047157874e-05,167,91,37,36,36,11,-0.007144025417658857,-0.0001984451504905238,0,0,13db64a872735ff89bd9a015cf6fddf0de9dcf86981d530f7503f8be1f43d1eb,JNU_INTRADAY_MOMREV_G1_V1
2012-03-01,1.0,207,135,52,-0.012850843023915953,-6.208136726529446e-05,166,72,37,36,36,13,-0.01888604574849819,-0.0005246123819027276,0,0,13db64a872735ff89bd9a015cf6fddf0de9dcf86981d530f7503f8be1f43d1eb,JNU_INTRADAY_MOMREV_G1_V1
2012-03-02,1.0,192,108,45,-0.005127162460635435,-2.6703971149142893e-05,181,84,37,36,36,24,0.010249849981054044,0.000284718055029279,0,0,13db64a872735ff89bd9a015cf6fddf0de9dcf86981d530f7503f8be1f43d1eb,JNU_INTRADAY_MOMREV_G1_V1
2012-03-05,1.0,204,114,31,-0.031836178324010665,-0.00015605969766671894,169,90,37,36,36,19,0.0030420536594393285,8.450149053998135e-05,0,0,13db64a872735ff89bd9a015cf6fddf0de9dcf86981d530f7503f8be1f43d1eb,JNU_INTRADAY_MOMREV_G1_V1
2012-03-06,1.0,186,97,28,-0.024866388975654033,-0.0001336902633099679,187,89,37,36,36,18,0.001038496358286439,2.8847121063512195e-05,0,0,13db64a872735ff89bd9a015cf6fddf0de9dcf86981d530f7503f8be1f43d1eb,JNU_INTRADAY_MOMREV_G1_V1
2012-03-07,1.0,195,111,39,-0.018806882023664942,-9.644554883930739e-05,178,84,37,36,36,22,0.009411771218788723,0.00026143808941079784,0,0,13db64a872735ff89bd9a015cf6fddf0de9dcf86981d530f7503f8be1f43d1eb,JNU_INTRADAY_MOMREV_G1_V1
2012-03-08,1.0,177,91,22,-0.027814012732140493,-0.00015714131487085025,196,86,37,36,36,16,0.001047888386785102,2.9108010744030614e-05,0,0,13db64a872735ff89bd9a015cf6fddf0de9dcf86981d530f7503f8be1f43d1eb,JNU_INTRADAY_MOMREV_G1_V1
2012-03-09,1.0,218,130,51,-0.014716887289782422,-6.750865729257992e-05,155,88,37,36,36,14,-0.003031104715630811,-8.419735321196697e-05,0,0,13db64a872735ff89bd9a015cf6fddf0de9dcf86981d530f7503f8be1f43d1eb,JNU_INTRADAY_MOMREV_G1_V1
2012-03-12,1.0,196,114,36,-0.02981195683390243,-0.00015210182058113486,177,82,37,36,36,16,-0.007611117509124523,-0.00021141993080901452,0,0,13db64a872735ff89bd9a015cf6fddf0de9dcf86981d530f7503f8be1f43d1eb,JNU_INTRADAY_MOMREV_G1_V1
2012-03-13,1.0,179,90,33,-0.02023906633486662,-0.00011306740969199229,194,89,37,36,36,20,0.0136281431436849,0.00037855953176902496,0,0,13db64a872735ff89bd9a015cf6fddf0de9dcf86981d530f7503f8be1f43d1eb,JNU_INTRADAY_MOMREV_G1_V1
2012-03-14,1.0,152,76,20,-0.02095786488152403,-0.00013788069001002652,221,76,37,35,34,17,0.003994259316894566,0.00011412169476841618,1,1,13db64a872735ff89bd9a015cf6fddf0de9dcf86981d530f7503f8be1f43d1eb,JNU_INTRADAY_MOMREV_G1_V1
2012-03-15,1.0,183,95,20,-0.034315200270221474,-0.00018751475557498074,190,88,37,36,36,16,-0.0030009038666267206,-8.335844073963112e-05,0,0,13db64a872735ff89bd9a015cf6fddf0de9dcf86981d530f7503f8be1f43d1eb,JNU_INTRADAY_MOMREV_G1_V1
2012-03-16,1.0,160,81,19,-0.024395360630678858,-0.00015247100394174287,213,79,37,36,36,23,8.677961148779501e-06,2.4105447635498615e-07,0,0,13db64a872735ff89bd9a015cf6fddf0de9dcf86981d530f7503f8be1f43d1eb,JNU_INTRADAY_MOMREV_G1_V1
2012-03-19,1.0,146,72,5,-0.03323034280121246,-0.0002276050876795374,227,74,37,36,36,21,0.0024778258696418805,6.882849637894112e-05,0,0,13db64a872735ff89bd9a015cf6fddf0de9dcf86981d530f7503f8be1f43d1eb,JNU_INTRADAY_MOMREV_G1_V1
2012-03-21,1.0,152,66,19,-0.013950195108192686,-9.177759939600451e-05,221,86,37,36,36,19,0.0069706312274562055,0.00019362864520711682,0,0,13db64a872735ff89bd9a015cf6fddf0de9dcf86981d530f7503f8be1f43d1eb,JNU_INTRADAY_MOMREV_G1_V1
2012-03-22,1.0,171,87,25,-0.021916124720218155,-0.0001281644720480594,202,84,37,36,36,17,-0.0014983677067419122,-4.162132518727534e-05,0,0,13db64a872735ff89bd9a015cf6fddf0de9dcf86981d530f7503f8be1f43d1eb,JNU_INTRADAY_MOMREV_G1_V1
2012-03-23,1.0,130,52,7,-0.020608967772706092,-0.0001585305213285084,243,78,37,32,29,16,0.003013054970303134,9.415796782197294e-05,4,3,13db64a872735ff89bd9a015cf6fddf0de9dcf86981d530f7503f8be1f43d1eb,JNU_INTRADAY_MOMREV_G1_V1
2012-03-26,1.0,165,83,21,-0.025087323100256263,-0.00015204438242579554,208,82,37,36,36,18,0.005015802095520584,0.0001393278359866829,0,0,13db64a872735ff89bd9a015cf6fddf0de9dcf86981d530f7503f8be1f43d1eb,JNU_INTRADAY_MOMREV_G1_V1
2012-03-27,1.0,150,74,23,-0.013847174910405444,-9.231449940270296e-05,223,76,37,33,30,21,0.007927546479403882,0.00024022868119405702,3,3,13db64a872735ff89bd9a015cf6fddf0de9dcf86981d530f7503f8be1f43d1eb,JNU_INTRADAY_MOMREV_G1_V1
2012-03-28,1.0,167,81,20,-0.022602801745690626,-0.0001353461182376684,206,86,37,35,34,14,-0.0063786588529350305,-0.00018224739579814374,1,1,13db64a872735ff89bd9a015cf6fddf0de9dcf86981d530f7503f8be1f43d1eb,JNU_INTRADAY_MOMREV_G1_V1
2012-03-29,1.0,159,81,27,-0.014937224348576035,-9.394480722374865e-05,214,78,37,36,36,19,0.006415743067818425,0.0001782150852171785,0,0,13db64a872735ff89bd9a015cf6fddf0de9dcf86981d530f7503f8be1f43d1eb,JNU_INTRADAY_MOMREV_G1_V1
2012-03-30,1.0,180,97,28,-0.024274014437861265,-0.00013485563576589592,193,83,37,36,36,15,-0.0024908498261961703,-6.919027294989362e-05,0,0,13db64a872735ff89bd9a015cf6fddf0de9dcf86981d530f7503f8be1f43d1eb,JNU_INTRADAY_MOMREV_G1_V1
2012-04-02,1.0,159,82,16,-0.025578522910752438,-0.00016087121327517257,214,77,37,36,36,21,0.002940179887238797,8.167166353441102e-05,0,0,13db64a872735ff89bd9a015cf6fddf0de9dcf86981d530f7503f8be1f43d1eb,JNU_INTRADAY_MOMREV_G1_V1
2012-04-03,1.0,153,73,15,-0.023132077868316874,-0.00015119005142690768,220,80,37,35,34,21,0.0054599249257181685,0.0001559978550205191,1,1,13db64a872735ff89bd9a015cf6fddf0de9dcf86981d530f7503f8be1f43d1eb,JNU_INTRADAY_MOMREV_G1_V1
2012-04-04,1.0,189,100,36,-0.009063514599170458,-4.7955103699314595e-05,184,89,37,36,36,18,-0.010042740937460177,-0.0002789650260405605,0,0,13db64a872735ff89bd9a015cf6fddf0de9dcf86981d530f7503f8be1f43d1eb,JNU_INTRADAY_MOMREV_G1_V1
2012-04-05,1.0,196,100,29,-0.023072766447486792,-0.0001177181961606469,177,96,37,36,36,17,-0.0010366507745368384,-2.879585484824551e-05,0,0,13db64a872735ff89bd9a015cf6fddf0de9dcf86981d530f7503f8be1f43d1eb,JNU_INTRADAY_MOMREV_G1_V1
2012-04-06,1.0,208,132,46,-0.024180842684849352,-0.00011625405136946803,165,76,37,36,36,24,0.004123194447226285,0.00011453317908961903,0,0,13db64a872735ff89bd9a015cf6fddf0de9dcf86981d530f7503f8be1f43d1eb,JNU_INTRADAY_MOMREV_G1_V1
2012-04-09,1.0,186,93,24,-0.03080854959869278,-0.00016563736343383216,187,93,37,36,36,17,-0.0025931126464818497,-7.203090684671805e-05,0,0,13db64a872735ff89bd9a015cf6fddf0de9dcf86981d530f7503f8be1f43d1eb,JNU_INTRADAY_MOMREV_G1_V1
2012-04-10,1.0,190,96,32,-0.019289349122115794,-0.00010152289011639892,183,94,37,36,36,17,-0.004674080954064895,-0.0001298355820573582,0,0,13db64a872735ff89bd9a015cf6fddf0de9dcf86981d530f7503f8be1f43d1eb,JNU_INTRADAY_MOMREV_G1_V1
2012-04-11,1.0,184,101,35,-0.023836109275899537,-0.00012954407215162793,189,83,37,36,36,15,-0.004766535323701403,-0.00013240375899170565,0,0,13db64a872735ff89bd9a015cf6fddf0de9dcf86981d530f7503f8be1f43d1eb,JNU_INTRADAY_MOMREV_G1_V1
2012-04-12,1.0,193,99,27,-0.030055938675705385,-0.0001557302522057274,180,94,37,36,36,15,-0.0005225633995243387,-1.4515649986787186e-05,0,0,13db64a872735ff89bd9a015cf6fddf0de9dcf86981d530f7503f8be1f43d1eb,JNU_INTRADAY_MOMREV_G1_V1
2012-04-13,1.0,163,75,18,-0.021243145292464728,-0.0001303260447390474,210,88,37,36,36,24,0.01761663500825294,0.0004893509724514705,0,0,13db64a872735ff89bd9a015cf6fddf0de9dcf86981d530f7503f8be1f43d1eb,JNU_INTRADAY_MOMREV_G1_V1
2012-04-16,1.0,177,86,15,-0.03210412463855685,-0.0001813792352460839,196,91,37,36,36,25,0.013150594928682306,0.0003652943035745085,0,0,13db64a872735ff89bd9a015cf6fddf0de9dcf86981d530f7503f8be1f43d1eb,JNU_INTRADAY_MOMREV_G1_V1
2012-04-17,1.0,167,80,24,-0.021091246768693585,-0.0001262948908305005,206,87,37,36,36,20,0.008959433698468437,0.0002488731582907899,0,0,13db64a872735ff89bd9a015cf6fddf0de9dcf86981d530f7503f8be1f43d1eb,JNU_INTRADAY_MOMREV_G1_V1
2012-04-18,1.0,159,79,9,-0.03577713153202925,-0.00022501340586181918,214,80,37,36,36,25,0.011929385945199579,0.0003313718318110994,0,0,13db64a872735ff89bd9a015cf6fddf0de9dcf86981d530f7503f8be1f43d1eb,JNU_INTRADAY_MOMREV_G1_V1
2012-04-19,1.0,172,88,18,-0.03177132591941967,-0.00018471701115941667,201,84,37,36,36,23,0.005731482287067755,0.00015920784130743764,0,0,13db64a872735ff89bd9a015cf6fddf0de9dcf86981d530f7503f8be1f43d1eb,JNU_INTRADAY_MOMREV_G1_V1
2012-04-20,1.0,170,89,21,-0.0291879970608011,-0.00017169410035765354,203,81,37,36,36,22,-0.000520140398701651,-1.4448344408379194e-05,0,0,13db64a872735ff89bd9a015cf6fddf0de9dcf86981d530f7503f8be1f43d1eb,JNU_INTRADAY_MOMREV_G1_V1
2012-04-23,1.0,174,87,23,-0.02436005571740237,-0.00014000032021495613,199,87,37,36,36,23,0.010586693142183795,0.00029407480950510543,0,0,13db64a872735ff89bd9a015cf6fddf0de9dcf86981d530f7503f8be1f43d1eb,JNU_INTRADAY_MOMREV_G1_V1
2012-04-24,1.0,172,87,23,-0.026385578389837596,-0.00015340452552231162,201,85,37,36,36,17,-0.0021083224669951597,-5.856451297208777e-05,0,0,13db64a872735ff89bd9a015cf6fddf0de9dcf86981d530f7503f8be1f43d1eb,JNU_INTRADAY_MOMREV_G1_V1
2012-04-25,1.0,161,77,18,-0.022592302211611338,-0.00014032485845721327,212,84,37,36,36,23,0.009930819161160303,0.0002758560878100084,0,0,13db64a872735ff89bd9a015cf6fddf0de9dcf86981d530f7503f8be1f43d1eb,JNU_INTRADAY_MOMREV_G1_V1
2012-04-26,1.0,164,84,19,-0.024846723784661327,-0.00015150441332110564,209,80,37,34,32,15,0.0005166261511646245,1.5194886798959544e-05,2,2,13db64a872735ff89bd9a015cf6fddf0de9dcf86981d530f7503f8be1f43d1eb,JNU_INTRADAY_MOMREV_G1_V1
2012-04-27,1.0,200,111,42,-0.023478635966220247,-0.00011739317983110124,173,89,37,36,36,14,-0.026640780650894508,-0.0007400216847470697,0,0,13db64a872735ff89bd9a015cf6fddf0de9dcf86981d530f7503f8be1f43d1eb,JNU_INTRADAY_MOMREV_G1_V1
2012-05-01,1.0,180,82,21,-0.027105437274215622,-0.00015058576263453125,193,98,37,36,36,18,0.0015710238830060137,4.363955230572261e-05,0,0,13db64a872735ff89bd9a015cf6fddf0de9dcf86981d530f7503f8be1f43d1eb,JNU_INTRADAY_MOMREV_G1_V1
2012-05-02,1.0,165,82,21,-0.024408226288210943,-0.0001479286441709754,208,83,37,36,36,14,-0.002663120433265897,-7.397556759071936e-05,0,0,13db64a872735ff89bd9a015cf6fddf0de9dcf86981d530f7503f8be1f43d1eb,JNU_INTRADAY_MOMREV_G1_V1
2012-05-07,1.0,197,111,29,-0.030076353295233647,-0.00015267184413824187,176,86,37,35,34,18,0.0005364301226864402,1.5326574933898292e-05,1,1,13db64a872735ff89bd9a015cf6fddf0de9dcf86981d530f7503f8be1f43d1eb,JNU_INTRADAY_MOMREV_G1_V1
2012-05-08,1.0,145,65,15,-0.021239620148242374,-0.00014648013895339569,228,80,37,34,32,21,0.011977245064067908,0.0003522719136490561,2,2,13db64a872735ff89bd9a015cf6fddf0de9dcf86981d530f7503f8be1f43d1eb,JNU_INTRADAY_MOMREV_G1_V1
2012-05-09,1.0,183,94,29,-0.022048340270754585,-0.0001204827337199704,190,89,37,36,36,18,0.00718284126335503,0.0001995233684265286,0,0,13db64a872735ff89bd9a015cf6fddf0de9dcf86981d530f7503f8be1f43d1eb,JNU_INTRADAY_MOMREV_G1_V1
2012-05-10,1.0,191,95,32,-0.022574620247233435,-0.00011819172904310699,182,96,37,36,36,23,0.008847418339190598,0.0002457616205330722,0,0,13db64a872735ff89bd9a015cf6fddf0de9dcf86981d530f7503f8be1f43d1eb,JNU_INTRADAY_MOMREV_G1_V1
2012-05-11,1.0,190,100,28,-0.0216355164651737,-0.0001138711392903879,183,90,37,36,36,15,0.0005838572730432429,1.6218257584534526e-05,0,0,13db64a872735ff89bd9a015cf6fddf0de9dcf86981d530f7503f8be1f43d1eb,JNU_INTRADAY_MOMREV_G1_V1
2012-05-14,1.0,172,89,36,-0.007799176800375252,-4.53440511649724e-05,201,83,37,36,36,19,0.005002628431202942,0.00013896190086674839,0,0,13db64a872735ff89bd9a015cf6fddf0de9dcf86981d530f7503f8be1f43d1eb,JNU_INTRADAY_MOMREV_G1_V1
2012-05-15,1.0,197,109,38,-0.019737805391569534,-0.0001001919055409621,176,88,37,36,36,18,0.006191361942158266,0.00017198227617106293,0,0,13db64a872735ff89bd9a015cf6fddf0de9dcf86981d530f7503f8be1f43d1eb,JNU_INTRADAY_MOMREV_G1_V1
2012-05-16,1.0,190,97,32,-0.0181616642402529,-9.558770652764683e-05,183,93,37,36,36,16,-0.002268616537586997,-6.301712604408325e-05,0,0,13db64a872735ff89bd9a015cf6fddf0de9dcf86981d530f7503f8be1f43d1eb,JNU_INTRADAY_MOMREV_G1_V1
2012-05-17,1.0,191,103,35,-0.023857398986025846,-0.00012490784809437617,182,88,37,36,36,23,0.011330230237414078,0.00031472861770594663,0,0,13db64a872735ff89bd9a015cf6fddf0de9dcf86981d530f7503f8be1f43d1eb,JNU_INTRADAY_MOMREV_G1_V1
2012-05-18,1.0,166,88,36,-0.0063552672306035705,-3.828474235303356e-05,207,78,37,35,34,17,-0.006363542276781124,-0.00018181549362231782,1,1,13db64a872735ff89bd9a015cf6fddf0de9dcf86981d530f7503f8be1f43d1eb,JNU_INTRADAY_MOMREV_G1_V1
2012-05-21,1.0,199,108,38,-0.022547899017388174,-0.0001133060252130059,174,91,37,36,36,19,0.002896688386023717,8.046356627843658e-05,0,0,13db64a872735ff89bd9a015cf6fddf0de9dcf86981d530f7503f8be1f43d1eb,JNU_INTRADAY_MOMREV_G1_V1
2012-05-22,1.0,157,73,21,-0.021779479666478297,-0.00013872280042342863,216,84,37,36,36,20,0.013193177367194157,0.0003664771490887266,0,0,13db64a872735ff89bd9a015cf6fddf0de9dcf86981d530f7503f8be1f43d1eb,JNU_INTRADAY_MOMREV_G1_V1
2012-05-23,1.0,203,119,40,-0.027418149343823833,-0.00013506477509272823,170,84,37,36,36,19,-0.0028627588461202025,-7.952107905889451e-05,0,0,13db64a872735ff89bd9a015cf6fddf0de9dcf86981d530f7503f8be1f43d1eb,JNU_INTRADAY_MOMREV_G1_V1
2012-05-24,1.0,193,114,46,-0.014031362671027475,-7.270136098977966e-05,180,79,37,36,36,18,-0.0011281636015116738,-3.133787781976871e-05,0,0,13db64a872735ff89bd9a015cf6fddf0de9dcf86981d530f7503f8be1f43d1eb,JNU_INTRADAY_MOMREV_G1_V1
2012-05-25,1.0,176,82,15,-0.04021756153656446,-0.00022850887236684352,197,94,37,36,36,21,0.012824272000775214,0.0003562297777993115,0,0,13db64a872735ff89bd9a015cf6fddf0de9dcf86981d530f7503f8be1f43d1eb,JNU_INTRADAY_MOMREV_G1_V1
2012-05-28,1.0,162,82,14,-0.036082761070597165,-0.00022273309302837756,211,80,37,35,34,19,0.00232186421473709,6.633897756391686e-05,1,1,13db64a872735ff89bd9a015cf6fddf0de9dcf86981d530f7503f8be1f43d1eb,JNU_INTRADAY_MOMREV_G1_V1
2012-05-29,1.0,155,68,18,-0.01805793198230642,-0.00011650278698262206,218,87,37,35,34,17,0.011652313248896597,0.0003329232356827599,1,1,13db64a872735ff89bd9a015cf6fddf0de9dcf86981d530f7503f8be1f43d1eb,JNU_INTRADAY_MOMREV_G1_V1
2012-05-30,1.0,175,89,22,-0.025069226885708937,-0.00014325272506119394,198,86,37,36,36,21,0.001153678339167029,3.2046620532417474e-05,0,0,13db64a872735ff89bd9a015cf6fddf0de9dcf86981d530f7503f8be1f43d1eb,JNU_INTRADAY_MOMREV_G1_V1
2012-05-31,1.0,167,82,16,-0.03711884177185492,-0.00022226851360392167,206,85,37,36,36,19,0.00294103963192792,8.169554533133111e-05,0,0,13db64a872735ff89bd9a015cf6fddf0de9dcf86981d530f7503f8be1f43d1eb,JNU_INTRADAY_MOMREV_G1_V1
2012-06-01,1.0,166,77,13,-0.037269303481203934,-0.00022451387639279478,207,89,37,36,36,23,0.01716035506381027,0.00047667652955028534,0,0,13db64a872735ff89bd9a015cf6fddf0de9dcf86981d530f7503f8be1f43d1eb,JNU_INTRADAY_MOMREV_G1_V1
2012-06-04,1.0,156,79,18,-0.028408126931143984,-0.0001821033777637435,217,77,37,35,34,15,0.003027175987234623,8.64907424924178e-05,1,1,13db64a872735ff89bd9a015cf6fddf0de9dcf86981d530f7503f8be1f43d1eb,JNU_INTRADAY_MOMREV_G1_V1
2012-06-05,1.0,165,72,16,-0.02754002225400531,-0.00016690922578185038,208,93,37,36,36,20,0.005998786063928533,0.00016663294622023704,0,0,13db64a872735ff89bd9a015cf6fddf0de9dcf86981d530f7503f8be1f43d1eb,JNU_INTRADAY_MOMREV_G1_V1
2012-06-06,1.0,185,97,21,-0.0406387445366688,-0.0002196688893873989,188,88,37,36,36,20,0.005327944576095098,0.00014799846044708605,0,0,13db64a872735ff89bd9a015cf6fddf0de9dcf86981d530f7503f8be1f43d1eb,JNU_INTRADAY_MOMREV_G1_V1
2012-06-07,1.0,176,93,24,-0.02955230793400169,-0.0001679108405341005,197,83,37,36,36,18,0.0017389579212891961,4.8304386702477674e-05,0,0,13db64a872735ff89bd9a015cf6fddf0de9dcf86981d530f7503f8be1f43d1eb,JNU_INTRADAY_MOMREV_G1_V1
2012-06-08,1.0,195,121,38,-0.0248133790056901,-0.00012724809746507743,178,74,37,35,34,19,0.008906760893741917,0.0002544788826783405,1,1,13db64a872735ff89bd9a015cf6fddf0de9dcf86981d530f7503f8be1f43d1eb,JNU_INTRADAY_MOMREV_G1_V1
2012-06-11,1.0,174,84,26,-0.020894559338539682,-0.00012008367435942347,199,90,37,36,36,19,0.0005809012745116534,1.6136146514212596e-05,0,0,13db64a872735ff89bd9a015cf6fddf0de9dcf86981d530f7503f8be1f43d1eb,JNU_INTRADAY_MOMREV_G1_V1
2012-06-12,1.0,176,95,31,-0.02475556597978725,-0.00014065662488515484,197,81,37,35,34,17,2.2059961505012816e-05,6.302846144289376e-07,1,1,13db64a872735ff89bd9a015cf6fddf0de9dcf86981d530f7503f8be1f43d1eb,JNU_INTRADAY_MOMREV_G1_V1
2012-06-13,1.0,165,81,19,-0.026250848296268694,-0.00015909605028041631,208,84,37,36,36,18,0.005254798189471621,0.0001459666163742117,0,0,13db64a872735ff89bd9a015cf6fddf0de9dcf86981d530f7503f8be1f43d1eb,JNU_INTRADAY_MOMREV_G1_V1
2012-06-14,1.0,161,76,15,-0.02983214075257126,-0.00018529279970541155,212,85,37,35,34,12,0.0005973284835059612,1.706652810017032e-05,1,1,13db64a872735ff89bd9a015cf6fddf0de9dcf86981d530f7503f8be1f43d1eb,JNU_INTRADAY_MOMREV_G1_V1
2012-06-15,1.0,182,92,25,-0.02745417288720495,-0.00015084710377585137,191,90,37,36,36,14,-0.012255983698800236,-0.0003404439916333399,0,0,13db64a872735ff89bd9a015cf6fddf0de9dcf86981d530f7503f8be1f43d1eb,JNU_INTRADAY_MOMREV_G1_V1
2012-06-18,1.0,169,89,15,-0.03612738920017218,-0.00021377153372882947,204,80,37,35,34,15,0.002287019530886958,6.53434151681988e-05,1,1,13db64a872735ff89bd9a015cf6fddf0de9dcf86981d530f7503f8be1f43d1eb,JNU_INTRADAY_MOMREV_G1_V1
2012-06-19,1.0,145,63,16,-0.019006034508328946,-0.000131076100057441,228,82,37,36,36,19,0.0017276401283909202,4.799000356641445e-05,0,0,13db64a872735ff89bd9a015cf6fddf0de9dcf86981d530f7503f8be1f43d1eb,JNU_INTRADAY_MOMREV_G1_V1
2012-06-20,1.0,146,70,15,-0.025817134744852928,-0.00017682969003323924,227,76,37,34,32,19,0.005172231080083133,0.00015212444353185687,2,2,13db64a872735ff89bd9a015cf6fddf0de9dcf86981d530f7503f8be1f43d1eb,JNU_INTRADAY_MOMREV_G1_V1
2012-06-21,1.0,179,94,21,-0.03403681149853561,-0.00019014978490802017,194,85,37,36,36,22,0.003978734710071748,0.00011052040861310412,0,0,13db64a872735ff89bd9a015cf6fddf0de9dcf86981d530f7503f8be1f43d1eb,JNU_INTRADAY_MOMREV_G1_V1
2012-06-22,1.0,162,73,20,-0.019960533441797785,-0.00012321316939381348,211,89,37,36,36,15,-0.001143191962612923,-3.175533229480342e-05,0,0,13db64a872735ff89bd9a015cf6fddf0de9dcf86981d530f7503f8be1f43d1eb,JNU_INTRADAY_MOMREV_G1_V1
2012-06-25,1.0,167,83,23,-0.02171836495706581,-0.0001300500895632683,206,84,37,35,34,12,-0.01197448939843911,-0.0003421282685268317,1,1,13db64a872735ff89bd9a015cf6fddf0de9dcf86981d530f7503f8be1f43d1eb,JNU_INTRADAY_MOMREV_G1_V1
2012-06-26,1.0,178,98,26,-0.02772174619125962,-0.00015574014714190797,195,80,37,36,36,18,-0.013293014422879793,-0.0003692504006355498,0,0,13db64a872735ff89bd9a015cf6fddf0de9dcf86981d530f7503f8be1f43d1eb,JNU_INTRADAY_MOMREV_G1_V1
2012-06-27,1.0,152,72,12,-0.028813659123872588,-0.0001895635468675828,221,80,37,35,34,15,-0.007465162530618274,-0.00021329035801766498,1,1,13db64a872735ff89bd9a015cf6fddf0de9dcf86981d530f7503f8be1f43d1eb,JNU_INTRADAY_MOMREV_G1_V1
2012-06-28,1.0,173,85,20,-0.026009278466283935,-0.00015034265009412678,200,88,37,36,36,20,0.001693177670934119,4.70327130815033e-05,0,0,13db64a872735ff89bd9a015cf6fddf0de9dcf86981d530f7503f8be1f43d1eb,JNU_INTRADAY_MOMREV_G1_V1
2012-06-29,1.0,196,120,43,-0.0033114933442600623,-1.689537420540848e-05,177,76,37,35,34,19,-0.0034731900902557145,-9.92340025787347e-05,1,1,13db64a872735ff89bd9a015cf6fddf0de9dcf86981d530f7503f8be1f43d1eb,JNU_INTRADAY_MOMREV_G1_V1
2012-07-02,1.0,172,84,14,-0.03379303937485437,-0.00019647115915613004,201,88,37,36,36,19,0.003881327693072275,0.00010781465814089653,0,0,13db64a872735ff89bd9a015cf6fddf0de9dcf86981d530f7503f8be1f43d1eb,JNU_INTRADAY_MOMREV_G1_V1
2012-07-03,1.0,150,62,14,-0.023740620197432966,-0.00015827080131621977,223,88,37,36,36,22,0.00829477073496913,0.00023041029819358697,0,0,13db64a872735ff89bd9a015cf6fddf0de9dcf86981d530f7503f8be1f43d1eb,JNU_INTRADAY_MOMREV_G1_V1
2012-07-04,1.0,143,64,13,-0.02250954543217949,-0.00015740940861663978,230,79,37,35,34,18,0.006035062306520081,0.00017243035161485946,1,1,13db64a872735ff89bd9a015cf6fddf0de9dcf86981d530f7503f8be1f43d1eb,JNU_INTRADAY_MOMREV_G1_V1
2012-07-05,1.0,154,82,16,-0.026419935465704633,-0.00017155802250457553,219,72,37,36,36,17,-0.0010973950598926856,-3.0483196108130155e-05,0,0,13db64a872735ff89bd9a015cf6fddf0de9dcf86981d530f7503f8be1f43d1eb,JNU_INTRADAY_MOMREV_G1_V1
2012-07-06,1.0,160,80,18,-0.029837461974245767,-0.00018648413733903603,213,80,37,35,34,18,0.0005388694218142927,1.5396269194694076e-05,1,1,13db64a872735ff89bd9a015cf6fddf0de9dcf86981d530f7503f8be1f43d1eb,JNU_INTRADAY_MOMREV_G1_V1
2012-07-09,1.0,149,65,11,-0.02632794916524755,-0.00017669764540434598,224,84,37,36,36,23,0.011763652990415107,0.00032676813862264186,0,0,13db64a872735ff89bd9a015cf6fddf0de9dcf86981d530f7503f8be1f43d1eb,JNU_INTRADAY_MOMREV_G1_V1
2012-07-10,1.0,154,79,23,-0.02077898910857961,-0.00013492850070506238,219,75,37,36,36,20,0.0016953340498368258,4.7092612495467386e-05,0,0,13db64a872735ff89bd9a015cf6fddf0de9dcf86981d530f7503f8be1f43d1eb,JNU_INTRADAY_MOMREV_G1_V1
2012-07-11,1.0,155,71,16,-0.022688617818261946,-0.00014637817947265772,218,84,37,35,34,16,0.005121816881800604,0.00014633762519430298,1,1,13db64a872735ff89bd9a015cf6fddf0de9dcf86981d530f7503f8be1f43d1eb,JNU_INTRADAY_MOMREV_G1_V1
2012-07-12,1.0,140,76,26,-0.012846497389681749,-9.176069564058392e-05,233,64,37,29,27,9,-0.012552905191511015,-0.00043285879970727636,7,2,13db64a872735ff89bd9a015cf6fddf0de9dcf86981d530f7503f8be1f43d1eb,JNU_INTRADAY_MOMREV_G1_V1
2012-07-13,1.0,167,77,23,-0.02177982010471303,-0.00013041808445935947,206,90,37,36,36,17,0.002296871318825151,6.380198107847641e-05,0,0,13db64a872735ff89bd9a015cf6fddf0de9dcf86981d530f7503f8be1f43d1eb,JNU_INTRADAY_MOMREV_G1_V1
2012-07-17,1.0,177,90,22,-0.02799187039439714,-0.00015814616042032282,196,87,37,36,36,22,0.003449537607009889,9.582048908360802e-05,0,0,13db64a872735ff89bd9a015cf6fddf0de9dcf86981d530f7503f8be1f43d1eb,JNU_INTRADAY_MOMREV_G1_V1
2012-07-18,1.0,159,77,18,-0.026792321802109113,-0.00016850516856672397,214,82,37,36,36,14,-0.005143704576513083,-0.00014288068268091897,0,0,13db64a872735ff89bd9a015cf6fddf0de9dcf86981d530f7503f8be1f43d1eb,JNU_INTRADAY_MOMREV_G1_V1
2012-07-19,1.0,164,76,19,-0.023289218260675957,-0.00014200742841875583,209,88,37,36,36,16,-7.731112271343343e-06,-2.147531186484262e-07,0,0,13db64a872735ff89bd9a015cf6fddf0de9dcf86981d530f7503f8be1f43d1eb,JNU_INTRADAY_MOMREV_G1_V1
2012-07-20,1.0,152,69,21,-0.013737358397189453,-9.03773578762464e-05,221,83,37,36,36,17,0.0017471718664320219,4.8532551845333944e-05,0,0,13db64a872735ff89bd9a015cf6fddf0de9dcf86981d530f7503f8be1f43d1eb,JNU_INTRADAY_MOMREV_G1_V1
2012-07-23,1.0,167,87,17,-0.03215554686993822,-0.00019254818484992946,206,80,37,36,36,20,-0.0011958864881318047,-3.321906911477235e-05,0,0,13db64a872735ff89bd9a015cf6fddf0de9dcf86981d530f7503f8be1f43d1eb,JNU_INTRADAY_MOMREV_G1_V1
2012-07-24,1.0,195,115,42,-0.018879509359233212,-9.681799671401647e-05,178,80,37,36,36,19,0.005289046467988699,0.00014691795744413053,0,0,13db64a872735ff89bd9a015cf6fddf0de9dcf86981d530f7503f8be1f43d1eb,JNU_INTRADAY_MOMREV_G1_V1
2012-07-25,1.0,196,105,25,-0.03762128556988503,-0.00019194533454022975,177,91,37,36,36,16,-1.7613335601357558e-06,-4.892593222599322e-08,0,0,13db64a872735ff89bd9a015cf6fddf0de9dcf86981d530f7503f8be1f43d1eb,JNU_INTRADAY_MOMREV_G1_V1
2012-07-26,1.0,185,87,21,-0.03400488946348365,-0.00018381021331612785,188,98,37,36,36,17,-0.0023724313570359064,-6.590087102877518e-05,0,0,13db64a872735ff89bd9a015cf6fddf0de9dcf86981d530f7503f8be1f43d1eb,JNU_INTRADAY_MOMREV_G1_V1
2012-07-27,1.0,164,77,14,-0.028698327423531598,-0.00017498980136299754,209,87,37,36,36,18,0.0017696374189460112,4.915659497072253e-05,0,0,13db64a872735ff89bd9a015cf6fddf0de9dcf86981d530f7503f8be1f43d1eb,JNU_INTRADAY_MOMREV_G1_V1
2012-07-30,1.0,175,96,23,-0.031907482797121266,-0.00018232847312640724,198,79,37,36,36,21,0.005791707447591185,0.00016088076243308847,0,0,13db64a872735ff89bd9a015cf6fddf0de9dcf86981d530f7503f8be1f43d1eb,JNU_INTRADAY_MOMREV_G1_V1
2012-07-31,1.0,164,81,18,-0.028280847697129033,-0.00017244419327517704,209,83,37,36,36,20,0.0029503898171527668,8.195527269868797e-05,0,0,13db64a872735ff89bd9a015cf6fddf0de9dcf86981d530f7503f8be1f43d1eb,JNU_INTRADAY_MOMREV_G1_V1
2012-08-01,1.0,163,74,18,-0.023261594777930498,-0.00014270917041675152,210,89,37,36,36,15,0.0011718735502263557,3.255204306184322e-05,0,0,13db64a872735ff89bd9a015cf6fddf0de9dcf86981d530f7503f8be1f43d1eb,JNU_INTRADAY_MOMREV_G1_V1
2012-08-02,1.0,156,84,32,-0.012089932164387317,-7.749956515632896e-05,217,72,37,36,36,19,0.0011364238974679156,3.156733048521988e-05,0,0,13db64a872735ff89bd9a015cf6fddf0de9dcf86981d530f7503f8be1f43d1eb,JNU_INTRADAY_MOMREV_G1_V1
2012-08-03,1.0,162,83,18,-0.03105124985527654,-0.00019167438182269469,211,79,37,36,36,17,0.0023456981359845116,6.515828155512533e-05,0,0,13db64a872735ff89bd9a015cf6fddf0de9dcf86981d530f7503f8be1f43d1eb,JNU_INTRADAY_MOMREV_G1_V1
2012-08-06,1.0,164,82,23,-0.02147474727035416,-0.00013094358091679366,209,82,37,36,36,17,0.004015907326144132,0.00011155298128178144,0,0,13db64a872735ff89bd9a015cf6fddf0de9dcf86981d530f7503f8be1f43d1eb,JNU_INTRADAY_MOMREV_G1_V1
2012-08-07,1.0,175,98,28,-0.026802866775408815,-0.0001531592387166218,198,77,37,36,36,17,-0.0017258662970852027,-4.7940730474588964e-05,0,0,13db64a872735ff89bd9a015cf6fddf0de9dcf86981d530f7503f8be1f43d1eb,JNU_INTRADAY_MOMREV_G1_V1
2012-08-08,1.0,186,100,30,-0.025222596782567296,-0.00013560535904606072,187,86,37,36,36,17,0.005615924412878057,0.0001559979003577238,0,0,13db64a872735ff89bd9a015cf6fddf0de9dcf86981d530f7503f8be1f43d1eb,JNU_INTRADAY_MOMREV_G1_V1
2012-08-09,1.0,200,122,46,-0.024683079239011838,-0.0001234153961950592,173,78,37,36,36,14,-0.008945915603339315,-0.0002484976556483143,0,0,13db64a872735ff89bd9a015cf6fddf0de9dcf86981d530f7503f8be1f43d1eb,JNU_INTRADAY_MOMREV_G1_V1
2012-08-10,1.0,149,62,17,-0.017406213936560597,-0.00011682022776215165,224,87,37,36,36,20,0.004511524017645676,0.00012532011160126878,0,0,13db64a872735ff89bd9a015cf6fddf0de9dcf86981d530f7503f8be1f43d1eb,JNU_INTRADAY_MOMREV_G1_V1
2012-08-13,1.0,152,68,16,-0.02308226981785093,-0.00015185703827533506,221,84,37,36,36,15,0.005073757894294487,0.000140937719285958,0,0,13db64a872735ff89bd9a015cf6fddf0de9dcf86981d530f7503f8be1f43d1eb,JNU_INTRADAY_MOMREV_G1_V1
2012-08-14,1.0,172,83,21,-0.02632577156514403,-0.000153056811425256,201,89,37,35,34,20,0.002231510554787248,6.37574444224928e-05,1,1,13db64a872735ff89bd9a015cf6fddf0de9dcf86981d530f7503f8be1f43d1eb,JNU_INTRADAY_MOMREV_G1_V1
2012-08-15,1.0,155,77,18,-0.02584135633693188,-0.0001667184279802057,218,78,37,34,32,15,0.0011545562608372894,3.395753708344969e-05,2,2,13db64a872735ff89bd9a015cf6fddf0de9dcf86981d530f7503f8be1f43d1eb,JNU_INTRADAY_MOMREV_G1_V1
2012-08-16,1.0,185,98,28,-0.022107405269339304,-0.00011949948794237462,188,87,37,36,36,19,-0.0033210112450514804,-9.225031236254113e-05,0,0,13db64a872735ff89bd9a015cf6fddf0de9dcf86981d530f7503f8be1f43d1eb,JNU_INTRADAY_MOMREV_G1_V1
2012-08-17,1.0,180,88,29,-0.015831045457998877,-8.79502525444382e-05,193,92,37,35,34,20,0.010350128170656378,0.0002957179477330394,1,1,13db64a872735ff89bd9a015cf6fddf0de9dcf86981d530f7503f8be1f43d1eb,JNU_INTRADAY_MOMREV_G1_V1
2012-08-20,1.0,151,72,23,-0.014675587002142245,-9.718931789498175e-05,222,79,37,36,36,18,0.0043579187041993825,0.00012105329733887174,0,0,13db64a872735ff89bd9a015cf6fddf0de9dcf86981d530f7503f8be1f43d1eb,JNU_INTRADAY_MOMREV_G1_V1
2012-08-21,1.0,145,61,12,-0.021262176143065876,-0.00014663569753838534,228,84,37,35,34,20,0.004359679304729644,0.0001245622658494184,1,1,13db64a872735ff89bd9a015cf6fddf0de9dcf86981d530f7503f8be1f43d1eb,JNU_INTRADAY_MOMREV_G1_V1
2012-08-22,1.0,162,82,22,-0.025250203978632774,-0.000155865456658227,211,80,37,36,36,19,0.009347231446780306,0.0002596453179661196,0,0,13db64a872735ff89bd9a015cf6fddf0de9dcf86981d530f7503f8be1f43d1eb,JNU_INTRADAY_MOMREV_G1_V1
2012-08-23,1.0,186,99,26,-0.032297172079978786,-0.00017364071010741284,187,87,37,36,36,18,-0.0016500631483196116,-4.583508745332254e-05,0,0,13db64a872735ff89bd9a015cf6fddf0de9dcf86981d530f7503f8be1f43d1eb,JNU_INTRADAY_MOMREV_G1_V1
2012-08-24,1.0,162,71,13,-0.028142221244865297,-0.00017371741509176108,211,91,37,36,36,19,0.0049700879020138184,0.00013805799727816163,0,0,13db64a872735ff89bd9a015cf6fddf0de9dcf86981d530f7503f8be1f43d1eb,JNU_INTRADAY_MOMREV_G1_V1
2012-08-27,1.0,169,90,14,-0.037884897149849564,-0.00022417098905236428,204,79,37,36,36,19,0.007681162784742868,0.0002133656329095241,0,0,13db64a872735ff89bd9a015cf6fddf0de9dcf86981d530f7503f8be1f43d1eb,JNU_INTRADAY_MOMREV_G1_V1
2012-08-28,1.0,182,91,28,-0.017680359468592893,-9.71448322450159e-05,191,91,37,36,36,17,-0.004405511837360806,-0.00012237532881557794,0,0,13db64a872735ff89bd9a015cf6fddf0de9dcf86981d530f7503f8be1f43d1eb,JNU_INTRADAY_MOMREV_G1_V1
2012-08-29,1.0,167,86,12,-0.03587061289821515,-0.00021479408921086916,206,81,37,36,36,18,0.006072013703833023,0.00016866704732869508,0,0,13db64a872735ff89bd9a015cf6fddf0de9dcf86981d530f7503f8be1f43d1eb,JNU_INTRADAY_MOMREV_G1_V1
2012-08-30,1.0,160,84,14,-0.034461720193746805,-0.00021538575121091754,213,76,37,35,34,20,0.005566055413570621,0.0001590301546734463,1,1,13db64a872735ff89bd9a015cf6fddf0de9dcf86981d530f7503f8be1f43d1eb,JNU_INTRADAY_MOMREV_G1_V1
2012-08-31,1.0,158,69,16,-0.020236166451562416,-0.00012807700285798998,215,89,37,36,36,21,0.00790892842074108,0.00021969245613169666,0,0,13db64a872735ff89bd9a015cf6fddf0de9dcf86981d530f7503f8be1f43d1eb,JNU_INTRADAY_MOMREV_G1_V1
2012-09-03,1.0,192,101,26,-0.028899334904520547,-0.00015051736929437784,181,91,37,36,36,13,-0.01699595065973913,-0.00047210974054830916,0,0,13db64a872735ff89bd9a015cf6fddf0de9dcf86981d530f7503f8be1f43d1eb,JNU_INTRADAY_MOMREV_G1_V1
2012-09-04,1.0,192,99,34,-0.01767931091492238,-9.207974434855406e-05,181,93,37,36,36,22,0.012550915764459271,0.00034863654901275755,0,0,13db64a872735ff89bd9a015cf6fddf0de9dcf86981d530f7503f8be1f43d1eb,JNU_INTRADAY_MOMREV_G1_V1
2012-09-05,1.0,167,80,17,-0.029270381105361034,-0.00017527174314587446,206,87,37,36,36,22,0.012069470439320175,0.00033526306775889374,0,0,13db64a872735ff89bd9a015cf6fddf0de9dcf86981d530f7503f8be1f43d1eb,JNU_INTRADAY_MOMREV_G1_V1
2012-09-06,1.0,173,87,19,-0.03170712825656938,-0.0001832781980148519,200,86,37,36,36,21,0.007495287343339829,0.00020820242620388414,0,0,13db64a872735ff89bd9a015cf6fddf0de9dcf86981d530f7503f8be1f43d1eb,JNU_INTRADAY_MOMREV_G1_V1
2012-09-07,1.0,178,93,25,-0.029959378797715656,-0.0001683111168410992,195,85,37,36,36,17,0.003382136237702406,9.394822882506683e-05,0,0,13db64a872735ff89bd9a015cf6fddf0de9dcf86981d530f7503f8be1f43d1eb,JNU_INTRADAY_MOMREV_G1_V1
2012-09-10,1.0,154,72,13,-0.02541657019567724,-0.0001650426636082938,219,82,37,36,36,22,0.008477930870255973,0.0002354980797293326,0,0,13db64a872735ff89bd9a015cf6fddf0de9dcf86981d530f7503f8be1f43d1eb,JNU_INTRADAY_MOMREV_G1_V1
2012-09-11,1.0,136,52,9,-0.021034862527564,-0.00015466810682032353,237,84,37,36,36,18,0.004548688486236327,0.00012635245795100908,0,0,13db64a872735ff89bd9a015cf6fddf0de9dcf86981d530f7503f8be1f43d1eb,JNU_INTRADAY_MOMREV_G1_V1
2012-09-12,1.0,171,85,31,-0.011166830430069564,-6.530310193023137e-05,202,86,37,36,36,19,-0.0006158615876524587,-1.710726632367941e-05,0,0,13db64a872735ff89bd9a015cf6fddf0de9dcf86981d530f7503f8be1f43d1eb,JNU_INTRADAY_MOMREV_G1_V1
2012-09-13,1.0,163,84,15,-0.03282986434665323,-0.00020141021071566398,210,79,37,35,34,19,0.0033389392707947165,9.539826487984904e-05,1,1,13db64a872735ff89bd9a015cf6fddf0de9dcf86981d530f7503f8be1f43d1eb,JNU_INTRADAY_MOMREV_G1_V1
2012-09-14,1.0,169,78,17,-0.025320558680658606,-0.00014982579100981423,204,91,37,36,36,13,-0.007155474964913779,-0.0001987631934698272,0,0,13db64a872735ff89bd9a015cf6fddf0de9dcf86981d530f7503f8be1f43d1eb,JNU_INTRADAY_MOMREV_G1_V1
2012-09-18,1.0,176,86,25,-0.020349814400586152,-0.00011562394545787586,197,90,37,36,36,19,0.005495102844799281,0.0001526417456888689,0,0,13db64a872735ff89bd9a015cf6fddf0de9dcf86981d530f7503f8be1f43d1eb,JNU_INTRADAY_MOMREV_G1_V1
2012-09-19,1.0,185,97,28,-0.024098850438512495,-0.00013026405642439188,188,88,37,36,36,16,-0.006021216229084344,-0.000167256006363454,0,0,13db64a872735ff89bd9a015cf6fddf0de9dcf86981d530f7503f8be1f43d1eb,JNU_INTRADAY_MOMREV_G1_V1
2012-09-20,1.0,179,92,27,-0.022422545501799753,-0.00012526561732849025,194,87,37,36,36,17,3.933073432015261e-06,1.0925203977820169e-07,0,0,13db64a872735ff89bd9a015cf6fddf0de9dcf86981d530f7503f8be1f43d1eb,JNU_INTRADAY_MOMREV_G1_V1
2012-09-21,1.0,170,91,23,-0.027026007561146825,-0.00015897651506556956,203,79,37,35,34,16,-0.003304567174237118,-9.441620497820337e-05,1,1,13db64a872735ff89bd9a015cf6fddf0de9dcf86981d530f7503f8be1f43d1eb,JNU_INTRADAY_MOMREV_G1_V1
2012-09-24,1.0,157,74,23,-0.018345609005656037,-0.00011685101277487921,216,83,37,36,36,21,0.007225802206102437,0.0002007167279472899,0,0,13db64a872735ff89bd9a015cf6fddf0de9dcf86981d530f7503f8be1f43d1eb,JNU_INTRADAY_MOMREV_G1_V1
2012-09-25,1.0,181,99,26,-0.026618720598639872,-0.00014706475468861808,192,82,37,36,36,22,0.009422149263223257,0.00026172636842286827,0,0,13db64a872735ff89bd9a015cf6fddf0de9dcf86981d530f7503f8be1f43d1eb,JNU_INTRADAY_MOMREV_G1_V1
2012-09-26,1.0,143,65,13,-0.024045346274200897,-0.00016814927464476153,230,78,37,36,36,19,-0.003923597178854176,-0.00010898881052372712,0,0,13db64a872735ff89bd9a015cf6fddf0de9dcf86981d530f7503f8be1f43d1eb,JNU_INTRADAY_MOMREV_G1_V1
2012-09-27,1.0,168,86,24,-0.023063051114476967,-0.000137280066157601,205,82,37,36,36,23,0.009557136459811027,0.00026547601277252854,0,0,13db64a872735ff89bd9a015cf6fddf0de9dcf86981d530f7503f8be1f43d1eb,JNU_INTRADAY_MOMREV_G1_V1
2012-09-28,1.0,187,99,32,-0.02076208963938386,-0.00011102721732290833,186,88,37,36,36,22,0.0016760975375062638,4.6558264930729546e-05,0,0,13db64a872735ff89bd9a015cf6fddf0de9dcf86981d530f7503f8be1f43d1eb,JNU_INTRADAY_MOMREV_G1_V1
2012-10-01,1.0,173,87,20,-0.030130728473103864,-0.00017416606053817263,200,86,37,36,36,20,0.009651211532994742,0.00026808920924985394,0,0,13db64a872735ff89bd9a015cf6fddf0de9dcf86981d530f7503f8be1f43d1eb,JNU_INTRADAY_MOMREV_G1_V1
2012-10-02,1.0,154,72,20,-0.019276976416025906,-0.00012517517153263574,219,82,37,34,32,18,-0.0005602852866959259,-1.6478979020468407e-05,2,2,13db64a872735ff89bd9a015cf6fddf0de9dcf86981d530f7503f8be1f43d1eb,JNU_INTRADAY_MOMREV_G1_V1
2012-10-03,1.0,157,78,15,-0.03247250324211149,-0.00020683123084147445,216,79,37,35,34,21,0.005713979031240417,0.00016325654374972618,1,1,13db64a872735ff89bd9a015cf6fddf0de9dcf86981d530f7503f8be1f43d1eb,JNU_INTRADAY_MOMREV_G1_V1
2012-10-04,1.0,178,86,28,-0.015909923237765366,-8.938159122340093e-05,195,92,37,36,36,21,0.005086551631374649,0.00014129310087151802,0,0,13db64a872735ff89bd9a015cf6fddf0de9dcf86981d530f7503f8be1f43d1eb,JNU_INTRADAY_MOMREV_G1_V1
2012-10-05,1.0,172,95,29,-0.022257133703246765,-0.00012940194013515561,201,77,37,36,36,14,-0.004537367747954671,-0.00012603799299874086,0,0,13db64a872735ff89bd9a015cf6fddf0de9dcf86981d530f7503f8be1f43d1eb,JNU_INTRADAY_MOMREV_G1_V1
2012-10-09,1.0,166,84,20,-0.02667233285142442,-0.0001606767039242435,207,82,37,36,36,19,0.0017037704413537084,4.732695670426968e-05,0,0,13db64a872735ff89bd9a015cf6fddf0de9dcf86981d530f7503f8be1f43d1eb,JNU_INTRADAY_MOMREV_G1_V1
2012-10-10,1.0,184,106,24,-0.03820438124336476,-0.0002076325067574172,189,78,37,36,36,22,0.007544479121283542,0.00020956886448009838,0,0,13db64a872735ff89bd9a015cf6fddf0de9dcf86981d530f7503f8be1f43d1eb,JNU_INTRADAY_MOMREV_G1_V1
2012-10-11,1.0,195,109,31,-0.03156264547626589,-0.00016185972039110713,178,86,37,35,34,12,-0.014587740257518739,-0.0004167925787862497,1,1,13db64a872735ff89bd9a015cf6fddf0de9dcf86981d530f7503f8be1f43d1eb,JNU_INTRADAY_MOMREV_G1_V1
2012-10-12,1.0,171,85,16,-0.036849900499906434,-0.0002154964941514996,202,86,37,35,34,17,-0.004105341530978788,-0.00011729547231367966,1,1,13db64a872735ff89bd9a015cf6fddf0de9dcf86981d530f7503f8be1f43d1eb,JNU_INTRADAY_MOMREV_G1_V1
2012-10-15,1.0,186,99,29,-0.03159165955869885,-0.00016984763203601534,187,87,37,36,36,19,0.011736041308628549,0.00032600114746190415,0,0,13db64a872735ff89bd9a015cf6fddf0de9dcf86981d530f7503f8be1f43d1eb,JNU_INTRADAY_MOMREV_G1_V1
2012-10-16,1.0,188,105,21,-0.03746064180478974,-0.00019925873300420072,185,83,37,36,36,20,0.0028933129692891827,8.036980470247729e-05,0,0,13db64a872735ff89bd9a015cf6fddf0de9dcf86981d530f7503f8be1f43d1eb,JNU_INTRADAY_MOMREV_G1_V1
2012-10-17,1.0,187,103,22,-0.034483703081466296,-0.000184404829312654,186,84,37,36,36,23,0.01533529164307009,0.00042598032341861357,0,0,13db64a872735ff89bd9a015cf6fddf0de9dcf86981d530f7503f8be1f43d1eb,JNU_INTRADAY_MOMREV_G1_V1
2012-10-18,1.0,174,84,30,-0.01283547079111121,-7.376707351213339e-05,199,90,37,36,36,20,0.00836914628730518,0.00023247628575847723,0,0,13db64a872735ff89bd9a015cf6fddf0de9dcf86981d530f7503f8be1f43d1eb,JNU_INTRADAY_MOMREV_G1_V1
2012-10-19,1.0,181,95,32,-0.01724283676984237,-9.526429154609045e-05,192,86,37,36,36,18,-0.00111513389595048,-3.097594155418e-05,0,0,13db64a872735ff89bd9a015cf6fddf0de9dcf86981d530f7503f8be1f43d1eb,JNU_INTRADAY_MOMREV_G1_V1
2012-10-22,1.0,182,92,29,-0.019027317325616938,-0.00010454569959130186,191,90,37,36,36,20,-0.0027694914407787588,-7.693031779940997e-05,0,0,13db64a872735ff89bd9a015cf6fddf0de9dcf86981d530f7503f8be1f43d1eb,JNU_INTRADAY_MOMREV_G1_V1
2012-10-23,1.0,173,82,26,-0.015501462968767914,-8.96038321894099e-05,200,91,37,36,36,20,0.004465323469336196,0.00012403676303711657,0,0,13db64a872735ff89bd9a015cf6fddf0de9dcf86981d530f7503f8be1f43d1eb,JNU_INTRADAY_MOMREV_G1_V1
2012-10-24,1.0,177,84,30,-0.017284670717832216,-9.7653506880408e-05,196,93,37,36,36,22,0.01278430369506251,0.0003551195470850697,0,0,13db64a872735ff89bd9a015cf6fddf0de9dcf86981d530f7503f8be1f43d1eb,JNU_INTRADAY_MOMREV_G1_V1
2012-10-25,1.0,189,100,34,-0.015535006145820408,-8.219579971333549e-05,184,89,37,36,36,17,-0.0005291872968719299,-1.4699647135331387e-05,0,0,13db64a872735ff89bd9a015cf6fddf0de9dcf86981d530f7503f8be1f43d1eb,JNU_INTRADAY_MOMREV_G1_V1
2012-10-26,1.0,177,92,36,-0.012786219515181635,-7.223852833435952e-05,196,85,37,35,34,20,-0.00168674009571932,-4.819257416340914e-05,1,1,13db64a872735ff89bd9a015cf6fddf0de9dcf86981d530f7503f8be1f43d1eb,JNU_INTRADAY_MOMREV_G1_V1
2012-10-29,1.0,191,109,35,-0.02224008200158105,-0.0001164402199035657,182,82,37,36,36,19,0.0005609811690190362,1.558281025052878e-05,0,0,13db64a872735ff89bd9a015cf6fddf0de9dcf86981d530f7503f8be1f43d1eb,JNU_INTRADAY_MOMREV_G1_V1
2012-10-30,1.0,213,125,35,-0.03519532438517513,-0.00016523626471913206,160,88,37,36,36,20,-0.009589171874697345,-0.0002663658854082596,0,0,13db64a872735ff89bd9a015cf6fddf0de9dcf86981d530f7503f8be1f43d1eb,JNU_INTRADAY_MOMREV_G1_V1
2012-10-31,1.0,175,91,24,-0.02537839053352121,-0.00014501937447726406,198,84,37,35,34,21,0.007823455335562538,0.0002235272953017868,1,1,13db64a872735ff89bd9a015cf6fddf0de9dcf86981d530f7503f8be1f43d1eb,JNU_INTRADAY_MOMREV_G1_V1
2012-11-01,1.0,184,98,31,-0.021224784455420597,-0.00011535208943163368,189,86,37,36,36,15,-0.005072903096463401,-0.00014091397490176112,0,0,13db64a872735ff89bd9a015cf6fddf0de9dcf86981d530f7503f8be1f43d1eb,JNU_INTRADAY_MOMREV_G1_V1
2012-11-02,1.0,164,83,19,-0.025176274967568982,-0.0001535138717534694,209,81,37,36,36,23,0.008282574555887238,0.00023007151544131218,0,0,13db64a872735ff89bd9a015cf6fddf0de9dcf86981d530f7503f8be1f43d1eb,JNU_INTRADAY_MOMREV_G1_V1
2012-11-05,1.0,154,77,20,-0.02494383232069767,-0.00016197293714738747,219,77,37,35,34,18,-0.00110310977724474,-3.151742220699257e-05,1,1,13db64a872735ff89bd9a015cf6fddf0de9dcf86981d530f7503f8be1f43d1eb,JNU_INTRADAY_MOMREV_G1_V1
2012-11-06,1.0,122,52,9,-0.018941202003181595,-0.0001552557541244393,251,70,37,35,34,21,0.002227482776696331,6.36423650484666e-05,1,1,13db64a872735ff89bd9a015cf6fddf0de9dcf86981d530f7503f8be1f43d1eb,JNU_INTRADAY_MOMREV_G1_V1
2012-11-07,1.0,181,94,35,-0.012915525797056258,-7.135649611633292e-05,192,87,37,36,36,18,0.0016793812392126562,4.664947886701823e-05,0,0,13db64a872735ff89bd9a015cf6fddf0de9dcf86981d530f7503f8be1f43d1eb,JNU_INTRADAY_MOMREV_G1_V1
2012-11-08,1.0,171,78,22,-0.022370762590409935,-0.00013082317304333296,202,93,37,36,36,19,-1.0850461718812238e-05,-3.0140171441145103e-07,0,0,13db64a872735ff89bd9a015cf6fddf0de9dcf86981d530f7503f8be1f43d1eb,JNU_INTRADAY_MOMREV_G1_V1
2012-11-09,1.0,176,88,15,-0.03598426076950096,-0.00020445602709943727,197,88,37,36,36,21,0.01314794032964195,0.0003652205647122764,0,0,13db64a872735ff89bd9a015cf6fddf0de9dcf86981d530f7503f8be1f43d1eb,JNU_INTRADAY_MOMREV_G1_V1
2012-11-12,1.0,175,83,26,-0.01724503386885712,-9.854305067918356e-05,198,92,37,36,36,16,0.0028634959498124147,7.954155416145596e-05,0,0,13db64a872735ff89bd9a015cf6fddf0de9dcf86981d530f7503f8be1f43d1eb,JNU_INTRADAY_MOMREV_G1_V1
2012-11-13,1.0,164,75,15,-0.027134420268644148,-0.00016545378212587896,209,89,37,36,36,22,0.002895737893033238,8.043716369536772e-05,0,0,13db64a872735ff89bd9a015cf6fddf0de9dcf86981d530f7503f8be1f43d1eb,JNU_INTRADAY_MOMREV_G1_V1
2012-11-14,1.0,154,74,12,-0.02884139724903977,-0.00018728180031844007,219,80,37,35,34,19,0.005768012231137264,0.00016480034946106468,1,1,13db64a872735ff89bd9a015cf6fddf0de9dcf86981d530f7503f8be1f43d1eb,JNU_INTRADAY_MOMREV_G1_V1
2012-11-15,1.0,176,96,23,-0.0319202348374529,-0.000181364970667346,197,80,37,35,34,16,-0.0028562659909193064,-8.160759974055161e-05,1,1,13db64a872735ff89bd9a015cf6fddf0de9dcf86981d530f7503f8be1f43d1eb,JNU_INTRADAY_MOMREV_G1_V1
2012-11-16,1.0,180,99,30,-0.024500330768583743,-0.00013611294871435412,193,81,37,36,36,15,-0.013351119747636767,-0.0003708644374343546,0,0,13db64a872735ff89bd9a015cf6fddf0de9dcf86981d530f7503f8be1f43d1eb,JNU_INTRADAY_MOMREV_G1_V1
2012-11-19,1.0,181,100,15,-0.045317509448413444,-0.00025037298037797483,192,81,37,36,36,20,-0.0005620794057263436,-1.5613316825731768e-05,0,0,13db64a872735ff89bd9a015cf6fddf0de9dcf86981d530f7503f8be1f43d1eb,JNU_INTRADAY_MOMREV_G1_V1
2012-11-20,1.0,164,74,13,-0.025105647830392385,-0.00015308321847800236,209,90,37,35,34,15,-1.5789677239055303e-05,-4.5113363540158006e-07,1,1,13db64a872735ff89bd9a015cf6fddf0de9dcf86981d530f7503f8be1f43d1eb,JNU_INTRADAY_MOMREV_G1_V1
2012-11-21,1.0,176,95,32,-0.013558933157976122,-7.703939294304615e-05,197,81,37,35,34,17,0.0032744439046776892,9.355554013364827e-05,1,1,13db64a872735ff89bd9a015cf6fddf0de9dcf86981d530f7503f8be1f43d1eb,JNU_INTRADAY_MOMREV_G1_V1
2012-11-22,1.0,177,94,20,-0.032146909408479446,-0.00018162095711005336,196,83,37,36,36,20,0.0005437971604197875,1.510547667832743e-05,0,0,13db64a872735ff89bd9a015cf6fddf0de9dcf86981d530f7503f8be1f43d1eb,JNU_INTRADAY_MOMREV_G1_V1
2012-11-26,1.0,160,76,25,-0.014815760146502953,-9.259850091564346e-05,213,84,37,35,34,22,0.015880306801603898,0.00045372305147439707,1,1,13db64a872735ff89bd9a015cf6fddf0de9dcf86981d530f7503f8be1f43d1eb,JNU_INTRADAY_MOMREV_G1_V1
2012-11-27,1.0,194,104,32,-0.021220469719546574,-0.00010938386453374523,179,90,37,36,36,17,-0.0042598039864809225,-0.00011832788851335896,0,0,13db64a872735ff89bd9a015cf6fddf0de9dcf86981d530f7503f8be1f43d1eb,JNU_INTRADAY_MOMREV_G1_V1
2012-11-28,1.0,182,98,24,-0.03263945067870402,-0.0001793376410917803,191,84,37,36,36,13,-0.010688112590769443,-0.0002968920164102623,0,0,13db64a872735ff89bd9a015cf6fddf0de9dcf86981d530f7503f8be1f43d1eb,JNU_INTRADAY_MOMREV_G1_V1
2012-11-29,1.0,165,82,13,-0.030393972351631354,-0.00018420589304019003,208,83,37,36,36,21,0.007458442690825349,0.00020717896363403747,0,0,13db64a872735ff89bd9a015cf6fddf0de9dcf86981d530f7503f8be1f43d1eb,JNU_INTRADAY_MOMREV_G1_V1
2012-11-30,1.0,191,111,30,-0.03380082964497382,-0.00017696769447630273,182,80,37,36,36,21,-0.000586899729170923,-1.630277025474786e-05,0,0,13db64a872735ff89bd9a015cf6fddf0de9dcf86981d530f7503f8be1f43d1eb,JNU_INTRADAY_MOMREV_G1_V1
2012-12-03,1.0,173,94,34,-0.017392468417438932,-0.00010053449952276839,200,79,37,36,36,19,0.00736010591677332,0.00020444738657703667,0,0,13db64a872735ff89bd9a015cf6fddf0de9dcf86981d530f7503f8be1f43d1eb,JNU_INTRADAY_MOMREV_G1_V1
2012-12-04,1.0,168,77,17,-0.025979390817376175,-0.00015463923105581056,205,91,37,36,36,18,4.784392389976062e-06,1.3289978861044617e-07,0,0,13db64a872735ff89bd9a015cf6fddf0de9dcf86981d530f7503f8be1f43d1eb,JNU_INTRADAY_MOMREV_G1_V1
2012-12-05,1.0,183,98,25,-0.03018848456274875,-0.00016496439651775272,190,85,37,36,36,20,0.0026618969083832093,7.394158078842248e-05,0,0,13db64a872735ff89bd9a015cf6fddf0de9dcf86981d530f7503f8be1f43d1eb,JNU_INTRADAY_MOMREV_G1_V1
2012-12-06,1.0,170,89,20,-0.03145371944257484,-0.00018502187907396965,203,81,37,35,34,15,0.003671379626469936,0.00010489656075628389,1,1,13db64a872735ff89bd9a015cf6fddf0de9dcf86981d530f7503f8be1f43d1eb,JNU_INTRADAY_MOMREV_G1_V1
2012-12-07,1.0,150,76,14,-0.025625292549064583,-0.00017083528366043055,223,74,37,36,36,15,-0.0020969798906055864,-5.8249441405710734e-05,0,0,13db64a872735ff89bd9a015cf6fddf0de9dcf86981d530f7503f8be1f43d1eb,JNU_INTRADAY_MOMREV_G1_V1
2012-12-10,1.0,164,78,16,-0.024086576984850123,-0.00014686937185884221,209,86,37,36,36,20,0.0031438285896658313,8.732857193516198e-05,0,0,13db64a872735ff89bd9a015cf6fddf0de9dcf86981d530f7503f8be1f43d1eb,JNU_INTRADAY_MOMREV_G1_V1
2012-12-11,1.0,123,55,8,-0.022596895609704806,-0.0001837145984528846,250,68,37,35,34,16,0.005249339962156569,0.00014998114177590199,1,1,13db64a872735ff89bd9a015cf6fddf0de9dcf86981d530f7503f8be1f43d1eb,JNU_INTRADAY_MOMREV_G1_V1
2012-12-12,1.0,158,68,5,-0.03338797693848267,-0.0002113163097372321,215,90,37,36,36,18,0.009388867778566342,0.0002608018827379539,0,0,13db64a872735ff89bd9a015cf6fddf0de9dcf86981d530f7503f8be1f43d1eb,JNU_INTRADAY_MOMREV_G1_V1
2012-12-13,1.0,170,88,14,-0.032359732001192784,-0.00019035136471289872,203,82,37,36,36,14,-0.0056427449332121325,-0.00015674291481144814,0,0,13db64a872735ff89bd9a015cf6fddf0de9dcf86981d530f7503f8be1f43d1eb,JNU_INTRADAY_MOMREV_G1_V1
2012-12-14,1.0,172,92,30,-0.016949702499049757,-9.854478197121952e-05,201,80,37,36,36,22,0.011823624280986426,0.0003284340078051785,0,0,13db64a872735ff89bd9a015cf6fddf0de9dcf86981d530f7503f8be1f43d1eb,JNU_INTRADAY_MOMREV_G1_V1
2012-12-17,1.0,176,96,27,-0.023802028201955906,-0.0001352387966020222,197,80,37,36,36,22,0.01266941770647414,0.00035192826962428166,0,0,13db64a872735ff89bd9a015cf6fddf0de9dcf86981d530f7503f8be1f43d1eb,JNU_INTRADAY_MOMREV_G1_V1
2012-12-18,1.0,173,86,24,-0.021158605213414124,-0.00012230407637811632,200,87,37,35,34,19,-0.0015341077502467697,-4.3831650007050566e-05,1,1,13db64a872735ff89bd9a015cf6fddf0de9dcf86981d530f7503f8be1f43d1eb,JNU_INTRADAY_MOMREV_G1_V1
2012-12-19,1.0,176,98,23,-0.0318253864054285,-0.00018082605912175286,197,78,37,35,34,15,0.0044673426353262335,0.00012763836100932095,1,1,13db64a872735ff89bd9a015cf6fddf0de9dcf86981d530f7503f8be1f43d1eb,JNU_INTRADAY_MOMREV_G1_V1
2012-12-20,1.0,200,111,46,-0.004493032553547088,-2.246516276773544e-05,173,89,37,36,36,18,-0.003976840245592732,-0.00011046778459979811,0,0,13db64a872735ff89bd9a015cf6fddf0de9dcf86981d530f7503f8be1f43d1eb,JNU_INTRADAY_MOMREV_G1_V1
2012-12-21,1.0,238,160,63,-0.013352938224349969,-5.610478245525197e-05,135,78,37,36,36,21,-0.0009348240867707316,-2.596733574363143e-05,0,0,13db64a872735ff89bd9a015cf6fddf0de9dcf86981d530f7503f8be1f43d1eb,JNU_INTRADAY_MOMREV_G1_V1
2012-12-25,1.0,171,94,25,-0.0203646001884532,-0.00011909122917224095,202,77,37,35,34,15,0.005470779216537698,0.0001563079776153628,1,1,13db64a872735ff89bd9a015cf6fddf0de9dcf86981d530f7503f8be1f43d1eb,JNU_INTRADAY_MOMREV_G1_V1
2012-12-26,1.0,163,80,22,-0.017755798680852024,-0.00010893128025062592,210,83,37,36,36,13,-0.008332260824878018,-0.00023145168957994493,0,0,13db64a872735ff89bd9a015cf6fddf0de9dcf86981d530f7503f8be1f43d1eb,JNU_INTRADAY_MOMREV_G1_V1
2012-12-27,1.0,190,103,33,-0.02123076442540479,-0.00011174086539686732,183,87,37,36,36,20,0.002901106399732494,8.058628888145817e-05,0,0,13db64a872735ff89bd9a015cf6fddf0de9dcf86981d530f7503f8be1f43d1eb,JNU_INTRADAY_MOMREV_G1_V1
2012-12-28,1.0,181,103,21,-0.0355400282047199,-0.00019635374698740278,192,78,37,36,36,15,-0.0038502925030868334,-0.00010695256953018982,0,0,13db64a872735ff89bd9a015cf6fddf0de9dcf86981d530f7503f8be1f43d1eb,JNU_INTRADAY_MOMREV_G1_V1
2013-01-04,1.0,187,102,28,-0.023869101319503365,-0.00012764225304547254,186,85,37,36,36,21,0.0074941531348548035,0.00020817092041263343,0,0,5d46f1a695e1597f5515ce19d5826289df75f21be5914adfa02bd1c494a359a1,JNU_INTRADAY_MOMREV_G1_V1
2013-01-07,1.0,203,116,27,-0.03294815228372302,-0.00016230616888533508,170,87,37,36,36,17,-0.0018495251247481902,-5.137569790967195e-05,0,0,5d46f1a695e1597f5515ce19d5826289df75f21be5914adfa02bd1c494a359a1,JNU_INTRADAY_MOMREV_G1_V1
2013-01-08,1.0,213,121,41,-0.022398992746269185,-0.0001051595903580713,160,92,37,36,36,19,-1.4015094625831673e-05,-3.893081840508798e-07,0,0,5d46f1a695e1597f5515ce19d5826289df75f21be5914adfa02bd1c494a359a1,JNU_INTRADAY_MOMREV_G1_V1
2013-01-09,1.0,216,136,65,-0.0019107569149219143,-8.846096828342195e-06,157,80,37,36,36,15,-0.015661209734124874,-0.00043503360372569095,0,0,5d46f1a695e1597f5515ce19d5826289df75f21be5914adfa02bd1c494a359a1,JNU_INTRADAY_MOMREV_G1_V1
2013-01-10,1.0,186,91,24,-0.02403039019874998,-0.0001291956462298386,187,95,37,36,36,23,0.01548294963975789,0.00043008193443771917,0,0,5d46f1a695e1597f5515ce19d5826289df75f21be5914adfa02bd1c494a359a1,JNU_INTRADAY_MOMREV_G1_V1
2013-01-11,1.0,188,98,36,-0.012966847570454881,-6.897259345986639e-05,185,90,37,36,36,22,0.012987700630643252,0.0003607694619623126,0,0,5d46f1a695e1597f5515ce19d5826289df75f21be5914adfa02bd1c494a359a1,JNU_INTRADAY_MOMREV_G1_V1
2013-01-15,1.0,214,137,51,-0.015147941251629578,-7.078477220387653e-05,159,77,37,36,36,21,1.7687884592139077e-05,4.913301275594188e-07,0,0,5d46f1a695e1597f5515ce19d5826289df75f21be5914adfa02bd1c494a359a1,JNU_INTRADAY_MOMREV_G1_V1
2013-01-16,1.0,236,153,60,-0.01841895101236511,-7.804640259476741e-05,137,83,37,36,36,22,0.0027458071678165296,7.627242132823694e-05,0,0,5d46f1a695e1597f5515ce19d5826289df75f21be5914adfa02bd1c494a359a1,JNU_INTRADAY_MOMREV_G1_V1
2013-01-17,1.0,265,190,89,-0.005540808443638858,-2.090871110807116e-05,108,75,37,36,36,15,-0.02591517329313956,-0.0007198659248094322,0,0,5d46f1a695e1597f5515ce19d5826289df75f21be5914adfa02bd1c494a359a1,JNU_INTRADAY_MOMREV_G1_V1
2013-01-18,1.0,221,130,53,-0.008754251193084622,-3.96119963487992e-05,152,91,37,36,36,18,0.0028046642791376844,7.79073410871579e-05,0,0,5d46f1a695e1597f5515ce19d5826289df75f21be5914adfa02bd1c494a359a1,JNU_INTRADAY_MOMREV_G1_V1
2013-01-21,1.0,235,158,65,-0.0069058257550142004,-2.938649257452851e-05,138,77,37,36,36,20,0.011576235641162396,0.0003215621011433999,0,0,5d46f1a695e1597f5515ce19d5826289df75f21be5914adfa02bd1c494a359a1,JNU_INTRADAY_MOMREV_G1_V1
2013-01-22,1.0,245,171,80,0.013061904782605745,5.3313897071860184e-05,128,74,37,36,36,15,-0.014908672643183107,-0.0004141297956439752,0,0,5d46f1a695e1597f5515ce19d5826289df75f21be5914adfa02bd1c494a359a1,JNU_INTRADAY_MOMREV_G1_V1
2013-01-23,1.0,225,140,53,-0.01791459115472476,-7.962040513211006e-05,148,85,37,36,36,17,-0.006620593303579206,-0.00018390536954386683,0,0,5d46f1a695e1597f5515ce19d5826289df75f21be5914adfa02bd1c494a359a1,JNU_INTRADAY_MOMREV_G1_V1
2013-01-24,1.0,248,168,64,-0.026828861646956827,-0.00010818089373772914,125,80,37,36,36,20,0.006929481234903063,0.0001924855898584184,0,0,5d46f1a695e1597f5515ce19d5826289df75f21be5914adfa02bd1c494a359a1,JNU_INTRADAY_MOMREV_G1_V1
2013-01-25,1.0,192,102,29,-0.023051753945057492,-0.00012006121846384111,181,90,37,36,36,22,0.008750679225387572,0.00024307442292743257,0,0,5d46f1a695e1597f5515ce19d5826289df75f21be5914adfa02bd1c494a359a1,JNU_INTRADAY_MOMREV_G1_V1
2013-01-28,1.0,248,175,72,-0.016854977981894757,-6.796362089473692e-05,125,73,37,36,36,20,0.009203644460000724,0.00025565679055557564,0,0,5d46f1a695e1597f5515ce19d5826289df75f21be5914adfa02bd1c494a359a1,JNU_INTRADAY_MOMREV_G1_V1
2013-01-29,1.0,239,159,70,-0.004661402026634354,-1.950377417001822e-05,134,80,37,36,36,20,-0.00040737407274846595,-1.1315946465235166e-05,0,0,5d46f1a695e1597f5515ce19d5826289df75f21be5914adfa02bd1c494a359a1,JNU_INTRADAY_MOMREV_G1_V1
2013-01-30,1.0,197,108,38,-0.017761374453172923,-9.01592611836189e-05,176,89,37,36,36,15,-0.01452837778388711,-0.00040356604955241974,0,0,5d46f1a695e1597f5515ce19d5826289df75f21be5914adfa02bd1c494a359a1,JNU_INTRADAY_MOMREV_G1_V1
2013-01-31,1.0,229,150,67,-0.004100408562001436,-1.7905714244547755e-05,144,79,37,36,36,19,0.0036685085712749553,0.00010190301586874876,0,0,5d46f1a695e1597f5515ce19d5826289df75f21be5914adfa02bd1c494a359a1,JNU_INTRADAY_MOMREV_G1_V1
2013-02-01,1.0,207,117,42,-0.015625412681496118,-7.548508541785565e-05,166,90,37,36,36,20,0.007602367382876723,0.00021117687174657563,0,0,5d46f1a695e1597f5515ce19d5826289df75f21be5914adfa02bd1c494a359a1,JNU_INTRADAY_MOMREV_G1_V1
2013-02-04,1.0,203,110,39,-0.016815708272909832,-8.28360013443834e-05,170,93,37,36,36,17,0.0018565569756556753,5.157102710154654e-05,0,0,5d46f1a695e1597f5515ce19d5826289df75f21be5914adfa02bd1c494a359a1,JNU_INTRADAY_MOMREV_G1_V1
2013-02-05,1.0,246,164,73,-0.009006605940950794,-3.66122192721577e-05,127,82,37,36,36,20,0.009905691504008685,0.0002751580973335746,0,0,5d46f1a695e1597f5515ce19d5826289df75f21be5914adfa02bd1c494a359a1,JNU_INTRADAY_MOMREV_G1_V1
2013-02-06,1.0,241,160,60,-0.01995340823920512,-8.279422505894241e-05,132,81,37,36,36,17,-0.0074917831166819385,-0.0002081050865744983,0,0,5d46f1a695e1597f5515ce19d5826289df75f21be5914adfa02bd1c494a359a1,JNU_INTRADAY_MOMREV_G1_V1
2013-02-07,1.0,230,149,69,-0.0036439309559935813,-1.584317806953731e-05,143,81,37,36,36,22,0.014517394866231164,0.00040326096850642123,0,0,5d46f1a695e1597f5515ce19d5826289df75f21be5914adfa02bd1c494a359a1,JNU_INTRADAY_MOMREV_G1_V1
2013-02-08,1.0,241,147,58,-0.018709776731451577,-7.763392834627211e-05,132,94,37,36,36,16,-0.011615034361559506,-0.00032263984337665296,0,0,5d46f1a695e1597f5515ce19d5826289df75f21be5914adfa02bd1c494a359a1,JNU_INTRADAY_MOMREV_G1_V1
2013-02-12,1.0,243,171,66,-0.027147890923729254,-0.00011171971573551134,130,72,37,36,36,21,0.006581533107556285,0.0001828203640987857,0,0,5d46f1a695e1597f5515ce19d5826289df75f21be5914adfa02bd1c494a359a1,JNU_INTRADAY_MOMREV_G1_V1
2013-02-13,1.0,224,136,48,-0.023919513887214628,-0.00010678354413935102,149,88,37,36,36,17,-0.0084619802219698,-0.00023505500616582777,0,0,5d46f1a695e1597f5515ce19d5826289df75f21be5914adfa02bd1c494a359a1,JNU_INTRADAY_MOMREV_G1_V1
2013-02-14,1.0,209,121,44,-0.027880383308627882,-0.00013339896319917646,164,88,37,36,36,19,0.02475364692208857,0.0006876013033913492,0,0,5d46f1a695e1597f5515ce19d5826289df75f21be5914adfa02bd1c494a359a1,JNU_INTRADAY_MOMREV_G1_V1
2013-02-15,1.0,254,179,64,-0.03578611136387113,-0.00014089020221996507,119,75,37,36,36,18,-0.003611258883481555,-0.00010031274676337653,0,0,5d46f1a695e1597f5515ce19d5826289df75f21be5914adfa02bd1c494a359a1,JNU_INTRADAY_MOMREV_G1_V1
2013-02-18,1.0,192,103,35,-0.019734787060979874,-0.00010278534927593684,181,89,37,36,36,20,0.003483347326744175,9.675964796511597e-05,0,0,5d46f1a695e1597f5515ce19d5826289df75f21be5914adfa02bd1c494a359a1,JNU_INTRADAY_MOMREV_G1_V1
2013-02-19,1.0,191,104,29,-0.023280020654531743,-0.00012188492489283635,182,87,37,36,36,22,0.012744272338468103,0.0003540075649574473,0,0,5d46f1a695e1597f5515ce19d5826289df75f21be5914adfa02bd1c494a359a1,JNU_INTRADAY_MOMREV_G1_V1
2013-02-20,1.0,183,99,29,-0.02179737671140454,-0.00011911134814975159,190,84,37,36,36,23,0.008723920228942673,0.00024233111747062983,0,0,5d46f1a695e1597f5515ce19d5826289df75f21be5914adfa02bd1c494a359a1,JNU_INTRADAY_MOMREV_G1_V1
2013-02-21,1.0,192,101,32,-0.020241364214093838,-0.00010542377194840541,181,91,37,36,36,18,0.007073224426791955,0.00019647845629977654,0,0,5d46f1a695e1597f5515ce19d5826289df75f21be5914adfa02bd1c494a359a1,JNU_INTRADAY_MOMREV_G1_V1
2013-02-22,1.0,243,163,62,-0.01910525787342407,-7.862246038446119e-05,130,80,37,36,36,18,-0.015492414259233958,-0.0004303448405342766,0,0,5d46f1a695e1597f5515ce19d5826289df75f21be5914adfa02bd1c494a359a1,JNU_INTRADAY_MOMREV_G1_V1
2013-02-25,1.0,202,114,34,-0.022846263551143598,-0.00011310031460962177,171,88,37,36,36,23,0.003468921022075309,9.635891727986968e-05,0,0,5d46f1a695e1597f5515ce19d5826289df75f21be5914adfa02bd1c494a359a1,JNU_INTRADAY_MOMREV_G1_V1
2013-02-26,1.0,234,145,56,-0.03103683151963538,-0.00013263603213519394,139,89,37,36,36,16,-7.851804476263508e-06,-2.1810567989620856e-07,0,0,5d46f1a695e1597f5515ce19d5826289df75f21be5914adfa02bd1c494a359a1,JNU_INTRADAY_MOMREV_G1_V1
2013-02-27,1.0,232,153,62,-0.015415499552515937,-6.644611876084455e-05,141,79,37,36,36,14,0.0012938828743871455,3.5941190955198485e-05,0,0,5d46f1a695e1597f5515ce19d5826289df75f21be5914adfa02bd1c494a359a1,JNU_INTRADAY_MOMREV_G1_V1
2013-02-28,1.0,205,119,43,-0.01915050807728854,-9.341711257213922e-05,168,86,37,36,36,17,-0.0069558047891715566,-0.00019321679969920992,0,0,5d46f1a695e1597f5515ce19d5826289df75f21be5914adfa02bd1c494a359a1,JNU_INTRADAY_MOMREV_G1_V1
2013-03-01,1.0,194,104,40,-0.010764849646631307,-5.548891570428509e-05,179,90,37,36,36,21,0.010371575840545603,0.0002880993289040445,0,0,5d46f1a695e1597f5515ce19d5826289df75f21be5914adfa02bd1c494a359a1,JNU_INTRADAY_MOMREV_G1_V1
2013-03-04,1.0,118,74,22,-0.017521250313250556,-0.00014848517214619114,255,44,37,19,18,7,-0.005957396626230759,-0.0003135471908542505,17,1,5d46f1a695e1597f5515ce19d5826289df75f21be5914adfa02bd1c494a359a1,JNU_INTRADAY_MOMREV_G1_V1
2013-03-05,1.0,214,124,32,-0.03027766137439312,-0.00014148439894576224,159,90,37,36,36,18,0.005100534601539903,0.00014168151670944175,0,0,5d46f1a695e1597f5515ce19d5826289df75f21be5914adfa02bd1c494a359a1,JNU_INTRADAY_MOMREV_G1_V1
2013-03-06,1.0,180,85,27,-0.01309826668482745,-7.27681482490414e-05,193,95,37,36,36,21,0.0029476782339403103,8.18799509427864e-05,0,0,5d46f1a695e1597f5515ce19d5826289df75f21be5914adfa02bd1c494a359a1,JNU_INTRADAY_MOMREV_G1_V1
2013-03-07,1.0,204,110,40,-0.014569311957891745,-7.141819587201835e-05,169,94,37,36,36,18,-2.988429827543125e-06,-8.30119396539757e-08,0,0,5d46f1a695e1597f5515ce19d5826289df75f21be5914adfa02bd1c494a359a1,JNU_INTRADAY_MOMREV_G1_V1
2013-03-08,1.0,203,110,48,-0.0061484242983949,-3.0287804425590643e-05,170,93,37,36,36,16,0.002096704761195948,5.824179892210966e-05,0,0,5d46f1a695e1597f5515ce19d5826289df75f21be5914adfa02bd1c494a359a1,JNU_INTRADAY_MOMREV_G1_V1
2013-03-11,1.0,206,120,37,-0.02195462003319136,-0.00010657582540384155,167,86,37,36,36,20,0.009771082055137275,0.0002714189459760354,0,0,5d46f1a695e1597f5515ce19d5826289df75f21be5914adfa02bd1c494a359a1,JNU_INTRADAY_MOMREV_G1_V1
2013-03-12,1.0,211,128,44,-0.02315177066220979,-0.00010972403157445397,162,83,37,36,36,22,0.008116762153787824,0.0002254656153829951,0,0,5d46f1a695e1597f5515ce19d5826289df75f21be5914adfa02bd1c494a359a1,JNU_INTRADAY_MOMREV_G1_V1
2013-03-13,1.0,232,140,48,-0.02457568453432613,-0.00010592967471692297,141,92,37,36,36,18,-0.004907322466888307,-0.00013631451296911964,0,0,5d46f1a695e1597f5515ce19d5826289df75f21be5914adfa02bd1c494a359a1,JNU_INTRADAY_MOMREV_G1_V1
2013-03-14,1.0,193,109,38,-0.012252806184978433,-6.348604240921468e-05,180,84,37,36,36,17,0.002428461854774987,6.745727374374965e-05,0,0,5d46f1a695e1597f5515ce19d5826289df75f21be5914adfa02bd1c494a359a1,JNU_INTRADAY_MOMREV_G1_V1
2013-03-15,1.0,215,131,56,-0.010057611074366712,-4.677958639240331e-05,158,84,37,36,36,16,0.0011869646443355263,3.297124012043129e-05,0,0,5d46f1a695e1597f5515ce19d5826289df75f21be5914adfa02bd1c494a359a1,JNU_INTRADAY_MOMREV_G1_V1
2013-03-18,1.0,226,134,49,-0.02039448122304889,-9.02410673586234e-05,147,92,37,36,36,25,0.009381867109868597,0.0002606074197185721,0,0,5d46f1a695e1597f5515ce19d5826289df75f21be5914adfa02bd1c494a359a1,JNU_INTRADAY_MOMREV_G1_V1
2013-03-19,1.0,201,112,35,-0.01735720319948448,-8.635424477355462e-05,172,89,37,36,36,19,0.006057101421074587,0.00016825281725207187,0,0,5d46f1a695e1597f5515ce19d5826289df75f21be5914adfa02bd1c494a359a1,JNU_INTRADAY_MOMREV_G1_V1
2013-03-21,1.0,192,107,32,-0.020311991251605935,-0.00010579162110211424,181,85,37,36,36,21,0.003582882100631446,9.952450279531794e-05,0,0,5d46f1a695e1597f5515ce19d5826289df75f21be5914adfa02bd1c494a359a1,JNU_INTRADAY_MOMREV_G1_V1
2013-03-22,1.0,203,113,43,-0.008657363991764994,-4.264711325992608e-05,170,90,37,36,36,17,-0.00526757872491311,-0.00014632163124758639,0,0,5d46f1a695e1597f5515ce19d5826289df75f21be5914adfa02bd1c494a359a1,JNU_INTRADAY_MOMREV_G1_V1
2013-03-25,1.0,183,102,32,-0.01723159384161992,-9.416171498152961e-05,190,81,37,35,34,21,0.003211727879192336,9.17636536912096e-05,1,1,5d46f1a695e1597f5515ce19d5826289df75f21be5914adfa02bd1c494a359a1,JNU_INTRADAY_MOMREV_G1_V1
2013-03-26,1.0,207,123,39,-0.02289938840347075,-0.00011062506475106643,166,84,37,36,36,19,0.006837904219200212,0.00018994178386667256,0,0,5d46f1a695e1597f5515ce19d5826289df75f21be5914adfa02bd1c494a359a1,JNU_INTRADAY_MOMREV_G1_V1
2013-03-27,1.0,181,94,27,-0.02001491160270355,-0.00011057962211438426,192,87,37,36,36,15,0.0036034435392103196,0.00010009565386695332,0,0,5d46f1a695e1597f5515ce19d5826289df75f21be5914adfa02bd1c494a359a1,JNU_INTRADAY_MOMREV_G1_V1
2013-03-28,1.0,244,172,57,-0.02469015719701095,-0.0001011891688402088,129,72,37,36,36,18,0.004873654438105016,0.00013537928994736154,0,0,5d46f1a695e1597f5515ce19d5826289df75f21be5914adfa02bd1c494a359a1,JNU_INTRADAY_MOMREV_G1_V1
2013-03-29,1.0,196,116,45,-0.006956063408459976,-3.549011943091825e-05,177,80,37,36,36,18,-0.0016177818342601638,-4.493838428500455e-05,0,0,5d46f1a695e1597f5515ce19d5826289df75f21be5914adfa02bd1c494a359a1,JNU_INTRADAY_MOMREV_G1_V1
2013-04-01,1.0,228,146,56,-0.014638774738841485,-6.420515236333984e-05,145,82,37,36,36,17,-0.003674441421303962,-0.00010206781725844338,0,0,5d46f1a695e1597f5515ce19d5826289df75f21be5914adfa02bd1c494a359a1,JNU_INTRADAY_MOMREV_G1_V1
2013-04-02,1.0,255,176,79,0.0009225497873193004,3.617842303212943e-06,118,79,37,36,36,23,0.011594393999336525,0.0003220664999815701,0,0,5d46f1a695e1597f5515ce19d5826289df75f21be5914adfa02bd1c494a359a1,JNU_INTRADAY_MOMREV_G1_V1
2013-04-03,1.0,206,125,51,-0.012633823897435822,-6.132924222056225e-05,167,81,37,36,36,20,0.00611612207596077,0.00016989227988779915,0,0,5d46f1a695e1597f5515ce19d5826289df75f21be5914adfa02bd1c494a359a1,JNU_INTRADAY_MOMREV_G1_V1
2013-04-04,1.0,257,181,86,0.0157456082766422,6.126695827487237e-05,116,76,37,36,36,21,-0.017809778089127835,-0.0004947160580313287,0,0,5d46f1a695e1597f5515ce19d5826289df75f21be5914adfa02bd1c494a359a1,JNU_INTRADAY_MOMREV_G1_V1
2013-04-05,1.0,299,249,122,0.020727095494186474,6.93213896126638e-05,74,50,37,36,36,14,-0.018005103550538352,-0.000500141765292732,0,0,5d46f1a695e1597f5515ce19d5826289df75f21be5914adfa02bd1c494a359a1,JNU_INTRADAY_MOMREV_G1_V1
2013-04-08,1.0,252,175,82,-0.00016081140533950997,-6.381404973790078e-07,121,77,37,36,36,23,0.005319316539405194,0.0001477587927612554,0,0,5d46f1a695e1597f5515ce19d5826289df75f21be5914adfa02bd1c494a359a1,JNU_INTRADAY_MOMREV_G1_V1
2013-04-09,1.0,251,168,80,-0.0034141472151353936,-1.3602180139981648e-05,122,83,37,36,36,18,0.009415618416297965,0.00026154495600827683,0,0,5d46f1a695e1597f5515ce19d5826289df75f21be5914adfa02bd1c494a359a1,JNU_INTRADAY_MOMREV_G1_V1
2013-04-10,1.0,212,124,52,-0.014375362720254718,-6.780831471818262e-05,161,88,37,36,36,23,0.014683109379033785,0.00040786414941760516,0,0,5d46f1a695e1597f5515ce19d5826289df75f21be5914adfa02bd1c494a359a1,JNU_INTRADAY_MOMREV_G1_V1
2013-04-11,1.0,240,150,62,-0.010663461756376585,-4.4431090651569105e-05,133,90,37,36,36,18,0.0014663953087600931,4.07332030211137e-05,0,0,5d46f1a695e1597f5515ce19d5826289df75f21be5914adfa02bd1c494a359a1,JNU_INTRADAY_MOMREV_G1_V1
2013-04-12,1.0,208,116,48,-0.010779249081287577,-5.182331289080566e-05,165,92,37,36,36,20,0.0007529986540332056,2.0916629278700154e-05,0,0,5d46f1a695e1597f5515ce19d5826289df75f21be5914adfa02bd1c494a359a1,JNU_INTRADAY_MOMREV_G1_V1
2013-04-15,1.0,237,159,63,-0.010852902471487862,-4.579283743243824e-05,136,78,37,36,36,18,-0.0018903062167940272,-5.250850602205631e-05,0,0,5d46f1a695e1597f5515ce19d5826289df75f21be5914adfa02bd1c494a359a1,JNU_INTRADAY_MOMREV_G1_V1
2013-04-16,1.0,269,195,82,-0.02735803910882129,-0.00010170274761643603,104,74,37,36,36,20,0.005620737238990573,0.00015613158997196036,0,0,5d46f1a695e1597f5515ce19d5826289df75f21be5914adfa02bd1c494a359a1,JNU_INTRADAY_MOMREV_G1_V1
2013-04-17,1.0,186,101,30,-0.01720482084831338,-9.249903681888915e-05,187,85,37,36,36,21,-0.0007486489622465969,-2.0795804506849915e-05,0,0,5d46f1a695e1597f5515ce19d5826289df75f21be5914adfa02bd1c494a359a1,JNU_INTRADAY_MOMREV_G1_V1
2013-04-18,1.0,233,158,71,-0.006031827251751113,-2.5887670608373877e-05,140,75,37,36,36,15,-0.000776918623937012,-2.158107288713922e-05,0,0,5d46f1a695e1597f5515ce19d5826289df75f21be5914adfa02bd1c494a359a1,JNU_INTRADAY_MOMREV_G1_V1
2013-04-19,1.0,231,146,64,-0.008668421055951997,-3.7525632276848476e-05,142,85,37,36,36,21,0.002632493643098218,7.312482341939494e-05,0,0,5d46f1a695e1597f5515ce19d5826289df75f21be5914adfa02bd1c494a359a1,JNU_INTRADAY_MOMREV_G1_V1
2013-04-22,1.0,186,109,31,-0.02246219556504025,-0.00012076449228516264,187,77,37,36,36,23,0.007361474495407876,0.00020448540265021877,0,0,5d46f1a695e1597f5515ce19d5826289df75f21be5914adfa02bd1c494a359a1,JNU_INTRADAY_MOMREV_G1_V1
2013-04-23,1.0,215,128,45,-0.018456910263793744,-8.584609425020346e-05,158,87,37,36,36,21,0.003700258012082028,0.00010278494478005634,0,0,5d46f1a695e1597f5515ce19d5826289df75f21be5914adfa02bd1c494a359a1,JNU_INTRADAY_MOMREV_G1_V1
2013-04-24,1.0,188,101,39,-0.009830875848168526,-5.229189280940705e-05,185,87,37,36,36,25,0.00509314532753957,0.0001414762590983214,0,0,5d46f1a695e1597f5515ce19d5826289df75f21be5914adfa02bd1c494a359a1,JNU_INTRADAY_MOMREV_G1_V1
2013-04-25,1.0,217,133,55,-0.010788323132996299,-4.9715774806434555e-05,156,84,37,36,36,16,9.846038070014142e-06,2.7350105750039284e-07,0,0,5d46f1a695e1597f5515ce19d5826289df75f21be5914adfa02bd1c494a359a1,JNU_INTRADAY_MOMREV_G1_V1
2013-04-26,1.0,252,175,72,-0.014405253612580209,-5.7163704811826227e-05,121,77,37,36,36,17,-0.004282489150354512,-0.000118958031954292,0,0,5d46f1a695e1597f5515ce19d5826289df75f21be5914adfa02bd1c494a359a1,JNU_INTRADAY_MOMREV_G1_V1
2013-04-30,1.0,199,112,37,-0.013765956103445236,-6.917565881128259e-05,174,87,37,35,34,20,0.0017938876996707598,5.125393427630742e-05,1,1,5d46f1a695e1597f5515ce19d5826289df75f21be5914adfa02bd1c494a359a1,JNU_INTRADAY_MOMREV_G1_V1
2013-05-01,1.0,180,94,26,-0.018080316597590372,-0.00010044620331994651,193,86,37,36,36,19,0.001447833678547501,4.021760218187503e-05,0,0,5d46f1a695e1597f5515ce19d5826289df75f21be5914adfa02bd1c494a359a1,JNU_INTRADAY_MOMREV_G1_V1
2013-05-02,1.0,195,106,34,-0.017480142200282912,-8.96417548732457e-05,178,89,37,36,36,22,0.011653448890008728,0.00032370691361135356,0,0,5d46f1a695e1597f5515ce19d5826289df75f21be5914adfa02bd1c494a359a1,JNU_INTRADAY_MOMREV_G1_V1
2013-05-07,1.0,185,106,31,-0.017353372351305532,-9.380201270975963e-05,188,79,37,36,36,18,-0.0031833995934698297,-8.842776648527305e-05,0,0,5d46f1a695e1597f5515ce19d5826289df75f21be5914adfa02bd1c494a359a1,JNU_INTRADAY_MOMREV_G1_V1
2013-05-08,1.0,241,166,73,-0.006803763836926051,-2.8231385215460792e-05,132,75,37,36,36,17,-0.00936949818148863,-0.0002602638383746842,0,0,5d46f1a695e1597f5515ce19d5826289df75f21be5914adfa02bd1c494a359a1,JNU_INTRADAY_MOMREV_G1_V1
2013-05-09,1.0,229,146,57,-0.01336499483076738,-5.836242284177895e-05,144,83,37,36,36,16,-0.0035816231477680534,-9.948953188244593e-05,0,0,5d46f1a695e1597f5515ce19d5826289df75f21be5914adfa02bd1c494a359a1,JNU_INTRADAY_MOMREV_G1_V1
2013-05-10,1.0,230,142,55,-0.013038201844480823,-5.668783410643836e-05,143,88,37,36,36,19,0.0030811981341923598,8.558883706089889e-05,0,0,5d46f1a695e1597f5515ce19d5826289df75f21be5914adfa02bd1c494a359a1,JNU_INTRADAY_MOMREV_G1_V1
2013-05-13,1.0,236,155,62,-0.014198788652188477,-6.016435869571389e-05,137,81,37,36,36,22,0.0043851571963558185,0.00012180992212099496,0,0,5d46f1a695e1597f5515ce19d5826289df75f21be5914adfa02bd1c494a359a1,JNU_INTRADAY_MOMREV_G1_V1
2013-05-14,1.0,212,126,46,-0.01587231389117601,-7.486940514705665e-05,161,86,37,36,36,22,0.007095697050881644,0.00019710269585782345,0,0,5d46f1a695e1597f5515ce19d5826289df75f21be5914adfa02bd1c494a359a1,JNU_INTRADAY_MOMREV_G1_V1
2013-05-15,1.0,223,140,55,-0.012266334806716945,-5.500598568034504e-05,150,83,37,36,36,22,0.004309543274178495,0.00011970953539384708,0,0,5d46f1a695e1597f5515ce19d5826289df75f21be5914adfa02bd1c494a359a1,JNU_INTRADAY_MOMREV_G1_V1
2013-05-16,1.0,264,191,105,0.02073527379946178,7.854270378584008e-05,109,73,37,36,36,21,0.004758649325408773,0.00013218470348357704,0,0,5d46f1a695e1597f5515ce19d5826289df75f21be5914adfa02bd1c494a359a1,JNU_INTRADAY_MOMREV_G1_V1
2013-05-17,1.0,248,173,66,-0.016593846075846394,-6.691066966067095e-05,125,75,37,36,36,21,0.0029931506698278624,8.314307416188506e-05,0,0,5d46f1a695e1597f5515ce19d5826289df75f21be5914adfa02bd1c494a359a1,JNU_INTRADAY_MOMREV_G1_V1
2013-05-20,1.0,231,161,51,-0.02314107351917077,-0.0001001778074422977,142,70,37,36,36,18,-0.0022820006716817443,-6.338890754671512e-05,0,0,5d46f1a695e1597f5515ce19d5826289df75f21be5914adfa02bd1c494a359a1,JNU_INTRADAY_MOMREV_G1_V1
2013-05-21,1.0,191,106,34,-0.014003660464762554,-7.331759405634845e-05,182,85,37,35,34,13,-0.0016200098672809842,-4.628599620802812e-05,1,1,5d46f1a695e1597f5515ce19d5826289df75f21be5914adfa02bd1c494a359a1,JNU_INTRADAY_MOMREV_G1_V1
2013-05-22,1.0,212,125,54,-0.002582258276725621,-1.2180463569460478e-05,161,87,37,36,36,24,0.0048353894641831865,0.0001343163740050885,0,0,5d46f1a695e1597f5515ce19d5826289df75f21be5914adfa02bd1c494a359a1,JNU_INTRADAY_MOMREV_G1_V1
2013-05-23,1.0,306,264,139,0.0673159198566388,0.00021998666619816603,67,42,37,35,34,15,-0.06372223891887742,-0.001820635397682212,1,1,5d46f1a695e1597f5515ce19d5826289df75f21be5914adfa02bd1c494a359a1,JNU_INTRADAY_MOMREV_G1_V1
2013-05-24,1.0,318,273,138,0.02327836618627821,7.320240939081198e-05,55,45,37,36,36,14,-0.05850628613321676,-0.0016251746148115767,0,0,5d46f1a695e1597f5515ce19d5826289df75f21be5914adfa02bd1c494a359a1,JNU_INTRADAY_MOMREV_G1_V1
2013-05-27,1.0,300,237,111,-0.010565798316486694,-3.521932772162231e-05,73,63,37,36,36,19,0.013604484589639641,0.00037790234971221226,0,0,5d46f1a695e1597f5515ce19d5826289df75f21be5914adfa02bd1c494a359a1,JNU_INTRADAY_MOMREV_G1_V1
2013-05-28,1.0,304,253,109,-0.014933988651831154,-4.912496267049722e-05,69,51,37,36,36,19,0.0052461632371366826,0.00014572675658713007,0,0,5d46f1a695e1597f5515ce19d5826289df75f21be5914adfa02bd1c494a359a1,JNU_INTRADAY_MOMREV_G1_V1
2013-05-29,1.0,309,254,117,-0.025388341226349323,-8.216291659012726e-05,64,55,37,36,36,22,0.01706259749358393,0.00047396104148844247,0,0,5d46f1a695e1597f5515ce19d5826289df75f21be5914adfa02bd1c494a359a1,JNU_INTRADAY_MOMREV_G1_V1
2013-05-30,1.0,305,256,123,0.009280845847985896,3.0429002780281626e-05,68,49,37,36,36,17,-0.01815498626112917,-0.0005043051739202546,0,0,5d46f1a695e1597f5515ce19d5826289df75f21be5914adfa02bd1c494a359a1,JNU_INTRADAY_MOMREV_G1_V1
2013-05-31,1.0,296,240,97,-0.035471643919196216,-0.00011983663486214938,77,56,37,36,36,20,0.007969524708616019,0.00022137568635044496,0,0,5d46f1a695e1597f5515ce19d5826289df75f21be5914adfa02bd1c494a359a1,JNU_INTRADAY_MOMREV_G1_V1
2013-06-03,1.0,313,268,115,-0.02059463554009688,-6.579755763609227e-05,60,45,37,36,36,23,0.02246802219712305,0.0006241117276978626,0,0,5d46f1a695e1597f5515ce19d5826289df75f21be5914adfa02bd1c494a359a1,JNU_INTRADAY_MOMREV_G1_V1
2013-06-04,1.0,311,263,134,0.004825165296710256,1.551500095405227e-05,62,48,37,36,36,18,0.0074217491415730676,0.00020615969837702966,0,0,5d46f1a695e1597f5515ce19d5826289df75f21be5914adfa02bd1c494a359a1,JNU_INTRADAY_MOMREV_G1_V1
2013-06-05,1.0,307,255,128,0.02163479230761048,7.047163618114163e-05,66,52,37,36,36,11,-0.03091431042583072,-0.0008587308451619644,0,0,5d46f1a695e1597f5515ce19d5826289df75f21be5914adfa02bd1c494a359a1,JNU_INTRADAY_MOMREV_G1_V1
2013-06-06,1.0,329,294,137,0.004719081595226866,1.4343713055400808e-05,44,35,37,36,36,19,-0.006299231855635009,-0.00017497866265652802,0,0,5d46f1a695e1597f5515ce19d5826289df75f21be5914adfa02bd1c494a359a1,JNU_INTRADAY_MOMREV_G1_V1
2013-06-07,1.0,329,292,148,0.035202936622714065,0.00010699980736387254,44,37,37,36,36,22,0.03552871584094214,0.000986908773359504,0,0,5d46f1a695e1597f5515ce19d5826289df75f21be5914adfa02bd1c494a359a1,JNU_INTRADAY_MOMREV_G1_V1
2013-06-10,1.0,271,196,81,-0.028906437753219803,-0.00010666582196760075,102,75,37,36,36,17,-0.008508841699079728,-0.00023635671386332578,0,0,5d46f1a695e1597f5515ce19d5826289df75f21be5914adfa02bd1c494a359a1,JNU_INTRADAY_MOMREV_G1_V1
2013-06-11,1.0,297,243,122,0.0380932908904978,0.00012826023868854478,76,54,37,36,36,17,-0.00998270007036096,-0.00027729722417669335,0,0,5d46f1a695e1597f5515ce19d5826289df75f21be5914adfa02bd1c494a359a1,JNU_INTRADAY_MOMREV_G1_V1
2013-06-12,1.0,280,217,98,0.0018478868663072891,6.599595951097461e-06,93,63,37,36,36,23,0.006897271900871544,0.00019159088613532067,0,0,5d46f1a695e1597f5515ce19d5826289df75f21be5914adfa02bd1c494a359a1,JNU_INTRADAY_MOMREV_G1_V1
2013-06-13,1.0,316,270,129,-0.003925041485295864,-1.2421017358531215e-05,57,46,37,36,36,22,0.055628968651884096,0.0015452491292190027,0,0,5d46f1a695e1597f5515ce19d5826289df75f21be5914adfa02bd1c494a359a1,JNU_INTRADAY_MOMREV_G1_V1
2013-06-14,1.0,293,227,110,0.003876549269018946,1.323054358026944e-05,80,66,37,36,36,17,-0.0019662212037413387,-5.461725565948163e-05,0,0,5d46f1a695e1597f5515ce19d5826289df75f21be5914adfa02bd1c494a359a1,JNU_INTRADAY_MOMREV_G1_V1
2013-06-17,1.0,295,232,110,-0.016039063696855285,-5.436970744696706e-05,78,63,37,36,36,14,-0.016030462835046447,-0.00044529063430684575,0,0,5d46f1a695e1597f5515ce19d5826289df75f21be5914adfa02bd1c494a359a1,JNU_INTRADAY_MOMREV_G1_V1
2013-06-18,1.0,285,220,104,-0.0022486594428164663,-7.890033132689355e-06,88,65,37,36,36,20,0.006505490859235793,0.00018070807942321648,0,0,5d46f1a695e1597f5515ce19d5826289df75f21be5914adfa02bd1c494a359a1,JNU_INTRADAY_MOMREV_G1_V1
2013-06-19,1.0,256,189,94,0.0068559264393683005,2.6780962653782424e-05,117,67,37,36,36,15,-0.010627131048317195,-0.00029519808467547766,0,0,5d46f1a695e1597f5515ce19d5826289df75f21be5914adfa02bd1c494a359a1,JNU_INTRADAY_MOMREV_G1_V1
2013-06-20,1.0,271,191,96,0.01144239680450225,4.2222866437277675e-05,102,80,37,36,36,17,0.005388235102536481,0.00014967319729268004,0,0,5d46f1a695e1597f5515ce19d5826289df75f21be5914adfa02bd1c494a359a1,JNU_INTRADAY_MOMREV_G1_V1
2013-06-21,1.0,291,232,102,0.0015969800668783063,5.487904009891087e-06,82,59,37,36,36,16,-0.01921124412270421,-0.0005336456700751169,0,0,5d46f1a695e1597f5515ce19d5826289df75f21be5914adfa02bd1c494a359a1,JNU_INTRADAY_MOMREV_G1_V1
2013-06-24,1.0,287,225,107,-0.007600589030215883,-2.6482888607023984e-05,86,62,37,36,36,20,0.020456005074407674,0.0005682223631779909,0,0,5d46f1a695e1597f5515ce19d5826289df75f21be5914adfa02bd1c494a359a1,JNU_INTRADAY_MOMREV_G1_V1
2013-06-25,1.0,315,265,136,0.03812218588197997,0.00012102281232374594,58,50,37,36,36,17,-0.009562957505584568,-0.0002656377084884602,0,0,5d46f1a695e1597f5515ce19d5826289df75f21be5914adfa02bd1c494a359a1,JNU_INTRADAY_MOMREV_G1_V1
2013-06-26,1.0,289,224,109,0.004005447180884535,1.3859678826590087e-05,84,65,37,36,36,23,-0.006887505260314761,-0.00019131959056429892,0,0,5d46f1a695e1597f5515ce19d5826289df75f21be5914adfa02bd1c494a359a1,JNU_INTRADAY_MOMREV_G1_V1
2013-06-27,1.0,291,233,116,0.012521905424405805,4.303060283300964e-05,82,58,37,36,36,15,-0.017735637294732938,-0.0004926565915203593,0,0,5d46f1a695e1597f5515ce19d5826289df75f21be5914adfa02bd1c494a359a1,JNU_INTRADAY_MOMREV_G1_V1
2013-06-28,1.0,293,233,99,-0.006186254475546827,-2.111349650357279e-05,80,60,37,36,36,16,0.003039795381233137,8.443876058980936e-05,0,0,5d46f1a695e1597f5515ce19d5826289df75f21be5914adfa02bd1c494a359a1,JNU_INTRADAY_MOMREV_G1_V1
2013-07-01,1.0,259,177,73,-0.021704456441620727,-8.380099012208774e-05,114,82,37,36,36,18,0.0030053363200784437,8.348156444662344e-05,0,0,5d46f1a695e1597f5515ce19d5826289df75f21be5914adfa02bd1c494a359a1,JNU_INTRADAY_MOMREV_G1_V1
2013-07-02,1.0,253,179,76,-0.011099364077328125,-4.387100425821393e-05,120,74,37,36,36,20,0.003981278794970287,0.00011059107763806353,0,0,5d46f1a695e1597f5515ce19d5826289df75f21be5914adfa02bd1c494a359a1,JNU_INTRADAY_MOMREV_G1_V1
2013-07-03,1.0,269,194,91,-0.01244979048213505,-4.628174900421951e-05,104,75,37,36,36,21,0.016691593051214336,0.00046365536253373154,0,0,5d46f1a695e1597f5515ce19d5826289df75f21be5914adfa02bd1c494a359a1,JNU_INTRADAY_MOMREV_G1_V1
2013-07-04,1.0,247,165,65,-0.01708339433602536,-6.916353982196502e-05,126,82,37,36,36,23,0.022075000756014353,0.0006131944654448431,0,0,5d46f1a695e1597f5515ce19d5826289df75f21be5914adfa02bd1c494a359a1,JNU_INTRADAY_MOMREV_G1_V1
2013-07-05,1.0,226,144,69,-0.0014151321197358496,-6.261646547503759e-06,147,82,37,36,36,18,0.0031692492461641683,8.8034701282338e-05,0,0,5d46f1a695e1597f5515ce19d5826289df75f21be5914adfa02bd1c494a359a1,JNU_INTRADAY_MOMREV_G1_V1
2013-07-08,1.0,260,189,88,-0.001700383789098192,-6.539937650377661e-06,113,71,37,36,36,15,-0.017149725625675044,-0.00047638126737986234,0,0,5d46f1a695e1597f5515ce19d5826289df75f21be5914adfa02bd1c494a359a1,JNU_INTRADAY_MOMREV_G1_V1
2013-07-09,1.0,265,189,84,0.00101867173134955,3.844044269243585e-06,108,76,37,36,36,19,0.006642516618452578,0.00018451435051257162,0,0,5d46f1a695e1597f5515ce19d5826289df75f21be5914adfa02bd1c494a359a1,JNU_INTRADAY_MOMREV_G1_V1
2013-07-10,1.0,263,196,85,-0.003490700273331043,-1.3272624613426019e-05,110,67,37,36,36,14,-0.007587486133477348,-0.00021076350370770412,0,0,5d46f1a695e1597f5515ce19d5826289df75f21be5914adfa02bd1c494a359a1,JNU_INTRADAY_MOMREV_G1_V1
2013-07-11,1.0,279,214,97,-0.000945129371777106,-3.3875604723193765e-06,94,65,37,36,36,19,-0.01010584712714911,-0.00028071797575414197,0,0,5d46f1a695e1597f5515ce19d5826289df75f21be5914adfa02bd1c494a359a1,JNU_INTRADAY_MOMREV_G1_V1
2013-07-12,1.0,237,152,68,-0.004943749500253254,-2.085970253271415e-05,136,85,37,36,36,17,0.00034602850297512375,9.611902860420104e-06,0,0,5d46f1a695e1597f5515ce19d5826289df75f21be5914adfa02bd1c494a359a1,JNU_INTRADAY_MOMREV_G1_V1
2013-07-16,1.0,215,129,44,-0.014727408422619583,-6.849957405869573e-05,158,86,37,36,36,20,0.004455754279272188,0.00012377095220200522,0,0,5d46f1a695e1597f5515ce19d5826289df75f21be5914adfa02bd1c494a359a1,JNU_INTRADAY_MOMREV_G1_V1
2013-07-17,1.0,219,134,42,-0.025180469379593135,-0.0001149793122355851,154,85,37,36,36,26,0.008260895812771151,0.000229469328132532,0,0,5d46f1a695e1597f5515ce19d5826289df75f21be5914adfa02bd1c494a359a1,JNU_INTRADAY_MOMREV_G1_V1
2013-07-18,1.0,221,140,54,-0.009176348981171943,-4.152194109127576e-05,152,81,37,36,36,18,0.00203184599080492,5.644016641124777e-05,0,0,5d46f1a695e1597f5515ce19d5826289df75f21be5914adfa02bd1c494a359a1,JNU_INTRADAY_MOMREV_G1_V1
2013-07-19,1.0,295,239,125,0.03188537491393887,0.0001080860166574199,78,56,37,36,36,18,-0.016359606069162237,-0.00045443350192117326,0,0,5d46f1a695e1597f5515ce19d5826289df75f21be5914adfa02bd1c494a359a1,JNU_INTRADAY_MOMREV_G1_V1
2013-07-22,1.0,282,220,105,0.005705332908896277,2.0231676981901693e-05,91,62,37,36,36,19,3.6553186147289356e-05,1.0153662818691488e-06,0,0,5d46f1a695e1597f5515ce19d5826289df75f21be5914adfa02bd1c494a359a1,JNU_INTRADAY_MOMREV_G1_V1
2013-07-23,1.0,259,185,72,-0.024099725034610088,-9.304913140776096e-05,114,74,37,36,36,20,0.005106423371255731,0.00014184509364599253,0,0,5d46f1a695e1597f5515ce19d5826289df75f21be5914adfa02bd1c494a359a1,JNU_INTRADAY_MOMREV_G1_V1
2013-07-24,1.0,245,166,72,-0.0119265583434971,-4.8679829973457555e-05,128,79,37,36,36,16,0.0010333232299344355,2.870342305373432e-05,0,0,5d46f1a695e1597f5515ce19d5826289df75f21be5914adfa02bd1c494a359a1,JNU_INTRADAY_MOMREV_G1_V1
2013-07-25,1.0,245,165,73,-0.01028181799655127,-4.196660406755621e-05,128,80,37,36,36,20,0.013006244861278457,0.00036128457947995715,0,0,5d46f1a695e1597f5515ce19d5826289df75f21be5914adfa02bd1c494a359a1,JNU_INTRADAY_MOMREV_G1_V1
2013-07-26,1.0,290,224,101,-0.008454150238605067,-2.915224220208644e-05,83,66,37,36,36,16,-0.00215027444051001,-5.972984556972251e-05,0,0,5d46f1a695e1597f5515ce19d5826289df75f21be5914adfa02bd1c494a359a1,JNU_INTRADAY_MOMREV_G1_V1
2013-07-29,1.0,283,214,106,0.007462503913457803,2.6369271779002838e-05,90,69,37,36,36,21,0.0088981596440806,0.00024717110122446113,0,0,5d46f1a695e1597f5515ce19d5826289df75f21be5914adfa02bd1c494a359a1,JNU_INTRADAY_MOMREV_G1_V1
2013-07-30,1.0,274,198,90,-0.007292543633533642,-2.661512275012278e-05,99,76,37,36,36,18,0.0058002008950653865,0.00016111669152959408,0,0,5d46f1a695e1597f5515ce19d5826289df75f21be5914adfa02bd1c494a359a1,JNU_INTRADAY_MOMREV_G1_V1
2013-07-31,1.0,279,214,100,-0.002024225585543643,-7.255288837073988e-06,94,65,37,36,36,17,-0.01135783123203481,-0.00031549531200096695,0,0,5d46f1a695e1597f5515ce19d5826289df75f21be5914adfa02bd1c494a359a1,JNU_INTRADAY_MOMREV_G1_V1
2013-08-01,1.0,287,228,97,-0.03047133091835084,-0.00010617188473292976,86,59,37,36,36,25,0.020954967759065406,0.0005820824377518168,0,0,5d46f1a695e1597f5515ce19d5826289df75f21be5914adfa02bd1c494a359a1,JNU_INTRADAY_MOMREV_G1_V1
2013-08-02,1.0,272,205,86,-0.01581841031688708,-5.8155920282673094e-05,101,67,37,36,36,20,0.0038487109688614234,0.00010690863802392842,0,0,5d46f1a695e1597f5515ce19d5826289df75f21be5914adfa02bd1c494a359a1,JNU_INTRADAY_MOMREV_G1_V1
2013-08-05,1.0,245,162,75,-0.0115186251669188,-4.701479659966857e-05,128,83,37,36,36,19,-0.0031647703787964065,-8.791028829990018e-05,0,0,5d46f1a695e1597f5515ce19d5826289df75f21be5914adfa02bd1c494a359a1,JNU_INTRADAY_MOMREV_G1_V1
2013-08-06,1.0,271,210,101,-0.0008225934579658123,-3.0354002138959864e-06,102,61,37,36,36,18,-0.013277832378697563,-0.00036882867718604343,0,0,5d46f1a695e1597f5515ce19d5826289df75f21be5914adfa02bd1c494a359a1,JNU_INTRADAY_MOMREV_G1_V1
2013-08-07,1.0,265,199,84,-0.022435178657045703,-8.466105153602153e-05,108,66,37,36,36,23,0.018575400772549974,0.0005159833547930549,0,0,5d46f1a695e1597f5515ce19d5826289df75f21be5914adfa02bd1c494a359a1,JNU_INTRADAY_MOMREV_G1_V1
2013-08-08,1.0,280,209,106,0.02495204032040158,8.911442971571992e-05,93,71,37,36,36,16,-0.006731536143600742,-0.0001869871151000206,0,0,5d46f1a695e1597f5515ce19d5826289df75f21be5914adfa02bd1c494a359a1,JNU_INTRADAY_MOMREV_G1_V1
2013-08-09,1.0,294,236,107,-0.022735165734703678,-7.733049569627101e-05,79,58,37,36,36,22,0.005870379071153256,0.00016306608530981267,0,0,5d46f1a695e1597f5515ce19d5826289df75f21be5914adfa02bd1c494a359a1,JNU_INTRADAY_MOMREV_G1_V1
2013-08-12,1.0,277,203,89,-0.012547083496945529,-4.5296330313882774e-05,96,74,37,36,36,23,0.010029984833090045,0.0002786106898080568,0,0,5d46f1a695e1597f5515ce19d5826289df75f21be5914adfa02bd1c494a359a1,JNU_INTRADAY_MOMREV_G1_V1
2013-08-13,1.0,238,159,63,-0.024740717001898015,-0.00010395259244494965,135,79,37,36,36,19,0.002214549164163176,6.151525456008821e-05,0,0,5d46f1a695e1597f5515ce19d5826289df75f21be5914adfa02bd1c494a359a1,JNU_INTRADAY_MOMREV_G1_V1
2013-08-14,1.0,256,179,78,-0.013393463470415904,-5.2318216681312124e-05,117,77,37,36,36,15,-0.02200586744395723,-0.0006112740956654787,0,0,5d46f1a695e1597f5515ce19d5826289df75f21be5914adfa02bd1c494a359a1,JNU_INTRADAY_MOMREV_G1_V1
2013-08-15,1.0,272,193,91,-0.007537914070668108,-2.771291937745628e-05,101,79,37,36,36,14,-0.010151313420191266,-0.0002819809283386463,0,0,5d46f1a695e1597f5515ce19d5826289df75f21be5914adfa02bd1c494a359a1,JNU_INTRADAY_MOMREV_G1_V1
2013-08-16,1.0,278,212,100,-0.0058939371653379275,-2.1201212824956574e-05,95,66,37,36,36,17,-0.01389698508846126,-0.00038602736356836833,0,0,5d46f1a695e1597f5515ce19d5826289df75f21be5914adfa02bd1c494a359a1,JNU_INTRADAY_MOMREV_G1_V1
2013-08-19,1.0,250,175,67,-0.026357878836975667,-0.00010543151534790267,123,75,37,36,36,15,-0.008424302401112653,-0.00023400840003090704,0,0,5d46f1a695e1597f5515ce19d5826289df75f21be5914adfa02bd1c494a359a1,JNU_INTRADAY_MOMREV_G1_V1
2013-08-20,1.0,244,161,71,-0.002042766900730286,-8.371995494796255e-06,129,83,37,36,36,20,0.004541711519064735,0.00012615865330735377,0,0,5d46f1a695e1597f5515ce19d5826289df75f21be5914adfa02bd1c494a359a1,JNU_INTRADAY_MOMREV_G1_V1
2013-08-21,1.0,273,209,96,-0.013504177358734321,-4.9465851130894945e-05,100,64,37,36,36,21,0.0025596154724985935,7.11004297916276e-05,0,0,5d46f1a695e1597f5515ce19d5826289df75f21be5914adfa02bd1c494a359a1,JNU_INTRADAY_MOMREV_G1_V1
2013-08-22,1.0,246,168,72,-0.016819206384699366,-6.837075766137954e-05,127,78,37,36,36,21,0.0018738926739735784,5.205257427704384e-05,0,0,5d46f1a695e1597f5515ce19d5826289df75f21be5914adfa02bd1c494a359a1,JNU_INTRADAY_MOMREV_G1_V1
2013-08-23,1.0,237,161,79,0.003678082068275303,1.551933362141478e-05,136,76,37,36,36,15,-0.010195109766000673,-0.0002831974935000187,0,0,5d46f1a695e1597f5515ce19d5826289df75f21be5914adfa02bd1c494a359a1,JNU_INTRADAY_MOMREV_G1_V1
2013-08-26,1.0,230,145,60,-0.016465366282947532,-7.158854905629361e-05,143,85,37,36,36,24,0.00512862130478032,0.00014246170291056445,0,0,5d46f1a695e1597f5515ce19d5826289df75f21be5914adfa02bd1c494a359a1,JNU_INTRADAY_MOMREV_G1_V1
2013-08-27,1.0,251,176,78,-0.008425840473336268,-3.356908555114051e-05,122,75,37,36,36,21,0.009950974336717659,0.00027641595379771276,0,0,5d46f1a695e1597f5515ce19d5826289df75f21be5914adfa02bd1c494a359a1,JNU_INTRADAY_MOMREV_G1_V1
2013-08-28,1.0,265,188,86,-0.0019488861630639197,-7.3542874077883765e-06,108,77,37,36,36,20,0.007140244585746607,0.0001983401273818502,0,0,5d46f1a695e1597f5515ce19d5826289df75f21be5914adfa02bd1c494a359a1,JNU_INTRADAY_MOMREV_G1_V1
2013-08-29,1.0,240,153,61,-0.01936903511980861,-8.070431299920254e-05,133,87,37,36,36,23,0.0052115583815183384,0.00014476551059773162,0,0,5d46f1a695e1597f5515ce19d5826289df75f21be5914adfa02bd1c494a359a1,JNU_INTRADAY_MOMREV_G1_V1
2013-08-30,1.0,277,209,102,0.004059403380540519,1.4654885850326782e-05,96,68,37,36,36,17,-0.010777833923481875,-0.0002993842756522743,0,0,5d46f1a695e1597f5515ce19d5826289df75f21be5914adfa02bd1c494a359a1,JNU_INTRADAY_MOMREV_G1_V1
2013-09-02,1.0,245,175,71,-0.013271650675531321,-5.41700027572707e-05,128,70,37,36,36,15,-0.011866165251108153,-0.00032961570141967094,0,0,5d46f1a695e1597f5515ce19d5826289df75f21be5914adfa02bd1c494a359a1,JNU_INTRADAY_MOMREV_G1_V1
2013-09-03,1.0,251,172,66,-0.01541769098209294,-6.142506367367705e-05,122,79,37,36,36,16,-4.907839785219686e-05,-1.3632888292276905e-06,0,0,5d46f1a695e1597f5515ce19d5826289df75f21be5914adfa02bd1c494a359a1,JNU_INTRADAY_MOMREV_G1_V1
2013-09-04,1.0,222,144,47,-0.03091804118290682,-0.00013927045577885955,151,78,37,36,36,16,0.001837449155120828,5.1040254308911887e-05,0,0,5d46f1a695e1597f5515ce19d5826289df75f21be5914adfa02bd1c494a359a1,JNU_INTRADAY_MOMREV_G1_V1
2013-09-05,1.0,239,153,64,-0.002111701762960818,-8.835572229961582e-06,134,86,37,36,36,20,-0.0035731450709606464,-9.925402974890685e-05,0,0,5d46f1a695e1597f5515ce19d5826289df75f21be5914adfa02bd1c494a359a1,JNU_INTRADAY_MOMREV_G1_V1
2013-09-06,1.0,268,207,85,-0.024784854658322305,-9.24808009638892e-05,105,61,37,36,36,19,0.0021902815887199062,6.0841155242219615e-05,0,0,5d46f1a695e1597f5515ce19d5826289df75f21be5914adfa02bd1c494a359a1,JNU_INTRADAY_MOMREV_G1_V1
2013-09-09,1.0,256,174,70,-0.02505638766255575,-9.78765143068584e-05,117,82,37,36,36,22,0.018710834585590228,0.0005197454051552842,0,0,5d46f1a695e1597f5515ce19d5826289df75f21be5914adfa02bd1c494a359a1,JNU_INTRADAY_MOMREV_G1_V1
2013-09-10,1.0,233,144,61,-0.008706074885048296,-3.736512826200986e-05,140,89,37,36,36,16,-0.0031274814449015146,-8.687448458059762e-05,0,0,5d46f1a695e1597f5515ce19d5826289df75f21be5914adfa02bd1c494a359a1,JNU_INTRADAY_MOMREV_G1_V1
2013-09-11,1.0,244,168,65,-0.012762019263167015,-5.230335763593039e-05,129,76,37,36,36,18,-0.005532967863304298,-0.00015369355175845272,0,0,5d46f1a695e1597f5515ce19d5826289df75f21be5914adfa02bd1c494a359a1,JNU_INTRADAY_MOMREV_G1_V1
2013-09-12,1.0,236,154,65,-0.01043611722011261,-4.422083567844326e-05,137,82,37,36,36,17,0.0020988038376154898,5.830010660043027e-05,0,0,5d46f1a695e1597f5515ce19d5826289df75f21be5914adfa02bd1c494a359a1,JNU_INTRADAY_MOMREV_G1_V1
2013-09-13,1.0,232,146,64,-0.004196511260328731,-1.808841060486522e-05,141,86,37,36,36,17,-0.008412182643396934,-0.00023367174009435927,0,0,5d46f1a695e1597f5515ce19d5826289df75f21be5914adfa02bd1c494a359a1,JNU_INTRADAY_MOMREV_G1_V1
2013-09-17,1.0,232,148,62,-0.013969665569799684,-6.021407573189519e-05,141,84,37,36,36,17,-0.0003549328139106258,-9.859244830850717e-06,0,0,5d46f1a695e1597f5515ce19d5826289df75f21be5914adfa02bd1c494a359a1,JNU_INTRADAY_MOMREV_G1_V1
2013-09-18,1.0,236,155,71,-0.005168272477253848,-2.1899459649380713e-05,137,81,37,36,36,17,-0.009325016196251925,-0.00025902822767366455,0,0,5d46f1a695e1597f5515ce19d5826289df75f21be5914adfa02bd1c494a359a1,JNU_INTRADAY_MOMREV_G1_V1
2013-09-19,1.0,242,153,57,-0.019797904056604025,-8.180952089505795e-05,131,89,37,36,36,17,-0.0020479711279886227,-5.6888086888572856e-05,0,0,5d46f1a695e1597f5515ce19d5826289df75f21be5914adfa02bd1c494a359a1,JNU_INTRADAY_MOMREV_G1_V1
2013-09-20,1.0,228,144,57,-0.012233657287800083,-5.365639161315826e-05,145,84,37,36,36,16,0.000678658490319705,1.885162473110292e-05,0,0,5d46f1a695e1597f5515ce19d5826289df75f21be5914adfa02bd1c494a359a1,JNU_INTRADAY_MOMREV_G1_V1
2013-09-24,1.0,211,121,48,-0.0167756466487234,-7.950543435413933e-05,162,90,37,36,36,18,0.006176325696498032,0.00017156460268050088,0,0,5d46f1a695e1597f5515ce19d5826289df75f21be5914adfa02bd1c494a359a1,JNU_INTRADAY_MOMREV_G1_V1
2013-09-25,1.0,219,146,51,-0.020507988601638286,-9.36437835691246e-05,154,73,37,36,36,18,-0.004450363572410384,-0.0001236212103447329,0,0,5d46f1a695e1597f5515ce19d5826289df75f21be5914adfa02bd1c494a359a1,JNU_INTRADAY_MOMREV_G1_V1
2013-09-26,1.0,266,197,98,0.009225632379069195,3.4682828492741335e-05,107,69,37,36,36,20,-0.009265915417895438,-0.0002573865393859844,0,0,5d46f1a695e1597f5515ce19d5826289df75f21be5914adfa02bd1c494a359a1,JNU_INTRADAY_MOMREV_G1_V1
2013-09-27,1.0,223,133,42,-0.019607863231660336,-8.792763781013603e-05,150,90,37,36,36,19,0.0016857032055233177,4.682508904231438e-05,0,0,5d46f1a695e1597f5515ce19d5826289df75f21be5914adfa02bd1c494a359a1,JNU_INTRADAY_MOMREV_G1_V1
2013-09-30,1.0,246,173,71,-0.012438370951526488,-5.05624835427906e-05,127,73,37,36,36,19,-0.0009994303338858633,-2.776195371905176e-05,0,0,5d46f1a695e1597f5515ce19d5826289df75f21be5914adfa02bd1c494a359a1,JNU_INTRADAY_MOMREV_G1_V1
2013-10-01,1.0,281,215,101,0.0009581356896277565,3.4097355502767135e-06,92,66,37,36,36,20,0.01579974362191384,0.00043888176727538446,0,0,5d46f1a695e1597f5515ce19d5826289df75f21be5914adfa02bd1c494a359a1,JNU_INTRADAY_MOMREV_G1_V1
2013-10-02,1.0,281,213,106,0.0018571758025817955,6.6091665572305885e-06,92,68,37,36,36,16,-0.010029296291541385,-0.00027859156365392737,0,0,5d46f1a695e1597f5515ce19d5826289df75f21be5914adfa02bd1c494a359a1,JNU_INTRADAY_MOMREV_G1_V1
2013-10-03,1.0,266,194,72,-0.03459233863219966,-0.00013004638583533708,107,72,37,36,36,21,0.007773250014648041,0.00021592361151800114,0,0,5d46f1a695e1597f5515ce19d5826289df75f21be5914adfa02bd1c494a359a1,JNU_INTRADAY_MOMREV_G1_V1
2013-10-04,1.0,264,193,83,-0.023124421147874864,-8.759250434801085e-05,109,71,37,36,36,16,-0.0007023764321103447,-1.9510456447509575e-05,0,0,5d46f1a695e1597f5515ce19d5826289df75f21be5914adfa02bd1c494a359a1,JNU_INTRADAY_MOMREV_G1_V1
2013-10-07,1.0,258,181,83,-0.00788168999230329,-3.0549186016679424e-05,115,77,37,36,36,21,0.015501319622592978,0.00043059221173869384,0,0,5d46f1a695e1597f5515ce19d5826289df75f21be5914adfa02bd1c494a359a1,JNU_INTRADAY_MOMREV_G1_V1
2013-10-08,1.0,250,175,67,-0.028185924715263436,-0.00011274369886105375,123,75,37,36,36,20,-0.005425221292540012,-0.0001507005914594448,0,0,5d46f1a695e1597f5515ce19d5826289df75f21be5914adfa02bd1c494a359a1,JNU_INTRADAY_MOMREV_G1_V1
2013-10-09,1.0,251,179,74,-0.012219842709811555,-4.86846323100062e-05,122,72,37,36,36,18,0.003920778219350386,0.00010891050609306627,0,0,5d46f1a695e1597f5515ce19d5826289df75f21be5914adfa02bd1c494a359a1,JNU_INTRADAY_MOMREV_G1_V1
2013-10-10,1.0,235,159,55,-0.023453666290639445,-9.980283527931679e-05,138,76,37,36,36,22,0.0017818454646630795,4.949570735175221e-05,0,0,5d46f1a695e1597f5515ce19d5826289df75f21be5914adfa02bd1c494a359a1,JNU_INTRADAY_MOMREV_G1_V1
2013-10-11,1.0,216,133,56,-0.016342379705508742,-7.565916530328121e-05,157,83,37,36,36,19,-0.0027776422198738052,-7.715672832982792e-05,0,0,5d46f1a695e1597f5515ce19d5826289df75f21be5914adfa02bd1c494a359a1,JNU_INTRADAY_MOMREV_G1_V1
2013-10-15,1.0,239,158,50,-0.023477394175508367,-9.823177479292204e-05,134,81,37,36,36,16,-0.0027721992861381504,-7.700553572605973e-05,0,0,5d46f1a695e1597f5515ce19d5826289df75f21be5914adfa02bd1c494a359a1,JNU_INTRADAY_MOMREV_G1_V1
2013-10-16,1.0,213,127,45,-0.015903443761075494,-7.466405521631687e-05,160,86,37,36,36,16,0.003461527430928547,9.615353974801519e-05,0,0,5d46f1a695e1597f5515ce19d5826289df75f21be5914adfa02bd1c494a359a1,JNU_INTRADAY_MOMREV_G1_V1
2013-10-17,1.0,217,136,43,-0.020182687460422954,-9.300777631531315e-05,156,81,37,36,36,21,0.00373189973533458,0.00010366388153707167,0,0,5d46f1a695e1597f5515ce19d5826289df75f21be5914adfa02bd1c494a359a1,JNU_INTRADAY_MOMREV_G1_V1
2013-10-18,1.0,208,116,48,-0.005478857012427847,-2.6340658713595417e-05,165,92,37,36,36,17,0.0037716423492765755,0.00010476784303546043,0,0,5d46f1a695e1597f5515ce19d5826289df75f21be5914adfa02bd1c494a359a1,JNU_INTRADAY_MOMREV_G1_V1
2013-10-21,1.0,190,110,38,-0.018381265957202728,-9.67435050379091e-05,183,80,37,36,36,19,0.0013597210013677043,3.7770027815769564e-05,0,0,5d46f1a695e1597f5515ce19d5826289df75f21be5914adfa02bd1c494a359a1,JNU_INTRADAY_MOMREV_G1_V1
2013-10-22,1.0,182,105,34,-0.017333742097978153,-9.524034119768216e-05,191,77,37,36,36,19,0.0064662684821431005,0.00017961856894841945,0,0,5d46f1a695e1597f5515ce19d5826289df75f21be5914adfa02bd1c494a359a1,JNU_INTRADAY_MOMREV_G1_V1
2013-10-23,1.0,254,177,76,-0.006754093594478662,-2.6590919663301816e-05,119,77,37,36,36,22,0.025654704753680264,0.0007126306876022296,0,0,5d46f1a695e1597f5515ce19d5826289df75f21be5914adfa02bd1c494a359a1,JNU_INTRADAY_MOMREV_G1_V1
2013-10-24,1.0,255,167,83,-0.001767427619648185,-6.931088704502686e-06,118,88,37,36,36,18,-0.00414232158291887,-0.00011506448841441306,0,0,5d46f1a695e1597f5515ce19d5826289df75f21be5914adfa02bd1c494a359a1,JNU_INTRADAY_MOMREV_G1_V1
2013-10-25,1.0,263,195,82,-0.014454462593435946,-5.49599338153458e-05,110,68,37,36,36,19,0.0010354678190932038,2.8762994974811217e-05,0,0,5d46f1a695e1597f5515ce19d5826289df75f21be5914adfa02bd1c494a359a1,JNU_INTRADAY_MOMREV_G1_V1
2013-10-28,1.0,261,193,83,-0.011891436214957333,-4.5561058294855684e-05,112,68,37,36,36,18,-0.0017732230670685738,-4.925619630746038e-05,0,0,5d46f1a695e1597f5515ce19d5826289df75f21be5914adfa02bd1c494a359a1,JNU_INTRADAY_MOMREV_G1_V1
2013-10-29,1.0,254,179,78,-0.008045442889524341,-3.1674972006001345e-05,119,75,37,36,36,19,-0.004558166138940126,-0.00012661572608167016,0,0,5d46f1a695e1597f5515ce19d5826289df75f21be5914adfa02bd1c494a359a1,JNU_INTRADAY_MOMREV_G1_V1
2013-10-30,1.0,229,145,51,-0.01795275238808504,-7.839629863792594e-05,144,84,37,36,36,19,-0.00033844918771562825,-9.401366325434119e-06,0,0,5d46f1a695e1597f5515ce19d5826289df75f21be5914adfa02bd1c494a359a1,JNU_INTRADAY_MOMREV_G1_V1
2013-10-31,1.0,247,174,65,-0.018629963316718408,-7.54249526992648e-05,126,73,37,35,34,20,0.0006422362283343506,1.834960652383859e-05,1,1,5d46f1a695e1597f5515ce19d5826289df75f21be5914adfa02bd1c494a359a1,JNU_INTRADAY_MOMREV_G1_V1
2013-11-01,1.0,244,169,69,-0.013297532784040174,-5.4498085180492514e-05,129,75,37,36,36,18,0.0021501982438876274,5.972772899687854e-05,0,0,5d46f1a695e1597f5515ce19d5826289df75f21be5914adfa02bd1c494a359a1,JNU_INTRADAY_MOMREV_G1_V1
2013-11-05,1.0,245,162,62,-0.013705604579691348,-5.5941243182413665e-05,128,83,37,36,36,28,0.030237667640809745,0.0008399352122447152,0,0,5d46f1a695e1597f5515ce19d5826289df75f21be5914adfa02bd1c494a359a1,JNU_INTRADAY_MOMREV_G1_V1
2013-11-06,1.0,241,159,69,-0.001804980696211955,-7.489546457311016e-06,132,82,37,36,36,22,-0.001415701991574888,-3.932505532152467e-05,0,0,5d46f1a695e1597f5515ce19d5826289df75f21be5914adfa02bd1c494a359a1,JNU_INTRADAY_MOMREV_G1_V1
2013-11-07,1.0,253,182,81,-0.013313072126359755,-5.26208384441097e-05,120,71,37,36,36,17,-0.002996503864756395,-8.323621846545542e-05,0,0,5d46f1a695e1597f5515ce19d5826289df75f21be5914adfa02bd1c494a359a1,JNU_INTRADAY_MOMREV_G1_V1
2013-11-08,1.0,236,158,69,-0.010679290971677316,-4.525123293083608e-05,137,78,37,36,36,19,0.004608354254548539,0.00012800984040412606,0,0,5d46f1a695e1597f5515ce19d5826289df75f21be5914adfa02bd1c494a359a1,JNU_INTRADAY_MOMREV_G1_V1
2013-11-11,1.0,218,130,39,-0.027338334573465985,-0.0001254052044654403,155,88,37,36,36,18,-0.00174745174432593,-4.854032623127583e-05,0,0,5d46f1a695e1597f5515ce19d5826289df75f21be5914adfa02bd1c494a359a1,JNU_INTRADAY_MOMREV_G1_V1
2013-11-12,1.0,233,151,53,-0.02864782742484503,-0.00012295204903366966,140,82,37,36,36,17,-0.010068672510432121,-0.00027968534751200333,0,0,5d46f1a695e1597f5515ce19d5826289df75f21be5914adfa02bd1c494a359a1,JNU_INTRADAY_MOMREV_G1_V1
2013-11-13,1.0,225,142,52,-0.019912943123455637,-8.850196943758061e-05,148,83,37,36,36,22,0.009963456982701374,0.00027676269396392707,0,0,5d46f1a695e1597f5515ce19d5826289df75f21be5914adfa02bd1c494a359a1,JNU_INTRADAY_MOMREV_G1_V1
2013-11-14,1.0,268,198,87,-0.00944413329682399,-3.523930334635817e-05,105,70,37,36,36,23,-0.0016364180805003318,-4.5456057791675884e-05,0,0,5d46f1a695e1597f5515ce19d5826289df75f21be5914adfa02bd1c494a359a1,JNU_INTRADAY_MOMREV_G1_V1
2013-11-15,1.0,276,203,82,-0.018505734958116315,-6.704976434100114e-05,97,73,37,36,36,24,0.015182177903891446,0.0004217271639969846,0,0,5d46f1a695e1597f5515ce19d5826289df75f21be5914adfa02bd1c494a359a1,JNU_INTRADAY_MOMREV_G1_V1
2013-11-18,1.0,260,182,63,-0.02370589129681661,-9.117650498775618e-05,113,78,37,36,36,18,0.002625098906481628,7.29194140689341e-05,0,0,5d46f1a695e1597f5515ce19d5826289df75f21be5914adfa02bd1c494a359a1,JNU_INTRADAY_MOMREV_G1_V1
2013-11-19,1.0,243,164,71,-0.0013367348178301762,-5.500966328519243e-06,130,79,37,36,36,18,0.005973250611109631,0.00016592362808637865,0,0,5d46f1a695e1597f5515ce19d5826289df75f21be5914adfa02bd1c494a359a1,JNU_INTRADAY_MOMREV_G1_V1
2013-11-20,1.0,232,148,55,-0.015875846172235412,-6.843037143204919e-05,141,84,37,36,36,23,0.011577344622872535,0.0003215929061909037,0,0,5d46f1a695e1597f5515ce19d5826289df75f21be5914adfa02bd1c494a359a1,JNU_INTRADAY_MOMREV_G1_V1
2013-11-21,1.0,262,181,75,-0.018610288428786474,-7.103163522437586e-05,111,81,37,36,36,26,0.010054807310996379,0.00027930020308323275,0,0,5d46f1a695e1597f5515ce19d5826289df75f21be5914adfa02bd1c494a359a1,JNU_INTRADAY_MOMREV_G1_V1
2013-11-22,1.0,267,192,91,0.006292527310035985,2.356751801511605e-05,106,75,37,36,36,21,-0.002902752834344042,-8.063202317622339e-05,0,0,5d46f1a695e1597f5515ce19d5826289df75f21be5914adfa02bd1c494a359a1,JNU_INTRADAY_MOMREV_G1_V1
2013-11-25,1.0,239,156,59,-0.016990642820272326,-7.109055573335701e-05,134,83,37,36,36,17,0.0009812534600245537,2.72570405562376e-05,0,0,5d46f1a695e1597f5515ce19d5826289df75f21be5914adfa02bd1c494a359a1,JNU_INTRADAY_MOMREV_G1_V1
2013-11-26,1.0,233,150,56,-0.014824289450736541,-6.362355987440576e-05,140,83,37,36,36,17,-0.008361691886419536,-0.00023226921906720934,0,0,5d46f1a695e1597f5515ce19d5826289df75f21be5914adfa02bd1c494a359a1,JNU_INTRADAY_MOMREV_G1_V1
2013-11-27,1.0,240,160,61,-0.016786272555250913,-6.994280231354546e-05,133,80,37,36,36,21,0.002589627824113311,7.193410622536976e-05,0,0,5d46f1a695e1597f5515ce19d5826289df75f21be5914adfa02bd1c494a359a1,JNU_INTRADAY_MOMREV_G1_V1
2013-11-28,1.0,208,118,43,-0.01340591460603336,-6.445151252900654e-05,165,90,37,36,36,23,0.0028782032369583355,7.995008991550932e-05,0,0,5d46f1a695e1597f5515ce19d5826289df75f21be5914adfa02bd1c494a359a1,JNU_INTRADAY_MOMREV_G1_V1
2013-11-29,1.0,237,162,60,-0.014000463347051531,-5.907368500865625e-05,136,75,37,36,36,15,-0.01632026156335942,-0.0004533405989822061,0,0,5d46f1a695e1597f5515ce19d5826289df75f21be5914adfa02bd1c494a359a1,JNU_INTRADAY_MOMREV_G1_V1
2013-12-02,1.0,222,146,65,-0.005431252835053423,-2.4465102860601005e-05,151,76,37,36,36,21,0.010568453570447564,0.0002935681547346546,0,0,5d46f1a695e1597f5515ce19d5826289df75f21be5914adfa02bd1c494a359a1,JNU_INTRADAY_MOMREV_G1_V1
2013-12-03,1.0,235,151,52,-0.013334886288782445,-5.674419697354232e-05,138,84,37,36,36,22,0.009834577307684287,0.0002731827029912302,0,0,5d46f1a695e1597f5515ce19d5826289df75f21be5914adfa02bd1c494a359a1,JNU_INTRADAY_MOMREV_G1_V1
2013-12-04,1.0,266,195,89,-0.003897549247981389,-1.4652440781884921e-05,107,71,37,36,36,18,0.0025755130936883936,7.154203038023316e-05,0,0,5d46f1a695e1597f5515ce19d5826289df75f21be5914adfa02bd1c494a359a1,JNU_INTRADAY_MOMREV_G1_V1
2013-12-05,1.0,257,178,74,-0.013986991911184804,-5.442409303962959e-05,116,79,37,36,36,22,0.010137778618955163,0.0002816049616376434,0,0,5d46f1a695e1597f5515ce19d5826289df75f21be5914adfa02bd1c494a359a1,JNU_INTRADAY_MOMREV_G1_V1
2013-12-06,1.0,268,188,75,-0.019407163613564277,-7.241478960285179e-05,105,80,37,36,36,18,0.0075767815367316724,0.00021046615379810202,0,0,5d46f1a695e1597f5515ce19d5826289df75f21be5914adfa02bd1c494a359a1,JNU_INTRADAY_MOMREV_G1_V1
2013-12-09,1.0,202,120,42,-0.015084599455510198,-7.46762349282683e-05,171,82,37,36,36,20,0.0019283124658365921,5.356423516212756e-05,0,0,5d46f1a695e1597f5515ce19d5826289df75f21be5914adfa02bd1c494a359a1,JNU_INTRADAY_MOMREV_G1_V1
2013-12-10,1.0,177,91,33,-0.013145093307612979,-7.426606388481909e-05,196,86,37,36,36,18,0.006090015172860981,0.00016916708813502723,0,0,5d46f1a695e1597f5515ce19d5826289df75f21be5914adfa02bd1c494a359a1,JNU_INTRADAY_MOMREV_G1_V1
2013-12-11,1.0,238,160,62,-0.014796996383576027,-6.217225371250431e-05,135,78,37,36,36,17,-0.009397334839229827,-0.0002610370788674952,0,0,5d46f1a695e1597f5515ce19d5826289df75f21be5914adfa02bd1c494a359a1,JNU_INTRADAY_MOMREV_G1_V1
2013-12-12,1.0,262,181,73,-0.01275665819332852,-4.8689535089040155e-05,111,81,37,36,36,16,-0.01010835592975608,-0.0002807876647154467,0,0,5d46f1a695e1597f5515ce19d5826289df75f21be5914adfa02bd1c494a359a1,JNU_INTRADAY_MOMREV_G1_V1
2013-12-13,1.0,262,184,89,0.0016523789968041942,6.306790064138146e-06,111,78,37,36,36,24,0.02365339727292865,0.000657038813136907,0,0,5d46f1a695e1597f5515ce19d5826289df75f21be5914adfa02bd1c494a359a1,JNU_INTRADAY_MOMREV_G1_V1
2013-12-16,1.0,264,191,76,-0.026871084853860853,-0.0001017844123252305,109,73,37,36,36,21,0.010818698273231845,0.00030051939647866236,0,0,5d46f1a695e1597f5515ce19d5826289df75f21be5914adfa02bd1c494a359a1,JNU_INTRADAY_MOMREV_G1_V1
2013-12-17,1.0,213,139,42,-0.0254802916872512,-0.00011962578256925446,160,74,37,36,36,15,-0.006869208709580803,-0.0001908113530439112,0,0,5d46f1a695e1597f5515ce19d5826289df75f21be5914adfa02bd1c494a359a1,JNU_INTRADAY_MOMREV_G1_V1
2013-12-18,1.0,242,161,64,-0.010920552634488647,-4.5126250555738213e-05,131,81,37,36,36,18,-0.007122789202227129,-0.00019785525561742025,0,0,5d46f1a695e1597f5515ce19d5826289df75f21be5914adfa02bd1c494a359a1,JNU_INTRADAY_MOMREV_G1_V1
2013-12-19,1.0,219,145,53,-0.010400691619735924,-4.74917425558718e-05,154,74,37,36,36,20,0.004429571128682524,0.00012304364246340345,0,0,5d46f1a695e1597f5515ce19d5826289df75f21be5914adfa02bd1c494a359a1,JNU_INTRADAY_MOMREV_G1_V1
2013-12-20,1.0,206,118,45,-0.009820371876920139,-4.7671708140389024e-05,167,88,37,36,36,19,0.004095797163014942,0.00011377214341708171,0,0,5d46f1a695e1597f5515ce19d5826289df75f21be5914adfa02bd1c494a359a1,JNU_INTRADAY_MOMREV_G1_V1
2013-12-24,1.0,210,131,44,-0.011846388804767164,-5.6411375260796015e-05,163,79,37,36,36,13,-0.005952054283981213,-0.00016533484122170034,0,0,5d46f1a695e1597f5515ce19d5826289df75f21be5914adfa02bd1c494a359a1,JNU_INTRADAY_MOMREV_G1_V1
2013-12-25,1.0,194,119,37,-0.01537846946166471,-7.92704611426016e-05,179,75,37,36,36,16,0.004087435840336016,0.00011353988445377824,0,0,5d46f1a695e1597f5515ce19d5826289df75f21be5914adfa02bd1c494a359a1,JNU_INTRADAY_MOMREV_G1_V1
2013-12-26,1.0,202,108,53,0.005889614187425863,2.9156505878345856e-05,171,94,37,36,36,16,-0.006186616749355896,-0.00017185046525988599,0,0,5d46f1a695e1597f5515ce19d5826289df75f21be5914adfa02bd1c494a359a1,JNU_INTRADAY_MOMREV_G1_V1
2013-12-27,1.0,238,155,47,-0.023890188052240545,-0.00010037894139596867,135,83,37,36,36,21,0.0015553518231495654,4.320421730971015e-05,0,0,5d46f1a695e1597f5515ce19d5826289df75f21be5914adfa02bd1c494a359a1,JNU_INTRADAY_MOMREV_G1_V1
2013-12-30,1.0,216,121,44,-0.01693777796929131,-7.841563874671904e-05,157,95,37,36,36,19,0.0012235056760860877,3.3986268780169104e-05,0,0,5d46f1a695e1597f5515ce19d5826289df75f21be5914adfa02bd1c494a359a1,JNU_INTRADAY_MOMREV_G1_V1
2014-01-06,1.0,241,154,64,-0.020165313520043842,-8.367350008316946e-05,132,87,37,36,36,19,0.0012905075831080956,3.5847432864113766e-05,0,0,4815235850049766ca8156f26fc5816a1a1d9dd3333a1b88df939e7399874252,JNU_INTRADAY_MOMREV_G1_V1
2014-01-07,1.0,258,178,83,-0.0021899045635498313,-8.488002184301672e-06,115,80,37,36,36,25,0.013872464436988755,0.00038534623436079873,0,0,4815235850049766ca8156f26fc5816a1a1d9dd3333a1b88df939e7399874252,JNU_INTRADAY_MOMREV_G1_V1
2014-01-08,1.0,220,136,55,-0.010620052822791179,-4.827296737632354e-05,153,84,37,36,36,22,-0.0009202124418778243,-2.556145671882845e-05,0,0,4815235850049766ca8156f26fc5816a1a1d9dd3333a1b88df939e7399874252,JNU_INTRADAY_MOMREV_G1_V1
2014-01-09,1.0,253,168,65,-0.014867429962666923,-5.876454530698389e-05,120,85,37,36,36,20,0.005345516484386329,0.00014848656901073136,0,0,4815235850049766ca8156f26fc5816a1a1d9dd3333a1b88df939e7399874252,JNU_INTRADAY_MOMREV_G1_V1
2014-01-10,1.0,243,161,76,0.003154181689170083,1.2980171560370712e-05,130,82,37,36,36,20,0.007902681900545251,0.00021951894168181253,0,0,4815235850049766ca8156f26fc5816a1a1d9dd3333a1b88df939e7399874252,JNU_INTRADAY_MOMREV_G1_V1
2014-01-14,1.0,242,163,64,-0.016406970243787886,-6.779739770160284e-05,131,79,37,36,36,21,0.0035261211416218415,9.794780948949559e-05,0,0,4815235850049766ca8156f26fc5816a1a1d9dd3333a1b88df939e7399874252,JNU_INTRADAY_MOMREV_G1_V1
2014-01-15,1.0,232,139,57,-0.012397117714587725,-5.3435852218050536e-05,141,93,37,36,36,16,-0.00953466600951249,-0.0002648518335975692,0,0,4815235850049766ca8156f26fc5816a1a1d9dd3333a1b88df939e7399874252,JNU_INTRADAY_MOMREV_G1_V1
2014-01-16,1.0,220,134,53,-0.008844743926008468,-4.020338148185667e-05,153,86,37,36,36,22,0.013899735547774824,0.0003861037652159673,0,0,4815235850049766ca8156f26fc5816a1a1d9dd3333a1b88df939e7399874252,JNU_INTRADAY_MOMREV_G1_V1
2014-01-17,1.0,239,153,64,-0.003517856861429372,-1.4719066365813272e-05,134,86,37,36,36,21,0.009904595983048638,0.0002751276661957955,0,0,4815235850049766ca8156f26fc5816a1a1d9dd3333a1b88df939e7399874252,JNU_INTRADAY_MOMREV_G1_V1
2014-01-20,1.0,245,162,50,-0.023339424206355004,-9.526295594430613e-05,128,83,37,36,36,23,0.015999926189619568,0.0004444423941560991,0,0,4815235850049766ca8156f26fc5816a1a1d9dd3333a1b88df939e7399874252,JNU_INTRADAY_MOMREV_G1_V1
2014-01-21,1.0,255,176,66,-0.019271420006742136,-7.557419610487112e-05,118,79,37,36,36,20,0.004067399524749665,0.00011298332013193513,0,0,4815235850049766ca8156f26fc5816a1a1d9dd3333a1b88df939e7399874252,JNU_INTRADAY_MOMREV_G1_V1
2014-01-22,1.0,260,185,78,-0.01619677003966464,-6.229526938332553e-05,113,75,37,36,36,11,-0.024417097441131557,-0.0006782527066980988,0,0,4815235850049766ca8156f26fc5816a1a1d9dd3333a1b88df939e7399874252,JNU_INTRADAY_MOMREV_G1_V1
2014-01-23,1.0,260,192,87,-0.0063377299567431294,-2.4375884449012038e-05,113,68,37,36,36,18,0.006290092730086159,0.00017472479805794884,0,0,4815235850049766ca8156f26fc5816a1a1d9dd3333a1b88df939e7399874252,JNU_INTRADAY_MOMREV_G1_V1
2014-01-24,1.0,248,174,71,-0.02171976104893475,-8.757968164893044e-05,125,74,37,36,36,22,-0.00031548407438175075,-8.763446510604187e-06,0,0,4815235850049766ca8156f26fc5816a1a1d9dd3333a1b88df939e7399874252,JNU_INTRADAY_MOMREV_G1_V1
2014-01-27,1.0,275,207,91,-0.012948613907232894,-4.708586875357416e-05,98,68,37,36,36,20,0.012665684325001928,0.0003518245645833869,0,0,4815235850049766ca8156f26fc5816a1a1d9dd3333a1b88df939e7399874252,JNU_INTRADAY_MOMREV_G1_V1
2014-01-28,1.0,264,182,70,-0.02092511357111862,-7.926179382999477e-05,109,82,37,36,36,21,0.004975233322290258,0.00013820092561917384,0,0,4815235850049766ca8156f26fc5816a1a1d9dd3333a1b88df939e7399874252,JNU_INTRADAY_MOMREV_G1_V1
2014-01-29,1.0,230,156,53,-0.017369704102116447,-7.55204526178976e-05,143,74,37,36,36,19,-0.006520689145106568,-0.000181130254030738,0,0,4815235850049766ca8156f26fc5816a1a1d9dd3333a1b88df939e7399874252,JNU_INTRADAY_MOMREV_G1_V1
2014-01-30,1.0,267,196,88,-0.012440029736089608,-4.6591871670747594e-05,106,71,37,36,36,20,0.0016787566569862592,4.663212936072942e-05,0,0,4815235850049766ca8156f26fc5816a1a1d9dd3333a1b88df939e7399874252,JNU_INTRADAY_MOMREV_G1_V1
2014-01-31,1.0,257,187,90,0.0027404682917833664,1.066330074623878e-05,116,70,37,36,36,18,-0.009076243275302324,-0.0002521178687583979,0,0,4815235850049766ca8156f26fc5816a1a1d9dd3333a1b88df939e7399874252,JNU_INTRADAY_MOMREV_G1_V1
2014-02-03,1.0,290,231,103,-0.027625032187467584,-9.52587316809227e-05,83,59,37,36,36,19,0.007459491748647445,0.00020720810412909569,0,0,4815235850049766ca8156f26fc5816a1a1d9dd3333a1b88df939e7399874252,JNU_INTRADAY_MOMREV_G1_V1
2014-02-04,1.0,293,233,113,0.003096608970378764,1.0568631298221038e-05,80,60,37,36,36,17,-0.014544005261473753,-0.0004040001461520487,0,0,4815235850049766ca8156f26fc5816a1a1d9dd3333a1b88df939e7399874252,JNU_INTRADAY_MOMREV_G1_V1
2014-02-05,1.0,301,245,114,-0.0021315432988572797,-7.081539198861394e-06,72,56,37,36,36,20,0.008099159049104023,0.00022497664025288952,0,0,4815235850049766ca8156f26fc5816a1a1d9dd3333a1b88df939e7399874252,JNU_INTRADAY_MOMREV_G1_V1
2014-02-06,1.0,287,233,111,-0.015053567580569301,-5.2451454984562026e-05,86,54,37,36,36,20,0.0052434576954616344,0.00014565160265171207,0,0,4815235850049766ca8156f26fc5816a1a1d9dd3333a1b88df939e7399874252,JNU_INTRADAY_MOMREV_G1_V1
2014-02-07,1.0,246,172,66,-0.015950990102474805,-6.484142318079189e-05,127,74,37,36,36,22,0.01420831012195909,0.0003946752811655303,0,0,4815235850049766ca8156f26fc5816a1a1d9dd3333a1b88df939e7399874252,JNU_INTRADAY_MOMREV_G1_V1
2014-02-10,1.0,256,178,58,-0.031072625810854734,-0.0001213774445736513,117,78,37,36,36,23,0.00888240373991426,0.0002467334372198406,0,0,4815235850049766ca8156f26fc5816a1a1d9dd3333a1b88df939e7399874252,JNU_INTRADAY_MOMREV_G1_V1
2014-02-12,1.0,240,162,54,-0.0367932265960667,-0.00015330511081694458,133,78,37,36,36,18,0.00640873796762057,0.0001780204991005714,0,0,4815235850049766ca8156f26fc5816a1a1d9dd3333a1b88df939e7399874252,JNU_INTRADAY_MOMREV_G1_V1
2014-02-13,1.0,246,166,67,-0.022862450429300792,-9.293679036301135e-05,127,80,37,36,36,17,-0.0003108400882986366,-8.634446897184349e-06,0,0,4815235850049766ca8156f26fc5816a1a1d9dd3333a1b88df939e7399874252,JNU_INTRADAY_MOMREV_G1_V1
2014-02-14,1.0,296,234,114,-0.0032315490933720868,-1.091739558571651e-05,77,62,37,36,36,18,-0.011092928391430975,-0.0003081368997619715,0,0,4815235850049766ca8156f26fc5816a1a1d9dd3333a1b88df939e7399874252,JNU_INTRADAY_MOMREV_G1_V1
2014-02-17,1.0,263,187,78,-0.028264079781229242,-0.00010746798395904654,110,76,37,36,36,17,-0.012226243853548781,-0.0003396178848207995,0,0,4815235850049766ca8156f26fc5816a1a1d9dd3333a1b88df939e7399874252,JNU_INTRADAY_MOMREV_G1_V1
2014-02-18,1.0,258,179,91,0.010559247963752905,4.0927317688964744e-05,115,79,37,36,36,18,0.004526311876535403,0.00012573088545931677,0,0,4815235850049766ca8156f26fc5816a1a1d9dd3333a1b88df939e7399874252,JNU_INTRADAY_MOMREV_G1_V1
2014-02-19,1.0,238,165,71,-0.0183153463181669,-7.695523663095335e-05,135,73,37,36,36,24,0.014601867392570236,0.00040560742757139544,0,0,4815235850049766ca8156f26fc5816a1a1d9dd3333a1b88df939e7399874252,JNU_INTRADAY_MOMREV_G1_V1
2014-02-20,1.0,263,186,88,-0.005582916985194024,-2.122782123647918e-05,110,77,37,36,36,18,0.016538504175683984,0.00045940289376899954,0,0,4815235850049766ca8156f26fc5816a1a1d9dd3333a1b88df939e7399874252,JNU_INTRADAY_MOMREV_G1_V1
2014-02-21,1.0,239,155,54,-0.019311703905931097,-8.080210839301714e-05,134,84,37,36,36,18,0.004747910927206733,0.0001318864146446315,0,0,4815235850049766ca8156f26fc5816a1a1d9dd3333a1b88df939e7399874252,JNU_INTRADAY_MOMREV_G1_V1
2014-02-24,1.0,292,235,102,-0.011488974701374268,-3.934580377182969e-05,81,57,37,36,36,20,-0.004562750669329839,-0.00012674307414805108,0,0,4815235850049766ca8156f26fc5816a1a1d9dd3333a1b88df939e7399874252,JNU_INTRADAY_MOMREV_G1_V1
2014-02-25,1.0,235,160,68,-0.011618664986998588,-4.944112760424931e-05,138,75,37,36,36,22,0.0006670395830675694,1.8528877307432484e-05,0,0,4815235850049766ca8156f26fc5816a1a1d9dd3333a1b88df939e7399874252,JNU_INTRADAY_MOMREV_G1_V1
2014-02-26,1.0,248,171,70,-0.016635840956388245,-6.708000385640421e-05,125,77,37,36,36,18,0.001008814558864692,2.802262663513033e-05,0,0,4815235850049766ca8156f26fc5816a1a1d9dd3333a1b88df939e7399874252,JNU_INTRADAY_MOMREV_G1_V1
2014-02-27,1.0,248,169,66,-0.019741022362623487,-7.96008966234818e-05,125,79,37,36,36,17,-0.0086824566584887,-0.00024117935162468608,0,0,4815235850049766ca8156f26fc5816a1a1d9dd3333a1b88df939e7399874252,JNU_INTRADAY_MOMREV_G1_V1
2014-02-28,1.0,259,178,72,-0.015103650628351957,-5.8315253391320296e-05,114,81,37,36,36,19,0.014120525671528734,0.0003922368242091315,0,0,4815235850049766ca8156f26fc5816a1a1d9dd3333a1b88df939e7399874252,JNU_INTRADAY_MOMREV_G1_V1
2014-03-03,1.0,258,181,87,0.0016903870596948335,6.551887828274548e-06,115,77,37,36,36,18,-0.008585102153596638,-0.00023847505982212884,0,0,4815235850049766ca8156f26fc5816a1a1d9dd3333a1b88df939e7399874252,JNU_INTRADAY_MOMREV_G1_V1
2014-03-04,1.0,228,142,69,0.006042134939281249,2.650059183895285e-05,145,86,37,35,34,18,0.017282194507989634,0.000493776985942561,1,1,4815235850049766ca8156f26fc5816a1a1d9dd3333a1b88df939e7399874252,JNU_INTRADAY_MOMREV_G1_V1
2014-03-05,1.0,223,147,56,-0.015046124937766336,-6.747141227697908e-05,150,76,37,36,36,15,-0.002350499533024228,-6.529165369511744e-05,0,0,4815235850049766ca8156f26fc5816a1a1d9dd3333a1b88df939e7399874252,JNU_INTRADAY_MOMREV_G1_V1
2014-03-06,1.0,249,167,68,-0.004691607580052821,-1.8841797510252293e-05,124,82,37,36,36,25,0.020962124321118904,0.0005822812311421918,0,0,4815235850049766ca8156f26fc5816a1a1d9dd3333a1b88df939e7399874252,JNU_INTRADAY_MOMREV_G1_V1
2014-03-07,1.0,234,150,62,-0.01311195839809412,-5.603401024826547e-05,139,84,37,36,36,20,0.0013172888389172365,3.6591356636589905e-05,0,0,4815235850049766ca8156f26fc5816a1a1d9dd3333a1b88df939e7399874252,JNU_INTRADAY_MOMREV_G1_V1
2014-03-10,1.0,247,163,65,-0.011230647409715577,-4.5468208136500316e-05,126,84,37,36,36,22,-0.0026364452652317726,-7.323459070088257e-05,0,0,4815235850049766ca8156f26fc5816a1a1d9dd3333a1b88df939e7399874252,JNU_INTRADAY_MOMREV_G1_V1
2014-03-11,1.0,237,154,67,-0.008547503952932266,-3.6065417522920955e-05,136,83,37,36,36,17,0.006561965903658365,0.0001822768306571768,0,0,4815235850049766ca8156f26fc5816a1a1d9dd3333a1b88df939e7399874252,JNU_INTRADAY_MOMREV_G1_V1
2014-03-12,1.0,246,168,71,-0.006036549804411956,-2.4538820343138032e-05,127,78,37,36,36,20,0.014438121826078128,0.0004010589396132813,0,0,4815235850049766ca8156f26fc5816a1a1d9dd3333a1b88df939e7399874252,JNU_INTRADAY_MOMREV_G1_V1
2014-03-13,1.0,243,164,82,0.006756678564918527,2.7805261584026862e-05,130,79,37,36,36,21,0.008410143870961952,0.00023361510752672088,0,0,4815235850049766ca8156f26fc5816a1a1d9dd3333a1b88df939e7399874252,JNU_INTRADAY_MOMREV_G1_V1
2014-03-14,1.0,261,190,83,-0.01434359166394206,-5.495628990016115e-05,112,71,37,36,36,16,-0.009104584830231814,-0.00025290513417310594,0,0,4815235850049766ca8156f26fc5816a1a1d9dd3333a1b88df939e7399874252,JNU_INTRADAY_MOMREV_G1_V1
2014-03-17,1.0,259,185,91,0.002803994371598298,1.0826233094974123e-05,114,74,37,36,36,18,0.002089629721877877,5.8045270052163246e-05,0,0,4815235850049766ca8156f26fc5816a1a1d9dd3333a1b88df939e7399874252,JNU_INTRADAY_MOMREV_G1_V1
2014-03-18,1.0,231,143,68,-0.005593895883674306,-2.4215999496425567e-05,142,88,37,36,36,18,0.0003446125072210225,9.572569645028402e-06,0,0,4815235850049766ca8156f26fc5816a1a1d9dd3333a1b88df939e7399874252,JNU_INTRADAY_MOMREV_G1_V1
2014-03-19,1.0,257,170,87,0.007860047454899812,3.058384223696425e-05,116,87,37,36,36,19,-0.0037267437997953795,-0.00010352066110542721,0,0,4815235850049766ca8156f26fc5816a1a1d9dd3333a1b88df939e7399874252,JNU_INTRADAY_MOMREV_G1_V1
2014-03-20,1.0,263,196,76,-0.03692512626012901,-0.0001403997196202624,110,67,37,36,36,18,-0.005146822673753394,-0.00014296729649314983,0,0,4815235850049766ca8156f26fc5816a1a1d9dd3333a1b88df939e7399874252,JNU_INTRADAY_MOMREV_G1_V1
2014-03-24,1.0,258,181,88,-0.009679199948715354,-3.751627887098974e-05,115,77,37,36,36,20,0.014953335567783513,0.0004153704324384309,0,0,4815235850049766ca8156f26fc5816a1a1d9dd3333a1b88df939e7399874252,JNU_INTRADAY_MOMREV_G1_V1
2014-03-25,1.0,226,142,64,-0.010089034612094473,-4.464174607121448e-05,147,84,37,36,36,16,-0.013616819613350973,-0.0003782449892597492,0,0,4815235850049766ca8156f26fc5816a1a1d9dd3333a1b88df939e7399874252,JNU_INTRADAY_MOMREV_G1_V1
2014-03-26,1.0,256,177,72,-0.015635884092911632,-6.107767223793606e-05,117,79,37,36,36,20,0.013246831342060648,0.0003679675372794624,0,0,4815235850049766ca8156f26fc5816a1a1d9dd3333a1b88df939e7399874252,JNU_INTRADAY_MOMREV_G1_V1
2014-03-27,1.0,264,195,81,0.0030590926191212666,1.158747204212601e-05,109,69,37,36,36,18,-0.013280883366158017,-0.00036891342683772273,0,0,4815235850049766ca8156f26fc5816a1a1d9dd3333a1b88df939e7399874252,JNU_INTRADAY_MOMREV_G1_V1
2014-03-28,1.0,241,159,65,-0.02014142311686282,-8.357436977951378e-05,132,82,37,36,36,20,0.003079360326283397,8.553778684120548e-05,0,0,4815235850049766ca8156f26fc5816a1a1d9dd3333a1b88df939e7399874252,JNU_INTRADAY_MOMREV_G1_V1
2014-03-31,1.0,219,131,46,-0.016568200201208243,-7.565388219729791e-05,154,88,37,36,36,20,0.0010057024203841542,2.7936178344004283e-05,0,0,4815235850049766ca8156f26fc5816a1a1d9dd3333a1b88df939e7399874252,JNU_INTRADAY_MOMREV_G1_V1
2014-04-01,1.0,251,177,65,-0.01955290436428328,-7.790001738758278e-05,122,74,37,36,36,18,0.006406110234824975,0.00017794750652291597,0,0,4815235850049766ca8156f26fc5816a1a1d9dd3333a1b88df939e7399874252,JNU_INTRADAY_MOMREV_G1_V1
2014-04-02,1.0,226,145,50,-0.019670796814683037,-8.70389239587745e-05,147,81,37,36,36,22,0.007341185906523043,0.0002039218307367512,0,0,4815235850049766ca8156f26fc5816a1a1d9dd3333a1b88df939e7399874252,JNU_INTRADAY_MOMREV_G1_V1
2014-04-03,1.0,232,146,49,-0.022179023325063878,-9.559923847010292e-05,141,86,37,36,36,14,-0.01225744826325356,-0.0003404846739792656,0,0,4815235850049766ca8156f26fc5816a1a1d9dd3333a1b88df939e7399874252,JNU_INTRADAY_MOMREV_G1_V1
2014-04-04,1.0,195,108,33,-0.017915437544446074,-9.187403868946704e-05,178,87,37,36,36,15,-0.005643927886011987,-0.00015677577461144408,0,0,4815235850049766ca8156f26fc5816a1a1d9dd3333a1b88df939e7399874252,JNU_INTRADAY_MOMREV_G1_V1
2014-04-07,1.0,238,153,58,-0.01583739472010279,-6.654367529454954e-05,135,85,37,36,36,19,-0.002693806136284369,-7.482794823012137e-05,0,0,4815235850049766ca8156f26fc5816a1a1d9dd3333a1b88df939e7399874252,JNU_INTRADAY_MOMREV_G1_V1
2014-04-08,1.0,252,174,71,-0.009582022388915187,-3.802389836871106e-05,121,78,37,36,36,14,-0.01941863933422382,-0.0005394066481728839,0,0,4815235850049766ca8156f26fc5816a1a1d9dd3333a1b88df939e7399874252,JNU_INTRADAY_MOMREV_G1_V1
2014-04-09,1.0,265,194,87,-0.0132385078140277,-4.995663326048188e-05,108,71,37,36,36,18,0.009741491477701564,0.0002705969854917101,0,0,4815235850049766ca8156f26fc5816a1a1d9dd3333a1b88df939e7399874252,JNU_INTRADAY_MOMREV_G1_V1
2014-04-10,1.0,254,176,75,-0.014692378906740652,-5.784401144386084e-05,119,78,37,36,36,18,0.002775313017171306,7.70920282547585e-05,0,0,4815235850049766ca8156f26fc5816a1a1d9dd3333a1b88df939e7399874252,JNU_INTRADAY_MOMREV_G1_V1
2014-04-11,1.0,251,172,77,-0.014367650788029818,-5.7241636605696485e-05,122,79,37,36,36,20,0.0010771151800479497,2.9919866112443046e-05,0,0,4815235850049766ca8156f26fc5816a1a1d9dd3333a1b88df939e7399874252,JNU_INTRADAY_MOMREV_G1_V1
2014-04-14,1.0,245,158,58,-0.013250879957551082,-5.408522431653503e-05,128,87,37,36,36,22,0.01325968166499331,0.0003683244906942586,0,0,4815235850049766ca8156f26fc5816a1a1d9dd3333a1b88df939e7399874252,JNU_INTRADAY_MOMREV_G1_V1
2014-04-15,1.0,228,142,56,-0.01817626867254109,-7.972047663395216e-05,145,86,37,36,36,21,0.006767731440007472,0.00018799254000020755,0,0,4815235850049766ca8156f26fc5816a1a1d9dd3333a1b88df939e7399874252,JNU_INTRADAY_MOMREV_G1_V1
2014-04-16,1.0,234,155,55,-0.01919755810158554,-8.204084658797238e-05,139,79,37,36,36,16,3.074034917579713e-05,8.538985882165869e-07,0,0,4815235850049766ca8156f26fc5816a1a1d9dd3333a1b88df939e7399874252,JNU_INTRADAY_MOMREV_G1_V1
2014-04-17,1.0,244,167,66,-0.014563036891240293,-5.9684577423115954e-05,129,77,37,36,36,22,0.00693456335819567,0.0001926267599498797,0,0,4815235850049766ca8156f26fc5816a1a1d9dd3333a1b88df939e7399874252,JNU_INTRADAY_MOMREV_G1_V1
2014-04-18,1.0,208,123,44,-0.016548996431528257,-7.956248284388585e-05,165,85,37,36,36,15,-0.0010232495827474678,-2.8423599520762995e-05,0,0,4815235850049766ca8156f26fc5816a1a1d9dd3333a1b88df939e7399874252,JNU_INTRADAY_MOMREV_G1_V1
2014-04-21,1.0,230,140,46,-0.020198939373593353,-8.78214755373624e-05,143,90,37,36,36,21,-1.591955599231006e-05,-4.422098886752795e-07,0,0,4815235850049766ca8156f26fc5816a1a1d9dd3333a1b88df939e7399874252,JNU_INTRADAY_MOMREV_G1_V1
2014-04-22,1.0,224,141,57,-0.010674537115232162,-4.765418355014358e-05,149,83,37,36,36,21,-0.007656237862821576,-0.000212673273967266,0,0,4815235850049766ca8156f26fc5816a1a1d9dd3333a1b88df939e7399874252,JNU_INTRADAY_MOMREV_G1_V1
2014-04-23,1.0,219,130,47,-0.01137355261922985,-5.193403022479383e-05,154,89,37,36,36,19,-0.0003297925681546044,-9.160904670961233e-06,0,0,4815235850049766ca8156f26fc5816a1a1d9dd3333a1b88df939e7399874252,JNU_INTRADAY_MOMREV_G1_V1
2014-04-24,1.0,227,148,52,-0.023104255349518373,-0.00010178086057056552,146,79,37,36,36,22,0.009008004287956327,0.0002502223413321202,0,0,4815235850049766ca8156f26fc5816a1a1d9dd3333a1b88df939e7399874252,JNU_INTRADAY_MOMREV_G1_V1
2014-04-25,1.0,229,147,65,-0.0037968384385653415,-1.658008051775258e-05,144,82,37,35,34,15,-0.015208847033912112,-0.0004345384866832032,1,1,4815235850049766ca8156f26fc5816a1a1d9dd3333a1b88df939e7399874252,JNU_INTRADAY_MOMREV_G1_V1
2014-04-28,1.0,216,127,44,-0.01750911549032641,-8.106071986262227e-05,157,89,37,36,36,24,0.007007097140495347,0.00019464158723598186,0,0,4815235850049766ca8156f26fc5816a1a1d9dd3333a1b88df939e7399874252,JNU_INTRADAY_MOMREV_G1_V1
2014-04-30,1.0,237,161,54,-0.017080881485650245,-7.207122989725841e-05,136,76,37,36,36,20,0.003524776958980957,9.791047108280436e-05,0,0,4815235850049766ca8156f26fc5816a1a1d9dd3333a1b88df939e7399874252,JNU_INTRADAY_MOMREV_G1_V1
2014-05-01,1.0,210,125,48,-0.010750459297928417,-5.119266332346865e-05,163,85,37,36,36,21,0.014887848436062627,0.0004135513454461841,0,0,4815235850049766ca8156f26fc5816a1a1d9dd3333a1b88df939e7399874252,JNU_INTRADAY_MOMREV_G1_V1
2014-05-02,1.0,194,111,30,-0.02561262902899578,-0.00013202386097420504,179,83,37,36,36,23,0.0020788756404329775,5.774654556758271e-05,0,0,4815235850049766ca8156f26fc5816a1a1d9dd3333a1b88df939e7399874252,JNU_INTRADAY_MOMREV_G1_V1
2014-05-07,1.0,230,141,53,-0.016849135194589762,-7.325710954169462e-05,143,89,37,36,36,17,-0.005978067771391554,-0.00016605743809420983,0,0,4815235850049766ca8156f26fc5816a1a1d9dd3333a1b88df939e7399874252,JNU_INTRADAY_MOMREV_G1_V1
2014-05-08,1.0,231,145,57,-0.01735825327831396,-7.514395358577471e-05,142,86,37,36,36,14,-0.009516044596633176,-0.00026433457212869936,0,0,4815235850049766ca8156f26fc5816a1a1d9dd3333a1b88df939e7399874252,JNU_INTRADAY_MOMREV_G1_V1
2014-05-09,1.0,242,164,65,-0.021430838027080328,-8.855718193008401e-05,131,78,37,36,36,22,0.009885821526211197,0.0002746061535058666,0,0,4815235850049766ca8156f26fc5816a1a1d9dd3333a1b88df939e7399874252,JNU_INTRADAY_MOMREV_G1_V1
2014-05-12,1.0,227,140,50,-0.01797489077873633,-7.918454087549044e-05,146,87,37,36,36,19,-0.004225842443245652,-0.0001173845123123792,0,0,4815235850049766ca8156f26fc5816a1a1d9dd3333a1b88df939e7399874252,JNU_INTRADAY_MOMREV_G1_V1
2014-05-13,1.0,211,126,43,-0.015254085596472846,-7.229424453304667e-05,162,85,37,36,36,21,0.0020815294652509,5.782026292363611e-05,0,0,4815235850049766ca8156f26fc5816a1a1d9dd3333a1b88df939e7399874252,JNU_INTRADAY_MOMREV_G1_V1
2014-05-14,1.0,187,95,24,-0.017019995790549827,-9.101602027031993e-05,186,92,37,36,36,24,0.013544750791701874,0.0003762430775472743,0,0,4815235850049766ca8156f26fc5816a1a1d9dd3333a1b88df939e7399874252,JNU_INTRADAY_MOMREV_G1_V1
2014-05-15,1.0,218,130,45,-0.017160331860171844,-7.87171186246415e-05,155,88,37,36,36,21,0.003507938187099057,9.744272741941826e-05,0,0,4815235850049766ca8156f26fc5816a1a1d9dd3333a1b88df939e7399874252,JNU_INTRADAY_MOMREV_G1_V1
2014-05-16,1.0,211,120,37,-0.017784925829882715,-8.428874800892282e-05,162,91,37,36,36,20,0.0007276811004144411,2.021336390040114e-05,0,0,4815235850049766ca8156f26fc5816a1a1d9dd3333a1b88df939e7399874252,JNU_INTRADAY_MOMREV_G1_V1
2014-05-19,1.0,222,150,53,-0.021637669317091927,-9.746697890581949e-05,151,72,37,36,36,15,0.005326004303142747,0.0001479445639761874,0,0,4815235850049766ca8156f26fc5816a1a1d9dd3333a1b88df939e7399874252,JNU_INTRADAY_MOMREV_G1_V1
2014-05-20,1.0,200,121,48,-0.013112396998693154,-6.556198499346577e-05,173,79,37,36,36,17,1.4979382349726512e-05,4.160939541590698e-07,0,0,4815235850049766ca8156f26fc5816a1a1d9dd3333a1b88df939e7399874252,JNU_INTRADAY_MOMREV_G1_V1
2014-05-21,1.0,221,143,53,-0.013560867317227294,-6.136139057568911e-05,152,78,37,36,36,20,0.00604934570634204,0.00016803738073172333,0,0,4815235850049766ca8156f26fc5816a1a1d9dd3333a1b88df939e7399874252,JNU_INTRADAY_MOMREV_G1_V1
2014-05-22,1.0,226,136,47,-0.018519944217980457,-8.194665583177194e-05,147,90,37,36,36,20,-0.0013976839804096814,-3.882455501138004e-05,0,0,4815235850049766ca8156f26fc5816a1a1d9dd3333a1b88df939e7399874252,JNU_INTRADAY_MOMREV_G1_V1
2014-05-23,1.0,211,130,44,-0.014842451855422333,-7.034337372238072e-05,162,81,37,36,36,13,-0.0048448648051877844,-0.0001345795779218829,0,0,4815235850049766ca8156f26fc5816a1a1d9dd3333a1b88df939e7399874252,JNU_INTRADAY_MOMREV_G1_V1
2014-05-26,1.0,189,106,22,-0.02266603290873404,-0.00011992610004621184,184,83,37,35,34,17,-0.0023981377247530387,-6.851822070722967e-05,1,1,4815235850049766ca8156f26fc5816a1a1d9dd3333a1b88df939e7399874252,JNU_INTRADAY_MOMREV_G1_V1
2014-05-27,1.0,204,120,40,-0.01425264294368262,-6.986589678275794e-05,169,84,37,36,36,15,-0.008510014281202967,-0.0002363892855889713,0,0,4815235850049766ca8156f26fc5816a1a1d9dd3333a1b88df939e7399874252,JNU_INTRADAY_MOMREV_G1_V1
2014-05-28,1.0,212,124,47,-0.014661677864736492,-6.915885785253062e-05,161,88,37,36,36,23,0.011238481191118924,0.0003121800330866368,0,0,4815235850049766ca8156f26fc5816a1a1d9dd3333a1b88df939e7399874252,JNU_INTRADAY_MOMREV_G1_V1
2014-05-29,1.0,219,131,45,-0.016376435232193055,-7.477824306937468e-05,154,88,37,36,36,19,0.007180079880873529,0.00019944666335759803,0,0,4815235850049766ca8156f26fc5816a1a1d9dd3333a1b88df939e7399874252,JNU_INTRADAY_MOMREV_G1_V1
2014-05-30,1.0,214,126,51,-0.00986585504379128,-4.610212637285645e-05,159,88,37,36,36,18,-0.0010260101062183995,-2.8500280728288873e-05,0,0,4815235850049766ca8156f26fc5816a1a1d9dd3333a1b88df939e7399874252,JNU_INTRADAY_MOMREV_G1_V1
2014-06-02,1.0,224,141,45,-0.018095866960863266,-8.078512036099673e-05,149,83,37,36,36,22,0.012088824690909074,0.0003358006858585854,0,0,4815235850049766ca8156f26fc5816a1a1d9dd3333a1b88df939e7399874252,JNU_INTRADAY_MOMREV_G1_V1
2014-06-03,1.0,207,113,45,-0.008292370316578259,-4.005975998346985e-05,166,94,37,36,36,16,0.001983083836573732,5.508566212704811e-05,0,0,4815235850049766ca8156f26fc5816a1a1d9dd3333a1b88df939e7399874252,JNU_INTRADAY_MOMREV_G1_V1
2014-06-04,1.0,194,112,41,-0.00764302302181136,-3.939702588562557e-05,179,82,37,36,36,22,0.00831112591318242,0.00023086460869951164,0,0,4815235850049766ca8156f26fc5816a1a1d9dd3333a1b88df939e7399874252,JNU_INTRADAY_MOMREV_G1_V1
2014-06-05,1.0,175,89,26,-0.015249264699356554,-8.713865542489459e-05,198,86,37,36,36,18,0.0023211362401484737,6.447600667079094e-05,0,0,4815235850049766ca8156f26fc5816a1a1d9dd3333a1b88df939e7399874252,JNU_INTRADAY_MOMREV_G1_V1
2014-06-06,1.0,188,108,28,-0.022215269919990597,-0.00011816632936165211,185,80,37,36,36,14,-0.0019897209658602255,-5.527002682945071e-05,0,0,4815235850049766ca8156f26fc5816a1a1d9dd3333a1b88df939e7399874252,JNU_INTRADAY_MOMREV_G1_V1
2014-06-09,1.0,184,99,24,-0.021760229106627352,-0.00011826211470993126,189,85,37,36,36,21,-0.00032900521643253124,-9.139033789792535e-06,0,0,4815235850049766ca8156f26fc5816a1a1d9dd3333a1b88df939e7399874252,JNU_INTRADAY_MOMREV_G1_V1
2014-06-10,1.0,211,135,49,-0.011945633520893137,-5.661437687627079e-05,162,76,37,36,36,17,-0.003262397243832443,-9.06221456620123e-05,0,0,4815235850049766ca8156f26fc5816a1a1d9dd3333a1b88df939e7399874252,JNU_INTRADAY_MOMREV_G1_V1
2014-06-11,1.0,184,96,24,-0.019618969691968555,-0.0001066248352824378,189,88,37,36,36,19,0.0016604135189201303,4.61225977477814e-05,0,0,4815235850049766ca8156f26fc5816a1a1d9dd3333a1b88df939e7399874252,JNU_INTRADAY_MOMREV_G1_V1
2014-06-12,1.0,212,131,49,-0.011019713855218452,-5.19797823359361e-05,161,81,37,36,36,20,-0.0003523759610305325,-9.788221139737014e-06,0,0,4815235850049766ca8156f26fc5816a1a1d9dd3333a1b88df939e7399874252,JNU_INTRADAY_MOMREV_G1_V1
2014-06-13,1.0,208,121,55,-0.002046641790137722,-9.83962399104674e-06,165,87,37,35,34,15,-0.00300467052119004,-8.584772917685829e-05,1,1,4815235850049766ca8156f26fc5816a1a1d9dd3333a1b88df939e7399874252,JNU_INTRADAY_MOMREV_G1_V1
2014-06-16,1.0,206,118,46,-0.009686627749771677,-4.7022464804716876e-05,167,88,37,35,34,15,-0.004029492145899693,-0.00011512834702570552,1,1,4815235850049766ca8156f26fc5816a1a1d9dd3333a1b88df939e7399874252,JNU_INTRADAY_MOMREV_G1_V1
2014-06-17,1.0,198,102,37,-0.00934068207662076,-4.717516200313515e-05,175,96,37,36,36,24,0.007006736289627556,0.00019463156360076544,0,0,4815235850049766ca8156f26fc5816a1a1d9dd3333a1b88df939e7399874252,JNU_INTRADAY_MOMREV_G1_V1
2014-06-18,1.0,185,97,31,-0.012953745095342918,-7.002024375861037e-05,188,88,37,36,36,17,0.0006512536808637368,1.8090380023992687e-05,0,0,4815235850049766ca8156f26fc5816a1a1d9dd3333a1b88df939e7399874252,JNU_INTRADAY_MOMREV_G1_V1
2014-06-19,1.0,236,155,63,-0.007483116759182184,-3.170812186094146e-05,137,81,37,36,36,12,-0.015068285161476586,-0.00041856347670768293,0,0,4815235850049766ca8156f26fc5816a1a1d9dd3333a1b88df939e7399874252,JNU_INTRADAY_MOMREV_G1_V1
2014-06-20,1.0,218,127,49,-0.01007018606999073,-4.619351408252629e-05,155,91,37,36,36,17,-0.002272769964606582,-6.313249901684951e-05,0,0,4815235850049766ca8156f26fc5816a1a1d9dd3333a1b88df939e7399874252,JNU_INTRADAY_MOMREV_G1_V1
2014-06-23,1.0,220,138,52,-0.015603783222143744,-7.092628737338066e-05,153,82,37,36,36,26,0.008782775185928644,0.00024396597738690677,0,0,4815235850049766ca8156f26fc5816a1a1d9dd3333a1b88df939e7399874252,JNU_INTRADAY_MOMREV_G1_V1
2014-06-24,1.0,207,116,38,-0.014359134887784756,-6.936780139026452e-05,166,91,37,36,36,25,0.004583343079872269,0.00012731508555200745,0,0,4815235850049766ca8156f26fc5816a1a1d9dd3333a1b88df939e7399874252,JNU_INTRADAY_MOMREV_G1_V1
2014-06-25,1.0,188,109,45,-0.009487880158026556,-5.046744764907742e-05,185,79,37,36,36,23,0.008169779343879958,0.0002269383151077766,0,0,4815235850049766ca8156f26fc5816a1a1d9dd3333a1b88df939e7399874252,JNU_INTRADAY_MOMREV_G1_V1
2014-06-26,1.0,202,123,42,-0.019595263946342444,-9.70062571601111e-05,171,79,37,35,34,19,0.00261395268949533,7.468436255700943e-05,1,1,4815235850049766ca8156f26fc5816a1a1d9dd3333a1b88df939e7399874252,JNU_INTRADAY_MOMREV_G1_V1
2014-06-27,1.0,207,118,58,0.0066591418232931745,3.216976726228587e-05,166,89,37,36,36,17,-0.005613679380366493,-0.0001559355383435137,0,0,4815235850049766ca8156f26fc5816a1a1d9dd3333a1b88df939e7399874252,JNU_INTRADAY_MOMREV_G1_V1
2014-06-30,1.0,215,122,50,-0.012909276203470783,-6.004314513242224e-05,158,93,37,36,36,20,0.0006521884511590943,1.8116345865530396e-05,0,0,4815235850049766ca8156f26fc5816a1a1d9dd3333a1b88df939e7399874252,JNU_INTRADAY_MOMREV_G1_V1
2014-07-01,1.0,201,113,40,-0.009745517583985334,-4.8485162109379774e-05,172,88,37,36,36,22,0.010141492136581833,0.0002817081149050509,0,0,4815235850049766ca8156f26fc5816a1a1d9dd3333a1b88df939e7399874252,JNU_INTRADAY_MOMREV_G1_V1
2014-07-02,1.0,203,115,35,-0.014613731748947237,-7.198882634949379e-05,170,88,37,36,36,22,0.00454493297124117,0.0001262481380900325,0,0,4815235850049766ca8156f26fc5816a1a1d9dd3333a1b88df939e7399874252,JNU_INTRADAY_MOMREV_G1_V1
2014-07-03,1.0,179,90,20,-0.01627860083531144,-9.094190410788514e-05,194,89,37,36,36,20,0.0029345091196984053,8.151414221384459e-05,0,0,4815235850049766ca8156f26fc5816a1a1d9dd3333a1b88df939e7399874252,JNU_INTRADAY_MOMREV_G1_V1
2014-07-04,1.0,183,100,24,-0.018770669021668015,-0.00010257196186703833,190,83,37,36,36,21,0.0051797761355073645,0.00014388267043076013,0,0,4815235850049766ca8156f26fc5816a1a1d9dd3333a1b88df939e7399874252,JNU_INTRADAY_MOMREV_G1_V1
2014-07-07,1.0,213,131,25,-0.027862681493529086,-0.00013081071123722575,160,82,37,36,36,18,0.000969451475701005,2.692920765836125e-05,0,0,4815235850049766ca8156f26fc5816a1a1d9dd3333a1b88df939e7399874252,JNU_INTRADAY_MOMREV_G1_V1
2014-07-08,1.0,204,113,52,-0.0022752334456183224,-1.1153105125580012e-05,169,91,37,36,36,19,0.001965397266060413,5.459436850167814e-05,0,0,4815235850049766ca8156f26fc5816a1a1d9dd3333a1b88df939e7399874252,JNU_INTRADAY_MOMREV_G1_V1
2014-07-09,1.0,220,132,47,-0.012455599493477841,-5.661636133399019e-05,153,88,37,36,36,21,0.00393657520404624,0.00010934931122350667,0,0,4815235850049766ca8156f26fc5816a1a1d9dd3333a1b88df939e7399874252,JNU_INTRADAY_MOMREV_G1_V1
2014-07-10,1.0,231,151,52,-0.01670175394927105,-7.230196514835952e-05,142,80,37,36,36,17,0.0013081445754992089,3.633734931942247e-05,0,0,4815235850049766ca8156f26fc5816a1a1d9dd3333a1b88df939e7399874252,JNU_INTRADAY_MOMREV_G1_V1
2014-07-11,1.0,221,132,48,-0.008560202548966729,-3.8733948185369816e-05,152,89,37,36,36,20,0.0013280821484781809,3.689117079106058e-05,0,0,4815235850049766ca8156f26fc5816a1a1d9dd3333a1b88df939e7399874252,JNU_INTRADAY_MOMREV_G1_V1
2014-07-14,1.0,191,112,29,-0.019021928918553255,-9.959125088247777e-05,182,79,37,35,34,24,0.01050061939114193,0.00030001769688976944,1,1,4815235850049766ca8156f26fc5816a1a1d9dd3333a1b88df939e7399874252,JNU_INTRADAY_MOMREV_G1_V1
2014-07-15,1.0,198,107,35,-0.00875472955985893,-4.421580585787338e-05,175,91,37,36,36,15,-0.005839103895970452,-0.00016219733044362368,0,0,4815235850049766ca8156f26fc5816a1a1d9dd3333a1b88df939e7399874252,JNU_INTRADAY_MOMREV_G1_V1
2014-07-16,1.0,182,94,26,-0.01559254679162226,-8.567333401990252e-05,191,88,37,35,34,19,0.0032506590973536823,9.287597421010521e-05,1,1,4815235850049766ca8156f26fc5816a1a1d9dd3333a1b88df939e7399874252,JNU_INTRADAY_MOMREV_G1_V1
2014-07-17,1.0,188,106,37,-0.010064592823259685,-5.3535068208828114e-05,185,82,37,35,34,17,0.002925082121902096,8.357377491148846e-05,1,1,4815235850049766ca8156f26fc5816a1a1d9dd3333a1b88df939e7399874252,JNU_INTRADAY_MOMREV_G1_V1
2014-07-18,1.0,198,116,38,-0.014498310717178137,-7.322379150089968e-05,175,82,37,36,36,25,0.006255054700233399,0.00017375151945092776,0,0,4815235850049766ca8156f26fc5816a1a1d9dd3333a1b88df939e7399874252,JNU_INTRADAY_MOMREV_G1_V1
2014-07-22,1.0,183,94,30,-0.01074684069240346,-5.8725905422969724e-05,190,89,37,36,36,22,0.003587382912802861,9.964952535563503e-05,0,0,4815235850049766ca8156f26fc5816a1a1d9dd3333a1b88df939e7399874252,JNU_INTRADAY_MOMREV_G1_V1
2014-07-23,1.0,159,65,17,-0.009777190396307922,-6.149176349879196e-05,214,94,37,36,36,20,0.004233627006526339,0.00011760075018128719,0,0,4815235850049766ca8156f26fc5816a1a1d9dd3333a1b88df939e7399874252,JNU_INTRADAY_MOMREV_G1_V1
2014-07-24,1.0,182,101,28,-0.01898262879402955,-0.00010430015820895356,191,81,37,36,36,22,0.002606021224411995,7.238947845588875e-05,0,0,4815235850049766ca8156f26fc5816a1a1d9dd3333a1b88df939e7399874252,JNU_INTRADAY_MOMREV_G1_V1
2014-07-25,1.0,159,80,20,-0.014952116260763045,-9.403846704882419e-05,214,79,37,35,34,19,0.001951763941421149,5.5764684040604253e-05,1,1,4815235850049766ca8156f26fc5816a1a1d9dd3333a1b88df939e7399874252,JNU_INTRADAY_MOMREV_G1_V1
2014-07-28,1.0,192,104,31,-0.01580275327317525,-8.230600663112109e-05,181,88,37,36,36,23,0.0028985995145456955,8.051665318182487e-05,0,0,4815235850049766ca8156f26fc5816a1a1d9dd3333a1b88df939e7399874252,JNU_INTRADAY_MOMREV_G1_V1
2014-07-29,1.0,186,104,29,-0.01570263454305906,-8.442276636053258e-05,187,82,37,36,36,24,0.0054427221335456005,0.00015118672593182223,0,0,4815235850049766ca8156f26fc5816a1a1d9dd3333a1b88df939e7399874252,JNU_INTRADAY_MOMREV_G1_V1
2014-07-30,1.0,157,63,15,-0.013035841775162484,-8.303083933224511e-05,216,94,37,35,34,16,-0.0006428587249664856,-1.836739214189959e-05,1,1,4815235850049766ca8156f26fc5816a1a1d9dd3333a1b88df939e7399874252,JNU_INTRADAY_MOMREV_G1_V1
2014-07-31,1.0,173,93,34,-0.008597113320659072,-4.969429665120851e-05,200,80,37,36,36,22,0.0057164509056664686,0.00015879030293517967,0,0,4815235850049766ca8156f26fc5816a1a1d9dd3333a1b88df939e7399874252,JNU_INTRADAY_MOMREV_G1_V1
2014-08-01,1.0,196,108,32,-0.017422250475040098,-8.888903303591887e-05,177,88,37,36,36,22,0.005466822945309484,0.00015185619292526346,0,0,4815235850049766ca8156f26fc5816a1a1d9dd3333a1b88df939e7399874252,JNU_INTRADAY_MOMREV_G1_V1
2014-08-04,1.0,200,116,35,-0.017097279131653462,-8.548639565826731e-05,173,84,37,35,34,18,0.0009655149350537058,2.758614100153445e-05,1,1,4815235850049766ca8156f26fc5816a1a1d9dd3333a1b88df939e7399874252,JNU_INTRADAY_MOMREV_G1_V1
2014-08-05,1.0,213,130,45,-0.013245220307133446,-6.218413289734012e-05,160,83,37,36,36,13,-0.0074518055852310135,-0.00020699459958975039,0,0,4815235850049766ca8156f26fc5816a1a1d9dd3333a1b88df939e7399874252,JNU_INTRADAY_MOMREV_G1_V1
2014-08-06,1.0,226,137,42,-0.029336479946746815,-0.00012980743339268503,147,89,37,36,36,18,0.0004646394854025984,1.29066523722944e-05,0,0,4815235850049766ca8156f26fc5816a1a1d9dd3333a1b88df939e7399874252,JNU_INTRADAY_MOMREV_G1_V1
2014-08-07,1.0,234,151,68,0.0027381348117783383,1.1701430819565547e-05,139,83,37,36,36,16,-0.005274393164038703,-0.0001465109212232973,0,0,4815235850049766ca8156f26fc5816a1a1d9dd3333a1b88df939e7399874252,JNU_INTRADAY_MOMREV_G1_V1
2014-08-08,1.0,278,211,99,-0.004282088586226789,-1.5403196353333774e-05,95,67,37,36,36,20,0.0026517569358817427,7.365991488560397e-05,0,0,4815235850049766ca8156f26fc5816a1a1d9dd3333a1b88df939e7399874252,JNU_INTRADAY_MOMREV_G1_V1
2014-08-11,1.0,238,152,56,-0.013257635291491657,-5.570434996425066e-05,135,86,37,36,36,21,-0.0026786281942532417,-7.440633872925671e-05,0,0,4815235850049766ca8156f26fc5816a1a1d9dd3333a1b88df939e7399874252,JNU_INTRADAY_MOMREV_G1_V1
2014-08-12,1.0,206,116,43,-0.009559410355031295,-4.6404904636074246e-05,167,90,37,36,36,17,-0.006593164279116218,-0.00018314345219767273,0,0,4815235850049766ca8156f26fc5816a1a1d9dd3333a1b88df939e7399874252,JNU_INTRADAY_MOMREV_G1_V1
2014-08-13,1.0,200,108,37,-0.013498702290523901,-6.749351145261951e-05,173,92,37,36,36,22,0.0049368484323405746,0.00013713467867612706,0,0,4815235850049766ca8156f26fc5816a1a1d9dd3333a1b88df939e7399874252,JNU_INTRADAY_MOMREV_G1_V1
2014-08-14,1.0,201,115,32,-0.02155328102752772,-0.00010723025386829711,172,86,37,36,36,20,0.0022847549471138066,6.346541519760574e-05,0,0,4815235850049766ca8156f26fc5816a1a1d9dd3333a1b88df939e7399874252,JNU_INTRADAY_MOMREV_G1_V1
2014-08-15,1.0,158,76,15,-0.017975629886408696,-0.00011376980940764998,215,82,37,36,36,23,0.0032691492936857843,9.08097026023829e-05,0,0,4815235850049766ca8156f26fc5816a1a1d9dd3333a1b88df939e7399874252,JNU_INTRADAY_MOMREV_G1_V1
2014-08-18,1.0,180,92,21,-0.019907505266895175,-0.00011059725148275098,193,88,37,36,36,17,0.0013052697625644855,3.625749340456904e-05,0,0,4815235850049766ca8156f26fc5816a1a1d9dd3333a1b88df939e7399874252,JNU_INTRADAY_MOMREV_G1_V1
2014-08-19,1.0,175,85,19,-0.016502083522650306,-9.429762012943032e-05,198,90,37,36,36,19,0.007119324044129676,0.00019775900122582433,0,0,4815235850049766ca8156f26fc5816a1a1d9dd3333a1b88df939e7399874252,JNU_INTRADAY_MOMREV_G1_V1
2014-08-20,1.0,180,87,26,-0.015201311816643423,-8.445173231468568e-05,193,93,37,36,36,17,0.004852014774988988,0.00013477818819413855,0,0,4815235850049766ca8156f26fc5816a1a1d9dd3333a1b88df939e7399874252,JNU_INTRADAY_MOMREV_G1_V1
2014-08-21,1.0,186,92,19,-0.02216901916442536,-0.0001191882750775557,187,94,37,36,36,27,0.011880852425467683,0.0003300236784852134,0,0,4815235850049766ca8156f26fc5816a1a1d9dd3333a1b88df939e7399874252,JNU_INTRADAY_MOMREV_G1_V1
2014-08-22,1.0,172,77,20,-0.017651578318173367,-0.00010262545533821725,201,95,37,36,36,15,-0.0009639615053682819,-2.6776708482452273e-05,0,0,4815235850049766ca8156f26fc5816a1a1d9dd3333a1b88df939e7399874252,JNU_INTRADAY_MOMREV_G1_V1
2014-08-25,1.0,183,97,24,-0.018281538248660047,-9.989911611289644e-05,190,86,37,36,36,21,0.006099168930519653,0.00016942135918110148,0,0,4815235850049766ca8156f26fc5816a1a1d9dd3333a1b88df939e7399874252,JNU_INTRADAY_MOMREV_G1_V1
2014-08-26,1.0,190,95,24,-0.01736596793494286,-9.139983123654136e-05,183,95,37,36,36,19,0.0009744065841619151,2.7066849560053194e-05,0,0,4815235850049766ca8156f26fc5816a1a1d9dd3333a1b88df939e7399874252,JNU_INTRADAY_MOMREV_G1_V1
2014-08-27,1.0,208,128,36,-0.02254601973949988,-0.0001083943256706725,165,80,37,36,36,23,4.787075298687336e-06,1.3297431385242601e-07,0,0,4815235850049766ca8156f26fc5816a1a1d9dd3333a1b88df939e7399874252,JNU_INTRADAY_MOMREV_G1_V1
2014-08-28,1.0,189,100,28,-0.016824608094696516,-8.901909044812971e-05,184,89,37,36,36,19,0.002912046242711142,8.089017340864284e-05,0,0,4815235850049766ca8156f26fc5816a1a1d9dd3333a1b88df939e7399874252,JNU_INTRADAY_MOMREV_G1_V1
2014-08-29,1.0,190,111,33,-0.016880419332717223,-8.884431227745906e-05,183,79,37,36,36,20,0.0035682232028173364,9.911731118937046e-05,0,0,4815235850049766ca8156f26fc5816a1a1d9dd3333a1b88df939e7399874252,JNU_INTRADAY_MOMREV_G1_V1
2014-09-01,1.0,161,83,13,-0.019723785933386608,-0.00012250798716389197,212,78,37,35,34,16,0.0035563659143583093,0.00010161045469595169,1,1,4815235850049766ca8156f26fc5816a1a1d9dd3333a1b88df939e7399874252,JNU_INTRADAY_MOMREV_G1_V1
2014-09-02,1.0,198,113,31,-0.021677347430421053,-0.0001094815526788942,175,85,37,36,36,17,-0.003830221597313893,-0.00010639504436983036,0,0,4815235850049766ca8156f26fc5816a1a1d9dd3333a1b88df939e7399874252,JNU_INTRADAY_MOMREV_G1_V1
2014-09-03,1.0,191,102,36,-0.012660029226261481,-6.628287553016482e-05,182,89,37,36,36,16,-0.0031874673743802076,-8.854076039945021e-05,0,0,4815235850049766ca8156f26fc5816a1a1d9dd3333a1b88df939e7399874252,JNU_INTRADAY_MOMREV_G1_V1
2014-09-04,1.0,202,117,47,-0.009873789360248828,-4.8880145347766476e-05,171,85,37,36,36,24,0.005420966614771038,0.00015058240596586218,0,0,4815235850049766ca8156f26fc5816a1a1d9dd3333a1b88df939e7399874252,JNU_INTRADAY_MOMREV_G1_V1
2014-09-05,1.0,212,131,47,-0.01654800206598848,-7.805661351881359e-05,161,81,37,36,36,18,-0.0044564875179573795,-0.00012379131994326055,0,0,4815235850049766ca8156f26fc5816a1a1d9dd3333a1b88df939e7399874252,JNU_INTRADAY_MOMREV_G1_V1
2014-09-08,1.0,181,89,27,-0.01625336960768508,-8.979762214190652e-05,192,92,37,36,36,24,0.006054965747400993,0.00016819349298336091,0,0,4815235850049766ca8156f26fc5816a1a1d9dd3333a1b88df939e7399874252,JNU_INTRADAY_MOMREV_G1_V1
2014-09-09,1.0,190,104,26,-0.017121328452342693,-9.011225501232996e-05,183,86,37,36,36,20,-0.0015892627201636996,-4.414618667121388e-05,0,0,4815235850049766ca8156f26fc5816a1a1d9dd3333a1b88df939e7399874252,JNU_INTRADAY_MOMREV_G1_V1
2014-09-10,1.0,195,110,29,-0.020990926975541436,-0.00010764577936175095,178,85,37,36,36,19,0.006685893934588972,0.0001857192759608048,0,0,4815235850049766ca8156f26fc5816a1a1d9dd3333a1b88df939e7399874252,JNU_INTRADAY_MOMREV_G1_V1
2014-09-11,1.0,201,114,26,-0.020778800223041752,-0.00010337711553752116,172,87,37,36,36,21,0.001888673639178508,5.2463156643847445e-05,0,0,4815235850049766ca8156f26fc5816a1a1d9dd3333a1b88df939e7399874252,JNU_INTRADAY_MOMREV_G1_V1
2014-09-12,1.0,199,104,34,-0.011018037406700092,-5.536702214422156e-05,174,95,37,36,36,17,-0.0025195887987288874,-6.99885777424691e-05,0,0,4815235850049766ca8156f26fc5816a1a1d9dd3333a1b88df939e7399874252,JNU_INTRADAY_MOMREV_G1_V1
2014-09-16,1.0,187,104,28,-0.0237097632394193,-0.00012679017775090533,186,83,37,35,34,16,0.0003154057139386588,9.011591826818822e-06,1,1,4815235850049766ca8156f26fc5816a1a1d9dd3333a1b88df939e7399874252,JNU_INTRADAY_MOMREV_G1_V1
2014-09-17,1.0,187,101,25,-0.018930464965438012,-0.00010123243297025674,186,86,37,35,34,19,0.0069444548058740525,0.00019841299445354436,1,1,4815235850049766ca8156f26fc5816a1a1d9dd3333a1b88df939e7399874252,JNU_INTRADAY_MOMREV_G1_V1
2014-09-18,1.0,175,88,22,-0.015645488392980418,-8.940279081703096e-05,198,87,37,36,36,24,0.0065742224720225124,0.00018261729088951423,0,0,4815235850049766ca8156f26fc5816a1a1d9dd3333a1b88df939e7399874252,JNU_INTRADAY_MOMREV_G1_V1
2014-09-19,1.0,204,111,46,-0.00803696289701038,-3.939687694612932e-05,169,93,37,36,36,19,-0.002783936624787465,-7.733157291076292e-05,0,0,4815235850049766ca8156f26fc5816a1a1d9dd3333a1b88df939e7399874252,JNU_INTRADAY_MOMREV_G1_V1
2014-09-22,1.0,186,90,30,-0.01239957601341596,-6.666438716890301e-05,187,96,37,36,36,17,-0.0024733222483508434,-6.870339578752342e-05,0,0,4815235850049766ca8156f26fc5816a1a1d9dd3333a1b88df939e7399874252,JNU_INTRADAY_MOMREV_G1_V1
2014-09-24,1.0,218,130,43,-0.014923764471746148,-6.845763519149609e-05,155,88,37,36,36,18,-0.0027961439575682917,-7.76706654880081e-05,0,0,4815235850049766ca8156f26fc5816a1a1d9dd3333a1b88df939e7399874252,JNU_INTRADAY_MOMREV_G1_V1
2014-09-25,1.0,168,77,22,-0.010144627687429852,-6.038468861565388e-05,205,91,37,36,36,15,-0.002766346830902533,-7.684296752507035e-05,0,0,4815235850049766ca8156f26fc5816a1a1d9dd3333a1b88df939e7399874252,JNU_INTRADAY_MOMREV_G1_V1
2014-09-26,1.0,210,116,37,-0.012341619579997617,-5.8769617047607704e-05,163,94,37,36,36,16,-0.0021616858771742148,-6.004682992150596e-05,0,0,4815235850049766ca8156f26fc5816a1a1d9dd3333a1b88df939e7399874252,JNU_INTRADAY_MOMREV_G1_V1
2014-09-29,1.0,194,115,44,-0.011640942224594712,-6.00048568278078e-05,179,79,37,35,34,21,0.0012264309500935437,3.5040884288386964e-05,1,1,4815235850049766ca8156f26fc5816a1a1d9dd3333a1b88df939e7399874252,JNU_INTRADAY_MOMREV_G1_V1
2014-09-30,1.0,217,133,57,-0.006498257785595992,-2.9945888412884758e-05,156,84,37,36,36,23,0.004338869599315572,0.00012052415553654367,0,0,4815235850049766ca8156f26fc5816a1a1d9dd3333a1b88df939e7399874252,JNU_INTRADAY_MOMREV_G1_V1
2014-10-01,1.0,212,135,53,-0.011452218398800893,-5.401989810755139e-05,161,77,37,36,36,17,-0.0009273020293095308,-2.575838970304252e-05,0,0,4815235850049766ca8156f26fc5816a1a1d9dd3333a1b88df939e7399874252,JNU_INTRADAY_MOMREV_G1_V1
2014-10-02,1.0,238,155,78,0.007950263190855317,3.3404467188467716e-05,135,83,37,36,36,15,0.0009238078067951938,2.566132796653316e-05,0,0,4815235850049766ca8156f26fc5816a1a1d9dd3333a1b88df939e7399874252,JNU_INTRADAY_MOMREV_G1_V1
2014-10-03,1.0,260,180,85,-0.0006715403877340619,-2.582847645131007e-06,113,80,37,36,36,18,-0.008291834581920447,-0.00023032873838667908,0,0,4815235850049766ca8156f26fc5816a1a1d9dd3333a1b88df939e7399874252,JNU_INTRADAY_MOMREV_G1_V1
2014-10-06,1.0,222,132,54,-0.007218630026656946,-3.2516351471427685e-05,151,90,37,36,36,21,0.005015443045829467,0.00013931786238415185,0,0,4815235850049766ca8156f26fc5816a1a1d9dd3333a1b88df939e7399874252,JNU_INTRADAY_MOMREV_G1_V1
2014-10-07,1.0,217,134,53,-0.009439432335676474,-4.349968818284089e-05,156,83,37,36,36,22,0.003765297904996123,0.00010459160847211453,0,0,4815235850049766ca8156f26fc5816a1a1d9dd3333a1b88df939e7399874252,JNU_INTRADAY_MOMREV_G1_V1
2014-10-08,1.0,243,175,68,-0.015721254371988312,-6.469652004933462e-05,130,68,37,36,36,25,0.016687168496121608,0.0004635324582256002,0,0,4815235850049766ca8156f26fc5816a1a1d9dd3333a1b88df939e7399874252,JNU_INTRADAY_MOMREV_G1_V1
2014-10-09,1.0,261,179,75,-0.00976047707016122,-3.739646387034951e-05,112,82,37,36,36,18,-0.003226754830702743,-8.963207863063175e-05,0,0,4815235850049766ca8156f26fc5816a1a1d9dd3333a1b88df939e7399874252,JNU_INTRADAY_MOMREV_G1_V1
2014-10-10,1.0,244,164,69,-0.002943545797877859,-1.2063712286384667e-05,129,80,37,36,36,17,-0.007514694123210545,-0.00020874150342251513,0,0,4815235850049766ca8156f26fc5816a1a1d9dd3333a1b88df939e7399874252,JNU_INTRADAY_MOMREV_G1_V1
2014-10-14,1.0,246,165,67,-0.021620137103590155,-8.788673619345592e-05,127,81,37,36,36,16,-0.004624725712469015,-0.0001284646031241393,0,0,4815235850049766ca8156f26fc5816a1a1d9dd3333a1b88df939e7399874252,JNU_INTRADAY_MOMREV_G1_V1
2014-10-15,1.0,259,182,77,-0.010031879284406691,-3.873312465021889e-05,114,77,37,36,36,18,0.009666137126274395,0.00026850380906317763,0,0,4815235850049766ca8156f26fc5816a1a1d9dd3333a1b88df939e7399874252,JNU_INTRADAY_MOMREV_G1_V1
2014-10-16,1.0,264,184,68,-0.023061776825804396,-8.735521524925907e-05,109,80,37,36,36,14,-0.0030512356799448533,-8.475654666513482e-05,0,0,4815235850049766ca8156f26fc5816a1a1d9dd3333a1b88df939e7399874252,JNU_INTRADAY_MOMREV_G1_V1
2014-10-17,1.0,276,207,99,-0.0017576488778093117,-6.368293035540985e-06,97,69,37,36,36,28,0.025609340627390835,0.0007113705729830787,0,0,4815235850049766ca8156f26fc5816a1a1d9dd3333a1b88df939e7399874252,JNU_INTRADAY_MOMREV_G1_V1
2014-10-20,1.0,220,134,52,-0.01132650996344343,-5.1484136197470135e-05,153,86,37,36,36,16,0.003978896539027943,0.0001105249038618873,0,0,4815235850049766ca8156f26fc5816a1a1d9dd3333a1b88df939e7399874252,JNU_INTRADAY_MOMREV_G1_V1
2014-10-21,1.0,257,181,73,-0.02517403792237631,-9.795345495088059e-05,116,76,37,36,36,22,0.013391497540973778,0.00037198604280482716,0,0,4815235850049766ca8156f26fc5816a1a1d9dd3333a1b88df939e7399874252,JNU_INTRADAY_MOMREV_G1_V1
2014-10-22,1.0,249,167,69,-0.010598907101885055,-4.256589197544199e-05,124,82,37,36,36,21,0.0066096512213576035,0.00018360142281548898,0,0,4815235850049766ca8156f26fc5816a1a1d9dd3333a1b88df939e7399874252,JNU_INTRADAY_MOMREV_G1_V1
2014-10-23,1.0,244,163,70,-0.0062875264509212455,-2.576855102836576e-05,129,81,37,36,36,25,0.0023370127578466395,6.491702105129554e-05,0,0,4815235850049766ca8156f26fc5816a1a1d9dd3333a1b88df939e7399874252,JNU_INTRADAY_MOMREV_G1_V1
2014-10-24,1.0,235,153,56,-0.02421043348355018,-0.00010302312120659651,138,82,37,36,36,13,-0.011438002034839918,-0.00031772227874555327,0,0,4815235850049766ca8156f26fc5816a1a1d9dd3333a1b88df939e7399874252,JNU_INTRADAY_MOMREV_G1_V1
2014-10-27,1.0,200,121,45,-0.014313730397808288,-7.156865198904144e-05,173,79,37,35,34,18,-0.0006539010627963663,-1.8682887508467608e-05,1,1,4815235850049766ca8156f26fc5816a1a1d9dd3333a1b88df939e7399874252,JNU_INTRADAY_MOMREV_G1_V1
2014-10-28,1.0,210,121,42,-0.016645565616682442,-7.92645981746783e-05,163,89,37,36,36,19,-0.0029541108692285032,-8.205863525634731e-05,0,0,4815235850049766ca8156f26fc5816a1a1d9dd3333a1b88df939e7399874252,JNU_INTRADAY_MOMREV_G1_V1
2014-10-29,1.0,224,135,39,-0.02478583979850628,-0.00011065107052904588,149,89,37,36,36,19,0.006786274043870111,0.0001885076123297253,0,0,4815235850049766ca8156f26fc5816a1a1d9dd3333a1b88df939e7399874252,JNU_INTRADAY_MOMREV_G1_V1
2014-10-30,1.0,205,121,36,-0.019149149845210753,-9.341048704980855e-05,168,84,37,36,36,23,0.002231483231859755,6.198564532943764e-05,0,0,4815235850049766ca8156f26fc5816a1a1d9dd3333a1b88df939e7399874252,JNU_INTRADAY_MOMREV_G1_V1
2014-10-31,1.0,253,184,81,0.02307788250943771,9.121692691477356e-05,120,69,37,36,36,18,-0.0015662853026644158,-4.350792507401155e-05,0,0,4815235850049766ca8156f26fc5816a1a1d9dd3333a1b88df939e7399874252,JNU_INTRADAY_MOMREV_G1_V1
2014-11-04,1.0,275,202,102,0.0032146779502134804,1.1689738000776292e-05,98,73,37,36,36,18,-0.0159200377456392,-0.00044222327071220005,0,0,4815235850049766ca8156f26fc5816a1a1d9dd3333a1b88df939e7399874252,JNU_INTRADAY_MOMREV_G1_V1
2014-11-05,1.0,270,201,87,-0.009830891695650313,-3.641070998389005e-05,103,69,37,36,36,19,-0.0035347923897750036,-9.81886774937501e-05,0,0,4815235850049766ca8156f26fc5816a1a1d9dd3333a1b88df939e7399874252,JNU_INTRADAY_MOMREV_G1_V1
2014-11-06,1.0,278,214,90,-0.01844930245418063,-6.636439731719652e-05,95,64,37,36,36,23,0.0014812106103129588,4.114473917535996e-05,0,0,4815235850049766ca8156f26fc5816a1a1d9dd3333a1b88df939e7399874252,JNU_INTRADAY_MOMREV_G1_V1
2014-11-07,1.0,258,187,74,-0.015098273670893078,-5.852044058485689e-05,115,71,37,36,36,21,-0.0014728455309812281,-4.091237586058967e-05,0,0,4815235850049766ca8156f26fc5816a1a1d9dd3333a1b88df939e7399874252,JNU_INTRADAY_MOMREV_G1_V1
2014-11-10,1.0,243,166,56,-0.020570011048742478,-8.465025122939292e-05,130,77,37,36,36,20,0.0035708021856695883,9.9188949601933e-05,0,0,4815235850049766ca8156f26fc5816a1a1d9dd3333a1b88df939e7399874252,JNU_INTRADAY_MOMREV_G1_V1
2014-11-11,1.0,233,147,61,-0.006500976323021893,-2.790118593571628e-05,140,86,37,36,36,15,-0.009927932711372078,-0.0002757759086492244,0,0,4815235850049766ca8156f26fc5816a1a1d9dd3333a1b88df939e7399874252,JNU_INTRADAY_MOMREV_G1_V1
2014-11-12,1.0,273,210,81,-0.009167832238918918,-3.358180307296307e-05,100,63,37,36,36,15,-0.01617939367614294,-0.00044942760211508166,0,0,4815235850049766ca8156f26fc5816a1a1d9dd3333a1b88df939e7399874252,JNU_INTRADAY_MOMREV_G1_V1
2014-11-13,1.0,235,148,65,-0.00808686589504466,-3.4412195298062385e-05,138,87,37,36,36,17,-0.010741451572526293,-0.000298373654792397,0,0,4815235850049766ca8156f26fc5816a1a1d9dd3333a1b88df939e7399874252,JNU_INTRADAY_MOMREV_G1_V1
2014-11-14,1.0,272,194,84,-0.01584001882498158,-5.8235363327138165e-05,101,78,37,36,36,18,0.008052080338901549,0.0002236688983028208,0,0,4815235850049766ca8156f26fc5816a1a1d9dd3333a1b88df939e7399874252,JNU_INTRADAY_MOMREV_G1_V1
2014-11-17,1.0,292,225,92,-0.020724494515290987,-7.09742962852431e-05,81,67,37,36,36,15,-0.01439488708618518,-0.00039985797461625504,0,0,4815235850049766ca8156f26fc5816a1a1d9dd3333a1b88df939e7399874252,JNU_INTRADAY_MOMREV_G1_V1
2014-11-18,1.0,243,155,68,-0.011279722580457738,-4.6418611442212916e-05,130,88,37,36,36,19,0.0037484083025108392,0.00010412245284752332,0,0,4815235850049766ca8156f26fc5816a1a1d9dd3333a1b88df939e7399874252,JNU_INTRADAY_MOMREV_G1_V1
2014-11-19,1.0,264,191,91,0.006066202243718902,2.297803880196554e-05,109,73,37,36,36,22,0.004304918827447508,0.00011958107854020855,0,0,4815235850049766ca8156f26fc5816a1a1d9dd3333a1b88df939e7399874252,JNU_INTRADAY_MOMREV_G1_V1
2014-11-20,1.0,237,153,64,-0.008940751122938219,-3.7724688282439743e-05,136,84,37,36,36,19,0.004038660629126662,0.0001121850174757406,0,0,4815235850049766ca8156f26fc5816a1a1d9dd3333a1b88df939e7399874252,JNU_INTRADAY_MOMREV_G1_V1
2014-11-21,1.0,272,207,78,-0.02350769536602662,-8.642535061039198e-05,101,65,37,36,36,18,-0.0014429350286803801,-4.0081528574455e-05,0,0,4815235850049766ca8156f26fc5816a1a1d9dd3333a1b88df939e7399874252,JNU_INTRADAY_MOMREV_G1_V1
2014-11-25,1.0,231,150,50,-0.019501457604319174,-8.442189439099209e-05,142,81,37,36,36,19,0.0008613646207829657,2.3926795021749047e-05,0,0,4815235850049766ca8156f26fc5816a1a1d9dd3333a1b88df939e7399874252,JNU_INTRADAY_MOMREV_G1_V1
2014-11-26,1.0,204,119,37,-0.01696650138324695,-8.316912442768113e-05,169,85,37,36,36,20,2.314918221214292e-06,6.430328392261923e-08,0,0,4815235850049766ca8156f26fc5816a1a1d9dd3333a1b88df939e7399874252,JNU_INTRADAY_MOMREV_G1_V1
2014-11-27,1.0,220,131,40,-0.01674438510553577,-7.611084138879897e-05,153,89,37,36,36,23,0.002003455552030203,5.5651543111950086e-05,0,0,4815235850049766ca8156f26fc5816a1a1d9dd3333a1b88df939e7399874252,JNU_INTRADAY_MOMREV_G1_V1
2014-11-28,1.0,226,136,47,-0.012050914865847369,-5.332263214976712e-05,147,90,37,36,36,22,0.0020034609698652097,5.5651693607366935e-05,0,0,4815235850049766ca8156f26fc5816a1a1d9dd3333a1b88df939e7399874252,JNU_INTRADAY_MOMREV_G1_V1
2014-12-01,1.0,210,122,45,-0.005095405640694999,-2.42638363842619e-05,163,88,37,36,36,17,-0.007409010025883502,-0.0002058058340523195,0,0,4815235850049766ca8156f26fc5816a1a1d9dd3333a1b88df939e7399874252,JNU_INTRADAY_MOMREV_G1_V1
2014-12-02,1.0,226,149,62,-0.006534370042529826,-2.8913141781105427e-05,147,77,37,36,36,20,-0.00028909270883086067,-8.030353023079462e-06,0,0,4815235850049766ca8156f26fc5816a1a1d9dd3333a1b88df939e7399874252,JNU_INTRADAY_MOMREV_G1_V1
2014-12-03,1.0,234,157,65,-0.010124829620789427,-4.326850265294627e-05,139,77,37,36,36,23,0.010105158454218199,0.0002806988459505055,0,0,4815235850049766ca8156f26fc5816a1a1d9dd3333a1b88df939e7399874252,JNU_INTRADAY_MOMREV_G1_V1
2014-12-04,1.0,216,137,53,-0.008392255517432601,-3.885303480292871e-05,157,79,37,36,36,17,-0.0041942771510360055,-0.00011650769863988904,0,0,4815235850049766ca8156f26fc5816a1a1d9dd3333a1b88df939e7399874252,JNU_INTRADAY_MOMREV_G1_V1
2014-12-05,1.0,205,118,48,-0.006164247945337882,-3.0069502172379912e-05,168,87,37,36,36,17,0.0005609907469188261,1.5583076303300724e-05,0,0,4815235850049766ca8156f26fc5816a1a1d9dd3333a1b88df939e7399874252,JNU_INTRADAY_MOMREV_G1_V1
2014-12-08,1.0,231,143,69,-0.001979700128818158,-8.570130427784234e-06,142,88,37,36,36,19,0.0038889149080284435,0.0001080254141119012,0,0,4815235850049766ca8156f26fc5816a1a1d9dd3333a1b88df939e7399874252,JNU_INTRADAY_MOMREV_G1_V1
2014-12-09,1.0,229,154,57,-0.014300251237325505,-6.244651195338648e-05,144,75,37,36,36,21,0.005037727954642971,0.00013993688762897142,0,0,4815235850049766ca8156f26fc5816a1a1d9dd3333a1b88df939e7399874252,JNU_INTRADAY_MOMREV_G1_V1
2014-12-10,1.0,263,180,92,0.01057176555865035,4.019682721920285e-05,110,83,37,36,36,18,-0.007396514859513125,-0.00020545874609758679,0,0,4815235850049766ca8156f26fc5816a1a1d9dd3333a1b88df939e7399874252,JNU_INTRADAY_MOMREV_G1_V1
2014-12-11,1.0,245,152,74,0.007562058790551828,3.086554608388501e-05,128,93,37,36,36,19,-0.0029171642469055493,-8.103234019182082e-05,0,0,4815235850049766ca8156f26fc5816a1a1d9dd3333a1b88df939e7399874252,JNU_INTRADAY_MOMREV_G1_V1
2014-12-12,1.0,263,186,71,-0.012598742279875588,-4.7903963041352046e-05,110,77,37,36,36,20,-0.001700889797724529,-4.724693882568136e-05,0,0,4815235850049766ca8156f26fc5816a1a1d9dd3333a1b88df939e7399874252,JNU_INTRADAY_MOMREV_G1_V1
2014-12-15,1.0,280,217,90,-0.017475604163702734,-6.241287201322405e-05,93,63,37,36,36,18,-0.0026133998312816375,-7.259443975782326e-05,0,0,4815235850049766ca8156f26fc5816a1a1d9dd3333a1b88df939e7399874252,JNU_INTRADAY_MOMREV_G1_V1
2014-12-16,1.0,260,183,68,-0.025342936306155812,-9.747283194675312e-05,113,77,37,36,36,22,0.008629561532290976,0.00023971004256363824,0,0,4815235850049766ca8156f26fc5816a1a1d9dd3333a1b88df939e7399874252,JNU_INTRADAY_MOMREV_G1_V1
2014-12-17,1.0,274,198,86,-0.0181444911451155,-6.622077060261132e-05,99,76,37,36,36,20,-0.003868435434040576,-0.00010745653983446044,0,0,4815235850049766ca8156f26fc5816a1a1d9dd3333a1b88df939e7399874252,JNU_INTRADAY_MOMREV_G1_V1
2014-12-18,1.0,251,167,68,-0.01219771059897822,-4.859645656963434e-05,122,84,37,36,36,21,0.008717391723102347,0.0002421497700861763,0,0,4815235850049766ca8156f26fc5816a1a1d9dd3333a1b88df939e7399874252,JNU_INTRADAY_MOMREV_G1_V1
2014-12-19,1.0,229,147,52,-0.02404205748664342,-0.00010498715059669615,144,82,37,36,36,25,0.013700475842134189,0.00038056877339261635,0,0,4815235850049766ca8156f26fc5816a1a1d9dd3333a1b88df939e7399874252,JNU_INTRADAY_MOMREV_G1_V1
2014-12-22,1.0,222,141,51,-0.014942546036297688,-6.730876592926886e-05,151,81,37,36,36,20,0.004833460644098566,0.0001342627956694046,0,0,4815235850049766ca8156f26fc5816a1a1d9dd3333a1b88df939e7399874252,JNU_INTRADAY_MOMREV_G1_V1
2014-12-24,1.0,214,137,40,-0.01765674817472818,-8.250816904078589e-05,159,77,37,36,36,24,0.01149516248145536,0.00031931006892931555,0,0,4815235850049766ca8156f26fc5816a1a1d9dd3333a1b88df939e7399874252,JNU_INTRADAY_MOMREV_G1_V1
2014-12-25,1.0,166,75,16,-0.013488043494686531,-8.125327406437669e-05,207,91,37,35,34,21,0.005063053140734245,0.00014465866116383558,1,1,4815235850049766ca8156f26fc5816a1a1d9dd3333a1b88df939e7399874252,JNU_INTRADAY_MOMREV_G1_V1
2014-12-26,1.0,185,98,28,-0.01319497565387818,-7.132419272366584e-05,188,87,37,36,36,16,-7.863014840374578e-07,-2.1841707889929383e-08,0,0,4815235850049766ca8156f26fc5816a1a1d9dd3333a1b88df939e7399874252,JNU_INTRADAY_MOMREV_G1_V1
2014-12-29,1.0,245,180,83,0.0025907216791516735,1.0574374200619076e-05,128,65,37,36,36,15,-0.02227131338508485,-0.0006186475940301347,0,0,4815235850049766ca8156f26fc5816a1a1d9dd3333a1b88df939e7399874252,JNU_INTRADAY_MOMREV_G1_V1
2014-12-30,1.0,236,161,74,-0.013722657014011607,-5.814685175428647e-05,137,75,37,36,36,15,-0.013714687540869602,-0.0003809635428019334,0,0,4815235850049766ca8156f26fc5816a1a1d9dd3333a1b88df939e7399874252,JNU_INTRADAY_MOMREV_G1_V1
2015-01-05,1.0,257,185,86,0.005749633681725676,2.237211549309602e-05,116,72,37,36,36,18,-0.00738990589200772,-0.00020527516366688112,0,0,d1b9bb49009b6718ff2a6867b1176ae1d5dd38bca68ad68b1de935df1a81ebf3,JNU_INTRADAY_MOMREV_G1_V1
2015-01-06,1.0,263,192,81,-0.012121495792091572,-4.6089337612515485e-05,110,71,37,36,36,21,0.005619352743700512,0.00015609313176945868,0,0,d1b9bb49009b6718ff2a6867b1176ae1d5dd38bca68ad68b1de935df1a81ebf3,JNU_INTRADAY_MOMREV_G1_V1
2015-01-07,1.0,257,184,79,-0.01153896053864945,-4.4898679138713815e-05,116,73,37,36,36,20,0.00799745302916575,0.00022215147303238192,0,0,d1b9bb49009b6718ff2a6867b1176ae1d5dd38bca68ad68b1de935df1a81ebf3,JNU_INTRADAY_MOMREV_G1_V1
2015-01-08,1.0,258,176,71,-0.013543718962333876,-5.24950347377282e-05,115,82,37,36,36,15,-0.004650695041613794,-0.00012918597337816093,0,0,d1b9bb49009b6718ff2a6867b1176ae1d5dd38bca68ad68b1de935df1a81ebf3,JNU_INTRADAY_MOMREV_G1_V1
2015-01-09,1.0,259,186,85,-0.009587730263138741,-3.7018263564242246e-05,114,73,37,36,36,16,-0.0063864461912861055,-0.00017740128309128071,0,0,d1b9bb49009b6718ff2a6867b1176ae1d5dd38bca68ad68b1de935df1a81ebf3,JNU_INTRADAY_MOMREV_G1_V1
2015-01-13,1.0,264,189,81,-0.005631187093590971,-2.1330254142390042e-05,109,75,37,36,36,21,0.003628723684829518,0.00010079788013415328,0,0,d1b9bb49009b6718ff2a6867b1176ae1d5dd38bca68ad68b1de935df1a81ebf3,JNU_INTRADAY_MOMREV_G1_V1
2015-01-14,1.0,284,218,91,-0.013924434619419153,-4.9029699364151946e-05,89,66,37,36,36,22,0.017139282604158125,0.0004760911834488368,0,0,d1b9bb49009b6718ff2a6867b1176ae1d5dd38bca68ad68b1de935df1a81ebf3,JNU_INTRADAY_MOMREV_G1_V1
2015-01-15,1.0,263,188,71,-0.014710550840256194,-5.5933653385004536e-05,110,75,37,36,36,16,0.0059071183300197705,0.00016408662027832697,0,0,d1b9bb49009b6718ff2a6867b1176ae1d5dd38bca68ad68b1de935df1a81ebf3,JNU_INTRADAY_MOMREV_G1_V1
2015-01-16,1.0,294,235,116,-0.0003069379879129673,-1.0440067616087324e-06,79,59,37,36,36,19,-0.005117001506738288,-0.00014213893074273022,0,0,d1b9bb49009b6718ff2a6867b1176ae1d5dd38bca68ad68b1de935df1a81ebf3,JNU_INTRADAY_MOMREV_G1_V1
2015-01-19,1.0,264,189,75,-0.011489394499541577,-4.352043371038476e-05,109,75,37,36,36,24,0.012659261463306565,0.0003516461517585157,0,0,d1b9bb49009b6718ff2a6867b1176ae1d5dd38bca68ad68b1de935df1a81ebf3,JNU_INTRADAY_MOMREV_G1_V1
2015-01-20,1.0,248,172,68,-0.013554716559003487,-5.4656115157272125e-05,125,76,37,36,36,13,-0.009587516460945642,-0.0002663199016929345,0,0,d1b9bb49009b6718ff2a6867b1176ae1d5dd38bca68ad68b1de935df1a81ebf3,JNU_INTRADAY_MOMREV_G1_V1
2015-01-21,1.0,276,199,87,-0.01592850777133193,-5.771198467873888e-05,97,77,37,36,36,21,0.00868994729324265,0.00024138742481229585,0,0,d1b9bb49009b6718ff2a6867b1176ae1d5dd38bca68ad68b1de935df1a81ebf3,JNU_INTRADAY_MOMREV_G1_V1
2015-01-22,1.0,244,159,69,-0.006961301151666948,-2.8529922752733392e-05,129,85,37,36,36,20,0.0008684122830157175,2.4122563417103262e-05,0,0,d1b9bb49009b6718ff2a6867b1176ae1d5dd38bca68ad68b1de935df1a81ebf3,JNU_INTRADAY_MOMREV_G1_V1
2015-01-23,1.0,225,149,55,-0.014288819046785209,-6.350586243015649e-05,148,76,37,36,36,22,0.004287715289129806,0.00011910320247582795,0,0,d1b9bb49009b6718ff2a6867b1176ae1d5dd38bca68ad68b1de935df1a81ebf3,JNU_INTRADAY_MOMREV_G1_V1
2015-01-26,1.0,257,180,74,-0.009176399838687344,-3.570583594819978e-05,116,77,37,36,36,23,0.0054647632729756795,0.00015179897980488,0,0,d1b9bb49009b6718ff2a6867b1176ae1d5dd38bca68ad68b1de935df1a81ebf3,JNU_INTRADAY_MOMREV_G1_V1
2015-01-27,1.0,231,142,46,-0.021172460151794727,-9.165567165279103e-05,142,89,37,36,36,21,0.0028203990429812448,7.834441786059013e-05,0,0,d1b9bb49009b6718ff2a6867b1176ae1d5dd38bca68ad68b1de935df1a81ebf3,JNU_INTRADAY_MOMREV_G1_V1
2015-01-28,1.0,229,152,58,-0.014905207382183771,-6.508824184359726e-05,144,77,37,36,36,11,-0.010970741344492019,-0.0003047428151247783,0,0,d1b9bb49009b6718ff2a6867b1176ae1d5dd38bca68ad68b1de935df1a81ebf3,JNU_INTRADAY_MOMREV_G1_V1
2015-01-29,1.0,243,160,65,-0.008442671624172306,-3.474350462622348e-05,130,83,37,36,36,21,0.005127734524365508,0.0001424370701212641,0,0,d1b9bb49009b6718ff2a6867b1176ae1d5dd38bca68ad68b1de935df1a81ebf3,JNU_INTRADAY_MOMREV_G1_V1
2015-01-30,1.0,249,167,67,-0.014924432917117224,-5.993748159484829e-05,124,82,37,36,36,19,0.009025873074939426,0.0002507186965260952,0,0,d1b9bb49009b6718ff2a6867b1176ae1d5dd38bca68ad68b1de935df1a81ebf3,JNU_INTRADAY_MOMREV_G1_V1
2015-02-02,1.0,241,160,71,-0.00029007418065681804,-1.2036273056299503e-06,132,81,37,36,36,24,0.006557067849334559,0.00018214077359262663,0,0,d1b9bb49009b6718ff2a6867b1176ae1d5dd38bca68ad68b1de935df1a81ebf3,JNU_INTRADAY_MOMREV_G1_V1
2015-02-03,1.0,243,161,64,-0.003914679832264211,-1.610979354841239e-05,130,82,37,36,36,15,0.0017051335777911118,4.736482160530866e-05,0,0,d1b9bb49009b6718ff2a6867b1176ae1d5dd38bca68ad68b1de935df1a81ebf3,JNU_INTRADAY_MOMREV_G1_V1
2015-02-04,1.0,251,178,78,-0.010457521386630407,-4.166343181924465e-05,122,73,37,36,36,20,0.009350421947503374,0.0002597339429862048,0,0,d1b9bb49009b6718ff2a6867b1176ae1d5dd38bca68ad68b1de935df1a81ebf3,JNU_INTRADAY_MOMREV_G1_V1
2015-02-05,1.0,246,166,70,-0.014276048152964493,-5.803271606896135e-05,127,80,37,36,36,18,0.004553559651602437,0.0001264877681000677,0,0,d1b9bb49009b6718ff2a6867b1176ae1d5dd38bca68ad68b1de935df1a81ebf3,JNU_INTRADAY_MOMREV_G1_V1
2015-02-06,1.0,214,134,35,-0.022691019431209335,-0.00010603280108041746,159,80,37,36,36,26,0.011337709103283466,0.0003149363639800963,0,0,d1b9bb49009b6718ff2a6867b1176ae1d5dd38bca68ad68b1de935df1a81ebf3,JNU_INTRADAY_MOMREV_G1_V1
2015-02-09,1.0,209,121,57,-0.0025345355833145985,-1.2126964513466979e-05,164,88,37,36,36,17,-0.003377489665800857,-9.381915738335714e-05,0,0,d1b9bb49009b6718ff2a6867b1176ae1d5dd38bca68ad68b1de935df1a81ebf3,JNU_INTRADAY_MOMREV_G1_V1
2015-02-10,1.0,222,144,47,-0.016208128747659877,-7.300958895342287e-05,151,78,37,36,36,22,-0.0011409580666097675,-3.16932796280491e-05,0,0,d1b9bb49009b6718ff2a6867b1176ae1d5dd38bca68ad68b1de935df1a81ebf3,JNU_INTRADAY_MOMREV_G1_V1
2015-02-12,1.0,218,136,45,-0.01614918982676746,-7.40788524163645e-05,155,82,37,36,36,21,0.0041697042020951355,0.00011582511672486488,0,0,d1b9bb49009b6718ff2a6867b1176ae1d5dd38bca68ad68b1de935df1a81ebf3,JNU_INTRADAY_MOMREV_G1_V1
2015-02-13,1.0,235,158,51,-0.02511986656011618,-0.00010689304919198375,138,77,37,36,36,18,-0.0030661936149921657,-8.517204486089349e-05,0,0,d1b9bb49009b6718ff2a6867b1176ae1d5dd38bca68ad68b1de935df1a81ebf3,JNU_INTRADAY_MOMREV_G1_V1
2015-02-16,1.0,194,112,37,-0.014145775315818346,-7.291636760731106e-05,179,82,37,36,36,22,0.004710327897424627,0.00013084244159512854,0,0,d1b9bb49009b6718ff2a6867b1176ae1d5dd38bca68ad68b1de935df1a81ebf3,JNU_INTRADAY_MOMREV_G1_V1
2015-02-17,1.0,202,114,48,-0.006958323132572238,-3.444714422065464e-05,171,88,37,36,36,21,0.004728369154548289,0.00013134358762634135,0,0,d1b9bb49009b6718ff2a6867b1176ae1d5dd38bca68ad68b1de935df1a81ebf3,JNU_INTRADAY_MOMREV_G1_V1
2015-02-18,1.0,195,115,35,-0.013496028741928796,-6.921040380476306e-05,178,80,37,36,36,21,0.005511096168366325,0.00015308600467684236,0,0,d1b9bb49009b6718ff2a6867b1176ae1d5dd38bca68ad68b1de935df1a81ebf3,JNU_INTRADAY_MOMREV_G1_V1
2015-02-19,1.0,212,128,50,-0.00957558553799426,-4.516785631129368e-05,161,84,37,36,36,20,0.005191592846931471,0.00014421091241476308,0,0,d1b9bb49009b6718ff2a6867b1176ae1d5dd38bca68ad68b1de935df1a81ebf3,JNU_INTRADAY_MOMREV_G1_V1
2015-02-20,1.0,195,112,32,-0.015006791174142858,-7.695790345714287e-05,178,83,37,36,36,22,0.002183107080456351,6.0641863346009745e-05,0,0,d1b9bb49009b6718ff2a6867b1176ae1d5dd38bca68ad68b1de935df1a81ebf3,JNU_INTRADAY_MOMREV_G1_V1
2015-02-23,1.0,202,117,29,-0.02138560087439266,-0.00010586931125936961,171,85,37,36,36,19,0.0005481734198345338,1.522703943984816e-05,0,0,d1b9bb49009b6718ff2a6867b1176ae1d5dd38bca68ad68b1de935df1a81ebf3,JNU_INTRADAY_MOMREV_G1_V1
2015-02-24,1.0,200,111,27,-0.01972450930225747,-9.862254651128735e-05,173,89,37,36,36,15,-0.004039264705178909,-0.0001122017973660808,0,0,d1b9bb49009b6718ff2a6867b1176ae1d5dd38bca68ad68b1de935df1a81ebf3,JNU_INTRADAY_MOMREV_G1_V1
2015-02-25,1.0,213,118,36,-0.014772795384729214,-6.935584687666297e-05,160,95,37,36,36,19,0.0005333041666367208,1.4814004628797799e-05,0,0,d1b9bb49009b6718ff2a6867b1176ae1d5dd38bca68ad68b1de935df1a81ebf3,JNU_INTRADAY_MOMREV_G1_V1
2015-02-26,1.0,216,121,38,-0.015775740919808517,-7.30358375917061e-05,157,95,37,36,36,21,-0.00026022800918706576,-7.2285558107518266e-06,0,0,d1b9bb49009b6718ff2a6867b1176ae1d5dd38bca68ad68b1de935df1a81ebf3,JNU_INTRADAY_MOMREV_G1_V1
2015-02-27,1.0,220,143,67,-0.001051158160563222,-4.777991638923736e-06,153,77,37,36,36,23,0.00586092125854119,0.00016280336829281085,0,0,d1b9bb49009b6718ff2a6867b1176ae1d5dd38bca68ad68b1de935df1a81ebf3,JNU_INTRADAY_MOMREV_G1_V1
2015-03-02,1.0,229,150,55,-0.013527068506399125,-5.907016815021452e-05,144,79,37,36,36,18,0.0013289994222770926,3.691665061880813e-05,0,0,d1b9bb49009b6718ff2a6867b1176ae1d5dd38bca68ad68b1de935df1a81ebf3,JNU_INTRADAY_MOMREV_G1_V1
2015-03-03,1.0,244,167,74,-0.008243385767536677,-3.378436789974048e-05,129,77,37,36,36,17,0.0005353610110522001,1.4871139195894447e-05,0,0,d1b9bb49009b6718ff2a6867b1176ae1d5dd38bca68ad68b1de935df1a81ebf3,JNU_INTRADAY_MOMREV_G1_V1
2015-03-04,1.0,224,140,46,-0.014730659488307265,-6.576187271565743e-05,149,84,37,36,36,21,0.002676165069426367,7.433791859517686e-05,0,0,d1b9bb49009b6718ff2a6867b1176ae1d5dd38bca68ad68b1de935df1a81ebf3,JNU_INTRADAY_MOMREV_G1_V1
2015-03-05,1.0,205,116,42,-0.011480838000512143,-5.600408780737631e-05,168,89,37,36,36,17,-0.000264914620801587,-7.35873946671075e-06,0,0,d1b9bb49009b6718ff2a6867b1176ae1d5dd38bca68ad68b1de935df1a81ebf3,JNU_INTRADAY_MOMREV_G1_V1
2015-03-06,1.0,239,154,53,-0.015855093122270583,-6.633930176682253e-05,134,85,37,36,36,20,0.0026368942707302966,7.324706307584157e-05,0,0,d1b9bb49009b6718ff2a6867b1176ae1d5dd38bca68ad68b1de935df1a81ebf3,JNU_INTRADAY_MOMREV_G1_V1
2015-03-09,1.0,230,146,55,-0.009838278754654229,-4.277512502023578e-05,143,84,37,36,36,19,0.0010664466503966926,2.9623518066574795e-05,0,0,d1b9bb49009b6718ff2a6867b1176ae1d5dd38bca68ad68b1de935df1a81ebf3,JNU_INTRADAY_MOMREV_G1_V1
2015-03-10,1.0,264,186,87,-0.0012791403773757342,-4.845228702180811e-06,109,78,37,36,36,11,-0.009916627346759263,-0.00027546187074331286,0,0,d1b9bb49009b6718ff2a6867b1176ae1d5dd38bca68ad68b1de935df1a81ebf3,JNU_INTRADAY_MOMREV_G1_V1
2015-03-11,1.0,234,158,61,-0.010696840092397377,-4.571299184785204e-05,139,76,37,36,36,15,-0.011732780525009267,-0.0003259105701391463,0,0,d1b9bb49009b6718ff2a6867b1176ae1d5dd38bca68ad68b1de935df1a81ebf3,JNU_INTRADAY_MOMREV_G1_V1
2015-03-12,1.0,228,140,60,-0.004781981242292145,-2.097360193987783e-05,145,88,37,36,36,22,0.006884956257159506,0.0001912487849210974,0,0,d1b9bb49009b6718ff2a6867b1176ae1d5dd38bca68ad68b1de935df1a81ebf3,JNU_INTRADAY_MOMREV_G1_V1
2015-03-13,1.0,248,172,69,-0.003885112734113924,-1.566577715368518e-05,125,76,37,36,36,21,-0.0013162943494770313,-3.6563731929917535e-05,0,0,d1b9bb49009b6718ff2a6867b1176ae1d5dd38bca68ad68b1de935df1a81ebf3,JNU_INTRADAY_MOMREV_G1_V1
2015-03-16,1.0,229,145,72,0.0023503809729539023,1.026367237097774e-05,144,84,37,36,36,22,0.009376227905332078,0.00026045077514811325,0,0,d1b9bb49009b6718ff2a6867b1176ae1d5dd38bca68ad68b1de935df1a81ebf3,JNU_INTRADAY_MOMREV_G1_V1
2015-03-17,1.0,211,128,47,-0.012922445698084845,-6.124381847433576e-05,162,83,37,36,36,19,0.0038816821233287344,0.00010782450342579818,0,0,d1b9bb49009b6718ff2a6867b1176ae1d5dd38bca68ad68b1de935df1a81ebf3,JNU_INTRADAY_MOMREV_G1_V1
2015-03-18,1.0,221,124,39,-0.017553267268521626,-7.94265487263422e-05,152,97,37,36,36,18,-0.0033447704132084756,-9.2910289255791e-05,0,0,d1b9bb49009b6718ff2a6867b1176ae1d5dd38bca68ad68b1de935df1a81ebf3,JNU_INTRADAY_MOMREV_G1_V1
2015-03-19,1.0,268,194,95,0.000763321790186123,2.8482156350228468e-06,105,74,37,36,36,20,-2.442374954405224e-05,-6.784374873347844e-07,0,0,d1b9bb49009b6718ff2a6867b1176ae1d5dd38bca68ad68b1de935df1a81ebf3,JNU_INTRADAY_MOMREV_G1_V1
2015-03-20,1.0,211,116,39,-0.014177220095814649,-6.719061656784193e-05,162,95,37,36,36,22,0.0033587289294490837,9.32980258180301e-05,0,0,d1b9bb49009b6718ff2a6867b1176ae1d5dd38bca68ad68b1de935df1a81ebf3,JNU_INTRADAY_MOMREV_G1_V1
2015-03-23,1.0,234,156,57,-0.010419487021540106,-4.452772231427396e-05,139,78,37,36,36,22,0.0058512221251696625,0.00016253394792137952,0,0,d1b9bb49009b6718ff2a6867b1176ae1d5dd38bca68ad68b1de935df1a81ebf3,JNU_INTRADAY_MOMREV_G1_V1
2015-03-24,1.0,233,152,65,-0.010961433994350142,-4.704478109163151e-05,140,81,37,36,36,19,-0.0017839308929307848,-4.9553635914744024e-05,0,0,d1b9bb49009b6718ff2a6867b1176ae1d5dd38bca68ad68b1de935df1a81ebf3,JNU_INTRADAY_MOMREV_G1_V1
2015-03-25,1.0,228,140,62,-0.0043500835256212,-1.907931370886491e-05,145,88,37,36,36,17,0.0007664383001111981,2.1289952780866613e-05,0,0,d1b9bb49009b6718ff2a6867b1176ae1d5dd38bca68ad68b1de935df1a81ebf3,JNU_INTRADAY_MOMREV_G1_V1
2015-03-26,1.0,271,199,94,-0.007982079081986363,-2.9454166354193224e-05,102,72,37,36,36,20,-0.0023096053152030483,-6.415570320008468e-05,0,0,d1b9bb49009b6718ff2a6867b1176ae1d5dd38bca68ad68b1de935df1a81ebf3,JNU_INTRADAY_MOMREV_G1_V1
2015-03-27,1.0,297,242,90,-0.02347616451179061,-7.904432495552394e-05,76,55,37,36,36,24,0.0027814074039906028,7.726131677751674e-05,0,0,d1b9bb49009b6718ff2a6867b1176ae1d5dd38bca68ad68b1de935df1a81ebf3,JNU_INTRADAY_MOMREV_G1_V1
2015-03-30,1.0,268,192,87,-0.004586446142423735,-1.711360500904379e-05,105,76,37,36,36,17,-0.007752509228765934,-0.0002153474785768315,0,0,d1b9bb49009b6718ff2a6867b1176ae1d5dd38bca68ad68b1de935df1a81ebf3,JNU_INTRADAY_MOMREV_G1_V1
2015-03-31,1.0,276,212,88,-0.014443263136302882,-5.2330663537329285e-05,97,64,37,36,36,19,0.011063823952503068,0.00030732844312508523,0,0,d1b9bb49009b6718ff2a6867b1176ae1d5dd38bca68ad68b1de935df1a81ebf3,JNU_INTRADAY_MOMREV_G1_V1
2015-04-01,1.0,296,236,121,0.011561555271177549,3.90593083485728e-05,77,60,37,36,36,21,0.008870242157173221,0.0002463956154770339,0,0,d1b9bb49009b6718ff2a6867b1176ae1d5dd38bca68ad68b1de935df1a81ebf3,JNU_INTRADAY_MOMREV_G1_V1
2015-04-02,1.0,270,198,88,-0.005687725358803826,-2.106564947705121e-05,103,72,37,36,36,15,-0.012426655476352024,-0.00034518487434311175,0,0,d1b9bb49009b6718ff2a6867b1176ae1d5dd38bca68ad68b1de935df1a81ebf3,JNU_INTRADAY_MOMREV_G1_V1
2015-04-03,1.0,223,135,52,-0.011607376859995125,-5.2051017309395176e-05,150,88,37,36,36,18,0.007224596511023872,0.00020068323641732978,0,0,d1b9bb49009b6718ff2a6867b1176ae1d5dd38bca68ad68b1de935df1a81ebf3,JNU_INTRADAY_MOMREV_G1_V1
2015-04-06,1.0,264,191,67,-0.023978287732251673,-9.082684747065028e-05,109,73,37,36,36,19,0.005662973934773064,0.000157304831521474,0,0,d1b9bb49009b6718ff2a6867b1176ae1d5dd38bca68ad68b1de935df1a81ebf3,JNU_INTRADAY_MOMREV_G1_V1
2015-04-07,1.0,235,155,51,-0.016815793322129936,-7.155656732821249e-05,138,80,37,36,36,25,0.006635480950621845,0.00018431891529505125,0,0,d1b9bb49009b6718ff2a6867b1176ae1d5dd38bca68ad68b1de935df1a81ebf3,JNU_INTRADAY_MOMREV_G1_V1
2015-04-08,1.0,243,164,63,-0.016547040238502547,-6.809481579630677e-05,130,79,37,36,36,24,0.005433031851101675,0.00015091755141949097,0,0,d1b9bb49009b6718ff2a6867b1176ae1d5dd38bca68ad68b1de935df1a81ebf3,JNU_INTRADAY_MOMREV_G1_V1
2015-04-09,1.0,224,135,58,-0.009132786008427457,-4.077136610905115e-05,149,89,37,36,36,20,0.0014544806465227713,4.040224018118809e-05,0,0,d1b9bb49009b6718ff2a6867b1176ae1d5dd38bca68ad68b1de935df1a81ebf3,JNU_INTRADAY_MOMREV_G1_V1
2015-04-10,1.0,237,157,65,-0.008270062178476496,-3.48947771243734e-05,136,80,37,36,36,21,0.001246692023866325,3.46303339962868e-05,0,0,d1b9bb49009b6718ff2a6867b1176ae1d5dd38bca68ad68b1de935df1a81ebf3,JNU_INTRADAY_MOMREV_G1_V1
2015-04-13,1.0,228,148,60,-0.005530530649528425,-2.4256713375124668e-05,145,80,37,36,36,24,0.013308608468220264,0.000369683568561674,0,0,d1b9bb49009b6718ff2a6867b1176ae1d5dd38bca68ad68b1de935df1a81ebf3,JNU_INTRADAY_MOMREV_G1_V1
2015-04-14,1.0,215,137,42,-0.015319219229409738,-7.125218246237087e-05,158,78,37,36,36,20,0.0052762875172695685,0.0001465635421463769,0,0,d1b9bb49009b6718ff2a6867b1176ae1d5dd38bca68ad68b1de935df1a81ebf3,JNU_INTRADAY_MOMREV_G1_V1
2015-04-15,1.0,210,130,45,-0.015339763828115584,-7.304649441959801e-05,163,80,37,35,34,15,-0.0010033151074772544,-2.8666145927921554e-05,1,1,d1b9bb49009b6718ff2a6867b1176ae1d5dd38bca68ad68b1de935df1a81ebf3,JNU_INTRADAY_MOMREV_G1_V1
2015-04-16,1.0,218,139,51,-0.013083530863657869,-6.00161966222838e-05,155,79,37,36,36,17,-0.0010116254383543042,-2.8100706620952894e-05,0,0,d1b9bb49009b6718ff2a6867b1176ae1d5dd38bca68ad68b1de935df1a81ebf3,JNU_INTRADAY_MOMREV_G1_V1
2015-04-17,1.0,243,162,63,-0.01085920965741866,-4.468810558608502e-05,130,81,37,36,36,19,-0.007085001546448515,-0.00019680559851245876,0,0,d1b9bb49009b6718ff2a6867b1176ae1d5dd38bca68ad68b1de935df1a81ebf3,JNU_INTRADAY_MOMREV_G1_V1
2015-04-20,1.0,254,173,60,-0.018045781482397827,-7.104638378896782e-05,119,81,37,36,36,21,0.004314314921868738,0.0001198420811630205,0,0,d1b9bb49009b6718ff2a6867b1176ae1d5dd38bca68ad68b1de935df1a81ebf3,JNU_INTRADAY_MOMREV_G1_V1
2015-04-21,1.0,223,142,44,-0.012862875887004658,-5.768105778925856e-05,150,81,37,36,36,19,0.0017823018885546752,4.9508385793185424e-05,0,0,d1b9bb49009b6718ff2a6867b1176ae1d5dd38bca68ad68b1de935df1a81ebf3,JNU_INTRADAY_MOMREV_G1_V1
2015-04-22,1.0,243,168,55,-0.019618100603058953,-8.073292429242367e-05,130,75,37,36,36,19,0.0009973945998368698,2.7705405551024163e-05,0,0,d1b9bb49009b6718ff2a6867b1176ae1d5dd38bca68ad68b1de935df1a81ebf3,JNU_INTRADAY_MOMREV_G1_V1
2015-04-23,1.0,227,145,51,-0.00978471428273549,-4.3104468205883216e-05,146,82,37,36,36,14,-0.0061863786678953234,-0.00017184385188598122,0,0,d1b9bb49009b6718ff2a6867b1176ae1d5dd38bca68ad68b1de935df1a81ebf3,JNU_INTRADAY_MOMREV_G1_V1
2015-04-24,1.0,228,142,41,-0.018421442791183157,-8.07958017157156e-05,145,86,37,36,36,17,-0.004228196268133721,-0.0001174498963370478,0,0,d1b9bb49009b6718ff2a6867b1176ae1d5dd38bca68ad68b1de935df1a81ebf3,JNU_INTRADAY_MOMREV_G1_V1
2015-04-27,1.0,228,149,67,-0.001998696038246257,-8.766210694062532e-06,145,79,37,36,36,21,0.0005099543553106663,1.4165398758629619e-05,0,0,d1b9bb49009b6718ff2a6867b1176ae1d5dd38bca68ad68b1de935df1a81ebf3,JNU_INTRADAY_MOMREV_G1_V1
2015-04-28,1.0,222,142,61,-0.00745700164433578,-3.3590097497008014e-05,151,80,37,36,36,25,0.00820869574946815,0.00022801932637411525,0,0,d1b9bb49009b6718ff2a6867b1176ae1d5dd38bca68ad68b1de935df1a81ebf3,JNU_INTRADAY_MOMREV_G1_V1
2015-04-30,1.0,250,174,75,-0.009381831813969406,-3.7527327255877625e-05,123,76,37,36,36,19,-0.0020198026608754215,-5.610562946876171e-05,0,0,d1b9bb49009b6718ff2a6867b1176ae1d5dd38bca68ad68b1de935df1a81ebf3,JNU_INTRADAY_MOMREV_G1_V1
2015-05-01,1.0,251,178,65,-0.022336876943154532,-8.899154160619335e-05,122,73,37,36,36,17,0.0013044240734352238,3.623400203986733e-05,0,0,d1b9bb49009b6718ff2a6867b1176ae1d5dd38bca68ad68b1de935df1a81ebf3,JNU_INTRADAY_MOMREV_G1_V1
2015-05-07,1.0,251,173,79,-0.003438132372472552,-1.369773853574722e-05,122,78,37,36,36,17,-0.0005106638826529143,-1.4185107851469841e-05,0,0,d1b9bb49009b6718ff2a6867b1176ae1d5dd38bca68ad68b1de935df1a81ebf3,JNU_INTRADAY_MOMREV_G1_V1
2015-05-08,1.0,229,142,54,-0.008764412188600941,-3.827254230830105e-05,144,87,37,36,36,19,0.00154540062192229,4.292779505339695e-05,0,0,d1b9bb49009b6718ff2a6867b1176ae1d5dd38bca68ad68b1de935df1a81ebf3,JNU_INTRADAY_MOMREV_G1_V1
2015-05-11,1.0,222,137,42,-0.0183370779956318,-8.259945043077387e-05,151,85,37,36,36,23,0.008150080583459687,0.00022639112731832466,0,0,d1b9bb49009b6718ff2a6867b1176ae1d5dd38bca68ad68b1de935df1a81ebf3,JNU_INTRADAY_MOMREV_G1_V1
2015-05-12,1.0,215,129,44,-0.012545857879073388,-5.835282734452739e-05,158,86,37,36,36,21,0.001815033660877614,5.0417601691044836e-05,0,0,d1b9bb49009b6718ff2a6867b1176ae1d5dd38bca68ad68b1de935df1a81ebf3,JNU_INTRADAY_MOMREV_G1_V1
2015-05-13,1.0,242,168,64,-0.00429830326503462,-1.776158373981248e-05,131,74,37,36,36,24,0.0012363596392880659,3.4343323313557384e-05,0,0,d1b9bb49009b6718ff2a6867b1176ae1d5dd38bca68ad68b1de935df1a81ebf3,JNU_INTRADAY_MOMREV_G1_V1
2015-05-14,1.0,245,169,62,-0.019110717151094747,-7.80029271473255e-05,128,76,37,36,36,22,0.008386120731098772,0.000232947798086077,0,0,d1b9bb49009b6718ff2a6867b1176ae1d5dd38bca68ad68b1de935df1a81ebf3,JNU_INTRADAY_MOMREV_G1_V1
2015-05-15,1.0,220,138,61,-0.003808054722371436,-1.7309339647142893e-05,153,82,37,36,36,18,0.00025010231445565497,6.947286512657082e-06,0,0,d1b9bb49009b6718ff2a6867b1176ae1d5dd38bca68ad68b1de935df1a81ebf3,JNU_INTRADAY_MOMREV_G1_V1
2015-05-18,1.0,220,130,50,-0.009569233184814925,-4.349651447643148e-05,153,90,37,36,36,18,0.0005044701983573517,1.4013061065481992e-05,0,0,d1b9bb49009b6718ff2a6867b1176ae1d5dd38bca68ad68b1de935df1a81ebf3,JNU_INTRADAY_MOMREV_G1_V1
2015-05-19,1.0,214,128,40,-0.012729954115845134,-5.9485766896472586e-05,159,86,37,36,36,15,-0.0007421389640190802,-2.061497122275223e-05,0,0,d1b9bb49009b6718ff2a6867b1176ae1d5dd38bca68ad68b1de935df1a81ebf3,JNU_INTRADAY_MOMREV_G1_V1
2015-05-20,1.0,205,113,49,-0.0024734128477547626,-1.2065428525632988e-05,168,92,37,36,36,17,-0.0002506133430970577,-6.961481752696048e-06,0,0,d1b9bb49009b6718ff2a6867b1176ae1d5dd38bca68ad68b1de935df1a81ebf3,JNU_INTRADAY_MOMREV_G1_V1
2015-05-21,1.0,231,156,52,-0.015038437026053442,-6.510145898724434e-05,142,75,37,36,36,17,-0.0014875021508998281,-4.131950419166189e-05,0,0,d1b9bb49009b6718ff2a6867b1176ae1d5dd38bca68ad68b1de935df1a81ebf3,JNU_INTRADAY_MOMREV_G1_V1
2015-05-22,1.0,228,146,53,-0.00989704144903474,-4.3408076530854125e-05,145,82,37,36,36,19,0.004201658789841494,0.00011671274416226371,0,0,d1b9bb49009b6718ff2a6867b1176ae1d5dd38bca68ad68b1de935df1a81ebf3,JNU_INTRADAY_MOMREV_G1_V1
2015-05-25,1.0,183,92,27,-0.011774157880441257,-6.433966054885933e-05,190,91,37,36,36,20,0.0036754831653795592,0.00010209675459387665,0,0,d1b9bb49009b6718ff2a6867b1176ae1d5dd38bca68ad68b1de935df1a81ebf3,JNU_INTRADAY_MOMREV_G1_V1
2015-05-26,1.0,211,125,34,-0.018597237047558123,-8.81385642064366e-05,162,86,37,36,36,19,-0.0007322102319946499,-2.0339173110962498e-05,0,0,d1b9bb49009b6718ff2a6867b1176ae1d5dd38bca68ad68b1de935df1a81ebf3,JNU_INTRADAY_MOMREV_G1_V1
2015-05-27,1.0,224,147,61,-0.0041543014905469034,-1.854598879708439e-05,149,77,37,36,36,20,-0.002440217439167374,-6.778381775464929e-05,0,0,d1b9bb49009b6718ff2a6867b1176ae1d5dd38bca68ad68b1de935df1a81ebf3,JNU_INTRADAY_MOMREV_G1_V1
2015-05-28,1.0,244,162,67,-0.008735350855252642,-3.580061825923214e-05,129,82,37,36,36,14,-0.006797853217390714,-0.00018882925603863095,0,0,d1b9bb49009b6718ff2a6867b1176ae1d5dd38bca68ad68b1de935df1a81ebf3,JNU_INTRADAY_MOMREV_G1_V1
2015-05-29,1.0,252,176,69,-0.01091836085470896,-4.332682878852762e-05,121,76,37,36,36,19,0.007279843304086283,0.00020221786955795231,0,0,d1b9bb49009b6718ff2a6867b1176ae1d5dd38bca68ad68b1de935df1a81ebf3,JNU_INTRADAY_MOMREV_G1_V1
2015-06-01,1.0,212,125,54,-0.004647417173090203,-2.192177911835001e-05,161,87,37,36,36,15,-0.004385456179718739,-0.00012181822721440943,0,0,d1b9bb49009b6718ff2a6867b1176ae1d5dd38bca68ad68b1de935df1a81ebf3,JNU_INTRADAY_MOMREV_G1_V1
2015-06-02,1.0,215,126,45,-0.013366442182116953,-6.21694985214742e-05,158,89,37,36,36,19,0.001710415324864783,4.7511536801799524e-05,0,0,d1b9bb49009b6718ff2a6867b1176ae1d5dd38bca68ad68b1de935df1a81ebf3,JNU_INTRADAY_MOMREV_G1_V1
2015-06-03,1.0,196,107,37,-0.010022569061890866,-5.11355564382187e-05,177,89,37,36,36,21,0.0026899347796702547,7.472041054639597e-05,0,0,d1b9bb49009b6718ff2a6867b1176ae1d5dd38bca68ad68b1de935df1a81ebf3,JNU_INTRADAY_MOMREV_G1_V1
2015-06-04,1.0,194,114,32,-0.017053883068024852,-8.790661375270542e-05,179,80,37,36,36,24,0.005603863958178194,0.00015566288772717203,0,0,d1b9bb49009b6718ff2a6867b1176ae1d5dd38bca68ad68b1de935df1a81ebf3,JNU_INTRADAY_MOMREV_G1_V1
2015-06-05,1.0,214,131,35,-0.021558622416606964,-0.00010074122624582693,159,83,37,36,36,19,0.0009831509503579411,2.730974862105392e-05,0,0,d1b9bb49009b6718ff2a6867b1176ae1d5dd38bca68ad68b1de935df1a81ebf3,JNU_INTRADAY_MOMREV_G1_V1
2015-06-08,1.0,211,123,37,-0.01515253235506087,-7.181294955005151e-05,162,88,37,36,36,16,-0.006849359596268326,-0.00019025998878523126,0,0,d1b9bb49009b6718ff2a6867b1176ae1d5dd38bca68ad68b1de935df1a81ebf3,JNU_INTRADAY_MOMREV_G1_V1
2015-06-09,1.0,221,139,55,-0.006151518416639096,-2.7834924962167858e-05,152,82,37,36,36,19,0.0009550336520126579,2.6528712555907166e-05,0,0,d1b9bb49009b6718ff2a6867b1176ae1d5dd38bca68ad68b1de935df1a81ebf3,JNU_INTRADAY_MOMREV_G1_V1
2015-06-10,1.0,252,172,78,0.006293673441263582,2.4974894608188817e-05,121,80,37,36,36,11,-0.02631666891370778,-0.0007310185809363272,0,0,d1b9bb49009b6718ff2a6867b1176ae1d5dd38bca68ad68b1de935df1a81ebf3,JNU_INTRADAY_MOMREV_G1_V1
2015-06-11,1.0,229,147,64,-0.0024708602838105897,-1.07897828987362e-05,144,82,37,36,36,22,0.001994737032543365,5.540936201509347e-05,0,0,d1b9bb49009b6718ff2a6867b1176ae1d5dd38bca68ad68b1de935df1a81ebf3,JNU_INTRADAY_MOMREV_G1_V1
2015-06-12,1.0,211,122,51,-0.005645594020148529,-2.6756369763737105e-05,162,89,37,36,36,19,0.007110162016715124,0.000197504500464309,0,0,d1b9bb49009b6718ff2a6867b1176ae1d5dd38bca68ad68b1de935df1a81ebf3,JNU_INTRADAY_MOMREV_G1_V1
2015-06-15,1.0,233,152,43,-0.019930256319635048,-8.553758077096587e-05,140,81,37,36,36,13,-0.009354111196571976,-0.0002598364221269993,0,0,d1b9bb49009b6718ff2a6867b1176ae1d5dd38bca68ad68b1de935df1a81ebf3,JNU_INTRADAY_MOMREV_G1_V1
2015-06-16,1.0,211,129,54,-0.0028245097620243718,-1.3386302189688966e-05,162,82,37,36,36,19,0.0069046495536336985,0.0001917958209342694,0,0,d1b9bb49009b6718ff2a6867b1176ae1d5dd38bca68ad68b1de935df1a81ebf3,JNU_INTRADAY_MOMREV_G1_V1
2015-06-17,1.0,226,141,60,-0.007051511765330744,-3.120137949261391e-05,147,85,37,36,36,19,-0.0017172637987531644,-4.77017721875879e-05,0,0,d1b9bb49009b6718ff2a6867b1176ae1d5dd38bca68ad68b1de935df1a81ebf3,JNU_INTRADAY_MOMREV_G1_V1
2015-06-18,1.0,264,196,86,-0.002727355508208517,-1.0330892076547412e-05,109,68,37,36,36,16,-0.0044794256289499715,-0.00012442848969305476,0,0,d1b9bb49009b6718ff2a6867b1176ae1d5dd38bca68ad68b1de935df1a81ebf3,JNU_INTRADAY_MOMREV_G1_V1
2015-06-19,1.0,249,173,65,-0.012501958605325348,-5.020866909769216e-05,124,76,37,36,36,20,-0.0014923469851639655,-4.145408292122126e-05,0,0,d1b9bb49009b6718ff2a6867b1176ae1d5dd38bca68ad68b1de935df1a81ebf3,JNU_INTRADAY_MOMREV_G1_V1
2015-06-22,1.0,220,136,45,-0.010803770172976417,-4.9108046240801896e-05,153,84,37,35,34,17,0.003684131273672504,0.00010526089353350011,1,1,d1b9bb49009b6718ff2a6867b1176ae1d5dd38bca68ad68b1de935df1a81ebf3,JNU_INTRADAY_MOMREV_G1_V1
2015-06-23,1.0,245,165,59,-0.020549972124279153,-8.387743724195572e-05,128,80,37,36,36,18,-0.0038750584343178263,-0.00010764051206438407,0,0,d1b9bb49009b6718ff2a6867b1176ae1d5dd38bca68ad68b1de935df1a81ebf3,JNU_INTRADAY_MOMREV_G1_V1
2015-06-24,1.0,226,142,52,-0.009799538734277738,-4.3360790859636004e-05,147,84,37,36,36,18,-0.005034500415076227,-0.0001398472337521174,0,0,d1b9bb49009b6718ff2a6867b1176ae1d5dd38bca68ad68b1de935df1a81ebf3,JNU_INTRADAY_MOMREV_G1_V1
2015-06-25,1.0,245,161,58,-0.016826493619418247,-6.867956579354386e-05,128,84,37,36,36,18,-0.0012054204209676843,-3.348390058243568e-05,0,0,d1b9bb49009b6718ff2a6867b1176ae1d5dd38bca68ad68b1de935df1a81ebf3,JNU_INTRADAY_MOMREV_G1_V1
2015-06-26,1.0,230,145,50,-0.011592883963752774,-5.0403843320664235e-05,143,85,37,36,36,20,0.007242415367936582,0.00020117820466490505,0,0,d1b9bb49009b6718ff2a6867b1176ae1d5dd38bca68ad68b1de935df1a81ebf3,JNU_INTRADAY_MOMREV_G1_V1
2015-06-29,1.0,289,233,105,-0.007587617880360716,-2.6254733150037082e-05,84,56,37,36,36,16,0.001267816671950985,3.521712977641625e-05,0,0,d1b9bb49009b6718ff2a6867b1176ae1d5dd38bca68ad68b1de935df1a81ebf3,JNU_INTRADAY_MOMREV_G1_V1
2015-06-30,1.0,253,177,79,-0.005065057580735921,-2.0019990437691388e-05,120,76,37,36,36,17,0.0022350393447491393,6.208442624303164e-05,0,0,d1b9bb49009b6718ff2a6867b1176ae1d5dd38bca68ad68b1de935df1a81ebf3,JNU_INTRADAY_MOMREV_G1_V1
2015-07-01,1.0,223,144,49,-0.01355493025080118,-6.0784440586552376e-05,150,79,37,36,36,21,0.0005072114688695396,1.4089207468598321e-05,0,0,d1b9bb49009b6718ff2a6867b1176ae1d5dd38bca68ad68b1de935df1a81ebf3,JNU_INTRADAY_MOMREV_G1_V1
2015-07-02,1.0,224,143,42,-0.020683811146511282,-9.233844261835394e-05,149,81,37,36,36,24,0.003892944463791223,0.00010813734621642287,0,0,d1b9bb49009b6718ff2a6867b1176ae1d5dd38bca68ad68b1de935df1a81ebf3,JNU_INTRADAY_MOMREV_G1_V1
2015-07-03,1.0,213,127,40,-0.011972725809643505,-5.620998032696481e-05,160,86,37,36,36,19,-0.0029215883359920394,-8.115523155533443e-05,0,0,d1b9bb49009b6718ff2a6867b1176ae1d5dd38bca68ad68b1de935df1a81ebf3,JNU_INTRADAY_MOMREV_G1_V1
2015-07-06,1.0,262,191,89,-0.0022145827331423633,-8.45260585168841e-06,111,71,37,36,36,20,0.005696226303199614,0.0001582285084222115,0,0,d1b9bb49009b6718ff2a6867b1176ae1d5dd38bca68ad68b1de935df1a81ebf3,JNU_INTRADAY_MOMREV_G1_V1
2015-07-07,1.0,217,128,45,-0.01540971358308287,-7.10125049911653e-05,156,89,37,36,36,20,0.0019591026012901564,5.4419516702504346e-05,0,0,d1b9bb49009b6718ff2a6867b1176ae1d5dd38bca68ad68b1de935df1a81ebf3,JNU_INTRADAY_MOMREV_G1_V1
2015-07-08,1.0,294,239,105,-0.023995014811992312,-8.161569663942964e-05,79,55,37,36,36,20,0.0004943243967484058,1.3731233243011273e-05,0,0,d1b9bb49009b6718ff2a6867b1176ae1d5dd38bca68ad68b1de935df1a81ebf3,JNU_INTRADAY_MOMREV_G1_V1
2015-07-09,1.0,331,294,152,0.021419360727987356,6.471105960117026e-05,42,37,37,36,36,15,-0.016377284238582875,-0.0004549245621828576,0,0,d1b9bb49009b6718ff2a6867b1176ae1d5dd38bca68ad68b1de935df1a81ebf3,JNU_INTRADAY_MOMREV_G1_V1
2015-07-10,1.0,280,213,103,0.003316159137978375,1.1843425492779912e-05,93,67,37,36,36,17,-0.010840257282374586,-0.0003011182578437385,0,0,d1b9bb49009b6718ff2a6867b1176ae1d5dd38bca68ad68b1de935df1a81ebf3,JNU_INTRADAY_MOMREV_G1_V1
2015-07-13,1.0,261,177,78,-0.009971997405368926,-3.820688661060891e-05,112,84,37,36,36,20,0.005740436040011382,0.00015945655666698284,0,0,d1b9bb49009b6718ff2a6867b1176ae1d5dd38bca68ad68b1de935df1a81ebf3,JNU_INTRADAY_MOMREV_G1_V1
2015-07-14,1.0,224,148,68,-0.0004927995435278971,-2.199997962178112e-06,149,76,37,35,34,19,0.001967043635992105,5.620124674263157e-05,1,1,d1b9bb49009b6718ff2a6867b1176ae1d5dd38bca68ad68b1de935df1a81ebf3,JNU_INTRADAY_MOMREV_G1_V1
2015-07-15,1.0,232,152,54,-0.019062835551313086,-8.216739461772882e-05,141,80,37,36,36,19,0.006107001500724043,0.00016963893057566785,0,0,d1b9bb49009b6718ff2a6867b1176ae1d5dd38bca68ad68b1de935df1a81ebf3,JNU_INTRADAY_MOMREV_G1_V1
2015-07-16,1.0,216,134,39,-0.017026499015805767,-7.88263843324341e-05,157,82,37,36,36,18,0.0034050821109790665,9.458561419386295e-05,0,0,d1b9bb49009b6718ff2a6867b1176ae1d5dd38bca68ad68b1de935df1a81ebf3,JNU_INTRADAY_MOMREV_G1_V1
2015-07-17,1.0,174,89,23,-0.012600658299936613,-7.241757643641731e-05,199,85,37,36,36,18,0.003149841250238883,8.749559028441342e-05,0,0,d1b9bb49009b6718ff2a6867b1176ae1d5dd38bca68ad68b1de935df1a81ebf3,JNU_INTRADAY_MOMREV_G1_V1
2015-07-21,1.0,198,117,26,-0.018543104557429718,-9.365204321934201e-05,175,81,37,36,36,17,0.0016926981507724248,4.70193930770118e-05,0,0,d1b9bb49009b6718ff2a6867b1176ae1d5dd38bca68ad68b1de935df1a81ebf3,JNU_INTRADAY_MOMREV_G1_V1
2015-07-22,1.0,236,156,54,-0.0131382220392995,-5.5670432369913134e-05,137,80,37,36,36,23,0.003644394502738064,0.00010123318063161288,0,0,d1b9bb49009b6718ff2a6867b1176ae1d5dd38bca68ad68b1de935df1a81ebf3,JNU_INTRADAY_MOMREV_G1_V1
2015-07-23,1.0,203,123,32,-0.014270401445690287,-7.029754406743983e-05,170,80,37,35,34,20,0.0019348796110211525,5.528227460060436e-05,1,1,d1b9bb49009b6718ff2a6867b1176ae1d5dd38bca68ad68b1de935df1a81ebf3,JNU_INTRADAY_MOMREV_G1_V1
2015-07-24,1.0,204,109,44,-0.005747457875404167,-2.8173813114726306e-05,169,95,37,36,36,25,0.0036482548465192953,0.00010134041240331376,0,0,d1b9bb49009b6718ff2a6867b1176ae1d5dd38bca68ad68b1de935df1a81ebf3,JNU_INTRADAY_MOMREV_G1_V1
2015-07-27,1.0,257,177,77,-0.00932804343215148,-3.6295888841056343e-05,116,80,37,36,36,18,-0.0002451086550985152,-6.808573752736534e-06,0,0,d1b9bb49009b6718ff2a6867b1176ae1d5dd38bca68ad68b1de935df1a81ebf3,JNU_INTRADAY_MOMREV_G1_V1
2015-07-28,1.0,273,200,88,-0.009153739564023728,-3.353018155320047e-05,100,73,37,36,36,19,0.012566132865028487,0.00034905924625079133,0,0,d1b9bb49009b6718ff2a6867b1176ae1d5dd38bca68ad68b1de935df1a81ebf3,JNU_INTRADAY_MOMREV_G1_V1
2015-07-29,1.0,243,161,65,-0.010852167045201373,-4.4659123642804004e-05,130,82,37,36,36,23,0.005925587377899253,0.00016459964938609037,0,0,d1b9bb49009b6718ff2a6867b1176ae1d5dd38bca68ad68b1de935df1a81ebf3,JNU_INTRADAY_MOMREV_G1_V1
2015-07-30,1.0,216,123,38,-0.016322322148423014,-7.556630624269914e-05,157,93,37,36,36,20,0.009019603184049093,0.0002505445328902526,0,0,d1b9bb49009b6718ff2a6867b1176ae1d5dd38bca68ad68b1de935df1a81ebf3,JNU_INTRADAY_MOMREV_G1_V1
2015-07-31,1.0,190,108,28,-0.014122059865094674,-7.432663086891934e-05,183,82,37,36,36,23,0.003653108402631585,0.00010147523340643292,0,0,d1b9bb49009b6718ff2a6867b1176ae1d5dd38bca68ad68b1de935df1a81ebf3,JNU_INTRADAY_MOMREV_G1_V1
2015-08-03,1.0,240,162,65,-0.01048044791001887,-4.366853295841196e-05,133,78,37,36,36,18,-0.0017166990072643453,-4.7686083535120706e-05,0,0,d1b9bb49009b6718ff2a6867b1176ae1d5dd38bca68ad68b1de935df1a81ebf3,JNU_INTRADAY_MOMREV_G1_V1
2015-08-04,1.0,233,159,53,-0.014870429034351288,-6.382158383841755e-05,140,74,37,36,36,21,-0.0024465238202759374,-6.795899500766493e-05,0,0,d1b9bb49009b6718ff2a6867b1176ae1d5dd38bca68ad68b1de935df1a81ebf3,JNU_INTRADAY_MOMREV_G1_V1
2015-08-05,1.0,238,153,64,-0.00412934545862334,-1.7350191002619077e-05,135,85,37,36,36,15,-0.00704952992658145,-0.00019582027573837363,0,0,d1b9bb49009b6718ff2a6867b1176ae1d5dd38bca68ad68b1de935df1a81ebf3,JNU_INTRADAY_MOMREV_G1_V1
2015-08-06,1.0,222,132,39,-0.01619001769376744,-7.292800762958306e-05,151,90,37,36,36,21,0.0007112958062925881,1.975821684146078e-05,0,0,d1b9bb49009b6718ff2a6867b1176ae1d5dd38bca68ad68b1de935df1a81ebf3,JNU_INTRADAY_MOMREV_G1_V1
2015-08-07,1.0,232,143,48,-0.016235916769790887,-6.99823998697883e-05,141,89,37,36,36,15,-0.0014538232543209718,-4.038397928669366e-05,0,0,d1b9bb49009b6718ff2a6867b1176ae1d5dd38bca68ad68b1de935df1a81ebf3,JNU_INTRADAY_MOMREV_G1_V1
2015-08-10,1.0,192,107,27,-0.016472873186201893,-8.579621451146819e-05,181,85,37,36,36,22,0.004586237020419813,0.00012739547278943925,0,0,d1b9bb49009b6718ff2a6867b1176ae1d5dd38bca68ad68b1de935df1a81ebf3,JNU_INTRADAY_MOMREV_G1_V1
2015-08-11,1.0,273,208,95,-0.004786566336845217,-1.7533210025074056e-05,100,65,37,36,36,19,-0.006256470797942209,-0.0001737908554983947,0,0,d1b9bb49009b6718ff2a6867b1176ae1d5dd38bca68ad68b1de935df1a81ebf3,JNU_INTRADAY_MOMREV_G1_V1
2015-08-12,1.0,274,210,100,-0.0033614363335317875,-1.2268015815809444e-05,99,64,37,36,36,26,0.019287637544773605,0.0005357677095770446,0,0,d1b9bb49009b6718ff2a6867b1176ae1d5dd38bca68ad68b1de935df1a81ebf3,JNU_INTRADAY_MOMREV_G1_V1
2015-08-13,1.0,268,197,79,-0.014376390178229219,-5.3643246933691114e-05,105,71,37,36,36,20,-0.0026451507481730302,-7.347640967147307e-05,0,0,d1b9bb49009b6718ff2a6867b1176ae1d5dd38bca68ad68b1de935df1a81ebf3,JNU_INTRADAY_MOMREV_G1_V1
2015-08-14,1.0,252,177,62,-0.021906203574937298,-8.69293792656242e-05,121,75,37,36,36,18,-0.002187670904790008,-6.0768636244166894e-05,0,0,d1b9bb49009b6718ff2a6867b1176ae1d5dd38bca68ad68b1de935df1a81ebf3,JNU_INTRADAY_MOMREV_G1_V1
2015-08-17,1.0,225,138,51,-0.010927219254787651,-4.856541891016734e-05,148,87,37,36,36,19,-0.0004908027379123919,-1.3633409386455332e-05,0,0,d1b9bb49009b6718ff2a6867b1176ae1d5dd38bca68ad68b1de935df1a81ebf3,JNU_INTRADAY_MOMREV_G1_V1
2015-08-18,1.0,225,145,50,-0.011171201918845491,-4.964978630597996e-05,148,80,37,36,36,22,0.002916282683887951,8.100785233022087e-05,0,0,d1b9bb49009b6718ff2a6867b1176ae1d5dd38bca68ad68b1de935df1a81ebf3,JNU_INTRADAY_MOMREV_G1_V1
2015-08-19,1.0,265,192,74,-0.017608484108654947,-6.644710984398093e-05,108,73,37,36,36,17,-0.007360814805762514,-0.00020446707793784762,0,0,d1b9bb49009b6718ff2a6867b1176ae1d5dd38bca68ad68b1de935df1a81ebf3,JNU_INTRADAY_MOMREV_G1_V1
2015-08-20,1.0,281,216,88,-0.012948011902428091,-4.607833417234196e-05,92,65,37,36,36,16,0.0005146119508946626,1.4294776413740628e-05,0,0,d1b9bb49009b6718ff2a6867b1176ae1d5dd38bca68ad68b1de935df1a81ebf3,JNU_INTRADAY_MOMREV_G1_V1
2015-08-21,1.0,293,227,93,-0.011561253743345669,-3.945820390220365e-05,80,66,37,36,36,20,0.01602747779689521,0.00044520771658042253,0,0,d1b9bb49009b6718ff2a6867b1176ae1d5dd38bca68ad68b1de935df1a81ebf3,JNU_INTRADAY_MOMREV_G1_V1
2015-08-24,1.0,325,283,135,-0.020311011218564396,-6.24954191340443e-05,48,42,37,36,36,21,0.0329162658194104,0.0009143407172058444,0,0,d1b9bb49009b6718ff2a6867b1176ae1d5dd38bca68ad68b1de935df1a81ebf3,JNU_INTRADAY_MOMREV_G1_V1
2015-08-25,1.0,344,321,178,0.07137128073750866,0.00020747465330671122,29,23,37,36,36,17,-0.00919241926174688,-0.0002553449794929689,0,0,d1b9bb49009b6718ff2a6867b1176ae1d5dd38bca68ad68b1de935df1a81ebf3,JNU_INTRADAY_MOMREV_G1_V1
2015-08-26,1.0,332,300,145,-0.004343621162453455,-1.3083196272450166e-05,41,32,37,36,36,16,0.009404825800809317,0.00026124516113359216,0,0,d1b9bb49009b6718ff2a6867b1176ae1d5dd38bca68ad68b1de935df1a81ebf3,JNU_INTRADAY_MOMREV_G1_V1
2015-08-27,1.0,302,251,124,-0.008805753055412882,-2.9158122700042656e-05,71,51,37,36,36,17,-0.008062871268678417,-0.00022396864635217825,0,0,d1b9bb49009b6718ff2a6867b1176ae1d5dd38bca68ad68b1de935df1a81ebf3,JNU_INTRADAY_MOMREV_G1_V1
2015-08-28,1.0,299,245,114,-0.017295660676251316,-5.7845018984118117e-05,74,54,37,36,36,17,-0.0005032196205813429,-1.3978322793926192e-05,0,0,d1b9bb49009b6718ff2a6867b1176ae1d5dd38bca68ad68b1de935df1a81ebf3,JNU_INTRADAY_MOMREV_G1_V1
2015-08-31,1.0,309,259,109,-0.027799093933285293,-8.996470528571292e-05,64,50,37,36,36,17,0.008752705427557734,0.00024313070632104816,0,0,d1b9bb49009b6718ff2a6867b1176ae1d5dd38bca68ad68b1de935df1a81ebf3,JNU_INTRADAY_MOMREV_G1_V1
2015-09-01,1.0,320,277,143,0.020395064506844893,6.373457658389029e-05,53,43,37,36,36,18,-0.016742713915158733,-0.000465075386532187,0,0,d1b9bb49009b6718ff2a6867b1176ae1d5dd38bca68ad68b1de935df1a81ebf3,JNU_INTRADAY_MOMREV_G1_V1
2015-09-02,1.0,325,287,147,-0.014427849513769297,-4.4393383119290145e-05,48,38,37,36,36,18,-0.0040247106886978435,-0.00011179751913049566,0,0,d1b9bb49009b6718ff2a6867b1176ae1d5dd38bca68ad68b1de935df1a81ebf3,JNU_INTRADAY_MOMREV_G1_V1
2015-09-03,1.0,292,231,104,-0.014205219204490823,-4.864801097428364e-05,81,61,37,36,36,20,0.0016256573482472687,4.515714856242413e-05,0,0,d1b9bb49009b6718ff2a6867b1176ae1d5dd38bca68ad68b1de935df1a81ebf3,JNU_INTRADAY_MOMREV_G1_V1
2015-09-04,1.0,316,274,147,0.035547370756385636,0.0001124916796088153,57,42,37,36,36,23,0.015102670656577853,0.0004195186293493848,0,0,d1b9bb49009b6718ff2a6867b1176ae1d5dd38bca68ad68b1de935df1a81ebf3,JNU_INTRADAY_MOMREV_G1_V1
2015-09-07,1.0,319,272,131,-0.0018717188117627073,-5.867457090165227e-06,54,47,37,36,36,16,-2.5415826419340065e-05,-7.059951783150018e-07,0,0,d1b9bb49009b6718ff2a6867b1176ae1d5dd38bca68ad68b1de935df1a81ebf3,JNU_INTRADAY_MOMREV_G1_V1
2015-09-08,1.0,324,284,132,-0.02097056454624749,-6.4723964648912e-05,49,40,37,36,36,23,0.017102350826663948,0.0004750653007406652,0,0,d1b9bb49009b6718ff2a6867b1176ae1d5dd38bca68ad68b1de935df1a81ebf3,JNU_INTRADAY_MOMREV_G1_V1
2015-09-09,1.0,310,261,120,-0.010642165840803802,-3.432956722839936e-05,63,49,37,36,36,17,-0.009993993159918165,-0.00027761092110883793,0,0,d1b9bb49009b6718ff2a6867b1176ae1d5dd38bca68ad68b1de935df1a81ebf3,JNU_INTRADAY_MOMREV_G1_V1
2015-09-10,1.0,332,299,150,0.025348977406155687,7.635234158480629e-05,41,33,37,36,36,17,-0.0008329937843484679,-2.3138716231901886e-05,0,0,d1b9bb49009b6718ff2a6867b1176ae1d5dd38bca68ad68b1de935df1a81ebf3,JNU_INTRADAY_MOMREV_G1_V1
2015-09-11,1.0,289,229,106,-0.01485606731076561,-5.1405077199881e-05,84,60,37,36,36,17,0.006833286269469779,0.00018981350748527163,0,0,d1b9bb49009b6718ff2a6867b1176ae1d5dd38bca68ad68b1de935df1a81ebf3,JNU_INTRADAY_MOMREV_G1_V1
2015-09-14,1.0,287,224,110,0.0011691814547508375,4.073802978225915e-06,86,63,37,36,36,18,-0.005595188737405356,-0.00015542190937237099,0,0,d1b9bb49009b6718ff2a6867b1176ae1d5dd38bca68ad68b1de935df1a81ebf3,JNU_INTRADAY_MOMREV_G1_V1
2015-09-15,1.0,296,241,111,-0.010490735259760842,-3.544167317486771e-05,77,55,37,36,36,20,-0.004146409143651267,-0.00011517803176809076,0,0,d1b9bb49009b6718ff2a6867b1176ae1d5dd38bca68ad68b1de935df1a81ebf3,JNU_INTRADAY_MOMREV_G1_V1
2015-09-16,1.0,289,226,102,-0.011621711413994299,-4.021353430447854e-05,84,63,37,36,36,17,0.009132683396216777,0.0002536856498949105,0,0,d1b9bb49009b6718ff2a6867b1176ae1d5dd38bca68ad68b1de935df1a81ebf3,JNU_INTRADAY_MOMREV_G1_V1
2015-09-17,1.0,259,191,83,-0.009304717227533576,-3.5925549141056276e-05,114,68,37,36,36,23,0.012304965131145942,0.0003418045869762762,0,0,d1b9bb49009b6718ff2a6867b1176ae1d5dd38bca68ad68b1de935df1a81ebf3,JNU_INTRADAY_MOMREV_G1_V1
2015-09-18,1.0,272,208,85,-0.024096102346587028,-8.858861156833466e-05,101,64,37,36,36,19,-0.001072332942627438,-2.97870261840955e-05,0,0,d1b9bb49009b6718ff2a6867b1176ae1d5dd38bca68ad68b1de935df1a81ebf3,JNU_INTRADAY_MOMREV_G1_V1
2015-09-24,1.0,265,194,83,-0.018761397986946596,-7.079772825262867e-05,108,71,37,36,36,18,-0.0034254034875757294,-9.51500968771036e-05,0,0,d1b9bb49009b6718ff2a6867b1176ae1d5dd38bca68ad68b1de935df1a81ebf3,JNU_INTRADAY_MOMREV_G1_V1
2015-09-25,1.0,305,247,116,-0.019849312341010495,-6.507971259347703e-05,68,58,37,36,36,21,0.011589883193712305,0.00032194119982534183,0,0,d1b9bb49009b6718ff2a6867b1176ae1d5dd38bca68ad68b1de935df1a81ebf3,JNU_INTRADAY_MOMREV_G1_V1
2015-09-28,1.0,287,222,114,0.017216803534979546,5.9988862491217934e-05,86,65,37,36,36,17,-0.009848061826272878,-0.0002735572729520244,0,0,d1b9bb49009b6718ff2a6867b1176ae1d5dd38bca68ad68b1de935df1a81ebf3,JNU_INTRADAY_MOMREV_G1_V1
2015-09-29,1.0,304,251,131,0.010359781051725418,3.407822714383361e-05,69,53,37,36,36,19,0.009708165172667087,0.00026967125479630794,0,0,d1b9bb49009b6718ff2a6867b1176ae1d5dd38bca68ad68b1de935df1a81ebf3,JNU_INTRADAY_MOMREV_G1_V1
2015-09-30,1.0,278,209,99,-0.011014778903662474,-3.962150684770674e-05,95,69,37,36,36,19,-0.0023306845157288767,-6.474123654802436e-05,0,0,d1b9bb49009b6718ff2a6867b1176ae1d5dd38bca68ad68b1de935df1a81ebf3,JNU_INTRADAY_MOMREV_G1_V1
2015-10-01,1.0,307,251,131,0.010451994524067094,3.404558476894819e-05,66,56,37,36,36,18,-0.009693913617740196,-0.000269275378270561,0,0,d1b9bb49009b6718ff2a6867b1176ae1d5dd38bca68ad68b1de935df1a81ebf3,JNU_INTRADAY_MOMREV_G1_V1
2015-10-02,1.0,269,197,93,0.002813517532367788,1.0459172982779882e-05,104,72,37,36,36,22,0.0014590520681888484,4.05292241163569e-05,0,0,d1b9bb49009b6718ff2a6867b1176ae1d5dd38bca68ad68b1de935df1a81ebf3,JNU_INTRADAY_MOMREV_G1_V1
2015-10-05,1.0,293,233,102,-0.020054926846318218,-6.844684930484034e-05,80,60,37,36,36,22,0.014708449036464047,0.000408568028790668,0,0,d1b9bb49009b6718ff2a6867b1176ae1d5dd38bca68ad68b1de935df1a81ebf3,JNU_INTRADAY_MOMREV_G1_V1
2015-10-06,1.0,259,182,92,0.00382386915857213,1.4763973585220578e-05,114,77,37,36,36,19,0.00520954570754999,0.00014470960298749972,0,0,d1b9bb49009b6718ff2a6867b1176ae1d5dd38bca68ad68b1de935df1a81ebf3,JNU_INTRADAY_MOMREV_G1_V1
2015-10-07,1.0,291,234,106,-0.009686679023368873,-3.3287556781336336e-05,82,57,37,36,36,20,-0.0010887276649019682,-3.0242435136165784e-05,0,0,d1b9bb49009b6718ff2a6867b1176ae1d5dd38bca68ad68b1de935df1a81ebf3,JNU_INTRADAY_MOMREV_G1_V1
2015-10-08,1.0,287,220,94,-0.024126866369877306,-8.406573648040874e-05,86,67,37,36,36,20,0.005674428162684181,0.00015762300451900503,0,0,d1b9bb49009b6718ff2a6867b1176ae1d5dd38bca68ad68b1de935df1a81ebf3,JNU_INTRADAY_MOMREV_G1_V1
2015-10-09,1.0,258,182,81,-0.009820111616504168,-3.806244812598515e-05,115,76,37,36,36,15,-0.007088689371257022,-0.00019690803809047284,0,0,d1b9bb49009b6718ff2a6867b1176ae1d5dd38bca68ad68b1de935df1a81ebf3,JNU_INTRADAY_MOMREV_G1_V1
2015-10-13,1.0,249,171,61,-0.02434410130776465,-9.776747513158494e-05,124,78,37,36,36,18,0.004630613441026639,0.00012862815113962888,0,0,d1b9bb49009b6718ff2a6867b1176ae1d5dd38bca68ad68b1de935df1a81ebf3,JNU_INTRADAY_MOMREV_G1_V1
2015-10-14,1.0,293,232,105,-0.012559892009642182,-4.2866525630178095e-05,80,61,37,36,36,19,0.0028196551972821476,7.832375548005966e-05,0,0,d1b9bb49009b6718ff2a6867b1176ae1d5dd38bca68ad68b1de935df1a81ebf3,JNU_INTRADAY_MOMREV_G1_V1
2015-10-15,1.0,286,226,98,-0.0077130836061718175,-2.6968823797803556e-05,87,60,37,36,36,18,0.00700087778696391,0.00019446882741566416,0,0,d1b9bb49009b6718ff2a6867b1176ae1d5dd38bca68ad68b1de935df1a81ebf3,JNU_INTRADAY_MOMREV_G1_V1
2015-10-16,1.0,251,166,62,-0.02212550597184181,-8.814942618263669e-05,122,85,37,36,36,22,0.0013863152843386528,3.850875789829591e-05,0,0,d1b9bb49009b6718ff2a6867b1176ae1d5dd38bca68ad68b1de935df1a81ebf3,JNU_INTRADAY_MOMREV_G1_V1
2015-10-19,1.0,255,179,83,-0.0013693277901472433,-5.369912902538209e-06,118,76,37,36,36,16,-0.0052099168158511395,-0.00014471991155142055,0,0,d1b9bb49009b6718ff2a6867b1176ae1d5dd38bca68ad68b1de935df1a81ebf3,JNU_INTRADAY_MOMREV_G1_V1
2015-10-20,1.0,231,148,46,-0.020879748246244802,-9.03885205465143e-05,142,83,37,36,36,23,0.0032967057920558073,9.157516089043909e-05,0,0,d1b9bb49009b6718ff2a6867b1176ae1d5dd38bca68ad68b1de935df1a81ebf3,JNU_INTRADAY_MOMREV_G1_V1
2015-10-21,1.0,250,177,66,-0.013847092431875433,-5.538836972750173e-05,123,73,37,36,36,15,-0.014404779692080566,-0.00040013276922446015,0,0,d1b9bb49009b6718ff2a6867b1176ae1d5dd38bca68ad68b1de935df1a81ebf3,JNU_INTRADAY_MOMREV_G1_V1
2015-10-22,1.0,239,160,71,-0.004051912242598749,-1.6953607709618195e-05,134,79,37,36,36,19,0.001611537666865272,4.4764935190702e-05,0,0,d1b9bb49009b6718ff2a6867b1176ae1d5dd38bca68ad68b1de935df1a81ebf3,JNU_INTRADAY_MOMREV_G1_V1
2015-10-23,1.0,233,142,59,-0.008221996454964516,-3.528753843332411e-05,140,91,37,36,36,25,0.011400822727158486,0.0003166895201988468,0,0,d1b9bb49009b6718ff2a6867b1176ae1d5dd38bca68ad68b1de935df1a81ebf3,JNU_INTRADAY_MOMREV_G1_V1
2015-10-26,1.0,217,130,49,-0.013655987672148899,-6.293081876566313e-05,156,87,37,36,36,11,-0.005261391812927239,-0.0001461497725813122,0,0,d1b9bb49009b6718ff2a6867b1176ae1d5dd38bca68ad68b1de935df1a81ebf3,JNU_INTRADAY_MOMREV_G1_V1
2015-10-27,1.0,241,156,59,-0.025444511820326313,-0.000105578887221271,132,85,37,36,36,19,-0.0008117234163141111,-2.2547872675391974e-05,0,0,d1b9bb49009b6718ff2a6867b1176ae1d5dd38bca68ad68b1de935df1a81ebf3,JNU_INTRADAY_MOMREV_G1_V1
2015-10-28,1.0,253,166,66,-0.014828362225942969,-5.8610127375268654e-05,120,87,37,36,36,20,0.007677807723116424,0.000213272436753234,0,0,d1b9bb49009b6718ff2a6867b1176ae1d5dd38bca68ad68b1de935df1a81ebf3,JNU_INTRADAY_MOMREV_G1_V1
2015-10-29,1.0,269,200,83,-0.009765634439483396,-3.630347375272638e-05,104,69,37,36,36,16,-0.004236901513430731,-0.00011769170870640919,0,0,d1b9bb49009b6718ff2a6867b1176ae1d5dd38bca68ad68b1de935df1a81ebf3,JNU_INTRADAY_MOMREV_G1_V1
2015-10-30,1.0,272,205,89,-0.012571560526053576,-4.62189725222558e-05,101,67,37,36,36,18,0.004581510295976994,0.00012726417488824983,0,0,d1b9bb49009b6718ff2a6867b1176ae1d5dd38bca68ad68b1de935df1a81ebf3,JNU_INTRADAY_MOMREV_G1_V1
2015-11-02,1.0,267,197,82,-0.01444747291063455,-5.41103854330882e-05,106,70,37,36,36,20,0.01971251051213937,0.0005475697364483159,0,0,d1b9bb49009b6718ff2a6867b1176ae1d5dd38bca68ad68b1de935df1a81ebf3,JNU_INTRADAY_MOMREV_G1_V1
2015-11-04,1.0,252,180,68,-0.018357875016661383,-7.284871038357692e-05,121,72,37,36,36,16,-0.008125511820885042,-0.0002257086616912512,0,0,d1b9bb49009b6718ff2a6867b1176ae1d5dd38bca68ad68b1de935df1a81ebf3,JNU_INTRADAY_MOMREV_G1_V1
2015-11-05,1.0,253,178,72,-0.010207615730908105,-4.034630723679093e-05,120,75,37,36,36,20,0.008397934324938551,0.00023327595347051532,0,0,d1b9bb49009b6718ff2a6867b1176ae1d5dd38bca68ad68b1de935df1a81ebf3,JNU_INTRADAY_MOMREV_G1_V1
2015-11-06,1.0,231,144,44,-0.019762603381412884,-8.555239559053197e-05,142,87,37,36,36,19,0.006493952276332164,0.00018038756323144898,0,0,d1b9bb49009b6718ff2a6867b1176ae1d5dd38bca68ad68b1de935df1a81ebf3,JNU_INTRADAY_MOMREV_G1_V1
2015-11-09,1.0,252,174,77,-0.005603626470574452,-2.2236612978470047e-05,121,78,37,36,36,21,0.0035462213499798728,9.850614861055203e-05,0,0,d1b9bb49009b6718ff2a6867b1176ae1d5dd38bca68ad68b1de935df1a81ebf3,JNU_INTRADAY_MOMREV_G1_V1
2015-11-10,1.0,230,146,69,-0.002911951882522389,-1.2660660358792995e-05,143,84,37,36,36,16,-0.004855155106322852,-0.00013486541962007923,0,0,d1b9bb49009b6718ff2a6867b1176ae1d5dd38bca68ad68b1de935df1a81ebf3,JNU_INTRADAY_MOMREV_G1_V1
2015-11-11,1.0,251,171,77,-0.007663504690754659,-3.0531891198225734e-05,122,80,37,36,36,24,0.009395300831017023,0.00026098057863936175,0,0,d1b9bb49009b6718ff2a6867b1176ae1d5dd38bca68ad68b1de935df1a81ebf3,JNU_INTRADAY_MOMREV_G1_V1
2015-11-12,1.0,248,171,70,-0.009754341985140282,-3.933202413363017e-05,125,77,37,36,36,20,0.0020370488594805263,5.658469054112573e-05,0,0,d1b9bb49009b6718ff2a6867b1176ae1d5dd38bca68ad68b1de935df1a81ebf3,JNU_INTRADAY_MOMREV_G1_V1
2015-11-13,1.0,255,183,75,-0.014080457324018492,-5.52174797020333e-05,118,72,37,36,36,16,-0.006927382991033881,-0.0001924273053064967,0,0,d1b9bb49009b6718ff2a6867b1176ae1d5dd38bca68ad68b1de935df1a81ebf3,JNU_INTRADAY_MOMREV_G1_V1
2015-11-16,1.0,249,163,70,-0.0072135280413658,-2.8969992133999196e-05,124,86,37,36,36,18,0.002060072264831917,5.7224229578664354e-05,0,0,d1b9bb49009b6718ff2a6867b1176ae1d5dd38bca68ad68b1de935df1a81ebf3,JNU_INTRADAY_MOMREV_G1_V1
2015-11-17,1.0,207,124,42,-0.012688440250209349,-6.129681280294372e-05,166,83,37,36,36,19,0.0005056844654870923,1.4046790707974786e-05,0,0,d1b9bb49009b6718ff2a6867b1176ae1d5dd38bca68ad68b1de935df1a81ebf3,JNU_INTRADAY_MOMREV_G1_V1
2015-11-18,1.0,224,142,49,-0.015672165156061353,-6.996502301813105e-05,149,82,37,36,36,18,0.0045871674566146155,0.00012742131823929487,0,0,d1b9bb49009b6718ff2a6867b1176ae1d5dd38bca68ad68b1de935df1a81ebf3,JNU_INTRADAY_MOMREV_G1_V1
2015-11-19,1.0,233,162,64,-0.010324359225337105,-4.431055461518071e-05,140,71,37,36,36,21,0.01033355190776888,0.00028704310854913556,0,0,d1b9bb49009b6718ff2a6867b1176ae1d5dd38bca68ad68b1de935df1a81ebf3,JNU_INTRADAY_MOMREV_G1_V1
2015-11-20,1.0,235,153,61,-0.01137798349310541,-4.841695103449111e-05,138,82,37,36,36,17,8.337357785488273e-06,2.3159327181911872e-07,0,0,d1b9bb49009b6718ff2a6867b1176ae1d5dd38bca68ad68b1de935df1a81ebf3,JNU_INTRADAY_MOMREV_G1_V1
2015-11-24,1.0,210,132,48,-0.013575504401036186,-6.464525905255327e-05,163,78,37,36,36,23,0.006023458837556097,0.00016731830104322492,0,0,d1b9bb49009b6718ff2a6867b1176ae1d5dd38bca68ad68b1de935df1a81ebf3,JNU_INTRADAY_MOMREV_G1_V1
2015-11-25,1.0,221,143,40,-0.018141565426641575,-8.208853134226957e-05,152,78,37,36,36,14,-0.00024785166021011265,-6.8847683391697955e-06,0,0,d1b9bb49009b6718ff2a6867b1176ae1d5dd38bca68ad68b1de935df1a81ebf3,JNU_INTRADAY_MOMREV_G1_V1
2015-11-26,1.0,194,108,37,-0.010013960847276121,-5.16183548828666e-05,179,86,37,36,36,19,0.0002500933472808838,6.9470374244689945e-06,0,0,d1b9bb49009b6718ff2a6867b1176ae1d5dd38bca68ad68b1de935df1a81ebf3,JNU_INTRADAY_MOMREV_G1_V1
2015-11-27,1.0,230,147,43,-0.02056847097361338,-8.942813466788426e-05,143,83,37,36,36,14,-0.00753466776717195,-0.0002092963268658875,0,0,d1b9bb49009b6718ff2a6867b1176ae1d5dd38bca68ad68b1de935df1a81ebf3,JNU_INTRADAY_MOMREV_G1_V1
2015-11-30,1.0,238,157,68,-0.003532960185666124,-1.4844370528008924e-05,135,81,37,36,36,21,0.000534541021252694,1.4848361701463722e-05,0,0,d1b9bb49009b6718ff2a6867b1176ae1d5dd38bca68ad68b1de935df1a81ebf3,JNU_INTRADAY_MOMREV_G1_V1
2015-12-01,1.0,206,128,40,-0.014793612009515863,-7.181365053163041e-05,167,78,37,36,36,16,-0.0022561405712143504,-6.267057142262084e-05,0,0,d1b9bb49009b6718ff2a6867b1176ae1d5dd38bca68ad68b1de935df1a81ebf3,JNU_INTRADAY_MOMREV_G1_V1
2015-12-02,1.0,202,119,29,-0.020033503125486143,-9.917575804696111e-05,171,83,37,36,36,23,0.007513213209912915,0.0002087003669420254,0,0,d1b9bb49009b6718ff2a6867b1176ae1d5dd38bca68ad68b1de935df1a81ebf3,JNU_INTRADAY_MOMREV_G1_V1
2015-12-03,1.0,186,98,30,-0.009543461234966194,-5.130893137078599e-05,187,88,37,36,36,20,0.005773887081329615,0.00016038575225915599,0,0,d1b9bb49009b6718ff2a6867b1176ae1d5dd38bca68ad68b1de935df1a81ebf3,JNU_INTRADAY_MOMREV_G1_V1
2015-12-04,1.0,256,180,75,-0.010999530764300929,-4.29669170480505e-05,117,76,37,36,36,17,-0.0015181272392685303,-4.217020109079251e-05,0,0,d1b9bb49009b6718ff2a6867b1176ae1d5dd38bca68ad68b1de935df1a81ebf3,JNU_INTRADAY_MOMREV_G1_V1
2015-12-07,1.0,225,144,44,-0.01669255130175506,-7.418911689668915e-05,148,81,37,36,36,18,-0.0017755265922888845,-4.932018311913568e-05,0,0,d1b9bb49009b6718ff2a6867b1176ae1d5dd38bca68ad68b1de935df1a81ebf3,JNU_INTRADAY_MOMREV_G1_V1
2015-12-08,1.0,262,195,87,-0.012785322030174753,-4.8798939046468524e-05,111,67,37,36,36,22,0.0071524767855085936,0.00019867991070857203,0,0,d1b9bb49009b6718ff2a6867b1176ae1d5dd38bca68ad68b1de935df1a81ebf3,JNU_INTRADAY_MOMREV_G1_V1
2015-12-09,1.0,265,186,80,-0.0085101590929391,-3.21138078978834e-05,108,79,37,36,36,20,0.007511962968119116,0.00020866563800330876,0,0,d1b9bb49009b6718ff2a6867b1176ae1d5dd38bca68ad68b1de935df1a81ebf3,JNU_INTRADAY_MOMREV_G1_V1
2015-12-10,1.0,254,174,79,-0.007604586421702628,-2.9939316620876486e-05,119,80,37,36,36,15,-0.004985189701334187,-0.00013847749170372743,0,0,d1b9bb49009b6718ff2a6867b1176ae1d5dd38bca68ad68b1de935df1a81ebf3,JNU_INTRADAY_MOMREV_G1_V1
2015-12-11,1.0,237,154,61,-0.011957510846892137,-5.0453632265367665e-05,136,83,37,36,36,15,-0.003656204248063782,-0.00010156122911288283,0,0,d1b9bb49009b6718ff2a6867b1176ae1d5dd38bca68ad68b1de935df1a81ebf3,JNU_INTRADAY_MOMREV_G1_V1
2015-12-14,1.0,291,229,95,-0.020443296184620346,-7.025187692309397e-05,82,62,37,36,36,21,-0.007551036082503884,-0.00020975100229177454,0,0,d1b9bb49009b6718ff2a6867b1176ae1d5dd38bca68ad68b1de935df1a81ebf3,JNU_INTRADAY_MOMREV_G1_V1
2015-12-15,1.0,275,206,96,-0.012560750904234022,-4.567545783357826e-05,98,69,37,36,36,21,0.008564806199190153,0.0002379112833108376,0,0,d1b9bb49009b6718ff2a6867b1176ae1d5dd38bca68ad68b1de935df1a81ebf3,JNU_INTRADAY_MOMREV_G1_V1
2015-12-16,1.0,241,159,62,-0.019847804026632637,-8.235603330552962e-05,132,82,37,36,36,16,-0.003683788950203742,-0.00010232747083899283,0,0,d1b9bb49009b6718ff2a6867b1176ae1d5dd38bca68ad68b1de935df1a81ebf3,JNU_INTRADAY_MOMREV_G1_V1
2015-12-17,1.0,245,165,65,-0.014686288584566002,-5.994403503904491e-05,128,80,37,36,36,18,0.009009060271642836,0.000250251674212301,0,0,d1b9bb49009b6718ff2a6867b1176ae1d5dd38bca68ad68b1de935df1a81ebf3,JNU_INTRADAY_MOMREV_G1_V1
2015-12-18,1.0,286,218,102,0.026835089961989467,9.382898588108205e-05,87,68,37,36,36,14,-0.03738517206352826,-0.0010384770017646738,0,0,d1b9bb49009b6718ff2a6867b1176ae1d5dd38bca68ad68b1de935df1a81ebf3,JNU_INTRADAY_MOMREV_G1_V1
2015-12-21,1.0,274,210,101,-0.005159903173607863,-1.8831763407327967e-05,99,64,37,36,36,18,0.00324757487182375,9.021041310621527e-05,0,0,d1b9bb49009b6718ff2a6867b1176ae1d5dd38bca68ad68b1de935df1a81ebf3,JNU_INTRADAY_MOMREV_G1_V1
2015-12-22,1.0,255,181,72,-0.018020565270990208,-7.066888341564788e-05,118,74,37,36,36,15,-0.003444800678002221,-9.568890772228392e-05,0,0,d1b9bb49009b6718ff2a6867b1176ae1d5dd38bca68ad68b1de935df1a81ebf3,JNU_INTRADAY_MOMREV_G1_V1
2015-12-24,1.0,247,166,65,-0.019345674891938617,-7.832257041270695e-05,126,81,37,36,36,19,-0.004515105348118681,-0.00012541959300329668,0,0,d1b9bb49009b6718ff2a6867b1176ae1d5dd38bca68ad68b1de935df1a81ebf3,JNU_INTRADAY_MOMREV_G1_V1
2015-12-25,1.0,221,137,47,-0.008797863479780212,-3.980933701258014e-05,152,84,37,36,36,21,0.0021417767030563915,5.9493797307121985e-05,0,0,d1b9bb49009b6718ff2a6867b1176ae1d5dd38bca68ad68b1de935df1a81ebf3,JNU_INTRADAY_MOMREV_G1_V1
2015-12-28,1.0,253,177,61,-0.020158272381059068,-7.96769659330398e-05,120,76,37,36,36,19,-0.0007955922946829715,-2.2099785963415874e-05,0,0,d1b9bb49009b6718ff2a6867b1176ae1d5dd38bca68ad68b1de935df1a81ebf3,JNU_INTRADAY_MOMREV_G1_V1
2015-12-29,1.0,228,140,45,-0.02408407514918768,-0.00010563190854906878,145,88,37,36,36,18,0.0002718008417579272,7.550023382164644e-06,0,0,d1b9bb49009b6718ff2a6867b1176ae1d5dd38bca68ad68b1de935df1a81ebf3,JNU_INTRADAY_MOMREV_G1_V1
2015-12-30,1.0,236,155,53,-0.01653143213554803,-7.004844125232216e-05,137,81,37,36,36,14,-0.005780963216943463,-0.00016058231158176287,0,0,d1b9bb49009b6718ff2a6867b1176ae1d5dd38bca68ad68b1de935df1a81ebf3,JNU_INTRADAY_MOMREV_G1_V1
2016-01-04,1.0,290,234,103,-0.02580849699847138,-8.899481723610821e-05,83,56,37,36,36,13,-0.027886725596457603,-0.0007746312665682667,0,0,d8dc20191b8dd3a790feb049d9aa911316444894eca7abf2e73f3cc3fbd80e01,JNU_INTRADAY_MOMREV_G1_V1
2016-01-05,1.0,281,214,109,0.001263701710136629,4.497159110806509e-06,92,67,37,36,36,19,-0.0024366515714617323,-6.768476587393701e-05,0,0,d8dc20191b8dd3a790feb049d9aa911316444894eca7abf2e73f3cc3fbd80e01,JNU_INTRADAY_MOMREV_G1_V1
2016-01-06,1.0,299,242,120,0.00340870013978904,1.1400334915682407e-05,74,57,37,36,36,13,-0.01825445688884668,-0.0005070682469124078,0,0,d8dc20191b8dd3a790feb049d9aa911316444894eca7abf2e73f3cc3fbd80e01,JNU_INTRADAY_MOMREV_G1_V1
2016-01-07,1.0,304,245,109,-0.03354535142451477,-0.00011034655073853543,69,59,37,36,36,17,0.0038402312547312556,0.00010667309040920154,0,0,d8dc20191b8dd3a790feb049d9aa911316444894eca7abf2e73f3cc3fbd80e01,JNU_INTRADAY_MOMREV_G1_V1
2016-01-08,1.0,306,253,124,-0.002630998854816143,-8.59803547325537e-06,67,53,37,36,36,20,0.01446327091185318,0.000401757525329255,0,0,d8dc20191b8dd3a790feb049d9aa911316444894eca7abf2e73f3cc3fbd80e01,JNU_INTRADAY_MOMREV_G1_V1
2016-01-12,1.0,315,267,126,-0.01960998575540975,-6.225392303304682e-05,58,48,37,36,36,16,-0.0012564112984051405,-3.4900313844587235e-05,0,0,d8dc20191b8dd3a790feb049d9aa911316444894eca7abf2e73f3cc3fbd80e01,JNU_INTRADAY_MOMREV_G1_V1
2016-01-13,1.0,283,219,107,-0.003657610036174436,-1.2924417088955603e-05,90,64,37,36,36,22,0.016751472366304313,0.0004653186768417865,0,0,d8dc20191b8dd3a790feb049d9aa911316444894eca7abf2e73f3cc3fbd80e01,JNU_INTRADAY_MOMREV_G1_V1
2016-01-14,1.0,307,257,139,0.006184071399046114,2.0143555045752815e-05,66,50,37,36,36,15,-0.009075839503750897,-0.0002521066528819694,0,0,d8dc20191b8dd3a790feb049d9aa911316444894eca7abf2e73f3cc3fbd80e01,JNU_INTRADAY_MOMREV_G1_V1
2016-01-15,1.0,305,249,134,0.01975789945435705,6.477999821100673e-05,68,56,37,36,36,21,0.001738078625377915,4.827996181605319e-05,0,0,d8dc20191b8dd3a790feb049d9aa911316444894eca7abf2e73f3cc3fbd80e01,JNU_INTRADAY_MOMREV_G1_V1
2016-01-18,1.0,317,270,130,-0.004148927052822578,-1.3088097958430846e-05,56,47,37,36,36,17,0.0029464001339288707,8.184444816469085e-05,0,0,d8dc20191b8dd3a790feb049d9aa911316444894eca7abf2e73f3cc3fbd80e01,JNU_INTRADAY_MOMREV_G1_V1
2016-01-19,1.0,313,264,136,0.010640209104056159,3.399427828771936e-05,60,49,37,36,36,26,0.038017793018136875,0.0010560498060593576,0,0,d8dc20191b8dd3a790feb049d9aa911316444894eca7abf2e73f3cc3fbd80e01,JNU_INTRADAY_MOMREV_G1_V1
2016-01-20,1.0,313,269,128,-0.016958204236787042,-5.417956625171579e-05,60,44,37,36,36,16,-0.005767109222860599,-0.00016019747841279443,0,0,d8dc20191b8dd3a790feb049d9aa911316444894eca7abf2e73f3cc3fbd80e01,JNU_INTRADAY_MOMREV_G1_V1
2016-01-21,1.0,326,286,142,0.011353785352041222,3.4827562429574305e-05,47,40,37,36,36,17,-0.008778255671133326,-0.00024384043530925907,0,0,d8dc20191b8dd3a790feb049d9aa911316444894eca7abf2e73f3cc3fbd80e01,JNU_INTRADAY_MOMREV_G1_V1
2016-01-22,1.0,314,264,134,-0.003908989691869503,-1.2449011757546189e-05,59,50,37,36,36,17,-0.011430977097390764,-0.0003175271415941879,0,0,d8dc20191b8dd3a790feb049d9aa911316444894eca7abf2e73f3cc3fbd80e01,JNU_INTRADAY_MOMREV_G1_V1
2016-01-25,1.0,318,275,118,-0.03492060917331958,-0.00010981323639408673,55,43,37,36,36,16,-0.0010273578686101432,-2.8537718572503977e-05,0,0,d8dc20191b8dd3a790feb049d9aa911316444894eca7abf2e73f3cc3fbd80e01,JNU_INTRADAY_MOMREV_G1_V1
2016-01-26,1.0,289,227,101,-0.026560712475582518,-9.190557950028554e-05,84,62,37,36,36,16,-0.0020359211975305605,-5.6553366598071126e-05,0,0,d8dc20191b8dd3a790feb049d9aa911316444894eca7abf2e73f3cc3fbd80e01,JNU_INTRADAY_MOMREV_G1_V1
2016-01-27,1.0,312,258,124,-2.2706738021126575e-05,-7.277800647796979e-08,61,54,37,36,36,20,-0.002666330057183806,-7.406472381066128e-05,0,0,d8dc20191b8dd3a790feb049d9aa911316444894eca7abf2e73f3cc3fbd80e01,JNU_INTRADAY_MOMREV_G1_V1
2016-01-28,1.0,302,241,104,-0.034821164700413736,-0.00011530186986891965,71,61,37,36,36,17,-0.005325225852083245,-0.0001479229403356457,0,0,d8dc20191b8dd3a790feb049d9aa911316444894eca7abf2e73f3cc3fbd80e01,JNU_INTRADAY_MOMREV_G1_V1
2016-01-29,1.0,321,283,134,0.035387285884208586,0.00011024076599441928,52,38,37,36,36,19,-0.020013498639288373,-0.0005559305177580103,0,0,d8dc20191b8dd3a790feb049d9aa911316444894eca7abf2e73f3cc3fbd80e01,JNU_INTRADAY_MOMREV_G1_V1
2016-02-01,1.0,301,245,91,-0.043248108183943125,-0.00014368142253801702,72,56,37,36,36,18,0.003932402897849905,0.00010923341382916404,0,0,d8dc20191b8dd3a790feb049d9aa911316444894eca7abf2e73f3cc3fbd80e01,JNU_INTRADAY_MOMREV_G1_V1
2016-02-02,1.0,281,212,91,-0.018023640194052608,-6.414106830623704e-05,92,69,37,36,36,22,0.0044973888603678696,0.00012492746834355192,0,0,d8dc20191b8dd3a790feb049d9aa911316444894eca7abf2e73f3cc3fbd80e01,JNU_INTRADAY_MOMREV_G1_V1
2016-02-03,1.0,315,270,118,-0.021323847381946395,-6.769475359348062e-05,58,45,37,36,36,20,0.00646952263592949,0.0001797089621091525,0,0,d8dc20191b8dd3a790feb049d9aa911316444894eca7abf2e73f3cc3fbd80e01,JNU_INTRADAY_MOMREV_G1_V1
2016-02-04,1.0,301,246,115,-0.0270246963408135,-8.978304432163953e-05,72,55,37,36,36,14,-0.017271660085865843,-0.00047976833571849564,0,0,d8dc20191b8dd3a790feb049d9aa911316444894eca7abf2e73f3cc3fbd80e01,JNU_INTRADAY_MOMREV_G1_V1
2016-02-05,1.0,299,246,112,-0.007948446649526368,-2.658343361045608e-05,74,53,37,36,36,17,-0.0012640894391811406,-3.511359553280946e-05,0,0,d8dc20191b8dd3a790feb049d9aa911316444894eca7abf2e73f3cc3fbd80e01,JNU_INTRADAY_MOMREV_G1_V1
2016-02-08,1.0,298,241,102,-0.04207465872473248,-0.00014119012994876672,75,57,37,36,36,19,0.015295319719446263,0.00042486999220684064,0,0,d8dc20191b8dd3a790feb049d9aa911316444894eca7abf2e73f3cc3fbd80e01,JNU_INTRADAY_MOMREV_G1_V1
2016-02-09,1.0,310,262,106,-0.0330294944106857,-0.00010654675616350226,63,48,37,36,36,21,0.021126230285932798,0.0005868397301648,0,0,d8dc20191b8dd3a790feb049d9aa911316444894eca7abf2e73f3cc3fbd80e01,JNU_INTRADAY_MOMREV_G1_V1
2016-02-10,1.0,334,299,140,0.0011218305782931758,3.3587741865065144e-06,39,35,37,36,36,23,0.03074106947026611,0.0008539185963962808,0,0,d8dc20191b8dd3a790feb049d9aa911316444894eca7abf2e73f3cc3fbd80e01,JNU_INTRADAY_MOMREV_G1_V1
2016-02-12,1.0,324,283,142,-0.003387762243245687,-1.0456056306313849e-05,49,41,37,36,36,18,-0.02019280143759137,-0.0005609111510442047,0,0,d8dc20191b8dd3a790feb049d9aa911316444894eca7abf2e73f3cc3fbd80e01,JNU_INTRADAY_MOMREV_G1_V1
2016-02-15,1.0,314,264,122,-0.011081072179719766,-3.529003878891645e-05,59,50,37,36,36,15,-0.01348465811025986,-0.0003745738363961072,0,0,d8dc20191b8dd3a790feb049d9aa911316444894eca7abf2e73f3cc3fbd80e01,JNU_INTRADAY_MOMREV_G1_V1
2016-02-16,1.0,313,270,134,0.013682712319305063,4.371473584442512e-05,60,43,37,36,36,20,0.014318889611708612,0.0003977469336585726,0,0,d8dc20191b8dd3a790feb049d9aa911316444894eca7abf2e73f3cc3fbd80e01,JNU_INTRADAY_MOMREV_G1_V1
2016-02-17,1.0,319,272,132,0.0028412800271678043,8.906833940964904e-06,54,47,37,36,36,19,0.00855228997212222,0.00023756361033672836,0,0,d8dc20191b8dd3a790feb049d9aa911316444894eca7abf2e73f3cc3fbd80e01,JNU_INTRADAY_MOMREV_G1_V1
2016-02-18,1.0,308,259,117,-0.016606549198046456,-5.3917367526124855e-05,65,49,37,36,36,17,0.006172873494831532,0.00017146870818976478,0,0,d8dc20191b8dd3a790feb049d9aa911316444894eca7abf2e73f3cc3fbd80e01,JNU_INTRADAY_MOMREV_G1_V1
2016-02-19,1.0,282,212,94,-0.022376387318796032,-7.934889120140437e-05,91,70,37,36,36,21,0.005952249406810859,0.00016534026130030164,0,0,d8dc20191b8dd3a790feb049d9aa911316444894eca7abf2e73f3cc3fbd80e01,JNU_INTRADAY_MOMREV_G1_V1
2016-02-22,1.0,283,221,108,0.005324315978929915,1.881383738137779e-05,90,62,37,36,36,23,0.013639538848886966,0.00037887607913574906,0,0,d8dc20191b8dd3a790feb049d9aa911316444894eca7abf2e73f3cc3fbd80e01,JNU_INTRADAY_MOMREV_G1_V1
2016-02-23,1.0,292,235,108,-0.020968836761434816,-7.18110847994343e-05,81,57,37,36,36,20,0.005368613154546054,0.00014912814318183485,0,0,d8dc20191b8dd3a790feb049d9aa911316444894eca7abf2e73f3cc3fbd80e01,JNU_INTRADAY_MOMREV_G1_V1
2016-02-24,1.0,296,237,107,-0.017648310085326687,-5.9622669207184756e-05,77,59,37,36,36,18,0.0009107243600212267,2.529789888947852e-05,0,0,d8dc20191b8dd3a790feb049d9aa911316444894eca7abf2e73f3cc3fbd80e01,JNU_INTRADAY_MOMREV_G1_V1
2016-02-25,1.0,288,222,107,-0.0031124770540803598,-1.0807211993334583e-05,85,66,37,36,36,22,0.00872162437672018,0.00024226734379778278,0,0,d8dc20191b8dd3a790feb049d9aa911316444894eca7abf2e73f3cc3fbd80e01,JNU_INTRADAY_MOMREV_G1_V1
2016-02-26,1.0,288,227,93,-0.01626428138586112,-5.647319925646222e-05,85,61,37,36,36,24,0.008569395916867588,0.0002380387754685441,0,0,d8dc20191b8dd3a790feb049d9aa911316444894eca7abf2e73f3cc3fbd80e01,JNU_INTRADAY_MOMREV_G1_V1
2016-02-29,1.0,302,247,118,-0.009923216958629714,-3.285833430009839e-05,71,55,37,36,36,16,-0.00786687465571512,-0.00021852429599208669,0,0,d8dc20191b8dd3a790feb049d9aa911316444894eca7abf2e73f3cc3fbd80e01,JNU_INTRADAY_MOMREV_G1_V1
2016-03-01,1.0,303,249,106,-0.024709913953114754,-8.155087113239193e-05,70,54,37,36,36,16,-0.013738131759563257,-0.00038161477109897933,0,0,d8dc20191b8dd3a790feb049d9aa911316444894eca7abf2e73f3cc3fbd80e01,JNU_INTRADAY_MOMREV_G1_V1
2016-03-02,1.0,289,228,111,0.0011656030385212106,4.033228506993808e-06,84,61,37,36,36,20,0.00024810841451517043,6.891900403199179e-06,0,0,d8dc20191b8dd3a790feb049d9aa911316444894eca7abf2e73f3cc3fbd80e01,JNU_INTRADAY_MOMREV_G1_V1
2016-03-03,1.0,281,216,108,-0.0011701027632930443,-4.164066773284856e-06,92,65,37,36,36,19,0.007657926359008136,0.0002127201766391149,0,0,d8dc20191b8dd3a790feb049d9aa911316444894eca7abf2e73f3cc3fbd80e01,JNU_INTRADAY_MOMREV_G1_V1
2016-03-04,1.0,270,192,76,-0.020642310400597094,-7.645300148369294e-05,103,78,37,36,36,20,0.006220144575812802,0.00017278179377257783,0,0,d8dc20191b8dd3a790feb049d9aa911316444894eca7abf2e73f3cc3fbd80e01,JNU_INTRADAY_MOMREV_G1_V1
2016-03-07,1.0,247,168,58,-0.0301315922320075,-0.00012199025195144737,126,79,37,36,36,21,0.00473127706601205,0.00013142436294477915,0,0,d8dc20191b8dd3a790feb049d9aa911316444894eca7abf2e73f3cc3fbd80e01,JNU_INTRADAY_MOMREV_G1_V1
2016-03-08,1.0,285,218,94,-0.020891645420907046,-7.330401902072647e-05,88,67,37,36,36,17,-0.009282055445442328,-0.0002578348734845091,0,0,d8dc20191b8dd3a790feb049d9aa911316444894eca7abf2e73f3cc3fbd80e01,JNU_INTRADAY_MOMREV_G1_V1
2016-03-09,1.0,268,202,83,-0.016574654033455136,-6.184572400542961e-05,105,66,37,36,36,23,0.020825557540533546,0.0005784877094592651,0,0,d8dc20191b8dd3a790feb049d9aa911316444894eca7abf2e73f3cc3fbd80e01,JNU_INTRADAY_MOMREV_G1_V1
2016-03-10,1.0,267,199,85,-0.0202159729940956,-7.571525465953408e-05,106,68,37,36,36,13,-0.006263161074208478,-0.00017397669650579103,0,0,d8dc20191b8dd3a790feb049d9aa911316444894eca7abf2e73f3cc3fbd80e01,JNU_INTRADAY_MOMREV_G1_V1
2016-03-11,1.0,276,204,92,-0.002935960260711785,-1.0637537176491975e-05,97,72,37,36,36,20,0.004015066112583121,0.00011152961423842002,0,0,d8dc20191b8dd3a790feb049d9aa911316444894eca7abf2e73f3cc3fbd80e01,JNU_INTRADAY_MOMREV_G1_V1
2016-03-14,1.0,238,153,53,-0.020770925373930466,-8.727279568878347e-05,135,85,37,36,36,24,0.015793563589570122,0.0004387100997102812,0,0,d8dc20191b8dd3a790feb049d9aa911316444894eca7abf2e73f3cc3fbd80e01,JNU_INTRADAY_MOMREV_G1_V1
2016-03-15,1.0,244,166,65,-0.017317847355650097,-7.097478424446761e-05,129,78,37,36,36,16,-0.0005931568474299453,-1.6476579095276258e-05,0,0,d8dc20191b8dd3a790feb049d9aa911316444894eca7abf2e73f3cc3fbd80e01,JNU_INTRADAY_MOMREV_G1_V1
2016-03-16,1.0,251,173,88,0.002659411661018896,1.0595265581748589e-05,122,78,37,36,36,22,0.010387964850303343,0.00028855457917509287,0,0,d8dc20191b8dd3a790feb049d9aa911316444894eca7abf2e73f3cc3fbd80e01,JNU_INTRADAY_MOMREV_G1_V1
2016-03-17,1.0,273,206,91,-0.007361799538177676,-2.69662986746435e-05,100,67,37,36,36,14,-0.011577546896437873,-0.000321598524901052,0,0,d8dc20191b8dd3a790feb049d9aa911316444894eca7abf2e73f3cc3fbd80e01,JNU_INTRADAY_MOMREV_G1_V1
2016-03-18,1.0,275,206,102,-0.0063469394539703355,-2.3079779832619402e-05,98,69,37,36,36,18,-0.005110374067571738,-0.00014195483521032605,0,0,d8dc20191b8dd3a790feb049d9aa911316444894eca7abf2e73f3cc3fbd80e01,JNU_INTRADAY_MOMREV_G1_V1
2016-03-22,1.0,250,171,86,7.919364853463688e-06,3.167745941385475e-08,123,79,37,36,36,16,-0.008036892019973582,-0.00022324700055482172,0,0,d8dc20191b8dd3a790feb049d9aa911316444894eca7abf2e73f3cc3fbd80e01,JNU_INTRADAY_MOMREV_G1_V1
2016-03-23,1.0,259,185,76,-0.011258368715714246,-4.3468605079977786e-05,114,74,37,36,36,21,0.003254073578103336,9.039093272509267e-05,0,0,d8dc20191b8dd3a790feb049d9aa911316444894eca7abf2e73f3cc3fbd80e01,JNU_INTRADAY_MOMREV_G1_V1
2016-03-24,1.0,240,160,73,-0.002999011586270791,-1.2495881609461628e-05,133,80,37,36,36,16,-0.0006039382611951323,-1.6776062810975896e-05,0,0,d8dc20191b8dd3a790feb049d9aa911316444894eca7abf2e73f3cc3fbd80e01,JNU_INTRADAY_MOMREV_G1_V1
2016-03-25,1.0,232,155,53,-0.018389583934372594,-7.926544799298531e-05,141,77,37,36,36,22,0.009208690845530474,0.00025579696793140205,0,0,d8dc20191b8dd3a790feb049d9aa911316444894eca7abf2e73f3cc3fbd80e01,JNU_INTRADAY_MOMREV_G1_V1
2016-03-28,1.0,224,151,56,-0.011476454813502967,-5.123417327456682e-05,149,73,37,36,36,21,0.010880892930711292,0.00030224702585309143,0,0,d8dc20191b8dd3a790feb049d9aa911316444894eca7abf2e73f3cc3fbd80e01,JNU_INTRADAY_MOMREV_G1_V1
2016-03-29,1.0,275,203,75,-0.034608657636937046,-0.00012584966413431653,98,72,37,36,36,16,-0.004711759775489353,-0.00013088221598581536,0,0,d8dc20191b8dd3a790feb049d9aa911316444894eca7abf2e73f3cc3fbd80e01,JNU_INTRADAY_MOMREV_G1_V1
2016-03-30,1.0,244,177,63,-0.027403180000553407,-0.00011230811475636642,129,67,37,36,36,19,-0.00028700997263791575,-7.972499239942104e-06,0,0,d8dc20191b8dd3a790feb049d9aa911316444894eca7abf2e73f3cc3fbd80e01,JNU_INTRADAY_MOMREV_G1_V1
2016-03-31,1.0,281,216,93,-0.01675247388900164,-5.961734480071758e-05,92,65,37,36,36,20,-0.005388013159816273,-0.00014966703221711868,0,0,d8dc20191b8dd3a790feb049d9aa911316444894eca7abf2e73f3cc3fbd80e01,JNU_INTRADAY_MOMREV_G1_V1
2016-04-01,1.0,288,224,101,-0.0030118142251156768,-1.0457688281651655e-05,85,64,37,36,36,17,-0.013967785245772963,-0.0003879940346048045,0,0,d8dc20191b8dd3a790feb049d9aa911316444894eca7abf2e73f3cc3fbd80e01,JNU_INTRADAY_MOMREV_G1_V1
2016-04-04,1.0,280,215,99,-0.0036369109367497755,-1.2988967631249198e-05,93,65,37,36,36,22,0.013636931514177266,0.00037880365317159075,0,0,d8dc20191b8dd3a790feb049d9aa911316444894eca7abf2e73f3cc3fbd80e01,JNU_INTRADAY_MOMREV_G1_V1
2016-04-05,1.0,278,212,104,-0.012062295153333884,-4.338955091127297e-05,95,66,37,36,36,21,-0.0037123782186049125,-0.0001031216171834698,0,0,d8dc20191b8dd3a790feb049d9aa911316444894eca7abf2e73f3cc3fbd80e01,JNU_INTRADAY_MOMREV_G1_V1
2016-04-06,1.0,284,226,106,-0.014015268371491026,-4.93495365193346e-05,89,58,37,36,36,19,0.006665723280187486,0.00018515898000520794,0,0,d8dc20191b8dd3a790feb049d9aa911316444894eca7abf2e73f3cc3fbd80e01,JNU_INTRADAY_MOMREV_G1_V1
2016-04-07,1.0,296,242,106,-0.01684210688172724,-5.6899009735564993e-05,77,54,37,36,36,18,-0.0009212835267976261,-2.5591209077711835e-05,0,0,d8dc20191b8dd3a790feb049d9aa911316444894eca7abf2e73f3cc3fbd80e01,JNU_INTRADAY_MOMREV_G1_V1
2016-04-08,1.0,287,226,107,-0.020405754282311277,-7.110018913697309e-05,86,61,37,36,36,16,-0.014838348293398196,-0.0004121763414832832,0,0,d8dc20191b8dd3a790feb049d9aa911316444894eca7abf2e73f3cc3fbd80e01,JNU_INTRADAY_MOMREV_G1_V1
2016-04-11,1.0,289,226,108,-0.015065772521344936,-5.2130700765899434e-05,84,63,37,36,36,20,0.008914659834562825,0.0002476294398489674,0,0,d8dc20191b8dd3a790feb049d9aa911316444894eca7abf2e73f3cc3fbd80e01,JNU_INTRADAY_MOMREV_G1_V1
2016-04-12,1.0,296,235,109,-0.007812620712408706,-2.6393988893272654e-05,77,61,37,36,36,16,-0.004405896979469543,-0.0001223860272074873,0,0,d8dc20191b8dd3a790feb049d9aa911316444894eca7abf2e73f3cc3fbd80e01,JNU_INTRADAY_MOMREV_G1_V1
2016-04-13,1.0,258,178,77,-0.012332388653037988,-4.779995601952709e-05,115,80,37,36,36,18,-0.004625875101712393,-0.000128496530603122,0,0,d8dc20191b8dd3a790feb049d9aa911316444894eca7abf2e73f3cc3fbd80e01,JNU_INTRADAY_MOMREV_G1_V1
2016-04-14,1.0,264,196,94,0.004470447966583186,1.693351502493631e-05,109,68,37,36,36,20,0.011285842808075949,0.00031349563355766527,0,0,d8dc20191b8dd3a790feb049d9aa911316444894eca7abf2e73f3cc3fbd80e01,JNU_INTRADAY_MOMREV_G1_V1
2016-04-15,1.0,269,201,90,-0.0017615945682790866,-6.548678692487311e-06,104,68,37,36,36,19,0.0014987647771126638,4.1632354919796214e-05,0,0,d8dc20191b8dd3a790feb049d9aa911316444894eca7abf2e73f3cc3fbd80e01,JNU_INTRADAY_MOMREV_G1_V1
2016-04-18,1.0,277,207,92,-0.002152427231715302,-7.77049542135488e-06,96,70,37,36,36,22,0.009451623946421897,0.00026254510962283044,0,0,d8dc20191b8dd3a790feb049d9aa911316444894eca7abf2e73f3cc3fbd80e01,JNU_INTRADAY_MOMREV_G1_V1
2016-04-19,1.0,266,199,74,-0.028217743800741837,-0.00010608174361181143,107,67,37,36,36,17,-0.002972910967555833,-8.258086020988424e-05,0,0,d8dc20191b8dd3a790feb049d9aa911316444894eca7abf2e73f3cc3fbd80e01,JNU_INTRADAY_MOMREV_G1_V1
2016-04-20,1.0,267,192,88,-0.015348095953983669,-5.748350544563172e-05,106,75,37,36,36,21,0.019496964770491544,0.0005415823547358762,0,0,d8dc20191b8dd3a790feb049d9aa911316444894eca7abf2e73f3cc3fbd80e01,JNU_INTRADAY_MOMREV_G1_V1
2016-04-21,1.0,259,176,67,-0.021442386489844305,-8.278913702642589e-05,114,83,37,36,36,17,-0.008110803154290422,-0.0002253000876191784,0,0,d8dc20191b8dd3a790feb049d9aa911316444894eca7abf2e73f3cc3fbd80e01,JNU_INTRADAY_MOMREV_G1_V1
2016-04-22,1.0,265,194,87,0.004296251090683502,1.6212268266730194e-05,108,71,37,36,36,20,0.002849646282767158,7.915684118797661e-05,0,0,d8dc20191b8dd3a790feb049d9aa911316444894eca7abf2e73f3cc3fbd80e01,JNU_INTRADAY_MOMREV_G1_V1
2016-04-25,1.0,271,205,87,-0.020070975130485745,-7.406263885788098e-05,102,66,37,36,36,22,0.0020273236077494564,5.631454465970712e-05,0,0,d8dc20191b8dd3a790feb049d9aa911316444894eca7abf2e73f3cc3fbd80e01,JNU_INTRADAY_MOMREV_G1_V1
2016-04-26,1.0,250,167,74,-0.0072082451946116136,-2.8832980778446455e-05,123,83,37,36,36,20,0.007215392688150303,0.00020042757467084177,0,0,d8dc20191b8dd3a790feb049d9aa911316444894eca7abf2e73f3cc3fbd80e01,JNU_INTRADAY_MOMREV_G1_V1
2016-04-27,1.0,263,188,72,-0.017351972950053945,-6.597708346028116e-05,110,75,37,36,36,14,-0.002874758865687486,-7.98544129357635e-05,0,0,d8dc20191b8dd3a790feb049d9aa911316444894eca7abf2e73f3cc3fbd80e01,JNU_INTRADAY_MOMREV_G1_V1
2016-04-28,1.0,283,221,101,-0.003477582157464392,-1.2288276174785838e-05,90,62,37,36,36,21,0.05380217071410196,0.0014945047420583878,0,0,d8dc20191b8dd3a790feb049d9aa911316444894eca7abf2e73f3cc3fbd80e01,JNU_INTRADAY_MOMREV_G1_V1
2016-05-02,1.0,258,187,83,-0.016277285377050536,-6.309025339942068e-05,115,71,37,36,36,18,0.0018721334796643592,5.200370776845442e-05,0,0,d8dc20191b8dd3a790feb049d9aa911316444894eca7abf2e73f3cc3fbd80e01,JNU_INTRADAY_MOMREV_G1_V1
2016-05-06,1.0,254,174,65,-0.013479318474985189,-5.3068182972382634e-05,119,80,37,36,36,19,0.0037151515633034073,0.00010319865453620576,0,0,d8dc20191b8dd3a790feb049d9aa911316444894eca7abf2e73f3cc3fbd80e01,JNU_INTRADAY_MOMREV_G1_V1
2016-05-09,1.0,240,155,65,-0.004006262784593336,-1.6692761602472232e-05,133,85,37,36,36,24,0.01604040558359499,0.0004455668217665275,0,0,d8dc20191b8dd3a790feb049d9aa911316444894eca7abf2e73f3cc3fbd80e01,JNU_INTRADAY_MOMREV_G1_V1
2016-05-10,1.0,269,202,89,-0.007836394545936308,-2.9131578237681444e-05,104,67,37,36,36,19,-0.002760118180031257,-7.66699494453127e-05,0,0,d8dc20191b8dd3a790feb049d9aa911316444894eca7abf2e73f3cc3fbd80e01,JNU_INTRADAY_MOMREV_G1_V1
2016-05-11,1.0,271,207,92,-0.010544693750123764,-3.89103090410471e-05,102,64,37,36,36,21,0.0006937601354768939,1.9271114874358163e-05,0,0,d8dc20191b8dd3a790feb049d9aa911316444894eca7abf2e73f3cc3fbd80e01,JNU_INTRADAY_MOMREV_G1_V1
2016-05-12,1.0,252,176,93,-0.002285774622942977,-9.070534218027687e-06,121,76,37,36,36,19,0.0042628699383875975,0.00011841305384409993,0,0,d8dc20191b8dd3a790feb049d9aa911316444894eca7abf2e73f3cc3fbd80e01,JNU_INTRADAY_MOMREV_G1_V1
2016-05-13,1.0,272,203,93,-0.009671975382164322,-3.555873302266295e-05,101,69,37,36,36,22,0.007555236903822757,0.00020986769177285436,0,0,d8dc20191b8dd3a790feb049d9aa911316444894eca7abf2e73f3cc3fbd80e01,JNU_INTRADAY_MOMREV_G1_V1
2016-05-16,1.0,271,203,97,-0.0018632892948152108,-6.875606253930667e-06,102,68,37,36,36,18,-0.010891703656201769,-0.0003025473237833825,0,0,d8dc20191b8dd3a790feb049d9aa911316444894eca7abf2e73f3cc3fbd80e01,JNU_INTRADAY_MOMREV_G1_V1
2016-05-17,1.0,245,165,70,-0.006018693453432636,-2.4566095728296473e-05,128,80,37,36,36,19,0.0009143956444169995,2.539987901158332e-05,0,0,d8dc20191b8dd3a790feb049d9aa911316444894eca7abf2e73f3cc3fbd80e01,JNU_INTRADAY_MOMREV_G1_V1
2016-05-18,1.0,268,194,102,0.015620449131845716,5.82852579546482e-05,105,74,37,36,36,18,-0.013539774374433003,-0.0003761048437342501,0,0,d8dc20191b8dd3a790feb049d9aa911316444894eca7abf2e73f3cc3fbd80e01,JNU_INTRADAY_MOMREV_G1_V1
2016-05-19,1.0,256,180,75,-0.012282670603159677,-4.797918204359249e-05,117,76,37,36,36,19,0.010478214335032333,0.0002910615093064537,0,0,d8dc20191b8dd3a790feb049d9aa911316444894eca7abf2e73f3cc3fbd80e01,JNU_INTRADAY_MOMREV_G1_V1
2016-05-20,1.0,252,174,72,-0.015894750367875885,-6.30744062217297e-05,121,78,37,36,36,21,0.0030282788306731324,8.411885640758701e-05,0,0,d8dc20191b8dd3a790feb049d9aa911316444894eca7abf2e73f3cc3fbd80e01,JNU_INTRADAY_MOMREV_G1_V1
2016-05-23,1.0,260,180,78,-0.011167217829543498,-4.295083780593653e-05,113,80,37,36,36,20,-0.0029906797439958597,-8.307443733321833e-05,0,0,d8dc20191b8dd3a790feb049d9aa911316444894eca7abf2e73f3cc3fbd80e01,JNU_INTRADAY_MOMREV_G1_V1
2016-05-24,1.0,251,176,60,-0.0245050432501983,-9.762965438326015e-05,122,75,37,36,36,16,0.0012049829026828719,3.347174729674644e-05,0,0,d8dc20191b8dd3a790feb049d9aa911316444894eca7abf2e73f3cc3fbd80e01,JNU_INTRADAY_MOMREV_G1_V1
2016-05-25,1.0,222,132,42,-0.02234728275962607,-0.00010066343585417149,151,90,37,36,36,19,0.0008895196549384414,2.4708879303845595e-05,0,0,d8dc20191b8dd3a790feb049d9aa911316444894eca7abf2e73f3cc3fbd80e01,JNU_INTRADAY_MOMREV_G1_V1
2016-05-26,1.0,226,141,62,-0.00029352721723268076,-1.2987929966047821e-06,147,85,37,36,36,21,0.011294089673523851,0.0003137247131534403,0,0,d8dc20191b8dd3a790feb049d9aa911316444894eca7abf2e73f3cc3fbd80e01,JNU_INTRADAY_MOMREV_G1_V1
2016-05-27,1.0,219,139,47,-0.012755920002719846,-5.824621005808149e-05,154,80,37,36,36,17,-0.009202914972207338,-0.0002556365270057594,0,0,d8dc20191b8dd3a790feb049d9aa911316444894eca7abf2e73f3cc3fbd80e01,JNU_INTRADAY_MOMREV_G1_V1
2016-05-30,1.0,216,130,39,-0.022960197118683665,-0.00010629720888279474,157,86,37,36,36,21,0.002349575056350578,6.526597378751606e-05,0,0,d8dc20191b8dd3a790feb049d9aa911316444894eca7abf2e73f3cc3fbd80e01,JNU_INTRADAY_MOMREV_G1_V1
2016-05-31,1.0,245,161,56,-0.01634306191462225,-6.670637516172346e-05,128,84,37,36,36,18,-0.00029643021718294413,-8.234172699526225e-06,0,0,d8dc20191b8dd3a790feb049d9aa911316444894eca7abf2e73f3cc3fbd80e01,JNU_INTRADAY_MOMREV_G1_V1
2016-06-01,1.0,246,165,65,-0.015528648388871592,-6.312458694663249e-05,127,81,37,36,36,16,-0.012947680502731934,-0.0003596577917425537,0,0,d8dc20191b8dd3a790feb049d9aa911316444894eca7abf2e73f3cc3fbd80e01,JNU_INTRADAY_MOMREV_G1_V1
2016-06-02,1.0,248,171,78,-0.010546108380520619,-4.25246305666154e-05,125,77,37,36,36,17,-0.005707149895983206,-0.00015853194155508905,0,0,d8dc20191b8dd3a790feb049d9aa911316444894eca7abf2e73f3cc3fbd80e01,JNU_INTRADAY_MOMREV_G1_V1
2016-06-03,1.0,257,182,98,0.0029844282775778283,1.1612561391353418e-05,116,75,37,36,36,20,-0.0014965856131586013,-4.1571822587738924e-05,0,0,d8dc20191b8dd3a790feb049d9aa911316444894eca7abf2e73f3cc3fbd80e01,JNU_INTRADAY_MOMREV_G1_V1
2016-06-06,1.0,235,157,71,-0.00547149979457825,-2.328297784926915e-05,138,78,37,36,36,17,-0.0006185429541765122,-1.718174872712534e-05,0,0,d8dc20191b8dd3a790feb049d9aa911316444894eca7abf2e73f3cc3fbd80e01,JNU_INTRADAY_MOMREV_G1_V1
2016-06-07,1.0,233,145,50,-0.020449291498004164,-8.776519956224963e-05,140,88,37,36,36,24,0.012631605324176152,0.0003508779256715598,0,0,d8dc20191b8dd3a790feb049d9aa911316444894eca7abf2e73f3cc3fbd80e01,JNU_INTRADAY_MOMREV_G1_V1
2016-06-08,1.0,240,164,80,-0.0036042500647179973,-1.5017708602991656e-05,133,76,37,36,36,11,-0.017959050483095113,-0.0004988625134193087,0,0,d8dc20191b8dd3a790feb049d9aa911316444894eca7abf2e73f3cc3fbd80e01,JNU_INTRADAY_MOMREV_G1_V1
2016-06-09,1.0,252,167,72,-0.006872722538361792,-2.7272708485562666e-05,121,85,37,36,36,17,-0.003609150989403555,-0.00010025419415009875,0,0,d8dc20191b8dd3a790feb049d9aa911316444894eca7abf2e73f3cc3fbd80e01,JNU_INTRADAY_MOMREV_G1_V1
2016-06-10,1.0,231,150,63,-0.009687068199499622,-4.193536017099403e-05,142,81,37,36,36,21,0.005754324338987506,0.00015984234274965295,0,0,d8dc20191b8dd3a790feb049d9aa911316444894eca7abf2e73f3cc3fbd80e01,JNU_INTRADAY_MOMREV_G1_V1
2016-06-13,1.0,238,153,78,0.001305487070657824,5.485239792679933e-06,135,85,37,36,36,19,-0.0024961440134567436,-6.933733370713177e-05,0,0,d8dc20191b8dd3a790feb049d9aa911316444894eca7abf2e73f3cc3fbd80e01,JNU_INTRADAY_MOMREV_G1_V1
2016-06-14,1.0,269,202,83,-0.026605315746411257,-9.890451950338757e-05,104,67,37,36,36,21,0.008497036286559925,0.00023602878573777568,0,0,d8dc20191b8dd3a790feb049d9aa911316444894eca7abf2e73f3cc3fbd80e01,JNU_INTRADAY_MOMREV_G1_V1
2016-06-15,1.0,292,228,100,-0.022397858210020438,-7.670499386993301e-05,81,64,37,36,36,21,0.012275816077042388,0.0003409948910289552,0,0,d8dc20191b8dd3a790feb049d9aa911316444894eca7abf2e73f3cc3fbd80e01,JNU_INTRADAY_MOMREV_G1_V1
2016-06-16,1.0,290,228,103,-0.003454200057480479,-1.1911034680967169e-05,83,62,37,36,36,19,0.008811447597098569,0.00024476243325273803,0,0,d8dc20191b8dd3a790feb049d9aa911316444894eca7abf2e73f3cc3fbd80e01,JNU_INTRADAY_MOMREV_G1_V1
2016-06-17,1.0,291,237,102,-0.01630049246391935,-5.601543802034141e-05,82,54,37,36,36,18,-0.0006370291607179777,-1.7695254464388267e-05,0,0,d8dc20191b8dd3a790feb049d9aa911316444894eca7abf2e73f3cc3fbd80e01,JNU_INTRADAY_MOMREV_G1_V1
2016-06-20,1.0,260,181,77,-0.008499742094010276,-3.269131574619337e-05,113,79,37,36,36,24,0.007511243353724762,0.00020864564871457672,0,0,d8dc20191b8dd3a790feb049d9aa911316444894eca7abf2e73f3cc3fbd80e01,JNU_INTRADAY_MOMREV_G1_V1
2016-06-21,1.0,263,192,88,-0.012171295594765638,-4.6278690474394064e-05,110,71,37,36,36,21,0.00565285179357076,0.00015702366093252112,0,0,d8dc20191b8dd3a790feb049d9aa911316444894eca7abf2e73f3cc3fbd80e01,JNU_INTRADAY_MOMREV_G1_V1
2016-06-22,1.0,258,183,71,-0.030318918830093727,-0.00011751518926392917,115,75,37,36,36,18,-0.002810632830876606,-7.807313419101684e-05,0,0,d8dc20191b8dd3a790feb049d9aa911316444894eca7abf2e73f3cc3fbd80e01,JNU_INTRADAY_MOMREV_G1_V1
2016-06-23,1.0,251,182,57,-0.034795016982422426,-0.00013862556566702163,122,69,37,36,36,16,-0.004340128455245863,-0.00012055912375682953,0,0,d8dc20191b8dd3a790feb049d9aa911316444894eca7abf2e73f3cc3fbd80e01,JNU_INTRADAY_MOMREV_G1_V1
2016-06-24,1.0,325,292,152,0.08597084486308365,0.00026452567650179587,48,33,37,36,36,20,-0.0234603750744332,-0.0006516770854009223,0,0,d8dc20191b8dd3a790feb049d9aa911316444894eca7abf2e73f3cc3fbd80e01,JNU_INTRADAY_MOMREV_G1_V1
2016-06-27,1.0,300,244,107,-0.010513742514442023,-3.504580838147341e-05,73,56,37,36,36,18,0.008693821373919585,0.00024149503816443292,0,0,d8dc20191b8dd3a790feb049d9aa911316444894eca7abf2e73f3cc3fbd80e01,JNU_INTRADAY_MOMREV_G1_V1
2016-06-28,1.0,295,232,114,0.010487674234695836,3.55514380837147e-05,78,63,37,36,36,20,0.00262764060968763,7.29900169357675e-05,0,0,d8dc20191b8dd3a790feb049d9aa911316444894eca7abf2e73f3cc3fbd80e01,JNU_INTRADAY_MOMREV_G1_V1
2016-06-29,1.0,265,196,89,-0.007361707031052164,-2.7780026532272315e-05,108,69,37,36,36,15,-0.002904016782883119,-8.066713285786442e-05,0,0,d8dc20191b8dd3a790feb049d9aa911316444894eca7abf2e73f3cc3fbd80e01,JNU_INTRADAY_MOMREV_G1_V1
2016-06-30,1.0,264,183,73,-0.009202337392866872,-3.485733860934421e-05,109,81,37,36,36,20,0.008897850427286504,0.0002471625118690695,0,0,d8dc20191b8dd3a790feb049d9aa911316444894eca7abf2e73f3cc3fbd80e01,JNU_INTRADAY_MOMREV_G1_V1
2016-07-01,1.0,255,174,65,-0.015021229577740974,-5.890678265780774e-05,118,81,37,36,36,19,0.01182756355496179,0.0003285434320822719,0,0,d8dc20191b8dd3a790feb049d9aa911316444894eca7abf2e73f3cc3fbd80e01,JNU_INTRADAY_MOMREV_G1_V1
2016-07-04,1.0,240,162,70,-0.01343301774598133,-5.597090727492221e-05,133,78,37,36,36,21,0.016931073061078866,0.0004703075850299685,0,0,d8dc20191b8dd3a790feb049d9aa911316444894eca7abf2e73f3cc3fbd80e01,JNU_INTRADAY_MOMREV_G1_V1
2016-07-05,1.0,242,159,64,-0.015303957436103502,-6.323949353761778e-05,131,83,37,36,36,18,-0.0009612825918566994,-2.670229421824165e-05,0,0,d8dc20191b8dd3a790feb049d9aa911316444894eca7abf2e73f3cc3fbd80e01,JNU_INTRADAY_MOMREV_G1_V1
2016-07-06,1.0,258,189,85,-0.010185403343029408,-3.9478307531121734e-05,115,69,37,36,36,22,0.014646725683785378,0.00040685349121626053,0,0,d8dc20191b8dd3a790feb049d9aa911316444894eca7abf2e73f3cc3fbd80e01,JNU_INTRADAY_MOMREV_G1_V1
2016-07-07,1.0,267,204,98,0.003717323826860384,1.3922561149289827e-05,106,63,37,36,36,20,0.006847538462564627,0.00019020940173790628,0,0,d8dc20191b8dd3a790feb049d9aa911316444894eca7abf2e73f3cc3fbd80e01,JNU_INTRADAY_MOMREV_G1_V1
2016-07-08,1.0,262,187,88,-0.000953142607560714,-3.637948883819519e-06,111,75,37,36,36,20,-0.0026298649801117357,-7.305180500310377e-05,0,0,d8dc20191b8dd3a790feb049d9aa911316444894eca7abf2e73f3cc3fbd80e01,JNU_INTRADAY_MOMREV_G1_V1
2016-07-11,1.0,253,177,80,-0.007313772947711712,-2.8908193469216252e-05,120,76,37,36,36,10,-0.01820326705294352,-0.0005056463070262089,0,0,d8dc20191b8dd3a790feb049d9aa911316444894eca7abf2e73f3cc3fbd80e01,JNU_INTRADAY_MOMREV_G1_V1
2016-07-12,1.0,269,196,101,0.007745511001258166,2.8793721194268276e-05,104,73,37,36,36,22,0.012998062666756106,0.0003610572962987807,0,0,d8dc20191b8dd3a790feb049d9aa911316444894eca7abf2e73f3cc3fbd80e01,JNU_INTRADAY_MOMREV_G1_V1
2016-07-13,1.0,289,224,108,-0.009188100570586838,-3.179273553836276e-05,84,65,37,36,36,22,0.009238495505563285,0.0002566248751545357,0,0,d8dc20191b8dd3a790feb049d9aa911316444894eca7abf2e73f3cc3fbd80e01,JNU_INTRADAY_MOMREV_G1_V1
2016-07-14,1.0,253,174,71,-0.018739317872295845,-7.406845008812586e-05,120,79,37,36,36,19,0.0002921388530211262,8.114968139475727e-06,0,0,d8dc20191b8dd3a790feb049d9aa911316444894eca7abf2e73f3cc3fbd80e01,JNU_INTRADAY_MOMREV_G1_V1
2016-07-15,1.0,270,200,81,-0.019400060215065018,-7.185207487061118e-05,103,70,37,36,36,19,-0.00028955796108713606,-8.04327669686489e-06,0,0,d8dc20191b8dd3a790feb049d9aa911316444894eca7abf2e73f3cc3fbd80e01,JNU_INTRADAY_MOMREV_G1_V1
2016-07-19,1.0,249,161,61,-0.024719089021411202,-9.927344988518555e-05,139,88,38,37,37,18,-0.0036044311872817634,-9.741705911572334e-05,0,0,d8dc20191b8dd3a790feb049d9aa911316444894eca7abf2e73f3cc3fbd80e01,JNU_INTRADAY_MOMREV_G1_V1
2016-07-20,1.0,229,136,49,-0.01657995530445488,-7.240155154783789e-05,159,93,38,37,37,20,0.0011973976488845943,3.236209861850255e-05,0,0,d8dc20191b8dd3a790feb049d9aa911316444894eca7abf2e73f3cc3fbd80e01,JNU_INTRADAY_MOMREV_G1_V1
2016-07-21,1.0,246,158,54,-0.01957259282144992,-7.956338545304845e-05,142,88,38,37,37,18,-0.0029535686120269774,-7.982617870343182e-05,0,0,d8dc20191b8dd3a790feb049d9aa911316444894eca7abf2e73f3cc3fbd80e01,JNU_INTRADAY_MOMREV_G1_V1
2016-07-22,1.0,250,163,62,-0.015374761550353588,-6.149904620141435e-05,138,87,38,37,37,19,0.0051004024127883265,0.00013784871385914396,0,0,d8dc20191b8dd3a790feb049d9aa911316444894eca7abf2e73f3cc3fbd80e01,JNU_INTRADAY_MOMREV_G1_V1
2016-07-25,1.0,260,171,66,-0.012031838455431093,-4.627630175165805e-05,128,89,38,37,37,18,-0.01138056980921824,-0.0003075829678167092,0,0,d8dc20191b8dd3a790feb049d9aa911316444894eca7abf2e73f3cc3fbd80e01,JNU_INTRADAY_MOMREV_G1_V1
2016-07-26,1.0,260,174,76,-0.009770886410145683,-3.7580332346714164e-05,128,86,38,37,37,20,-0.007272590860123659,-0.00019655650973307185,0,0,d8dc20191b8dd3a790feb049d9aa911316444894eca7abf2e73f3cc3fbd80e01,JNU_INTRADAY_MOMREV_G1_V1
2016-07-27,1.0,276,199,94,0.006862449936088477,2.4863949043798832e-05,112,77,38,37,37,23,0.000597826765270973,1.615748014245873e-05,0,0,d8dc20191b8dd3a790feb049d9aa911316444894eca7abf2e73f3cc3fbd80e01,JNU_INTRADAY_MOMREV_G1_V1
2016-07-28,1.0,254,170,73,-0.00816865354407939,-3.2160053323147205e-05,134,84,38,37,37,22,0.007281778921680802,0.00019680483572110275,0,0,d8dc20191b8dd3a790feb049d9aa911316444894eca7abf2e73f3cc3fbd80e01,JNU_INTRADAY_MOMREV_G1_V1
2016-07-29,1.0,310,255,120,-0.037840666862932026,-0.00012206666729978073,78,55,38,37,37,23,0.04667161948752629,0.0012613951212844942,0,0,d8dc20191b8dd3a790feb049d9aa911316444894eca7abf2e73f3cc3fbd80e01,JNU_INTRADAY_MOMREV_G1_V1
2016-08-01,1.0,279,197,79,-0.015388469258658428,-5.5155803794474654e-05,109,82,38,37,37,20,-0.004547947802367528,-0.00012291750817209536,0,0,d8dc20191b8dd3a790feb049d9aa911316444894eca7abf2e73f3cc3fbd80e01,JNU_INTRADAY_MOMREV_G1_V1
2016-08-02,1.0,256,179,67,-0.01641477889219239,-6.412023004762653e-05,132,77,38,37,37,23,0.001819125223204,4.916554657308108e-05,0,0,d8dc20191b8dd3a790feb049d9aa911316444894eca7abf2e73f3cc3fbd80e01,JNU_INTRADAY_MOMREV_G1_V1
2016-08-03,1.0,273,199,79,-0.02358205574869042,-8.638115658860959e-05,115,74,38,37,37,22,-0.0015620067614806395,-4.2216398958936204e-05,0,0,d8dc20191b8dd3a790feb049d9aa911316444894eca7abf2e73f3cc3fbd80e01,JNU_INTRADAY_MOMREV_G1_V1
2016-08-04,1.0,274,197,88,-0.005948490864795757,-2.170982067443707e-05,114,77,38,37,37,20,0.014029557882916219,0.0003791772400788167,0,0,d8dc20191b8dd3a790feb049d9aa911316444894eca7abf2e73f3cc3fbd80e01,JNU_INTRADAY_MOMREV_G1_V1
2016-08-05,1.0,252,170,66,-0.01629977546966846,-6.468164868916055e-05,136,82,38,37,37,15,-0.009846925885357287,-0.00026613313203668345,0,0,d8dc20191b8dd3a790feb049d9aa911316444894eca7abf2e73f3cc3fbd80e01,JNU_INTRADAY_MOMREV_G1_V1
2016-08-08,1.0,231,146,53,-0.016320981566254677,-7.065359985391635e-05,157,85,38,37,37,13,0.001210910448815463,3.2727309427444943e-05,0,0,d8dc20191b8dd3a790feb049d9aa911316444894eca7abf2e73f3cc3fbd80e01,JNU_INTRADAY_MOMREV_G1_V1
2016-08-09,1.0,227,130,42,-0.017425817157589108,-7.676571435061282e-05,161,97,38,37,37,20,0.0032905177489974684,8.893291213506672e-05,0,0,d8dc20191b8dd3a790feb049d9aa911316444894eca7abf2e73f3cc3fbd80e01,JNU_INTRADAY_MOMREV_G1_V1
2016-08-10,1.0,229,139,60,-0.005081947564068766,-2.2191910760125616e-05,159,90,38,37,37,18,-0.0027031759356104757,-7.30588090705534e-05,0,0,d8dc20191b8dd3a790feb049d9aa911316444894eca7abf2e73f3cc3fbd80e01,JNU_INTRADAY_MOMREV_G1_V1
2016-08-12,1.0,232,142,46,-0.0198513172567305,-8.556602265832113e-05,156,90,38,37,37,18,-0.008897883308839739,-0.0002404833326713443,0,0,d8dc20191b8dd3a790feb049d9aa911316444894eca7abf2e73f3cc3fbd80e01,JNU_INTRADAY_MOMREV_G1_V1
2016-08-15,1.0,219,127,43,-0.016301545263471853,-7.443627974188061e-05,169,92,38,37,37,19,0.004145864848250218,0.00011205040130405996,0,0,d8dc20191b8dd3a790feb049d9aa911316444894eca7abf2e73f3cc3fbd80e01,JNU_INTRADAY_MOMREV_G1_V1
2016-08-16,1.0,250,163,72,-0.005683646739949812,-2.273458695979925e-05,138,87,38,37,37,19,-0.010779324466771064,-0.00029133309369651524,0,0,d8dc20191b8dd3a790feb049d9aa911316444894eca7abf2e73f3cc3fbd80e01,JNU_INTRADAY_MOMREV_G1_V1
2016-08-17,1.0,241,152,66,-0.006303459029493084,-2.615543165764765e-05,147,89,38,37,37,20,0.0011830933912425905,3.197549706061055e-05,0,0,d8dc20191b8dd3a790feb049d9aa911316444894eca7abf2e73f3cc3fbd80e01,JNU_INTRADAY_MOMREV_G1_V1
2016-08-18,1.0,271,193,80,-0.0036053036043775027,-1.3303703337186356e-05,117,78,38,37,37,20,0.0057605972123340905,0.00015569181654957002,0,0,d8dc20191b8dd3a790feb049d9aa911316444894eca7abf2e73f3cc3fbd80e01,JNU_INTRADAY_MOMREV_G1_V1
2016-08-19,1.0,262,178,69,-0.014551942054016241,-5.5541763564947485e-05,126,84,38,37,37,25,0.01453540458041516,0.000392848772443653,0,0,d8dc20191b8dd3a790feb049d9aa911316444894eca7abf2e73f3cc3fbd80e01,JNU_INTRADAY_MOMREV_G1_V1
2016-08-22,1.0,234,148,54,-0.017810783763507587,-7.61144605278102e-05,154,86,38,37,37,18,0.007547448091989508,0.000203985083567284,0,0,d8dc20191b8dd3a790feb049d9aa911316444894eca7abf2e73f3cc3fbd80e01,JNU_INTRADAY_MOMREV_G1_V1
2016-08-23,1.0,238,151,65,-0.002740001844962677,-1.1512612793960827e-05,150,87,38,37,37,15,-0.010876781300358346,-0.0002939670621718472,0,0,d8dc20191b8dd3a790feb049d9aa911316444894eca7abf2e73f3cc3fbd80e01,JNU_INTRADAY_MOMREV_G1_V1
2016-08-24,1.0,216,116,38,-0.013871144717280737,-6.421826258000341e-05,172,100,38,37,37,19,0.0006072302232552041,1.6411627655546056e-05,0,0,d8dc20191b8dd3a790feb049d9aa911316444894eca7abf2e73f3cc3fbd80e01,JNU_INTRADAY_MOMREV_G1_V1
2016-08-25,1.0,211,122,43,-0.009078064928323876,-4.302400439963922e-05,177,89,38,37,37,18,0.004526836176435662,0.00012234692368745032,0,0,d8dc20191b8dd3a790feb049d9aa911316444894eca7abf2e73f3cc3fbd80e01,JNU_INTRADAY_MOMREV_G1_V1
2016-08-26,1.0,246,172,74,-0.007909414376626957,-3.21520909618982e-05,142,74,38,37,37,15,-0.009742751518203897,-0.0002633176086001053,0,0,d8dc20191b8dd3a790feb049d9aa911316444894eca7abf2e73f3cc3fbd80e01,JNU_INTRADAY_MOMREV_G1_V1
2016-08-29,1.0,206,122,45,-0.01434822284166684,-6.965156719255748e-05,182,84,38,37,37,17,0.0035969171278660934,9.721397642881334e-05,0,0,d8dc20191b8dd3a790feb049d9aa911316444894eca7abf2e73f3cc3fbd80e01,JNU_INTRADAY_MOMREV_G1_V1
2016-08-30,1.0,202,107,24,-0.020029326211106938,-9.915508025300464e-05,186,95,38,37,37,24,0.006276287573798478,0.00016962939388644535,0,0,d8dc20191b8dd3a790feb049d9aa911316444894eca7abf2e73f3cc3fbd80e01,JNU_INTRADAY_MOMREV_G1_V1
2016-08-31,1.0,210,127,39,-0.016238992114374653,-7.732853387797453e-05,178,83,38,37,37,21,0.0014815267733180794,4.0041264143731876e-05,0,0,d8dc20191b8dd3a790feb049d9aa911316444894eca7abf2e73f3cc3fbd80e01,JNU_INTRADAY_MOMREV_G1_V1
2016-09-01,1.0,201,109,35,-0.013602999177160471,-6.767661282169388e-05,187,92,38,37,37,22,0.006509052345893992,0.00017592033367281058,0,0,d8dc20191b8dd3a790feb049d9aa911316444894eca7abf2e73f3cc3fbd80e01,JNU_INTRADAY_MOMREV_G1_V1
2016-09-02,1.0,230,138,53,-0.012014924078399757,-5.2238800340868506e-05,158,92,38,37,37,21,0.0035461885732371483,9.584293441181482e-05,0,0,d8dc20191b8dd3a790feb049d9aa911316444894eca7abf2e73f3cc3fbd80e01,JNU_INTRADAY_MOMREV_G1_V1
2016-09-05,1.0,222,130,47,-0.01560231246024569,-7.028068675786347e-05,166,92,38,37,37,17,0.0005785388881441824,1.5636186166058983e-05,0,0,d8dc20191b8dd3a790feb049d9aa911316444894eca7abf2e73f3cc3fbd80e01,JNU_INTRADAY_MOMREV_G1_V1
2016-09-06,1.0,198,110,34,-0.015049086115302594,-7.600548543082118e-05,190,88,38,37,37,18,0.0002935561849634565,7.933950944958283e-06,0,0,d8dc20191b8dd3a790feb049d9aa911316444894eca7abf2e73f3cc3fbd80e01,JNU_INTRADAY_MOMREV_G1_V1
2016-09-07,1.0,222,137,57,-0.010321940507158473,-4.6495227509722854e-05,166,85,38,37,37,14,-0.005302437258504494,-0.00014330911509471606,0,0,d8dc20191b8dd3a790feb049d9aa911316444894eca7abf2e73f3cc3fbd80e01,JNU_INTRADAY_MOMREV_G1_V1
2016-09-08,1.0,225,140,39,-0.01839125991570088,-8.173893295867057e-05,163,85,38,37,37,16,-0.00504821842229998,-0.00013643833573783728,0,0,d8dc20191b8dd3a790feb049d9aa911316444894eca7abf2e73f3cc3fbd80e01,JNU_INTRADAY_MOMREV_G1_V1
2016-09-09,1.0,217,125,39,-0.027047304790893793,-0.00012464195756172256,171,92,38,37,37,21,0.0041516583287275035,0.00011220698185750009,0,0,d8dc20191b8dd3a790feb049d9aa911316444894eca7abf2e73f3cc3fbd80e01,JNU_INTRADAY_MOMREV_G1_V1
2016-09-12,1.0,259,175,63,-0.018997270509156654,-7.334853478438862e-05,129,84,38,37,37,18,0.01174162961686318,0.00031734134099630217,0,0,d8dc20191b8dd3a790feb049d9aa911316444894eca7abf2e73f3cc3fbd80e01,JNU_INTRADAY_MOMREV_G1_V1
2016-09-13,1.0,243,160,69,-0.0027063506759283573,-1.1137245579952087e-05,145,83,38,37,37,22,0.005117811334206742,0.00013831922524883087,0,0,d8dc20191b8dd3a790feb049d9aa911316444894eca7abf2e73f3cc3fbd80e01,JNU_INTRADAY_MOMREV_G1_V1
2016-09-14,1.0,230,140,63,-0.00512451783881709,-2.2280512342683e-05,158,90,38,37,37,14,-0.009383466414959745,-0.0002536072004043174,0,0,d8dc20191b8dd3a790feb049d9aa911316444894eca7abf2e73f3cc3fbd80e01,JNU_INTRADAY_MOMREV_G1_V1
2016-09-15,1.0,235,134,49,-0.015336010451091318,-6.525961894081412e-05,153,101,38,37,37,27,0.01810028214473139,0.0004891968147224699,0,0,d8dc20191b8dd3a790feb049d9aa911316444894eca7abf2e73f3cc3fbd80e01,JNU_INTRADAY_MOMREV_G1_V1
2016-09-16,1.0,214,129,33,-0.022953916070597383,-0.00010726129004952048,174,85,38,37,37,22,0.003978566593217685,0.00010752882684372122,0,0,d8dc20191b8dd3a790feb049d9aa911316444894eca7abf2e73f3cc3fbd80e01,JNU_INTRADAY_MOMREV_G1_V1
2016-09-20,1.0,249,161,69,-0.01068433675281193,-4.29089829430198e-05,139,88,38,37,37,17,-0.009182612685096715,-0.00024817872121883015,0,0,d8dc20191b8dd3a790feb049d9aa911316444894eca7abf2e73f3cc3fbd80e01,JNU_INTRADAY_MOMREV_G1_V1
2016-09-21,1.0,269,202,91,-0.0021519658030392927,-7.999872873752017e-06,119,67,38,36,35,15,-0.0012173064737301825,-3.381406871472729e-05,1,1,d8dc20191b8dd3a790feb049d9aa911316444894eca7abf2e73f3cc3fbd80e01,JNU_INTRADAY_MOMREV_G1_V1
2016-09-23,1.0,236,153,60,-0.016229053584328326,-6.876717620478105e-05,152,83,38,37,37,18,0.00029953372702337644,8.09550613576693e-06,0,0,d8dc20191b8dd3a790feb049d9aa911316444894eca7abf2e73f3cc3fbd80e01,JNU_INTRADAY_MOMREV_G1_V1
2016-09-26,1.0,221,128,34,-0.021218836471484537,-9.601283471259971e-05,167,93,38,37,37,17,-0.003945735903882407,-0.00010664151091574073,0,0,d8dc20191b8dd3a790feb049d9aa911316444894eca7abf2e73f3cc3fbd80e01,JNU_INTRADAY_MOMREV_G1_V1
2016-09-27,1.0,282,209,94,-0.006319376338107089,-2.240913595073436e-05,106,73,38,37,37,13,-0.01904705499355226,-0.000514785270096007,0,0,d8dc20191b8dd3a790feb049d9aa911316444894eca7abf2e73f3cc3fbd80e01,JNU_INTRADAY_MOMREV_G1_V1
2016-09-28,1.0,247,159,58,-0.017657548465056124,-7.148805046581427e-05,141,88,38,37,37,18,0.0012216484022409544,3.301752438489066e-05,0,0,d8dc20191b8dd3a790feb049d9aa911316444894eca7abf2e73f3cc3fbd80e01,JNU_INTRADAY_MOMREV_G1_V1
2016-09-29,1.0,242,154,60,-0.01317528854778236,-5.444334110653868e-05,146,88,38,36,35,15,-0.008090902150111177,-0.0002247472819475327,1,1,d8dc20191b8dd3a790feb049d9aa911316444894eca7abf2e73f3cc3fbd80e01,JNU_INTRADAY_MOMREV_G1_V1
2016-09-30,1.0,245,154,61,-0.010940790774958123,-4.465628887738009e-05,143,91,38,37,37,23,0.01369380048212962,0.00037010271573323296,0,0,d8dc20191b8dd3a790feb049d9aa911316444894eca7abf2e73f3cc3fbd80e01,JNU_INTRADAY_MOMREV_G1_V1
2016-10-03,1.0,233,143,45,-0.021984869699325036,-9.435566394560101e-05,155,90,38,37,37,28,0.015679649375258276,0.0004237743074394129,0,0,d8dc20191b8dd3a790feb049d9aa911316444894eca7abf2e73f3cc3fbd80e01,JNU_INTRADAY_MOMREV_G1_V1
2016-10-04,1.0,226,137,45,-0.019159901638725933,-8.477832583507051e-05,162,89,38,37,37,12,-0.005390846984803216,-0.00014569856715684367,0,0,d8dc20191b8dd3a790feb049d9aa911316444894eca7abf2e73f3cc3fbd80e01,JNU_INTRADAY_MOMREV_G1_V1
2016-10-05,1.0,215,125,47,-0.011014587723612001,-5.1230640574939544e-05,173,90,38,37,37,24,0.009537796031174139,0.00025777827111281456,0,0,d8dc20191b8dd3a790feb049d9aa911316444894eca7abf2e73f3cc3fbd80e01,JNU_INTRADAY_MOMREV_G1_V1
2016-10-06,1.0,212,117,40,-0.01596480496042674,-7.530568377559783e-05,176,95,38,37,37,20,0.0002902212794796636,7.843818364315232e-06,0,0,d8dc20191b8dd3a790feb049d9aa911316444894eca7abf2e73f3cc3fbd80e01,JNU_INTRADAY_MOMREV_G1_V1
2016-10-07,1.0,214,135,46,-0.012472152811631677,-5.828108790482092e-05,174,79,38,37,37,18,0.0011842173778484765,3.200587507698585e-05,0,0,d8dc20191b8dd3a790feb049d9aa911316444894eca7abf2e73f3cc3fbd80e01,JNU_INTRADAY_MOMREV_G1_V1
2016-10-11,1.0,227,141,45,-0.01938568098929575,-8.539947572376981e-05,161,86,38,37,37,24,0.002037328039894828,5.506291999715751e-05,0,0,d8dc20191b8dd3a790feb049d9aa911316444894eca7abf2e73f3cc3fbd80e01,JNU_INTRADAY_MOMREV_G1_V1
2016-10-12,1.0,196,111,33,-0.0168614448380864,-8.602777978615509e-05,192,85,38,37,37,21,0.0008853306406912847,2.3927855153818505e-05,0,0,d8dc20191b8dd3a790feb049d9aa911316444894eca7abf2e73f3cc3fbd80e01,JNU_INTRADAY_MOMREV_G1_V1
2016-10-13,1.0,266,179,77,-0.008885119252190944,-3.3402703955605054e-05,122,87,38,37,37,17,-0.005646601183926212,-0.00015261084280881654,0,0,d8dc20191b8dd3a790feb049d9aa911316444894eca7abf2e73f3cc3fbd80e01,JNU_INTRADAY_MOMREV_G1_V1
2016-10-14,1.0,223,136,53,-0.0062308331731914,-2.7940955933593723e-05,165,87,38,37,37,19,0.0038852411450550697,0.0001050065174339208,0,0,d8dc20191b8dd3a790feb049d9aa911316444894eca7abf2e73f3cc3fbd80e01,JNU_INTRADAY_MOMREV_G1_V1
2016-10-17,1.0,233,145,56,-0.011251573858645204,-4.829001656070903e-05,155,88,38,37,37,22,0.00533405742573982,0.00014416371420918433,0,0,d8dc20191b8dd3a790feb049d9aa911316444894eca7abf2e73f3cc3fbd80e01,JNU_INTRADAY_MOMREV_G1_V1
2016-10-18,1.0,209,115,36,-0.015375973403123635,-7.356925073264897e-05,179,94,38,37,37,20,0.003556096741567005,9.61107227450542e-05,0,0,d8dc20191b8dd3a790feb049d9aa911316444894eca7abf2e73f3cc3fbd80e01,JNU_INTRADAY_MOMREV_G1_V1
2016-10-19,1.0,194,95,24,-0.013844898135910106,-7.136545430881498e-05,194,99,38,37,37,17,0.002365613472039094,6.393549924429984e-05,0,0,d8dc20191b8dd3a790feb049d9aa911316444894eca7abf2e73f3cc3fbd80e01,JNU_INTRADAY_MOMREV_G1_V1
2016-10-20,1.0,233,147,53,-0.015130453424957648,-6.493756834745771e-05,155,86,38,37,37,21,0.0017371469862509786,4.694991854732375e-05,0,0,d8dc20191b8dd3a790feb049d9aa911316444894eca7abf2e73f3cc3fbd80e01,JNU_INTRADAY_MOMREV_G1_V1
2016-10-21,1.0,206,121,42,-0.011295936289858874,-5.483464218378094e-05,182,85,38,37,37,17,-0.001145582374382728,-3.096168579412778e-05,0,0,d8dc20191b8dd3a790feb049d9aa911316444894eca7abf2e73f3cc3fbd80e01,JNU_INTRADAY_MOMREV_G1_V1
2016-10-24,1.0,214,116,30,-0.02121518203511367,-9.913636465006388e-05,174,98,38,37,37,23,0.004651508306834278,0.00012571644072525076,0,0,d8dc20191b8dd3a790feb049d9aa911316444894eca7abf2e73f3cc3fbd80e01,JNU_INTRADAY_MOMREV_G1_V1
2016-10-25,1.0,196,106,24,-0.019879215083296382,-0.00010142456675151216,192,90,38,37,37,14,-0.002880681036037127,-7.785624421721964e-05,0,0,d8dc20191b8dd3a790feb049d9aa911316444894eca7abf2e73f3cc3fbd80e01,JNU_INTRADAY_MOMREV_G1_V1
2016-10-26,1.0,194,102,26,-0.01642010754481048,-8.463972961242516e-05,194,92,38,37,37,20,0.004026284420874798,0.00010881849786148103,0,0,d8dc20191b8dd3a790feb049d9aa911316444894eca7abf2e73f3cc3fbd80e01,JNU_INTRADAY_MOMREV_G1_V1
2016-10-27,1.0,221,131,50,-0.011243676946704147,-5.0876366274679395e-05,167,90,38,37,37,23,0.0005732396418201579,1.54929632924367e-05,0,0,d8dc20191b8dd3a790feb049d9aa911316444894eca7abf2e73f3cc3fbd80e01,JNU_INTRADAY_MOMREV_G1_V1
2016-10-28,1.0,207,114,30,-0.015369571416335947,-7.424913727698526e-05,181,93,38,37,37,28,0.009177770510873248,0.0002480478516452229,0,0,d8dc20191b8dd3a790feb049d9aa911316444894eca7abf2e73f3cc3fbd80e01,JNU_INTRADAY_MOMREV_G1_V1
2016-10-31,1.0,222,125,39,-0.018112363757116896,-8.158722413115719e-05,166,97,38,37,37,15,-0.007763382575755147,-0.00020982115069608504,0,0,d8dc20191b8dd3a790feb049d9aa911316444894eca7abf2e73f3cc3fbd80e01,JNU_INTRADAY_MOMREV_G1_V1
2016-11-01,1.0,194,105,35,-0.012651832045520338,-6.52156291006203e-05,194,89,38,37,37,21,0.0014276715125979915,3.858571655670247e-05,0,0,d8dc20191b8dd3a790feb049d9aa911316444894eca7abf2e73f3cc3fbd80e01,JNU_INTRADAY_MOMREV_G1_V1
2016-11-02,1.0,259,177,65,-0.02269433001259606,-8.762289580152918e-05,129,82,38,37,37,16,-0.0008926182317261539,-2.4124817073679835e-05,0,0,d8dc20191b8dd3a790feb049d9aa911316444894eca7abf2e73f3cc3fbd80e01,JNU_INTRADAY_MOMREV_G1_V1
2016-11-04,1.0,250,173,78,-0.010662062850255553,-4.2648251401022215e-05,138,77,38,37,37,23,0.00385659339732998,0.00010423225398189135,0,0,d8dc20191b8dd3a790feb049d9aa911316444894eca7abf2e73f3cc3fbd80e01,JNU_INTRADAY_MOMREV_G1_V1
2016-11-07,1.0,240,158,58,-0.013413083755489785,-5.5887848981207433e-05,148,82,38,37,37,23,0.003793855632681778,0.00010253663872112914,0,0,d8dc20191b8dd3a790feb049d9aa911316444894eca7abf2e73f3cc3fbd80e01,JNU_INTRADAY_MOMREV_G1_V1
2016-11-08,1.0,245,164,65,-0.01462164573089686,-5.9680186656721876e-05,143,81,38,37,37,21,0.007289586434257641,0.00019701584957453083,0,0,d8dc20191b8dd3a790feb049d9aa911316444894eca7abf2e73f3cc3fbd80e01,JNU_INTRADAY_MOMREV_G1_V1
2016-11-09,1.0,333,286,151,0.029919978108114153,8.984978410845091e-05,55,47,38,37,37,12,-0.06386043885666459,-0.0017259578069368808,0,0,d8dc20191b8dd3a790feb049d9aa911316444894eca7abf2e73f3cc3fbd80e01,JNU_INTRADAY_MOMREV_G1_V1
2016-11-10,1.0,279,207,97,-0.004984344877418988,-1.786503540293544e-05,109,72,38,37,37,19,0.010188260748892765,0.0002753583986187234,0,0,d8dc20191b8dd3a790feb049d9aa911316444894eca7abf2e73f3cc3fbd80e01,JNU_INTRADAY_MOMREV_G1_V1
2016-11-11,1.0,301,234,100,-0.0254710832949647,-8.462153918592924e-05,87,67,38,37,37,17,-0.004294095202414058,-0.00011605662709227184,0,0,d8dc20191b8dd3a790feb049d9aa911316444894eca7abf2e73f3cc3fbd80e01,JNU_INTRADAY_MOMREV_G1_V1
2016-11-14,1.0,221,134,55,-0.007055288531630638,-3.1924382496066234e-05,167,87,38,37,37,19,0.0011107568346643531,3.0020454990928462e-05,0,0,d8dc20191b8dd3a790feb049d9aa911316444894eca7abf2e73f3cc3fbd80e01,JNU_INTRADAY_MOMREV_G1_V1
2016-11-15,1.0,242,155,61,-0.017283069088398845,-7.141764086115226e-05,146,87,38,37,37,24,0.009892156040252693,0.00026735556865547817,0,0,d8dc20191b8dd3a790feb049d9aa911316444894eca7abf2e73f3cc3fbd80e01,JNU_INTRADAY_MOMREV_G1_V1
2016-11-16,1.0,221,129,45,-0.014281371606832328,-6.462159098114175e-05,167,92,38,37,37,21,0.001117552279005213,3.020411564878954e-05,0,0,d8dc20191b8dd3a790feb049d9aa911316444894eca7abf2e73f3cc3fbd80e01,JNU_INTRADAY_MOMREV_G1_V1
2016-11-17,1.0,231,151,61,-0.009527816162053384,-4.124595741148651e-05,157,80,38,37,37,22,0.002797500823455921,7.560813036367355e-05,0,0,d8dc20191b8dd3a790feb049d9aa911316444894eca7abf2e73f3cc3fbd80e01,JNU_INTRADAY_MOMREV_G1_V1
2016-11-18,1.0,223,136,50,-0.00971110747140861,-4.354756713636148e-05,165,87,38,37,37,22,0.00889458031307701,0.00024039406251559486,0,0,d8dc20191b8dd3a790feb049d9aa911316444894eca7abf2e73f3cc3fbd80e01,JNU_INTRADAY_MOMREV_G1_V1
2016-11-21,1.0,204,118,38,-0.013292426479107054,-6.515895332895614e-05,184,86,38,37,37,18,0.0019325217735154038,5.2230318203119025e-05,0,0,d8dc20191b8dd3a790feb049d9aa911316444894eca7abf2e73f3cc3fbd80e01,JNU_INTRADAY_MOMREV_G1_V1
2016-11-22,1.0,219,127,53,-0.0074305351806072464,-3.392938438633446e-05,169,92,38,37,37,20,0.0011023960297123487,2.9794487289522938e-05,0,0,d8dc20191b8dd3a790feb049d9aa911316444894eca7abf2e73f3cc3fbd80e01,JNU_INTRADAY_MOMREV_G1_V1
2016-11-24,1.0,225,140,34,-0.022066447173871375,-9.807309855053944e-05,163,85,38,37,37,22,0.0024531689058548767,6.630186232040207e-05,0,0,d8dc20191b8dd3a790feb049d9aa911316444894eca7abf2e73f3cc3fbd80e01,JNU_INTRADAY_MOMREV_G1_V1
2016-11-25,1.0,236,149,56,-0.008683629918708649,-3.679504202842648e-05,152,87,38,37,37,19,0.001339986489503932,3.621585106767384e-05,0,0,d8dc20191b8dd3a790feb049d9aa911316444894eca7abf2e73f3cc3fbd80e01,JNU_INTRADAY_MOMREV_G1_V1
2016-11-28,1.0,265,179,72,-0.009840885166584146,-3.7135415722959044e-05,123,86,38,37,37,18,-0.001365214508400948,-3.689768941624184e-05,0,0,d8dc20191b8dd3a790feb049d9aa911316444894eca7abf2e73f3cc3fbd80e01,JNU_INTRADAY_MOMREV_G1_V1
2016-11-29,1.0,214,123,40,-0.012294831865677544,-5.745248535363339e-05,174,91,38,36,35,17,0.0030112682742878243,8.364634095243956e-05,1,1,d8dc20191b8dd3a790feb049d9aa911316444894eca7abf2e73f3cc3fbd80e01,JNU_INTRADAY_MOMREV_G1_V1
2016-11-30,1.0,220,145,60,-0.006545541594964261,-2.9752461795292096e-05,168,75,38,36,35,21,0.004911846378564361,0.00013644017718234338,1,1,d8dc20191b8dd3a790feb049d9aa911316444894eca7abf2e73f3cc3fbd80e01,JNU_INTRADAY_MOMREV_G1_V1
2016-12-01,1.0,249,165,67,-0.013697938809082775,-5.501180244611556e-05,139,84,38,37,37,18,-0.005874446882512822,-0.0001587688346625087,0,0,d8dc20191b8dd3a790feb049d9aa911316444894eca7abf2e73f3cc3fbd80e01,JNU_INTRADAY_MOMREV_G1_V1
2016-12-02,1.0,247,161,72,-0.007778100681547019,-3.149028616010939e-05,141,86,38,36,35,19,0.008416650134749551,0.00023379583707637642,1,1,d8dc20191b8dd3a790feb049d9aa911316444894eca7abf2e73f3cc3fbd80e01,JNU_INTRADAY_MOMREV_G1_V1
2016-12-05,1.0,239,152,59,-0.012289554493128603,-5.14207300967724e-05,149,87,38,37,37,20,0.000818453783308718,2.2120372521857245e-05,0,0,d8dc20191b8dd3a790feb049d9aa911316444894eca7abf2e73f3cc3fbd80e01,JNU_INTRADAY_MOMREV_G1_V1
2016-12-06,1.0,237,144,58,-0.007688956463037819,-3.244285427442118e-05,151,93,38,37,37,23,0.006259700929126619,0.00016918110619261134,0,0,d8dc20191b8dd3a790feb049d9aa911316444894eca7abf2e73f3cc3fbd80e01,JNU_INTRADAY_MOMREV_G1_V1
2016-12-07,1.0,199,114,39,-0.00996444665167497,-5.007259623957271e-05,189,85,38,37,37,19,0.003791693239082854,0.00010247819565088794,0,0,d8dc20191b8dd3a790feb049d9aa911316444894eca7abf2e73f3cc3fbd80e01,JNU_INTRADAY_MOMREV_G1_V1
2016-12-08,1.0,230,143,58,-0.004026912915915458,-1.7508317025719383e-05,158,87,38,37,37,14,-0.012564055620930973,-0.00033956907083597225,0,0,d8dc20191b8dd3a790feb049d9aa911316444894eca7abf2e73f3cc3fbd80e01,JNU_INTRADAY_MOMREV_G1_V1
2016-12-09,1.0,229,140,61,-0.008722766678025557,-3.809068418351772e-05,159,89,38,37,37,19,0.0023745782328384746,6.417779007671554e-05,0,0,d8dc20191b8dd3a790feb049d9aa911316444894eca7abf2e73f3cc3fbd80e01,JNU_INTRADAY_MOMREV_G1_V1
2016-12-12,1.0,264,186,85,-0.004175628555984644,-1.5816774833275167e-05,124,78,38,37,37,17,0.0008349515601787155,2.2566258383208527e-05,0,0,d8dc20191b8dd3a790feb049d9aa911316444894eca7abf2e73f3cc3fbd80e01,JNU_INTRADAY_MOMREV_G1_V1
2016-12-13,1.0,233,144,63,-0.002342470792504313,-1.0053522714610786e-05,155,89,38,37,37,20,0.009431710022094654,0.00025491108167823386,0,0,d8dc20191b8dd3a790feb049d9aa911316444894eca7abf2e73f3cc3fbd80e01,JNU_INTRADAY_MOMREV_G1_V1
2016-12-14,1.0,209,127,42,-0.011455641032878964,-5.4811679583152936e-05,179,82,38,37,37,18,0.0010390299412807165,2.808189030488423e-05,0,0,d8dc20191b8dd3a790feb049d9aa911316444894eca7abf2e73f3cc3fbd80e01,JNU_INTRADAY_MOMREV_G1_V1
2016-12-15,1.0,271,190,86,-0.006002010762396402,-2.214764118965462e-05,117,81,38,37,37,21,0.004966122053880197,0.00013421951496973505,0,0,d8dc20191b8dd3a790feb049d9aa911316444894eca7abf2e73f3cc3fbd80e01,JNU_INTRADAY_MOMREV_G1_V1
2016-12-16,1.0,222,138,49,-0.014981617570683708,-6.748476383190859e-05,166,84,38,37,37,23,0.0046463656848702425,0.000125577450942439,0,0,d8dc20191b8dd3a790feb049d9aa911316444894eca7abf2e73f3cc3fbd80e01,JNU_INTRADAY_MOMREV_G1_V1
2016-12-19,1.0,204,103,32,-0.01475495864412302,-7.232822864766187e-05,184,101,38,37,37,21,0.0025879927485015983,6.994574995950266e-05,0,0,d8dc20191b8dd3a790feb049d9aa911316444894eca7abf2e73f3cc3fbd80e01,JNU_INTRADAY_MOMREV_G1_V1
2016-12-20,1.0,229,135,46,-0.016770649073033505,-7.32342754280939e-05,159,94,38,37,37,19,0.0015458201886749754,4.177892401824258e-05,0,0,d8dc20191b8dd3a790feb049d9aa911316444894eca7abf2e73f3cc3fbd80e01,JNU_INTRADAY_MOMREV_G1_V1
2016-12-21,1.0,244,161,58,-0.013090170195025026,-5.3648238504200925e-05,144,83,38,37,37,19,0.005376375226000424,0.000145307438540552,0,0,d8dc20191b8dd3a790feb049d9aa911316444894eca7abf2e73f3cc3fbd80e01,JNU_INTRADAY_MOMREV_G1_V1
2016-12-22,1.0,226,133,48,-0.010082092975028288,-4.461103086295703e-05,162,93,38,37,37,25,0.0036157563299702646,9.772314405325039e-05,0,0,d8dc20191b8dd3a790feb049d9aa911316444894eca7abf2e73f3cc3fbd80e01,JNU_INTRADAY_MOMREV_G1_V1
2016-12-26,1.0,184,95,25,-0.0121250050027555,-6.589676631932337e-05,204,89,38,37,37,20,-0.0018064188696174039,-4.882213161128119e-05,0,0,d8dc20191b8dd3a790feb049d9aa911316444894eca7abf2e73f3cc3fbd80e01,JNU_INTRADAY_MOMREV_G1_V1
2016-12-27,1.0,220,133,49,-0.010056922335468553,-4.571328334303888e-05,168,87,38,37,37,22,0.001806223538465573,4.881685239096143e-05,0,0,d8dc20191b8dd3a790feb049d9aa911316444894eca7abf2e73f3cc3fbd80e01,JNU_INTRADAY_MOMREV_G1_V1
2016-12-28,1.0,201,104,36,-0.008757646551042832,-4.357038085095936e-05,187,97,38,37,37,26,0.012113778974491124,0.00032739943174300336,0,0,d8dc20191b8dd3a790feb049d9aa911316444894eca7abf2e73f3cc3fbd80e01,JNU_INTRADAY_MOMREV_G1_V1
2016-12-29,1.0,263,179,73,-0.006802346239449964,-2.5864434370532183e-05,125,84,38,37,37,16,-0.010151382401484612,-0.00027436168652661115,0,0,d8dc20191b8dd3a790feb049d9aa911316444894eca7abf2e73f3cc3fbd80e01,JNU_INTRADAY_MOMREV_G1_V1
2016-12-30,1.0,238,141,49,-0.01651561959946709,-6.939335966162643e-05,150,97,38,37,37,23,0.005514613320910968,0.00014904360326786398,0,0,d8dc20191b8dd3a790feb049d9aa911316444894eca7abf2e73f3cc3fbd80e01,JNU_INTRADAY_MOMREV_G1_V1
2017-01-04,1.0,251,160,63,-0.013815899149623632,-5.504342290686706e-05,137,91,38,37,37,18,-0.0018697293803651236,-5.053322649635469e-05,0,0,b34797ee12ca2d0f9e48866ddee9f81b75ce066a515a4cd8dc37dbf54e2ef6fd,JNU_INTRADAY_MOMREV_G1_V1
2017-01-05,1.0,220,130,55,-0.010505580288003438,-4.7752637672742896e-05,168,90,38,36,35,17,-0.0023076087249803536,-6.410024236056537e-05,1,1,b34797ee12ca2d0f9e48866ddee9f81b75ce066a515a4cd8dc37dbf54e2ef6fd,JNU_INTRADAY_MOMREV_G1_V1
2017-01-06,1.0,210,113,39,-0.01443462960576166,-6.87363314560079e-05,178,97,38,37,37,26,0.0030867463386703296,8.342557672081972e-05,0,0,b34797ee12ca2d0f9e48866ddee9f81b75ce066a515a4cd8dc37dbf54e2ef6fd,JNU_INTRADAY_MOMREV_G1_V1
2017-01-10,1.0,266,182,75,-0.011112247166394237,-4.1775365287196384e-05,122,84,38,37,37,18,-0.005153548388193668,-0.00013928509157280184,0,0,b34797ee12ca2d0f9e48866ddee9f81b75ce066a515a4cd8dc37dbf54e2ef6fd,JNU_INTRADAY_MOMREV_G1_V1
2017-01-11,1.0,214,124,38,-0.020925799541996058,-9.778411000932737e-05,174,90,38,37,37,20,0.00697537680787953,0.00018852369751025757,0,0,b34797ee12ca2d0f9e48866ddee9f81b75ce066a515a4cd8dc37dbf54e2ef6fd,JNU_INTRADAY_MOMREV_G1_V1
2017-01-12,1.0,250,155,66,-0.010443136209651828,-4.177254483860731e-05,138,95,38,37,37,15,-0.009159549737247594,-0.000247555398303989,0,0,b34797ee12ca2d0f9e48866ddee9f81b75ce066a515a4cd8dc37dbf54e2ef6fd,JNU_INTRADAY_MOMREV_G1_V1
2017-01-13,1.0,246,164,71,-0.005203683496826985,-2.1153184946451158e-05,142,82,38,37,37,19,0.004681213418135768,0.000126519281571237,0,0,b34797ee12ca2d0f9e48866ddee9f81b75ce066a515a4cd8dc37dbf54e2ef6fd,JNU_INTRADAY_MOMREV_G1_V1
2017-01-16,1.0,244,158,52,-0.02614201285948972,-0.0001071393969651218,144,86,38,37,37,19,0.004427008970114843,0.00011964889108418495,0,0,b34797ee12ca2d0f9e48866ddee9f81b75ce066a515a4cd8dc37dbf54e2ef6fd,JNU_INTRADAY_MOMREV_G1_V1
2017-01-17,1.0,274,195,80,-0.012978884559853748,-4.736819182428375e-05,114,79,38,37,37,17,-0.0066502522405336925,-0.00017973654704145115,0,0,b34797ee12ca2d0f9e48866ddee9f81b75ce066a515a4cd8dc37dbf54e2ef6fd,JNU_INTRADAY_MOMREV_G1_V1
2017-01-18,1.0,279,207,87,-0.013060491658304602,-4.681179805843943e-05,109,72,38,37,37,20,0.0013808828715401464,3.732115869027423e-05,0,0,b34797ee12ca2d0f9e48866ddee9f81b75ce066a515a4cd8dc37dbf54e2ef6fd,JNU_INTRADAY_MOMREV_G1_V1
2017-01-19,1.0,249,167,60,-0.021517028111386022,-8.641376751560652e-05,139,82,38,37,37,17,-0.007346126134130266,-0.00019854394957108826,0,0,b34797ee12ca2d0f9e48866ddee9f81b75ce066a515a4cd8dc37dbf54e2ef6fd,JNU_INTRADAY_MOMREV_G1_V1
2017-01-20,1.0,247,170,72,-0.012584453840983455,-5.0949205833941115e-05,141,77,38,37,37,18,0.0010501450615165284,2.838229895990617e-05,0,0,b34797ee12ca2d0f9e48866ddee9f81b75ce066a515a4cd8dc37dbf54e2ef6fd,JNU_INTRADAY_MOMREV_G1_V1
2017-01-23,1.0,267,179,80,0.002370037277706863,8.87654411126166e-06,121,88,38,37,37,18,0.00026096765026189617,7.053179736808004e-06,0,0,b34797ee12ca2d0f9e48866ddee9f81b75ce066a515a4cd8dc37dbf54e2ef6fd,JNU_INTRADAY_MOMREV_G1_V1
2017-01-24,1.0,267,185,81,-0.012214866337851528,-4.574856306311433e-05,121,82,38,37,37,21,-0.00027862661939637005,-7.5304491728748665e-06,0,0,b34797ee12ca2d0f9e48866ddee9f81b75ce066a515a4cd8dc37dbf54e2ef6fd,JNU_INTRADAY_MOMREV_G1_V1
2017-01-25,1.0,250,169,57,-0.017365245760354992,-6.946098304141997e-05,138,81,38,37,37,25,0.009998841704695182,0.0002702389649917617,0,0,b34797ee12ca2d0f9e48866ddee9f81b75ce066a515a4cd8dc37dbf54e2ef6fd,JNU_INTRADAY_MOMREV_G1_V1
2017-01-26,1.0,226,140,60,-0.007047141331562801,-3.118204129010089e-05,162,86,38,37,37,24,0.010868328691247202,0.0002937386132769514,0,0,b34797ee12ca2d0f9e48866ddee9f81b75ce066a515a4cd8dc37dbf54e2ef6fd,JNU_INTRADAY_MOMREV_G1_V1
2017-01-27,1.0,223,143,40,-0.028285050976437975,-0.0001268387936163138,165,80,38,36,35,19,0.008482200957330916,0.00023561669325919212,1,1,b34797ee12ca2d0f9e48866ddee9f81b75ce066a515a4cd8dc37dbf54e2ef6fd,JNU_INTRADAY_MOMREV_G1_V1
2017-01-30,1.0,233,141,49,-0.014229658884717182,-6.107149735930122e-05,155,92,38,37,37,16,0.0018076790299060429,4.8856189997460616e-05,0,0,b34797ee12ca2d0f9e48866ddee9f81b75ce066a515a4cd8dc37dbf54e2ef6fd,JNU_INTRADAY_MOMREV_G1_V1
2017-01-31,1.0,254,162,63,-0.01150161953355441,-4.528196666753705e-05,134,92,38,37,37,17,-0.005769623190253146,-0.0001559357618987337,0,0,b34797ee12ca2d0f9e48866ddee9f81b75ce066a515a4cd8dc37dbf54e2ef6fd,JNU_INTRADAY_MOMREV_G1_V1
2017-02-01,1.0,241,152,59,-0.011310393989035246,-4.693109539018774e-05,147,89,38,37,37,21,0.005226565173183,0.00014125851819413513,0,0,b34797ee12ca2d0f9e48866ddee9f81b75ce066a515a4cd8dc37dbf54e2ef6fd,JNU_INTRADAY_MOMREV_G1_V1
2017-02-02,1.0,265,192,82,-0.009977817436179948,-3.765214126860358e-05,123,73,38,37,37,16,-0.0031277497610200824,-8.45337773248671e-05,0,0,b34797ee12ca2d0f9e48866ddee9f81b75ce066a515a4cd8dc37dbf54e2ef6fd,JNU_INTRADAY_MOMREV_G1_V1
2017-02-03,1.0,267,190,83,-0.01872308614859291,-7.0123918159524e-05,121,77,38,37,37,20,-0.0037506430400714363,-0.00010136873081274152,0,0,b34797ee12ca2d0f9e48866ddee9f81b75ce066a515a4cd8dc37dbf54e2ef6fd,JNU_INTRADAY_MOMREV_G1_V1
2017-02-06,1.0,244,159,76,-0.0031667047605481555,-1.297829819896785e-05,144,85,38,37,37,19,0.003969361314739871,0.00010728003553351002,0,0,b34797ee12ca2d0f9e48866ddee9f81b75ce066a515a4cd8dc37dbf54e2ef6fd,JNU_INTRADAY_MOMREV_G1_V1
2017-02-07,1.0,223,124,49,-0.008738836347698519,-3.9187606940352106e-05,165,99,38,37,37,18,-0.004765496925496136,-0.00012879721420259825,0,0,b34797ee12ca2d0f9e48866ddee9f81b75ce066a515a4cd8dc37dbf54e2ef6fd,JNU_INTRADAY_MOMREV_G1_V1
2017-02-08,1.0,221,126,42,-0.015391771438353317,-6.964602460793356e-05,167,95,38,37,37,18,0.003967299057848635,0.00010722429886077393,0,0,b34797ee12ca2d0f9e48866ddee9f81b75ce066a515a4cd8dc37dbf54e2ef6fd,JNU_INTRADAY_MOMREV_G1_V1
2017-02-09,1.0,231,145,62,-0.005281774824502473,-2.2864826080097285e-05,157,86,38,37,37,17,0.0021253510403900122,5.744192001054087e-05,0,0,b34797ee12ca2d0f9e48866ddee9f81b75ce066a515a4cd8dc37dbf54e2ef6fd,JNU_INTRADAY_MOMREV_G1_V1
2017-02-10,1.0,242,156,59,-0.01241312118216124,-5.129388918248446e-05,146,86,38,37,37,16,-0.004661825031352819,-0.00012599527111764377,0,0,b34797ee12ca2d0f9e48866ddee9f81b75ce066a515a4cd8dc37dbf54e2ef6fd,JNU_INTRADAY_MOMREV_G1_V1
2017-02-13,1.0,223,132,46,-0.019784163230924315,-8.871822076647675e-05,165,91,38,37,37,21,0.008214081688953798,0.00022200220780956213,0,0,b34797ee12ca2d0f9e48866ddee9f81b75ce066a515a4cd8dc37dbf54e2ef6fd,JNU_INTRADAY_MOMREV_G1_V1
2017-02-14,1.0,262,182,72,-0.016996504425782898,-6.487215429688129e-05,126,80,38,37,37,20,-0.004381092986482817,-0.00011840791855358964,0,0,b34797ee12ca2d0f9e48866ddee9f81b75ce066a515a4cd8dc37dbf54e2ef6fd,JNU_INTRADAY_MOMREV_G1_V1
2017-02-15,1.0,224,142,42,-0.019540190595464513,-8.723299372975229e-05,164,82,38,37,37,16,0.0007717038101403537,2.0856859733523073e-05,0,0,b34797ee12ca2d0f9e48866ddee9f81b75ce066a515a4cd8dc37dbf54e2ef6fd,JNU_INTRADAY_MOMREV_G1_V1
2017-02-16,1.0,245,160,54,-0.016534564987789373,-6.748802035832397e-05,143,85,38,37,37,20,-0.002588653897599098,-6.996361885402967e-05,0,0,b34797ee12ca2d0f9e48866ddee9f81b75ce066a515a4cd8dc37dbf54e2ef6fd,JNU_INTRADAY_MOMREV_G1_V1
2017-02-17,1.0,231,142,53,-0.012495322947489111,-5.4092307131987496e-05,157,89,38,36,35,19,0.004165245924798876,0.00011570127568885767,1,1,b34797ee12ca2d0f9e48866ddee9f81b75ce066a515a4cd8dc37dbf54e2ef6fd,JNU_INTRADAY_MOMREV_G1_V1
2017-02-20,1.0,233,149,59,-0.007300842242233481,-3.1334086876538544e-05,155,84,38,37,37,19,0.0023626251394247445,6.385473349796606e-05,0,0,b34797ee12ca2d0f9e48866ddee9f81b75ce066a515a4cd8dc37dbf54e2ef6fd,JNU_INTRADAY_MOMREV_G1_V1
2017-02-21,1.0,205,117,28,-0.019389634866337775,-9.45835847138428e-05,183,88,38,37,37,20,0.0012871279018823033,3.4787240591413604e-05,0,0,b34797ee12ca2d0f9e48866ddee9f81b75ce066a515a4cd8dc37dbf54e2ef6fd,JNU_INTRADAY_MOMREV_G1_V1
2017-02-22,1.0,205,114,39,-0.012918029821914931,-6.301477961909723e-05,183,91,38,37,37,17,-0.0012858998140056993,-3.4754049027181064e-05,0,0,b34797ee12ca2d0f9e48866ddee9f81b75ce066a515a4cd8dc37dbf54e2ef6fd,JNU_INTRADAY_MOMREV_G1_V1
2017-02-23,1.0,215,120,30,-0.014498279132792054,-6.743385643159095e-05,173,95,38,37,37,22,0.0062107264075620654,0.0001678574704746504,0,0,b34797ee12ca2d0f9e48866ddee9f81b75ce066a515a4cd8dc37dbf54e2ef6fd,JNU_INTRADAY_MOMREV_G1_V1
2017-02-24,1.0,223,139,50,-0.014253880507598926,-6.39187466708472e-05,165,84,38,36,35,19,0.0023236096453994703,6.454471237220751e-05,1,1,b34797ee12ca2d0f9e48866ddee9f81b75ce066a515a4cd8dc37dbf54e2ef6fd,JNU_INTRADAY_MOMREV_G1_V1
2017-02-27,1.0,248,164,60,-0.013862668360980025,-5.5897856294274294e-05,140,84,38,37,37,18,-0.0036655449410458525,-9.906878219042844e-05,0,0,b34797ee12ca2d0f9e48866ddee9f81b75ce066a515a4cd8dc37dbf54e2ef6fd,JNU_INTRADAY_MOMREV_G1_V1
2017-02-28,1.0,226,138,41,-0.021081608817301145,-9.328145494381037e-05,162,88,38,37,37,13,-0.008852707572847392,-0.0002392623668337133,0,0,b34797ee12ca2d0f9e48866ddee9f81b75ce066a515a4cd8dc37dbf54e2ef6fd,JNU_INTRADAY_MOMREV_G1_V1
2017-03-01,1.0,265,189,74,-0.012430396503928328,-4.690715661859746e-05,123,76,38,37,37,23,0.012452211266197602,0.000336546250437773,0,0,b34797ee12ca2d0f9e48866ddee9f81b75ce066a515a4cd8dc37dbf54e2ef6fd,JNU_INTRADAY_MOMREV_G1_V1
2017-03-02,1.0,219,127,50,-0.009843684746422037,-4.4948332175443094e-05,169,92,38,37,37,26,0.011211054930732527,0.0003030014846143926,0,0,b34797ee12ca2d0f9e48866ddee9f81b75ce066a515a4cd8dc37dbf54e2ef6fd,JNU_INTRADAY_MOMREV_G1_V1
2017-03-03,1.0,209,121,40,-0.012244854090796157,-5.8587818616249555e-05,179,88,38,37,37,19,0.001535877262596895,4.1510196286402565e-05,0,0,b34797ee12ca2d0f9e48866ddee9f81b75ce066a515a4cd8dc37dbf54e2ef6fd,JNU_INTRADAY_MOMREV_G1_V1
2017-03-06,1.0,217,132,42,-0.017597049328200408,-8.10923932175134e-05,171,85,38,36,35,16,-0.0005137364803336586,-1.4270457787046071e-05,1,1,b34797ee12ca2d0f9e48866ddee9f81b75ce066a515a4cd8dc37dbf54e2ef6fd,JNU_INTRADAY_MOMREV_G1_V1
2017-03-07,1.0,214,141,37,-0.019484346516220476,-9.104834820663773e-05,174,73,38,36,35,19,-0.00015693656444739777,-4.359349012427716e-06,1,1,b34797ee12ca2d0f9e48866ddee9f81b75ce066a515a4cd8dc37dbf54e2ef6fd,JNU_INTRADAY_MOMREV_G1_V1
2017-03-08,1.0,225,138,47,-0.01443987512294544,-6.41772227686464e-05,163,87,38,37,37,19,-0.0010323040200545018,-2.7900108650121673e-05,0,0,b34797ee12ca2d0f9e48866ddee9f81b75ce066a515a4cd8dc37dbf54e2ef6fd,JNU_INTRADAY_MOMREV_G1_V1
2017-03-09,1.0,210,122,43,-0.009789445782908223,-4.661640849003916e-05,178,88,38,37,37,22,-0.0016024776005662223,-4.331020542070871e-05,0,0,b34797ee12ca2d0f9e48866ddee9f81b75ce066a515a4cd8dc37dbf54e2ef6fd,JNU_INTRADAY_MOMREV_G1_V1
2017-03-10,1.0,206,116,42,-0.00874148631837469,-4.2434399603760625e-05,182,90,38,37,37,27,0.010033581596946235,0.0002711778809985469,0,0,b34797ee12ca2d0f9e48866ddee9f81b75ce066a515a4cd8dc37dbf54e2ef6fd,JNU_INTRADAY_MOMREV_G1_V1
2017-03-13,1.0,192,107,27,-0.01615706541750149,-8.415138238282026e-05,196,85,38,37,37,15,-0.0017958307755266798,-4.853596690612648e-05,0,0,b34797ee12ca2d0f9e48866ddee9f81b75ce066a515a4cd8dc37dbf54e2ef6fd,JNU_INTRADAY_MOMREV_G1_V1
2017-03-14,1.0,171,93,21,-0.013852471721792147,-8.100860656018799e-05,217,78,38,37,37,18,-0.005129655165003563,-0.00013863932878388008,0,0,b34797ee12ca2d0f9e48866ddee9f81b75ce066a515a4cd8dc37dbf54e2ef6fd,JNU_INTRADAY_MOMREV_G1_V1
2017-03-15,1.0,200,121,25,-0.02213928769345618,-0.00011069643846728089,188,79,38,36,35,20,0.002061257715644883,5.725715876791342e-05,1,1,b34797ee12ca2d0f9e48866ddee9f81b75ce066a515a4cd8dc37dbf54e2ef6fd,JNU_INTRADAY_MOMREV_G1_V1
2017-03-16,1.0,234,149,45,-0.019560237445420764,-8.359075831376395e-05,154,85,38,36,35,17,-0.004125897342456854,-0.00011460825951269037,1,1,b34797ee12ca2d0f9e48866ddee9f81b75ce066a515a4cd8dc37dbf54e2ef6fd,JNU_INTRADAY_MOMREV_G1_V1
2017-03-17,1.0,190,99,30,-0.009799999937880945,-5.157894704147866e-05,198,91,38,37,37,19,0.0012850963610411123,3.473233408219222e-05,0,0,b34797ee12ca2d0f9e48866ddee9f81b75ce066a515a4cd8dc37dbf54e2ef6fd,JNU_INTRADAY_MOMREV_G1_V1
2017-03-21,1.0,195,91,24,-0.014242153817280704,-7.303668624246515e-05,193,104,38,37,37,17,-0.004673446195343569,-0.00012630935663090727,0,0,b34797ee12ca2d0f9e48866ddee9f81b75ce066a515a4cd8dc37dbf54e2ef6fd,JNU_INTRADAY_MOMREV_G1_V1
2017-03-22,1.0,241,158,59,-0.015046613011291999,-6.243407888502903e-05,147,83,38,37,37,20,-0.00395714803726525,-0.00010694994695311486,0,0,b34797ee12ca2d0f9e48866ddee9f81b75ce066a515a4cd8dc37dbf54e2ef6fd,JNU_INTRADAY_MOMREV_G1_V1
2017-03-23,1.0,246,160,67,-0.005811376145296634,-2.362348026543347e-05,142,86,38,37,37,17,0.0002689292288159364,7.268357535565849e-06,0,0,b34797ee12ca2d0f9e48866ddee9f81b75ce066a515a4cd8dc37dbf54e2ef6fd,JNU_INTRADAY_MOMREV_G1_V1
2017-03-24,1.0,227,141,55,-0.007836885560678493,-3.4523724936909664e-05,161,86,38,37,37,16,-0.0036654251919488027,-9.906554572834602e-05,0,0,b34797ee12ca2d0f9e48866ddee9f81b75ce066a515a4cd8dc37dbf54e2ef6fd,JNU_INTRADAY_MOMREV_G1_V1
2017-03-27,1.0,235,143,60,-0.01245498078953522,-5.299991825334136e-05,153,92,38,37,37,19,-0.0015885719594429218,-4.293437728224113e-05,0,0,b34797ee12ca2d0f9e48866ddee9f81b75ce066a515a4cd8dc37dbf54e2ef6fd,JNU_INTRADAY_MOMREV_G1_V1
2017-03-28,1.0,217,118,37,-0.01443980229661688,-6.654286772634507e-05,171,99,38,37,37,19,-0.0007923371609793355,-2.1414517864306364e-05,0,0,b34797ee12ca2d0f9e48866ddee9f81b75ce066a515a4cd8dc37dbf54e2ef6fd,JNU_INTRADAY_MOMREV_G1_V1
2017-03-29,1.0,220,129,41,-0.013556743388193937,-6.162156085542699e-05,168,91,38,37,37,15,4.1397980556591636e-06,1.1188643393673416e-07,0,0,b34797ee12ca2d0f9e48866ddee9f81b75ce066a515a4cd8dc37dbf54e2ef6fd,JNU_INTRADAY_MOMREV_G1_V1
2017-03-30,1.0,230,152,54,-0.012279646431930424,-5.338976709534967e-05,158,78,38,37,37,22,0.008352698786255934,0.00022574861584475497,0,0,b34797ee12ca2d0f9e48866ddee9f81b75ce066a515a4cd8dc37dbf54e2ef6fd,JNU_INTRADAY_MOMREV_G1_V1
2017-03-31,1.0,237,157,48,-0.01697281327061999,-7.16152458675949e-05,151,80,38,37,37,19,-0.00661071227765007,-0.00017866789939594783,0,0,b34797ee12ca2d0f9e48866ddee9f81b75ce066a515a4cd8dc37dbf54e2ef6fd,JNU_INTRADAY_MOMREV_G1_V1
2017-04-03,1.0,247,172,62,-0.011080877074875123,-4.4861850505567296e-05,141,75,38,37,37,19,-0.00841927201612439,-0.00022754789232768622,0,0,b34797ee12ca2d0f9e48866ddee9f81b75ce066a515a4cd8dc37dbf54e2ef6fd,JNU_INTRADAY_MOMREV_G1_V1
2017-04-04,1.0,254,170,59,-0.01906504010483689,-7.505921301116886e-05,134,84,38,37,37,19,0.004513142374076684,0.00012197682092099146,0,0,b34797ee12ca2d0f9e48866ddee9f81b75ce066a515a4cd8dc37dbf54e2ef6fd,JNU_INTRADAY_MOMREV_G1_V1
2017-04-05,1.0,238,156,67,-0.008743720934218463,-3.673832325301875e-05,150,82,38,37,37,20,0.00027134668229848567,7.333694116175288e-06,0,0,b34797ee12ca2d0f9e48866ddee9f81b75ce066a515a4cd8dc37dbf54e2ef6fd,JNU_INTRADAY_MOMREV_G1_V1
2017-04-06,1.0,259,171,71,-0.009133847320692723,-3.526581977101437e-05,129,88,38,37,37,20,-0.0018729254439883852,-5.061960659428068e-05,0,0,b34797ee12ca2d0f9e48866ddee9f81b75ce066a515a4cd8dc37dbf54e2ef6fd,JNU_INTRADAY_MOMREV_G1_V1
2017-04-07,1.0,286,218,105,0.0002519229341796813,8.808494202086758e-07,102,68,38,37,37,17,-0.007238874495494347,-0.00019564525663498235,0,0,b34797ee12ca2d0f9e48866ddee9f81b75ce066a515a4cd8dc37dbf54e2ef6fd,JNU_INTRADAY_MOMREV_G1_V1
2017-04-10,1.0,235,153,41,-0.027939379367060528,-0.0001188909760300448,153,82,38,37,37,23,0.014891999492705796,0.00040248647277583234,0,0,b34797ee12ca2d0f9e48866ddee9f81b75ce066a515a4cd8dc37dbf54e2ef6fd,JNU_INTRADAY_MOMREV_G1_V1
2017-04-11,1.0,239,153,44,-0.020054111111172834,-8.390841469109972e-05,149,86,38,37,37,20,0.005617683715264535,0.0001518292896017442,0,0,b34797ee12ca2d0f9e48866ddee9f81b75ce066a515a4cd8dc37dbf54e2ef6fd,JNU_INTRADAY_MOMREV_G1_V1
2017-04-12,1.0,226,143,46,-0.015125284234697669,-6.692603643671534e-05,162,83,38,37,37,21,0.005948856971628902,0.0001607799181521325,0,0,b34797ee12ca2d0f9e48866ddee9f81b75ce066a515a4cd8dc37dbf54e2ef6fd,JNU_INTRADAY_MOMREV_G1_V1
2017-04-13,1.0,231,143,67,-0.005982486252780897,-2.5898208886497392e-05,157,88,38,37,37,19,0.004366182222034328,0.0001180049249198467,0,0,b34797ee12ca2d0f9e48866ddee9f81b75ce066a515a4cd8dc37dbf54e2ef6fd,JNU_INTRADAY_MOMREV_G1_V1
2017-04-14,1.0,221,131,48,-0.010067435026786328,-4.555400464609198e-05,167,90,38,37,37,22,0.007361838334976497,0.00019896860364801343,0,0,b34797ee12ca2d0f9e48866ddee9f81b75ce066a515a4cd8dc37dbf54e2ef6fd,JNU_INTRADAY_MOMREV_G1_V1
2017-04-17,1.0,240,148,66,-0.005718878662433851,-2.382866109347438e-05,148,92,38,37,37,19,0.0038256677437995762,0.00010339642550809665,0,0,b34797ee12ca2d0f9e48866ddee9f81b75ce066a515a4cd8dc37dbf54e2ef6fd,JNU_INTRADAY_MOMREV_G1_V1
2017-04-18,1.0,240,149,60,-0.009502567739171684,-3.959403224654868e-05,148,91,38,37,37,21,0.0059727830217018675,0.00016142656815410452,0,0,b34797ee12ca2d0f9e48866ddee9f81b75ce066a515a4cd8dc37dbf54e2ef6fd,JNU_INTRADAY_MOMREV_G1_V1
2017-04-19,1.0,220,130,46,-0.012217917836095257,-5.553599016406935e-05,168,90,38,37,37,23,0.0008163430188433633,2.2063324833604414e-05,0,0,b34797ee12ca2d0f9e48866ddee9f81b75ce066a515a4cd8dc37dbf54e2ef6fd,JNU_INTRADAY_MOMREV_G1_V1
2017-04-20,1.0,217,126,39,-0.013801891771303929,-6.360318788619322e-05,171,91,38,37,37,22,0.0032460224717205466,8.773033707352828e-05,0,0,b34797ee12ca2d0f9e48866ddee9f81b75ce066a515a4cd8dc37dbf54e2ef6fd,JNU_INTRADAY_MOMREV_G1_V1
2017-04-21,1.0,227,140,42,-0.017769523201297235,-7.827983789117725e-05,161,87,38,37,37,21,0.0026936702580056876,7.280189886501859e-05,0,0,b34797ee12ca2d0f9e48866ddee9f81b75ce066a515a4cd8dc37dbf54e2ef6fd,JNU_INTRADAY_MOMREV_G1_V1
2017-04-24,1.0,214,124,40,-0.016947018697020748,-7.919167615430256e-05,174,90,38,37,37,22,0.006627398459147667,0.0001791188772742613,0,0,b34797ee12ca2d0f9e48866ddee9f81b75ce066a515a4cd8dc37dbf54e2ef6fd,JNU_INTRADAY_MOMREV_G1_V1
2017-04-25,1.0,234,144,52,-0.016562844219504838,-7.078138555343947e-05,154,90,38,37,37,17,0.0002534456885047902,6.849883473102438e-06,0,0,b34797ee12ca2d0f9e48866ddee9f81b75ce066a515a4cd8dc37dbf54e2ef6fd,JNU_INTRADAY_MOMREV_G1_V1
2017-04-26,1.0,216,120,41,-0.010140117713665424,-4.6944989415117703e-05,172,96,38,37,37,18,0.00259544264085806,7.014709840156919e-05,0,0,b34797ee12ca2d0f9e48866ddee9f81b75ce066a515a4cd8dc37dbf54e2ef6fd,JNU_INTRADAY_MOMREV_G1_V1
2017-04-27,1.0,205,119,36,-0.011949003676715541,-5.828782281324654e-05,183,86,38,37,37,23,0.004675123018318206,0.00012635467617076233,0,0,b34797ee12ca2d0f9e48866ddee9f81b75ce066a515a4cd8dc37dbf54e2ef6fd,JNU_INTRADAY_MOMREV_G1_V1
2017-04-28,1.0,198,102,24,-0.0158820031145367,-8.021213694210453e-05,190,96,38,37,37,19,0.001295480978994246,3.501299943227692e-05,0,0,b34797ee12ca2d0f9e48866ddee9f81b75ce066a515a4cd8dc37dbf54e2ef6fd,JNU_INTRADAY_MOMREV_G1_V1
2017-05-01,1.0,172,85,20,-0.012984958198885045,-7.549394301677352e-05,216,87,38,36,35,17,-0.0015600642659505878,-4.333511849862744e-05,1,1,b34797ee12ca2d0f9e48866ddee9f81b75ce066a515a4cd8dc37dbf54e2ef6fd,JNU_INTRADAY_MOMREV_G1_V1
2017-05-02,1.0,196,99,35,-0.00848603704992162,-4.329610739755929e-05,192,97,38,37,37,22,0.0035948353701154272,9.715771270582236e-05,0,0,b34797ee12ca2d0f9e48866ddee9f81b75ce066a515a4cd8dc37dbf54e2ef6fd,JNU_INTRADAY_MOMREV_G1_V1
2017-05-08,1.0,198,103,36,-0.007546179927994145,-3.811201983835427e-05,190,95,38,37,37,23,0.0030297284697447958,8.188455323634583e-05,0,0,b34797ee12ca2d0f9e48866ddee9f81b75ce066a515a4cd8dc37dbf54e2ef6fd,JNU_INTRADAY_MOMREV_G1_V1
2017-05-09,1.0,213,120,42,-0.011569045603713139,-5.431476809254995e-05,175,93,38,37,37,24,0.00276530505325862,7.473797441239515e-05,0,0,b34797ee12ca2d0f9e48866ddee9f81b75ce066a515a4cd8dc37dbf54e2ef6fd,JNU_INTRADAY_MOMREV_G1_V1
2017-05-10,1.0,206,130,45,-0.012313932901698557,-5.97763733092163e-05,182,76,38,36,35,18,-0.0007543066344145009,-2.0952962067069468e-05,1,1,b34797ee12ca2d0f9e48866ddee9f81b75ce066a515a4cd8dc37dbf54e2ef6fd,JNU_INTRADAY_MOMREV_G1_V1
2017-05-11,1.0,175,81,18,-0.013533346801768273,-7.733341029581871e-05,213,94,38,37,37,24,0.005764824947492201,0.00015580607966195138,0,0,b34797ee12ca2d0f9e48866ddee9f81b75ce066a515a4cd8dc37dbf54e2ef6fd,JNU_INTRADAY_MOMREV_G1_V1
2017-05-12,1.0,214,116,47,-0.0055409937366065545,-2.589249409629231e-05,174,98,38,37,37,21,0.002767970038336859,7.481000103613133e-05,0,0,b34797ee12ca2d0f9e48866ddee9f81b75ce066a515a4cd8dc37dbf54e2ef6fd,JNU_INTRADAY_MOMREV_G1_V1
2017-05-15,1.0,218,132,45,-0.01285165726554997,-5.895255626399069e-05,170,86,38,37,37,24,-0.0005085484434944629,-1.3744552526877376e-05,0,0,b34797ee12ca2d0f9e48866ddee9f81b75ce066a515a4cd8dc37dbf54e2ef6fd,JNU_INTRADAY_MOMREV_G1_V1
2017-05-16,1.0,190,94,28,-0.010286688226302675,-5.414046434896145e-05,198,96,38,37,37,18,0.003261189333685184,8.814025226176172e-05,0,0,b34797ee12ca2d0f9e48866ddee9f81b75ce066a515a4cd8dc37dbf54e2ef6fd,JNU_INTRADAY_MOMREV_G1_V1
2017-05-17,1.0,222,132,40,-0.01489890573277701,-6.711218798548203e-05,166,90,38,37,37,18,0.0017642697319097266,4.768296572728991e-05,0,0,b34797ee12ca2d0f9e48866ddee9f81b75ce066a515a4cd8dc37dbf54e2ef6fd,JNU_INTRADAY_MOMREV_G1_V1
2017-05-18,1.0,230,145,60,-0.007950547784072448,-3.456759906118456e-05,158,85,38,37,37,15,-0.005627574192527669,-0.0001520965997980451,0,0,b34797ee12ca2d0f9e48866ddee9f81b75ce066a515a4cd8dc37dbf54e2ef6fd,JNU_INTRADAY_MOMREV_G1_V1
2017-05-19,1.0,238,150,52,-0.013304285690052481,-5.590036004223731e-05,150,88,38,37,37,24,0.004085291061021654,0.00011041327191950417,0,0,b34797ee12ca2d0f9e48866ddee9f81b75ce066a515a4cd8dc37dbf54e2ef6fd,JNU_INTRADAY_MOMREV_G1_V1
2017-05-22,1.0,202,116,44,-0.008900770002569447,-4.4063217834502215e-05,186,86,38,37,37,18,-0.0017779025439630467,-4.805142010710937e-05,0,0,b34797ee12ca2d0f9e48866ddee9f81b75ce066a515a4cd8dc37dbf54e2ef6fd,JNU_INTRADAY_MOMREV_G1_V1
2017-05-23,1.0,218,131,34,-0.01856701376022273,-8.516978789092995e-05,170,87,38,37,37,18,-0.0038161195736393936,-0.00010313836685511874,0,0,b34797ee12ca2d0f9e48866ddee9f81b75ce066a515a4cd8dc37dbf54e2ef6fd,JNU_INTRADAY_MOMREV_G1_V1
2017-05-24,1.0,196,105,25,-0.016982292387636554,-8.664434891651304e-05,192,91,38,37,37,23,0.004310892821310834,0.00011651061679218469,0,0,b34797ee12ca2d0f9e48866ddee9f81b75ce066a515a4cd8dc37dbf54e2ef6fd,JNU_INTRADAY_MOMREV_G1_V1
2017-05-25,1.0,216,126,32,-0.018927758898278305,-8.762851341795512e-05,172,90,38,37,37,21,-0.00127167455239587,-3.4369582497185675e-05,0,0,b34797ee12ca2d0f9e48866ddee9f81b75ce066a515a4cd8dc37dbf54e2ef6fd,JNU_INTRADAY_MOMREV_G1_V1
2017-05-26,1.0,198,102,27,-0.011395410041800029,-5.755257596868701e-05,190,96,38,37,37,18,0.0010137489867348113,2.739862126310301e-05,0,0,b34797ee12ca2d0f9e48866ddee9f81b75ce066a515a4cd8dc37dbf54e2ef6fd,JNU_INTRADAY_MOMREV_G1_V1
2017-05-29,1.0,200,110,26,-0.013849571544565563,-6.924785772282782e-05,188,90,38,37,37,20,-0.0025430396289209257,-6.873080078164664e-05,0,0,b34797ee12ca2d0f9e48866ddee9f81b75ce066a515a4cd8dc37dbf54e2ef6fd,JNU_INTRADAY_MOMREV_G1_V1
2017-05-30,1.0,195,102,28,-0.013753351523963973,-7.053000781519987e-05,193,93,38,37,37,15,-0.006875909543496062,-0.00018583539306746112,0,0,b34797ee12ca2d0f9e48866ddee9f81b75ce066a515a4cd8dc37dbf54e2ef6fd,JNU_INTRADAY_MOMREV_G1_V1
2017-05-31,1.0,209,113,34,-0.012220230427130921,-5.847000204368862e-05,179,96,38,37,37,21,0.007646365888665933,0.0002066585375315117,0,0,b34797ee12ca2d0f9e48866ddee9f81b75ce066a515a4cd8dc37dbf54e2ef6fd,JNU_INTRADAY_MOMREV_G1_V1
2017-06-01,1.0,233,139,49,-0.010573704823628266,-4.53807073975462e-05,155,94,38,37,37,16,-0.00734047363770873,-0.00019839117939753322,0,0,b34797ee12ca2d0f9e48866ddee9f81b75ce066a515a4cd8dc37dbf54e2ef6fd,JNU_INTRADAY_MOMREV_G1_V1
2017-06-02,1.0,245,165,66,-0.011254427881873367,-4.593644033417701e-05,143,80,38,37,37,15,-0.011954265953795225,-0.0003230882690214926,0,0,b34797ee12ca2d0f9e48866ddee9f81b75ce066a515a4cd8dc37dbf54e2ef6fd,JNU_INTRADAY_MOMREV_G1_V1
2017-06-05,1.0,236,149,52,-0.009760683831950619,-4.135882979640093e-05,152,87,38,37,37,16,-0.00024754844058275994,-6.690498394128647e-06,0,0,b34797ee12ca2d0f9e48866ddee9f81b75ce066a515a4cd8dc37dbf54e2ef6fd,JNU_INTRADAY_MOMREV_G1_V1
2017-06-06,1.0,229,146,52,-0.014751925200314637,-6.441888733761851e-05,159,83,38,37,37,20,-0.0059876641620188065,-0.00016182876113564343,0,0,b34797ee12ca2d0f9e48866ddee9f81b75ce066a515a4cd8dc37dbf54e2ef6fd,JNU_INTRADAY_MOMREV_G1_V1
2017-06-07,1.0,223,138,48,-0.010178696702513942,-4.5644379831901085e-05,165,85,38,37,37,19,0.0030068090968661883,8.12651107261132e-05,0,0,b34797ee12ca2d0f9e48866ddee9f81b75ce066a515a4cd8dc37dbf54e2ef6fd,JNU_INTRADAY_MOMREV_G1_V1
2017-06-08,1.0,208,118,48,-0.0039006447171993303,-1.8753099601919856e-05,180,90,38,37,37,20,0.002245735239557175,6.069554701505878e-05,0,0,b34797ee12ca2d0f9e48866ddee9f81b75ce066a515a4cd8dc37dbf54e2ef6fd,JNU_INTRADAY_MOMREV_G1_V1
2017-06-09,1.0,237,151,51,-0.019501364037374524,-8.228423644461824e-05,151,86,38,37,37,17,-0.005022591604384636,-0.0001357457190374226,0,0,b34797ee12ca2d0f9e48866ddee9f81b75ce066a515a4cd8dc37dbf54e2ef6fd,JNU_INTRADAY_MOMREV_G1_V1
2017-06-12,1.0,210,125,34,-0.01761420442599094,-8.387716393329018e-05,178,85,38,37,37,17,0.0025117323100456667,6.788465702826127e-05,0,0,b34797ee12ca2d0f9e48866ddee9f81b75ce066a515a4cd8dc37dbf54e2ef6fd,JNU_INTRADAY_MOMREV_G1_V1
2017-06-13,1.0,188,105,27,-0.016211049790838615,-8.622898824914157e-05,200,83,38,36,35,26,0.007053599569208916,0.00019593332136691433,1,1,b34797ee12ca2d0f9e48866ddee9f81b75ce066a515a4cd8dc37dbf54e2ef6fd,JNU_INTRADAY_MOMREV_G1_V1
2017-06-14,1.0,193,109,33,-0.009296216638045574,-4.816692558572836e-05,195,84,38,37,37,15,0.0027618295280891904,7.464404129970785e-05,0,0,b34797ee12ca2d0f9e48866ddee9f81b75ce066a515a4cd8dc37dbf54e2ef6fd,JNU_INTRADAY_MOMREV_G1_V1
2017-06-15,1.0,231,140,55,-0.005573317885667443,-2.4126917253971615e-05,157,91,38,37,37,19,-0.009059917511087853,-0.00024486263543480687,0,0,b34797ee12ca2d0f9e48866ddee9f81b75ce066a515a4cd8dc37dbf54e2ef6fd,JNU_INTRADAY_MOMREV_G1_V1
2017-06-16,1.0,223,133,53,-0.009287018039672183,-4.1645820805704856e-05,165,90,38,37,37,21,0.0035118672154157006,9.491533014637028e-05,0,0,b34797ee12ca2d0f9e48866ddee9f81b75ce066a515a4cd8dc37dbf54e2ef6fd,JNU_INTRADAY_MOMREV_G1_V1
2017-06-19,1.0,222,132,40,-0.01424334902941194,-6.415922986221595e-05,166,90,38,37,37,19,0.0035058513993139664,9.475274052199908e-05,0,0,b34797ee12ca2d0f9e48866ddee9f81b75ce066a515a4cd8dc37dbf54e2ef6fd,JNU_INTRADAY_MOMREV_G1_V1
2017-06-20,1.0,201,110,36,-0.010611588911722914,-5.2793974685188626e-05,187,91,38,37,37,18,-0.0009903298648697538,-2.676567202350686e-05,0,0,b34797ee12ca2d0f9e48866ddee9f81b75ce066a515a4cd8dc37dbf54e2ef6fd,JNU_INTRADAY_MOMREV_G1_V1
2017-06-21,1.0,219,123,35,-0.016893138470673204,-7.713761858754888e-05,169,96,38,37,37,18,0.0009936741495793675,2.6856058096739664e-05,0,0,b34797ee12ca2d0f9e48866ddee9f81b75ce066a515a4cd8dc37dbf54e2ef6fd,JNU_INTRADAY_MOMREV_G1_V1
2017-06-22,1.0,213,121,30,-0.01641847860043056,-7.708205915695099e-05,175,92,38,37,37,21,-0.00024600469980498043,-6.6487756704048765e-06,0,0,b34797ee12ca2d0f9e48866ddee9f81b75ce066a515a4cd8dc37dbf54e2ef6fd,JNU_INTRADAY_MOMREV_G1_V1
2017-06-23,1.0,177,87,22,-0.013190862014176142,-7.452464414788781e-05,211,90,38,37,37,20,0.0037311260417081838,0.00010084124437049146,0,0,b34797ee12ca2d0f9e48866ddee9f81b75ce066a515a4cd8dc37dbf54e2ef6fd,JNU_INTRADAY_MOMREV_G1_V1
2017-06-26,1.0,178,94,13,-0.01838954774262675,-0.0001033120659698132,210,84,38,37,37,20,-0.00025057952410456884,-6.772419570393753e-06,0,0,b34797ee12ca2d0f9e48866ddee9f81b75ce066a515a4cd8dc37dbf54e2ef6fd,JNU_INTRADAY_MOMREV_G1_V1
2017-06-27,1.0,185,102,16,-0.020061556069044816,-0.00010844084361645847,203,83,38,36,35,18,-0.0012388812194189128,-3.441336720608091e-05,1,1,b34797ee12ca2d0f9e48866ddee9f81b75ce066a515a4cd8dc37dbf54e2ef6fd,JNU_INTRADAY_MOMREV_G1_V1
2017-06-28,1.0,195,108,28,-0.01662590945650052,-8.526107413590009e-05,193,87,38,37,37,16,-0.003965612757215771,-0.00010717872316799381,0,0,b34797ee12ca2d0f9e48866ddee9f81b75ce066a515a4cd8dc37dbf54e2ef6fd,JNU_INTRADAY_MOMREV_G1_V1
2017-06-29,1.0,198,104,31,-0.010134475346553805,-5.118421892198892e-05,190,94,38,37,37,24,0.004699146834769158,0.00012700396850727453,0,0,b34797ee12ca2d0f9e48866ddee9f81b75ce066a515a4cd8dc37dbf54e2ef6fd,JNU_INTRADAY_MOMREV_G1_V1
2017-06-30,1.0,245,157,58,-0.01276561962625375,-5.2104569903076534e-05,143,88,38,37,37,19,0.004760558200512532,0.00012866373514898734,0,0,b34797ee12ca2d0f9e48866ddee9f81b75ce066a515a4cd8dc37dbf54e2ef6fd,JNU_INTRADAY_MOMREV_G1_V1
2017-07-03,1.0,193,104,24,-0.018697372024451587,-9.687757525622583e-05,195,89,38,37,37,19,0.00473700651495949,0.00012802720310701324,0,0,b34797ee12ca2d0f9e48866ddee9f81b75ce066a515a4cd8dc37dbf54e2ef6fd,JNU_INTRADAY_MOMREV_G1_V1
2017-07-04,1.0,222,137,53,-0.009187890450691134,-4.1386893922032134e-05,166,85,38,37,37,22,0.00324893061991004,8.780893567324433e-05,0,0,b34797ee12ca2d0f9e48866ddee9f81b75ce066a515a4cd8dc37dbf54e2ef6fd,JNU_INTRADAY_MOMREV_G1_V1
2017-07-05,1.0,227,134,52,-0.008750266368753867,-3.8547428937241705e-05,161,93,38,37,37,16,-0.009771579792487852,-0.0002640967511483203,0,0,b34797ee12ca2d0f9e48866ddee9f81b75ce066a515a4cd8dc37dbf54e2ef6fd,JNU_INTRADAY_MOMREV_G1_V1
2017-07-06,1.0,228,145,54,-0.010494539436888462,-4.602868174073887e-05,160,83,38,37,37,21,0.008506967090759819,0.0002299180294799951,0,0,b34797ee12ca2d0f9e48866ddee9f81b75ce066a515a4cd8dc37dbf54e2ef6fd,JNU_INTRADAY_MOMREV_G1_V1
2017-07-07,1.0,212,130,49,-0.00978383885052808,-4.615018325720792e-05,176,82,38,37,37,19,0.0027722590081150638,7.492591913824497e-05,0,0,b34797ee12ca2d0f9e48866ddee9f81b75ce066a515a4cd8dc37dbf54e2ef6fd,JNU_INTRADAY_MOMREV_G1_V1
2017-07-10,1.0,210,127,35,-0.017697392659865037,-8.42732983803097e-05,178,83,38,37,37,20,0.005730108920587395,0.00015486780866452417,0,0,b34797ee12ca2d0f9e48866ddee9f81b75ce066a515a4cd8dc37dbf54e2ef6fd,JNU_INTRADAY_MOMREV_G1_V1
2017-07-11,1.0,196,109,23,-0.01565711987017947,-7.98832646437728e-05,192,87,38,37,37,16,0.0019849830830602233,5.364819143406009e-05,0,0,b34797ee12ca2d0f9e48866ddee9f81b75ce066a515a4cd8dc37dbf54e2ef6fd,JNU_INTRADAY_MOMREV_G1_V1
2017-07-12,1.0,214,121,45,-0.007213412064090568,-3.3707533009769006e-05,174,93,38,37,37,22,0.0029856961989226036,8.069449186277307e-05,0,0,b34797ee12ca2d0f9e48866ddee9f81b75ce066a515a4cd8dc37dbf54e2ef6fd,JNU_INTRADAY_MOMREV_G1_V1
2017-07-13,1.0,193,105,24,-0.01765538977480788,-9.14787034964139e-05,195,88,38,36,35,20,0.000504818300195668,1.4022730560990777e-05,1,1,b34797ee12ca2d0f9e48866ddee9f81b75ce066a515a4cd8dc37dbf54e2ef6fd,JNU_INTRADAY_MOMREV_G1_V1
2017-07-14,1.0,186,96,21,-0.014666571923355267,-7.885253722234015e-05,202,90,38,37,37,23,0.004474706271975949,0.00012093800735070132,0,0,b34797ee12ca2d0f9e48866ddee9f81b75ce066a515a4cd8dc37dbf54e2ef6fd,JNU_INTRADAY_MOMREV_G1_V1
2017-07-18,1.0,208,112,27,-0.017021302805279043,-8.183318656384155e-05,180,96,38,37,37,18,-0.0007522181823014123,-2.033022114328141e-05,0,0,b34797ee12ca2d0f9e48866ddee9f81b75ce066a515a4cd8dc37dbf54e2ef6fd,JNU_INTRADAY_MOMREV_G1_V1
2017-07-19,1.0,196,115,30,-0.014010513876757714,-7.148221365692712e-05,192,81,38,37,37,24,0.0040051974786480685,0.00010824858050400185,0,0,b34797ee12ca2d0f9e48866ddee9f81b75ce066a515a4cd8dc37dbf54e2ef6fd,JNU_INTRADAY_MOMREV_G1_V1
2017-07-20,1.0,192,106,22,-0.019916920186768678,-0.00010373395930608687,196,86,38,37,37,21,0.004491217861133626,0.00012138426651712502,0,0,b34797ee12ca2d0f9e48866ddee9f81b75ce066a515a4cd8dc37dbf54e2ef6fd,JNU_INTRADAY_MOMREV_G1_V1
2017-07-21,1.0,176,91,18,-0.014692509451643215,-8.348016733888191e-05,212,85,38,37,37,19,0.002988854650617816,8.077985542210314e-05,0,0,b34797ee12ca2d0f9e48866ddee9f81b75ce066a515a4cd8dc37dbf54e2ef6fd,JNU_INTRADAY_MOMREV_G1_V1
2017-07-24,1.0,200,106,26,-0.015818154420337596,-7.909077210168798e-05,188,94,38,37,37,19,-0.003512488052985683,-9.493210954015359e-05,0,0,b34797ee12ca2d0f9e48866ddee9f81b75ce066a515a4cd8dc37dbf54e2ef6fd,JNU_INTRADAY_MOMREV_G1_V1
2017-07-25,1.0,211,126,28,-0.019790125558418074,-9.379206425790557e-05,177,85,38,37,37,13,-0.004260748707188969,-0.00011515537046456673,0,0,b34797ee12ca2d0f9e48866ddee9f81b75ce066a515a4cd8dc37dbf54e2ef6fd,JNU_INTRADAY_MOMREV_G1_V1
2017-07-26,1.0,206,113,26,-0.01671076767470896,-8.112023143062602e-05,182,93,38,37,37,15,-0.001993960353987599,-5.389082037804322e-05,0,0,b34797ee12ca2d0f9e48866ddee9f81b75ce066a515a4cd8dc37dbf54e2ef6fd,JNU_INTRADAY_MOMREV_G1_V1
2017-07-27,1.0,194,106,32,-0.013714572387843196,-7.069367210228452e-05,194,88,38,37,37,17,-0.008711917757654009,-0.00023545723669335158,0,0,b34797ee12ca2d0f9e48866ddee9f81b75ce066a515a4cd8dc37dbf54e2ef6fd,JNU_INTRADAY_MOMREV_G1_V1
2017-07-28,1.0,213,120,29,-0.01878469076674514,-8.81910364635922e-05,175,93,38,37,37,23,0.004506205962363997,0.00012178935033416208,0,0,b34797ee12ca2d0f9e48866ddee9f81b75ce066a515a4cd8dc37dbf54e2ef6fd,JNU_INTRADAY_MOMREV_G1_V1
2017-07-31,1.0,179,92,25,-0.012041081770898333,-6.726861324524208e-05,209,87,38,37,37,21,0.008528660075936962,0.00023050432637667466,0,0,b34797ee12ca2d0f9e48866ddee9f81b75ce066a515a4cd8dc37dbf54e2ef6fd,JNU_INTRADAY_MOMREV_G1_V1
2017-08-01,1.0,181,94,19,-0.015281978967067782,-8.443082302247393e-05,207,87,38,37,37,21,0.0002520411082858145,6.811921845562554e-06,0,0,b34797ee12ca2d0f9e48866ddee9f81b75ce066a515a4cd8dc37dbf54e2ef6fd,JNU_INTRADAY_MOMREV_G1_V1
2017-08-02,1.0,176,86,21,-0.012209986654400788,-6.937492417273175e-05,212,90,38,36,35,16,-0.004990767357356102,-0.00013863242659322507,1,1,b34797ee12ca2d0f9e48866ddee9f81b75ce066a515a4cd8dc37dbf54e2ef6fd,JNU_INTRADAY_MOMREV_G1_V1
2017-08-03,1.0,196,105,24,-0.01499576186025001,-7.650898908290822e-05,192,91,38,37,37,23,0.009996006574993978,0.0002701623398647021,0,0,b34797ee12ca2d0f9e48866ddee9f81b75ce066a515a4cd8dc37dbf54e2ef6fd,JNU_INTRADAY_MOMREV_G1_V1
2017-08-04,1.0,163,73,16,-0.011030397785149337,-6.767115205613091e-05,225,90,38,37,37,14,-3.1409988685357363e-07,-8.489186131177665e-09,0,0,b34797ee12ca2d0f9e48866ddee9f81b75ce066a515a4cd8dc37dbf54e2ef6fd,JNU_INTRADAY_MOMREV_G1_V1
2017-08-07,1.0,167,88,9,-0.019952307633849874,-0.00011947489601107709,221,79,38,36,35,19,0.0017466004295849495,4.851667859958193e-05,1,1,b34797ee12ca2d0f9e48866ddee9f81b75ce066a515a4cd8dc37dbf54e2ef6fd,JNU_INTRADAY_MOMREV_G1_V1
2017-08-08,1.0,163,80,16,-0.011506264844278295,-7.0590581866738e-05,225,83,38,35,33,14,-0.001997064994112001,-5.7058999831771454e-05,2,2,b34797ee12ca2d0f9e48866ddee9f81b75ce066a515a4cd8dc37dbf54e2ef6fd,JNU_INTRADAY_MOMREV_G1_V1
2017-08-09,1.0,238,161,64,-0.007616711631242501,-3.20029900472374e-05,150,77,38,37,37,22,-0.003287907281319253,-8.886235895457442e-05,0,0,b34797ee12ca2d0f9e48866ddee9f81b75ce066a515a4cd8dc37dbf54e2ef6fd,JNU_INTRADAY_MOMREV_G1_V1
2017-08-10,1.0,230,139,54,-0.00928693163856987,-4.0377963645955956e-05,158,91,38,37,37,22,0.00531799321513863,0.00014372954635509812,0,0,b34797ee12ca2d0f9e48866ddee9f81b75ce066a515a4cd8dc37dbf54e2ef6fd,JNU_INTRADAY_MOMREV_G1_V1
2017-08-14,1.0,220,132,40,-0.01945482857390251,-8.843103897228413e-05,168,88,38,37,37,20,0.0028197592785952916,7.620971023230518e-05,0,0,b34797ee12ca2d0f9e48866ddee9f81b75ce066a515a4cd8dc37dbf54e2ef6fd,JNU_INTRADAY_MOMREV_G1_V1
2017-08-15,1.0,197,113,38,-0.01062899021671575,-5.395426505947082e-05,191,84,38,36,35,20,0.0004875395524692427,1.3542765346367853e-05,1,1,b34797ee12ca2d0f9e48866ddee9f81b75ce066a515a4cd8dc37dbf54e2ef6fd,JNU_INTRADAY_MOMREV_G1_V1
2017-08-16,1.0,189,103,25,-0.01672779073165222,-8.850682926800117e-05,199,86,38,37,37,24,0.005068232203270262,0.0001369792487370341,0,0,b34797ee12ca2d0f9e48866ddee9f81b75ce066a515a4cd8dc37dbf54e2ef6fd,JNU_INTRADAY_MOMREV_G1_V1
2017-08-17,1.0,199,107,28,-0.013967030430430464,-7.01860825649772e-05,189,92,38,37,37,16,0.0015240028191839804,4.118926538335082e-05,0,0,b34797ee12ca2d0f9e48866ddee9f81b75ce066a515a4cd8dc37dbf54e2ef6fd,JNU_INTRADAY_MOMREV_G1_V1
2017-08-18,1.0,231,138,47,-0.01309837795507475,-5.6702934870453464e-05,157,93,38,36,35,18,0.002054250385898561,5.7062510719404474e-05,1,1,b34797ee12ca2d0f9e48866ddee9f81b75ce066a515a4cd8dc37dbf54e2ef6fd,JNU_INTRADAY_MOMREV_G1_V1
2017-08-21,1.0,215,117,39,-0.011863133110011062,-5.517736330237704e-05,173,98,38,37,37,20,0.006455880185708323,0.0001744832482623871,0,0,b34797ee12ca2d0f9e48866ddee9f81b75ce066a515a4cd8dc37dbf54e2ef6fd,JNU_INTRADAY_MOMREV_G1_V1
2017-08-22,1.0,224,136,45,-0.01702814855055567,-7.601852031498067e-05,164,88,38,37,37,17,-0.0015500526841935947,-4.189331578901607e-05,0,0,b34797ee12ca2d0f9e48866ddee9f81b75ce066a515a4cd8dc37dbf54e2ef6fd,JNU_INTRADAY_MOMREV_G1_V1
2017-08-23,1.0,224,136,38,-0.020036741696124117,-8.944973971483981e-05,164,88,38,37,37,20,0.003089982177465588,8.351303182339427e-05,0,0,b34797ee12ca2d0f9e48866ddee9f81b75ce066a515a4cd8dc37dbf54e2ef6fd,JNU_INTRADAY_MOMREV_G1_V1
2017-08-24,1.0,206,111,40,-0.009286987954404738,-4.508246579808125e-05,182,95,38,37,37,21,0.0010267873854749613,2.77510104182422e-05,0,0,b34797ee12ca2d0f9e48866ddee9f81b75ce066a515a4cd8dc37dbf54e2ef6fd,JNU_INTRADAY_MOMREV_G1_V1
2017-08-25,1.0,215,118,41,-0.013121510039783351,-6.103027925480629e-05,173,97,38,37,37,23,0.004376306914359217,0.00011827856525295181,0,0,b34797ee12ca2d0f9e48866ddee9f81b75ce066a515a4cd8dc37dbf54e2ef6fd,JNU_INTRADAY_MOMREV_G1_V1
2017-08-28,1.0,212,129,44,-0.011644938744629092,-5.492895634259005e-05,176,83,38,37,37,24,0.004112195024586674,0.0001111404060699101,0,0,b34797ee12ca2d0f9e48866ddee9f81b75ce066a515a4cd8dc37dbf54e2ef6fd,JNU_INTRADAY_MOMREV_G1_V1
2017-08-29,1.0,237,150,49,-0.017863430270251262,-7.537312350316989e-05,151,87,38,37,37,19,0.007764786585338906,0.0002098590969010515,0,0,b34797ee12ca2d0f9e48866ddee9f81b75ce066a515a4cd8dc37dbf54e2ef6fd,JNU_INTRADAY_MOMREV_G1_V1
2017-08-30,1.0,197,110,34,-0.013864075299496749,-7.037601674871445e-05,191,87,38,37,37,19,0.0023135870151681885,6.252937878832942e-05,0,0,b34797ee12ca2d0f9e48866ddee9f81b75ce066a515a4cd8dc37dbf54e2ef6fd,JNU_INTRADAY_MOMREV_G1_V1
2017-08-31,1.0,208,112,29,-0.013750454054153347,-6.610795218342955e-05,180,96,38,37,37,18,-0.0010221578611823768,-2.762588814006424e-05,0,0,b34797ee12ca2d0f9e48866ddee9f81b75ce066a515a4cd8dc37dbf54e2ef6fd,JNU_INTRADAY_MOMREV_G1_V1
2017-09-01,1.0,205,117,24,-0.02134621237388257,-0.00010412786523845157,183,88,38,37,37,18,0.0012690760904564252,3.4299353796119596e-05,0,0,b34797ee12ca2d0f9e48866ddee9f81b75ce066a515a4cd8dc37dbf54e2ef6fd,JNU_INTRADAY_MOMREV_G1_V1
2017-09-04,1.0,222,125,39,-0.014449360359598207,-6.508720882701895e-05,166,97,38,37,37,20,-0.00025027825841261253,-6.764277254394933e-06,0,0,b34797ee12ca2d0f9e48866ddee9f81b75ce066a515a4cd8dc37dbf54e2ef6fd,JNU_INTRADAY_MOMREV_G1_V1
2017-09-05,1.0,259,178,83,-0.005007560356988162,-1.9334209872541168e-05,129,81,38,37,37,15,-0.006779033377636192,-0.00018321711831449167,0,0,b34797ee12ca2d0f9e48866ddee9f81b75ce066a515a4cd8dc37dbf54e2ef6fd,JNU_INTRADAY_MOMREV_G1_V1
2017-09-06,1.0,224,138,40,-0.014587482815408295,-6.51226911402156e-05,164,86,38,37,37,19,0.0063651246458223745,0.00017203039583303716,0,0,b34797ee12ca2d0f9e48866ddee9f81b75ce066a515a4cd8dc37dbf54e2ef6fd,JNU_INTRADAY_MOMREV_G1_V1
2017-09-07,1.0,245,167,66,-0.014873861671835117,-6.070963947687803e-05,143,78,38,37,37,19,0.0021032945595264056,5.684579890611907e-05,0,0,b34797ee12ca2d0f9e48866ddee9f81b75ce066a515a4cd8dc37dbf54e2ef6fd,JNU_INTRADAY_MOMREV_G1_V1
2017-09-08,1.0,221,135,42,-0.01460772201983509,-6.609828968251172e-05,167,86,38,37,37,19,-0.0010474081607946381,-2.8308328670125354e-05,0,0,b34797ee12ca2d0f9e48866ddee9f81b75ce066a515a4cd8dc37dbf54e2ef6fd,JNU_INTRADAY_MOMREV_G1_V1
2017-09-11,1.0,184,104,34,-0.014194081315580134,-7.714174628032681e-05,204,80,38,36,35,12,-0.0038771492881700185,-0.00010769859133805607,1,1,b34797ee12ca2d0f9e48866ddee9f81b75ce066a515a4cd8dc37dbf54e2ef6fd,JNU_INTRADAY_MOMREV_G1_V1
2017-09-12,1.0,183,94,21,-0.01759233293433207,-9.61329668542736e-05,205,89,38,37,37,21,0.0017884120755989894,4.833546150267539e-05,0,0,b34797ee12ca2d0f9e48866ddee9f81b75ce066a515a4cd8dc37dbf54e2ef6fd,JNU_INTRADAY_MOMREV_G1_V1
2017-09-13,1.0,190,102,23,-0.01622185055505269,-8.53781608160668e-05,198,88,38,37,37,16,-0.00025319481661328235,-6.8431031517103335e-06,0,0,b34797ee12ca2d0f9e48866ddee9f81b75ce066a515a4cd8dc37dbf54e2ef6fd,JNU_INTRADAY_MOMREV_G1_V1
2017-09-14,1.0,194,101,38,-0.005322405153371147,-2.7435078110160552e-05,194,93,38,37,37,16,-0.003293613336973323,-8.901657667495467e-05,0,0,b34797ee12ca2d0f9e48866ddee9f81b75ce066a515a4cd8dc37dbf54e2ef6fd,JNU_INTRADAY_MOMREV_G1_V1
2017-09-15,1.0,219,130,41,-0.015206451045988435,-6.943584952506134e-05,169,89,38,37,37,20,0.0027966318973496967,7.558464587431612e-05,0,0,b34797ee12ca2d0f9e48866ddee9f81b75ce066a515a4cd8dc37dbf54e2ef6fd,JNU_INTRADAY_MOMREV_G1_V1
2017-09-19,1.0,199,113,23,-0.018698780865082226,-9.396372294011169e-05,189,86,38,37,37,19,0.002745455045159219,7.420148770700593e-05,0,0,b34797ee12ca2d0f9e48866ddee9f81b75ce066a515a4cd8dc37dbf54e2ef6fd,JNU_INTRADAY_MOMREV_G1_V1
2017-09-20,1.0,202,108,31,-0.013395140278703652,-6.631257563714679e-05,186,94,38,37,37,18,0.0017400142568152247,4.7027412346357426e-05,0,0,b34797ee12ca2d0f9e48866ddee9f81b75ce066a515a4cd8dc37dbf54e2ef6fd,JNU_INTRADAY_MOMREV_G1_V1
2017-09-21,1.0,219,131,47,-0.009593565411606638,-4.3806234756194695e-05,169,88,38,37,37,17,5.236855848400222e-06,1.4153664455135734e-07,0,0,b34797ee12ca2d0f9e48866ddee9f81b75ce066a515a4cd8dc37dbf54e2ef6fd,JNU_INTRADAY_MOMREV_G1_V1
2017-09-22,1.0,227,135,42,-0.014382010271044368,-6.335687344072409e-05,161,92,38,37,37,20,0.0024845170576137487,6.714910966523645e-05,0,0,b34797ee12ca2d0f9e48866ddee9f81b75ce066a515a4cd8dc37dbf54e2ef6fd,JNU_INTRADAY_MOMREV_G1_V1
2017-09-25,1.0,204,113,35,-0.01357704863615054,-6.65541599811301e-05,184,91,38,37,37,20,0.0019733002800727357,5.333244000196583e-05,0,0,b34797ee12ca2d0f9e48866ddee9f81b75ce066a515a4cd8dc37dbf54e2ef6fd,JNU_INTRADAY_MOMREV_G1_V1
2017-09-26,1.0,217,125,36,-0.01584172420444805,-7.300333734768687e-05,171,92,38,37,37,14,-0.001486803340684523,-4.0183874072554676e-05,0,0,b34797ee12ca2d0f9e48866ddee9f81b75ce066a515a4cd8dc37dbf54e2ef6fd,JNU_INTRADAY_MOMREV_G1_V1
2017-09-27,1.0,200,113,29,-0.015062743952469558,-7.531371976234779e-05,188,87,38,37,37,18,0.0017321488387120707,4.6814833478704615e-05,0,0,b34797ee12ca2d0f9e48866ddee9f81b75ce066a515a4cd8dc37dbf54e2ef6fd,JNU_INTRADAY_MOMREV_G1_V1
2017-09-28,1.0,231,149,47,-0.015242677816718505,-6.598561825419266e-05,157,82,38,37,37,22,-0.0007376706694900137,-1.9937045121351722e-05,0,0,b34797ee12ca2d0f9e48866ddee9f81b75ce066a515a4cd8dc37dbf54e2ef6fd,JNU_INTRADAY_MOMREV_G1_V1
2017-09-29,1.0,191,94,22,-0.015750835157202058,-8.246510553508931e-05,197,97,38,37,37,21,0.0049264699138907055,0.0001331478355105596,0,0,b34797ee12ca2d0f9e48866ddee9f81b75ce066a515a4cd8dc37dbf54e2ef6fd,JNU_INTRADAY_MOMREV_G1_V1
2017-10-02,1.0,200,115,32,-0.013738479191337135,-6.869239595668568e-05,188,85,38,36,35,22,0.0034331162691205166,9.536434080890324e-05,1,1,b34797ee12ca2d0f9e48866ddee9f81b75ce066a515a4cd8dc37dbf54e2ef6fd,JNU_INTRADAY_MOMREV_G1_V1
2017-10-03,1.0,197,106,37,-0.008511813420337189,-4.32071747225238e-05,191,91,38,37,37,18,-7.805978508873806e-06,-2.1097239213172449e-07,0,0,b34797ee12ca2d0f9e48866ddee9f81b75ce066a515a4cd8dc37dbf54e2ef6fd,JNU_INTRADAY_MOMREV_G1_V1
2017-10-04,1.0,197,99,25,-0.015743651710321528,-7.99170137579773e-05,191,98,38,37,37,25,0.0050843705833986475,0.00013741542117293642,0,0,b34797ee12ca2d0f9e48866ddee9f81b75ce066a515a4cd8dc37dbf54e2ef6fd,JNU_INTRADAY_MOMREV_G1_V1
2017-10-05,1.0,166,75,14,-0.011633663512381312,-7.008231031555007e-05,222,91,38,36,35,20,0.001453782333490243,4.0382842596951197e-05,1,1,b34797ee12ca2d0f9e48866ddee9f81b75ce066a515a4cd8dc37dbf54e2ef6fd,JNU_INTRADAY_MOMREV_G1_V1
2017-10-06,1.0,193,104,15,-0.020062298550213617,-0.00010394973342079594,195,89,38,36,35,24,0.0074920989351305155,0.000208113859309181,1,1,b34797ee12ca2d0f9e48866ddee9f81b75ce066a515a4cd8dc37dbf54e2ef6fd,JNU_INTRADAY_MOMREV_G1_V1
2017-10-10,1.0,205,115,34,-0.010589911940118808,-5.16581070249698e-05,183,90,38,37,37,22,0.003370267370753857,9.10883073176718e-05,0,0,b34797ee12ca2d0f9e48866ddee9f81b75ce066a515a4cd8dc37dbf54e2ef6fd,JNU_INTRADAY_MOMREV_G1_V1
2017-10-11,1.0,203,114,26,-0.01797781862962452,-8.856068290455428e-05,185,89,38,37,37,20,0.0009544639893662707,2.5796324036926233e-05,0,0,b34797ee12ca2d0f9e48866ddee9f81b75ce066a515a4cd8dc37dbf54e2ef6fd,JNU_INTRADAY_MOMREV_G1_V1
2017-10-12,1.0,183,88,28,-0.0073911463808760455,-4.038877803757402e-05,205,95,38,37,37,19,-0.0011955659911583377,-3.231259435563075e-05,0,0,b34797ee12ca2d0f9e48866ddee9f81b75ce066a515a4cd8dc37dbf54e2ef6fd,JNU_INTRADAY_MOMREV_G1_V1
2017-10-13,1.0,223,131,54,-0.002635212735960111,-1.1817097470673143e-05,165,92,38,37,37,20,-0.0028380047693819127,-7.670283160491656e-05,0,0,b34797ee12ca2d0f9e48866ddee9f81b75ce066a515a4cd8dc37dbf54e2ef6fd,JNU_INTRADAY_MOMREV_G1_V1
2017-10-16,1.0,218,126,52,-0.006573989770431856,-3.015591637812778e-05,170,92,38,37,37,21,0.003055208362186994,8.257319897802687e-05,0,0,b34797ee12ca2d0f9e48866ddee9f81b75ce066a515a4cd8dc37dbf54e2ef6fd,JNU_INTRADAY_MOMREV_G1_V1
2017-10-17,1.0,206,104,49,-0.0011727347026954172,-5.692886906288433e-06,182,102,38,37,37,22,0.0060972321495001746,0.0001647900580945993,0,0,b34797ee12ca2d0f9e48866ddee9f81b75ce066a515a4cd8dc37dbf54e2ef6fd,JNU_INTRADAY_MOMREV_G1_V1
2017-10-18,1.0,201,114,33,-0.012640181464040048,-6.288647494547288e-05,187,87,38,37,37,25,0.00515058182558841,0.00013920491420509217,0,0,b34797ee12ca2d0f9e48866ddee9f81b75ce066a515a4cd8dc37dbf54e2ef6fd,JNU_INTRADAY_MOMREV_G1_V1
2017-10-19,1.0,204,109,45,-0.002786559918935051,-1.3659607445760053e-05,184,95,38,37,37,21,0.0039620244625706656,0.00010708174223163961,0,0,b34797ee12ca2d0f9e48866ddee9f81b75ce066a515a4cd8dc37dbf54e2ef6fd,JNU_INTRADAY_MOMREV_G1_V1
2017-10-20,1.0,209,115,49,-0.003494027165474749,-1.671783332763038e-05,179,94,38,37,37,20,0.00187009176302106,5.054302062219081e-05,0,0,b34797ee12ca2d0f9e48866ddee9f81b75ce066a515a4cd8dc37dbf54e2ef6fd,JNU_INTRADAY_MOMREV_G1_V1
2017-10-23,1.0,228,143,59,-0.008303762812756639,-3.642001233665192e-05,160,85,38,37,37,24,0.010597016824853119,0.0002864058601311654,0,0,b34797ee12ca2d0f9e48866ddee9f81b75ce066a515a4cd8dc37dbf54e2ef6fd,JNU_INTRADAY_MOMREV_G1_V1
2017-10-24,1.0,246,158,56,-0.013578140782945655,-5.519569423961649e-05,142,88,38,37,37,17,0.002068546733003853,5.59066684595636e-05,0,0,b34797ee12ca2d0f9e48866ddee9f81b75ce066a515a4cd8dc37dbf54e2ef6fd,JNU_INTRADAY_MOMREV_G1_V1
2017-10-25,1.0,239,157,70,0.002585598081433603,1.081840201436654e-05,149,82,38,37,37,18,0.0018508658432349835,5.002340116851307e-05,0,0,b34797ee12ca2d0f9e48866ddee9f81b75ce066a515a4cd8dc37dbf54e2ef6fd,JNU_INTRADAY_MOMREV_G1_V1
2017-10-26,1.0,213,120,36,-0.01356325103231308,-6.367723489348863e-05,175,93,38,37,37,21,0.0032219846902793803,8.708066730484811e-05,0,0,b34797ee12ca2d0f9e48866ddee9f81b75ce066a515a4cd8dc37dbf54e2ef6fd,JNU_INTRADAY_MOMREV_G1_V1
2017-10-27,1.0,242,158,59,-0.01162097970062391,-4.802057727530541e-05,146,84,38,37,37,15,-0.003627818236474166,-9.80491415263288e-05,0,0,b34797ee12ca2d0f9e48866ddee9f81b75ce066a515a4cd8dc37dbf54e2ef6fd,JNU_INTRADAY_MOMREV_G1_V1
2017-10-30,1.0,235,154,61,-0.008185753679885926,-3.48329943824933e-05,153,81,38,36,35,18,0.0009011987302756091,2.5033298063211363e-05,1,1,b34797ee12ca2d0f9e48866ddee9f81b75ce066a515a4cd8dc37dbf54e2ef6fd,JNU_INTRADAY_MOMREV_G1_V1
2017-10-31,1.0,242,157,53,-0.0179998698747832,-7.437962758174875e-05,146,85,38,37,37,24,0.005475091197651043,0.0001479754377743525,0,0,b34797ee12ca2d0f9e48866ddee9f81b75ce066a515a4cd8dc37dbf54e2ef6fd,JNU_INTRADAY_MOMREV_G1_V1
2017-11-01,1.0,255,176,68,-0.011212363104797911,-4.397005139136436e-05,133,79,38,37,37,15,-0.0038251777671470086,-0.0001033831828958651,0,0,b34797ee12ca2d0f9e48866ddee9f81b75ce066a515a4cd8dc37dbf54e2ef6fd,JNU_INTRADAY_MOMREV_G1_V1
2017-11-02,1.0,264,178,82,-0.006012605067987905,-2.2775019196923884e-05,124,86,38,37,37,22,0.004453651153879368,0.00012036895010484778,0,0,b34797ee12ca2d0f9e48866ddee9f81b75ce066a515a4cd8dc37dbf54e2ef6fd,JNU_INTRADAY_MOMREV_G1_V1
2017-11-06,1.0,271,194,72,-0.021958916013723365,-8.102921038274305e-05,117,77,38,37,37,19,-0.004862742833592683,-0.00013142548198899145,0,0,b34797ee12ca2d0f9e48866ddee9f81b75ce066a515a4cd8dc37dbf54e2ef6fd,JNU_INTRADAY_MOMREV_G1_V1
2017-11-07,1.0,265,179,77,-0.002938913010367669,-1.1090237774972336e-05,123,86,38,37,37,15,-0.011625278541969226,-0.00031419671735051963,0,0,b34797ee12ca2d0f9e48866ddee9f81b75ce066a515a4cd8dc37dbf54e2ef6fd,JNU_INTRADAY_MOMREV_G1_V1
2017-11-08,1.0,258,174,66,-0.014654065084753297,-5.679870187888875e-05,130,84,38,37,37,14,-0.003277703605785135,-8.858658394013878e-05,0,0,b34797ee12ca2d0f9e48866ddee9f81b75ce066a515a4cd8dc37dbf54e2ef6fd,JNU_INTRADAY_MOMREV_G1_V1
2017-11-09,1.0,315,259,133,0.018305278346454065,5.811199475064783e-05,73,56,38,37,37,16,-0.025338985379707933,-0.000684837442694809,0,0,b34797ee12ca2d0f9e48866ddee9f81b75ce066a515a4cd8dc37dbf54e2ef6fd,JNU_INTRADAY_MOMREV_G1_V1
2017-11-10,1.0,300,230,114,0.000653449439939285,2.1781647997976167e-06,88,70,38,37,37,23,0.004846759138169782,0.0001309934902208049,0,0,b34797ee12ca2d0f9e48866ddee9f81b75ce066a515a4cd8dc37dbf54e2ef6fd,JNU_INTRADAY_MOMREV_G1_V1
2017-11-13,1.0,257,172,68,-0.012831976902177524,-4.992987121469854e-05,131,85,38,37,37,17,-0.00736892323906471,-0.00019916008754228945,0,0,b34797ee12ca2d0f9e48866ddee9f81b75ce066a515a4cd8dc37dbf54e2ef6fd,JNU_INTRADAY_MOMREV_G1_V1
2017-11-14,1.0,269,189,78,-0.008023912667980535,-2.982867162818043e-05,119,80,38,37,37,20,0.004881320035428213,0.00013192756852508684,0,0,b34797ee12ca2d0f9e48866ddee9f81b75ce066a515a4cd8dc37dbf54e2ef6fd,JNU_INTRADAY_MOMREV_G1_V1
2017-11-15,1.0,296,231,99,-0.014652864554585953,-4.9502920792520114e-05,92,65,38,37,37,20,0.005177961506845976,0.00013994490559043177,0,0,b34797ee12ca2d0f9e48866ddee9f81b75ce066a515a4cd8dc37dbf54e2ef6fd,JNU_INTRADAY_MOMREV_G1_V1
2017-11-16,1.0,269,190,91,-0.006308372498876246,-2.345119888058084e-05,119,79,38,37,37,23,0.01351970974668146,0.0003653975607211205,0,0,b34797ee12ca2d0f9e48866ddee9f81b75ce066a515a4cd8dc37dbf54e2ef6fd,JNU_INTRADAY_MOMREV_G1_V1
2017-11-17,1.0,324,270,128,-0.006335555292058052,-1.955418300017917e-05,64,54,38,37,37,21,-0.006598387500863028,-0.00017833479732062238,0,0,b34797ee12ca2d0f9e48866ddee9f81b75ce066a515a4cd8dc37dbf54e2ef6fd,JNU_INTRADAY_MOMREV_G1_V1
2017-11-20,1.0,285,216,94,-0.010758292366890097,-3.7748394269789815e-05,103,69,38,37,37,23,0.0056123201309173,0.00015168432786262973,0,0,b34797ee12ca2d0f9e48866ddee9f81b75ce066a515a4cd8dc37dbf54e2ef6fd,JNU_INTRADAY_MOMREV_G1_V1
2017-11-21,1.0,266,183,77,-0.014681565435504673,-5.519385502069426e-05,122,83,38,37,37,22,0.000890017194983235,2.4054518783330673e-05,0,0,b34797ee12ca2d0f9e48866ddee9f81b75ce066a515a4cd8dc37dbf54e2ef6fd,JNU_INTRADAY_MOMREV_G1_V1
2017-11-22,1.0,238,143,59,-0.007966775387866186,-3.3473846167504984e-05,150,95,38,37,37,23,0.005538261494563842,0.00014968274309632007,0,0,b34797ee12ca2d0f9e48866ddee9f81b75ce066a515a4cd8dc37dbf54e2ef6fd,JNU_INTRADAY_MOMREV_G1_V1
2017-11-24,1.0,253,166,58,-0.012218145159097074,-4.829306386994891e-05,135,87,38,37,37,22,0.005565712390495515,0.00015042465920258149,0,0,b34797ee12ca2d0f9e48866ddee9f81b75ce066a515a4cd8dc37dbf54e2ef6fd,JNU_INTRADAY_MOMREV_G1_V1
2017-11-27,1.0,258,179,81,-0.00253286305815962,-9.817298675037288e-06,130,79,38,37,37,17,-0.0035542283179758887,-9.606022481015915e-05,0,0,b34797ee12ca2d0f9e48866ddee9f81b75ce066a515a4cd8dc37dbf54e2ef6fd,JNU_INTRADAY_MOMREV_G1_V1
2017-11-28,1.0,246,159,66,-0.009571138440891632,-3.8907066832892816e-05,142,87,38,37,37,12,-0.011349582210423637,-0.0003067454651465848,0,0,b34797ee12ca2d0f9e48866ddee9f81b75ce066a515a4cd8dc37dbf54e2ef6fd,JNU_INTRADAY_MOMREV_G1_V1
2017-11-29,1.0,242,145,56,-0.015056129774059327,-6.221541228950135e-05,146,97,38,37,37,22,0.0020000034476471583,5.405414723370698e-05,0,0,b34797ee12ca2d0f9e48866ddee9f81b75ce066a515a4cd8dc37dbf54e2ef6fd,JNU_INTRADAY_MOMREV_G1_V1
2017-11-30,1.0,250,169,81,-0.0024061100069529178,-9.624440027811671e-06,138,81,38,37,37,23,-0.00041525189130478947,-1.1223024089318635e-05,0,0,b34797ee12ca2d0f9e48866ddee9f81b75ce066a515a4cd8dc37dbf54e2ef6fd,JNU_INTRADAY_MOMREV_G1_V1
2017-12-01,1.0,281,205,93,-0.0019936910227254657,-7.094985845998099e-06,107,76,38,37,37,13,-0.010065313691083402,-0.00027203550516441627,0,0,b34797ee12ca2d0f9e48866ddee9f81b75ce066a515a4cd8dc37dbf54e2ef6fd,JNU_INTRADAY_MOMREV_G1_V1
2017-12-04,1.0,267,192,79,-0.015181018407392633,-5.6857746844167166e-05,121,75,38,37,37,28,0.016457617358001962,0.0004448004691351882,0,0,b34797ee12ca2d0f9e48866ddee9f81b75ce066a515a4cd8dc37dbf54e2ef6fd,JNU_INTRADAY_MOMREV_G1_V1
2017-12-05,1.0,250,164,73,-0.005297873579016381,-2.1191494316065522e-05,138,86,38,37,37,16,-0.0022193347700284038,-5.998202081157848e-05,0,0,b34797ee12ca2d0f9e48866ddee9f81b75ce066a515a4cd8dc37dbf54e2ef6fd,JNU_INTRADAY_MOMREV_G1_V1
2017-12-06,1.0,285,213,104,0.002496196238730837,8.758583293792412e-06,103,72,38,37,37,22,-0.0027386364916777983,-7.401720247777834e-05,0,0,b34797ee12ca2d0f9e48866ddee9f81b75ce066a515a4cd8dc37dbf54e2ef6fd,JNU_INTRADAY_MOMREV_G1_V1
2017-12-07,1.0,289,220,100,-0.005355320598976382,-1.8530521103724503e-05,99,69,38,37,37,23,0.004477740769562014,0.00012102002079897335,0,0,b34797ee12ca2d0f9e48866ddee9f81b75ce066a515a4cd8dc37dbf54e2ef6fd,JNU_INTRADAY_MOMREV_G1_V1
2017-12-08,1.0,253,168,69,-0.006802654941716084,-2.688796419650626e-05,135,85,38,37,37,22,0.006178815020859751,0.00016699500056377705,0,0,b34797ee12ca2d0f9e48866ddee9f81b75ce066a515a4cd8dc37dbf54e2ef6fd,JNU_INTRADAY_MOMREV_G1_V1
2017-12-11,1.0,240,147,55,-0.012929221962876984,-5.38717581786541e-05,148,93,38,37,37,19,0.0017579344066643169,4.7511740720657214e-05,0,0,b34797ee12ca2d0f9e48866ddee9f81b75ce066a515a4cd8dc37dbf54e2ef6fd,JNU_INTRADAY_MOMREV_G1_V1
2017-12-12,1.0,229,145,56,-0.008956926211511656,-3.911321489743081e-05,159,84,38,36,35,18,1.0794456493043187e-05,2.998460136956441e-07,1,1,b34797ee12ca2d0f9e48866ddee9f81b75ce066a515a4cd8dc37dbf54e2ef6fd,JNU_INTRADAY_MOMREV_G1_V1
2017-12-13,1.0,258,170,69,-0.005453445682700137,-2.1137386367054796e-05,130,88,38,37,37,20,-0.00021382681345944593,-5.779103066471511e-06,0,0,b34797ee12ca2d0f9e48866ddee9f81b75ce066a515a4cd8dc37dbf54e2ef6fd,JNU_INTRADAY_MOMREV_G1_V1
2017-12-14,1.0,252,170,57,-0.0141221752905919,-5.604037813726945e-05,136,82,38,37,37,18,0.00396855607148243,0.00010725827220222783,0,0,b34797ee12ca2d0f9e48866ddee9f81b75ce066a515a4cd8dc37dbf54e2ef6fd,JNU_INTRADAY_MOMREV_G1_V1
2017-12-15,1.0,274,196,83,-0.003154123913088243,-1.1511401142657822e-05,114,78,38,37,37,14,-0.01817502773248423,-0.000491216965742817,0,0,b34797ee12ca2d0f9e48866ddee9f81b75ce066a515a4cd8dc37dbf54e2ef6fd,JNU_INTRADAY_MOMREV_G1_V1
2017-12-18,1.0,230,139,54,-0.010320187488919837,-4.4870380386607984e-05,158,91,38,37,37,13,-0.0057161041694698675,-0.000154489301877564,0,0,b34797ee12ca2d0f9e48866ddee9f81b75ce066a515a4cd8dc37dbf54e2ef6fd,JNU_INTRADAY_MOMREV_G1_V1
2017-12-19,1.0,231,139,48,-0.009839544560120787,-4.259543099619388e-05,157,92,38,37,37,22,0.006115228047538771,0.00016527643371726407,0,0,b34797ee12ca2d0f9e48866ddee9f81b75ce066a515a4cd8dc37dbf54e2ef6fd,JNU_INTRADAY_MOMREV_G1_V1
2017-12-20,1.0,219,129,45,-0.0078803892327676,-3.598351247839087e-05,169,90,38,37,37,23,0.0017454189264585983,4.7173484498881035e-05,0,0,b34797ee12ca2d0f9e48866ddee9f81b75ce066a515a4cd8dc37dbf54e2ef6fd,JNU_INTRADAY_MOMREV_G1_V1
2017-12-21,1.0,221,141,50,-0.008770052716195893,-3.968349645337508e-05,167,80,38,37,37,21,-0.003081830133419315,-8.329270630863013e-05,0,0,b34797ee12ca2d0f9e48866ddee9f81b75ce066a515a4cd8dc37dbf54e2ef6fd,JNU_INTRADAY_MOMREV_G1_V1
2017-12-22,1.0,204,111,39,-0.01072740081772525,-5.2585298126104165e-05,184,93,38,37,37,17,0.0006571019510936514,1.7759512191720308e-05,0,0,b34797ee12ca2d0f9e48866ddee9f81b75ce066a515a4cd8dc37dbf54e2ef6fd,JNU_INTRADAY_MOMREV_G1_V1
2017-12-25,1.0,187,99,21,-0.012896068071700429,-6.896293086470817e-05,201,88,38,37,37,18,-0.00021750325446337962,-5.878466336848098e-06,0,0,b34797ee12ca2d0f9e48866ddee9f81b75ce066a515a4cd8dc37dbf54e2ef6fd,JNU_INTRADAY_MOMREV_G1_V1
2017-12-26,1.0,186,105,28,-0.011585729912607576,-6.22888704978902e-05,202,81,38,35,33,19,0.00327828399792172,9.366525708347771e-05,2,2,b34797ee12ca2d0f9e48866ddee9f81b75ce066a515a4cd8dc37dbf54e2ef6fd,JNU_INTRADAY_MOMREV_G1_V1
2017-12-27,1.0,194,104,31,-0.007861645849626052,-4.0523947678484804e-05,194,90,38,37,37,18,-0.0008744589923310719,-2.36340268197587e-05,0,0,b34797ee12ca2d0f9e48866ddee9f81b75ce066a515a4cd8dc37dbf54e2ef6fd,JNU_INTRADAY_MOMREV_G1_V1
2017-12-28,1.0,193,106,31,-0.008267919034921805,-4.2838958730164795e-05,195,87,38,37,37,15,-0.0019651501228825207,-5.311216548331137e-05,0,0,b34797ee12ca2d0f9e48866ddee9f81b75ce066a515a4cd8dc37dbf54e2ef6fd,JNU_INTRADAY_MOMREV_G1_V1
2017-12-29,1.0,230,148,38,-0.022132547472783412,-9.622846727297136e-05,158,82,38,37,37,18,-0.0015283282681534686,-4.1306169409553206e-05,0,0,b34797ee12ca2d0f9e48866ddee9f81b75ce066a515a4cd8dc37dbf54e2ef6fd,JNU_INTRADAY_MOMREV_G1_V1
2018-01-04,1.0,237,147,57,-0.00685896522947072,-2.8940781558948186e-05,151,90,38,37,37,17,-0.004080641863989364,-0.00011028761794565848,0,0,339df2f7d1229e397d34f9c8be19d481e01c86be8edf0415213f1f27a125b2ac,JNU_INTRADAY_MOMREV_G1_V1
2018-01-05,1.0,250,153,56,-0.016532249149197736,-6.612899659679095e-05,138,97,38,37,37,20,0.0019074850260304716,5.155364935217491e-05,0,0,339df2f7d1229e397d34f9c8be19d481e01c86be8edf0415213f1f27a125b2ac,JNU_INTRADAY_MOMREV_G1_V1
2018-01-09,1.0,254,170,71,-0.005046859448266354,-1.986952538687541e-05,134,84,38,37,37,22,0.0022954423872797855,6.20389834399942e-05,0,0,339df2f7d1229e397d34f9c8be19d481e01c86be8edf0415213f1f27a125b2ac,JNU_INTRADAY_MOMREV_G1_V1
2018-01-10,1.0,240,151,53,-0.01555922823481369,-6.483011764505704e-05,148,89,38,37,37,21,0.0016735157463194097,4.5230155305929994e-05,0,0,339df2f7d1229e397d34f9c8be19d481e01c86be8edf0415213f1f27a125b2ac,JNU_INTRADAY_MOMREV_G1_V1
2018-01-11,1.0,258,178,71,-0.012886620584486995,-4.994814180033719e-05,130,80,38,37,37,21,-0.00042420580580319477,-1.1465021778464724e-05,0,0,339df2f7d1229e397d34f9c8be19d481e01c86be8edf0415213f1f27a125b2ac,JNU_INTRADAY_MOMREV_G1_V1
2018-01-12,1.0,231,142,61,-0.006549373728325043,-2.8352267222186333e-05,157,89,38,37,37,17,-0.005284605527889105,-0.00014282717642943526,0,0,339df2f7d1229e397d34f9c8be19d481e01c86be8edf0415213f1f27a125b2ac,JNU_INTRADAY_MOMREV_G1_V1
2018-01-15,1.0,243,155,54,-0.016008876267580848,-6.58801492493039e-05,145,88,38,37,37,18,0.001044064376023131,2.821795610873327e-05,0,0,339df2f7d1229e397d34f9c8be19d481e01c86be8edf0415213f1f27a125b2ac,JNU_INTRADAY_MOMREV_G1_V1
2018-01-16,1.0,241,153,51,-0.013856640878253178,-5.749643517947377e-05,147,88,38,37,37,22,0.0025097238041118138,6.783037308410307e-05,0,0,339df2f7d1229e397d34f9c8be19d481e01c86be8edf0415213f1f27a125b2ac,JNU_INTRADAY_MOMREV_G1_V1
2018-01-17,1.0,249,167,65,-0.011543084764197152,-4.635777013733796e-05,139,82,38,37,37,21,-4.53008399966745e-06,-1.2243470269371488e-07,0,0,339df2f7d1229e397d34f9c8be19d481e01c86be8edf0415213f1f27a125b2ac,JNU_INTRADAY_MOMREV_G1_V1
2018-01-18,1.0,271,192,75,-0.013817278489466248,-5.098626748880534e-05,117,79,38,37,37,17,-0.009203722567556197,-0.0002487492585825999,0,0,339df2f7d1229e397d34f9c8be19d481e01c86be8edf0415213f1f27a125b2ac,JNU_INTRADAY_MOMREV_G1_V1
2018-01-19,1.0,241,162,65,-0.008830844911056955,-3.664251000438571e-05,147,79,38,37,37,18,0.0012659811813173461,3.4215707603171515e-05,0,0,339df2f7d1229e397d34f9c8be19d481e01c86be8edf0415213f1f27a125b2ac,JNU_INTRADAY_MOMREV_G1_V1
2018-01-22,1.0,238,153,61,-0.00526691290712391,-2.2129886164386176e-05,150,85,38,37,37,20,0.0012659931233690793,3.421603036132647e-05,0,0,339df2f7d1229e397d34f9c8be19d481e01c86be8edf0415213f1f27a125b2ac,JNU_INTRADAY_MOMREV_G1_V1
2018-01-23,1.0,245,156,70,-0.0033325351276545187,-1.360218419450824e-05,143,89,38,37,37,12,-0.0033175649097669365,-8.966391648018747e-05,0,0,339df2f7d1229e397d34f9c8be19d481e01c86be8edf0415213f1f27a125b2ac,JNU_INTRADAY_MOMREV_G1_V1
2018-01-24,1.0,263,187,78,-0.00856762707598851,-3.257652880603996e-05,125,76,38,37,37,22,0.006668066237113378,0.00018021800640846968,0,0,339df2f7d1229e397d34f9c8be19d481e01c86be8edf0415213f1f27a125b2ac,JNU_INTRADAY_MOMREV_G1_V1
2018-01-25,1.0,270,192,82,-0.005907827615625474,-2.188084302083509e-05,118,78,38,37,37,23,0.007159851551826473,0.00019350950140071548,0,0,339df2f7d1229e397d34f9c8be19d481e01c86be8edf0415213f1f27a125b2ac,JNU_INTRADAY_MOMREV_G1_V1
2018-01-26,1.0,267,183,66,-0.010159674798301321,-3.805121647303866e-05,121,84,38,37,37,19,-0.0021003822972172235,-5.6767089113979014e-05,0,0,339df2f7d1229e397d34f9c8be19d481e01c86be8edf0415213f1f27a125b2ac,JNU_INTRADAY_MOMREV_G1_V1
2018-01-29,1.0,251,168,54,-0.01836271048179559,-7.315820909081909e-05,137,83,38,37,37,16,-0.004867472208580149,-0.00013155330293459862,0,0,339df2f7d1229e397d34f9c8be19d481e01c86be8edf0415213f1f27a125b2ac,JNU_INTRADAY_MOMREV_G1_V1
2018-01-30,1.0,283,207,86,-0.01597036955684478,-5.6432401260935616e-05,105,76,38,37,37,21,-0.002126700962456515,-5.7478404390716626e-05,0,0,339df2f7d1229e397d34f9c8be19d481e01c86be8edf0415213f1f27a125b2ac,JNU_INTRADAY_MOMREV_G1_V1
2018-01-31,1.0,289,218,109,0.003866987005054393,1.338057787216053e-05,99,71,38,37,37,14,-0.004529483723196645,-0.00012241847900531472,0,0,339df2f7d1229e397d34f9c8be19d481e01c86be8edf0415213f1f27a125b2ac,JNU_INTRADAY_MOMREV_G1_V1
2018-02-01,1.0,277,202,92,-0.005122968654351533,-1.8494471676359326e-05,111,75,38,37,37,17,0.0027867865288114264,7.531855483274125e-05,0,0,339df2f7d1229e397d34f9c8be19d481e01c86be8edf0415213f1f27a125b2ac,JNU_INTRADAY_MOMREV_G1_V1
2018-02-02,1.0,279,204,85,-0.0034367779061888547,-1.2318200380605214e-05,109,75,38,37,37,22,0.008816554927385405,0.00023828526830771367,0,0,339df2f7d1229e397d34f9c8be19d481e01c86be8edf0415213f1f27a125b2ac,JNU_INTRADAY_MOMREV_G1_V1
2018-02-05,1.0,299,234,112,-0.005510216047869421,-1.8428816213610104e-05,89,65,38,37,37,21,0.009433877109471052,0.00025496965160732573,0,0,339df2f7d1229e397d34f9c8be19d481e01c86be8edf0415213f1f27a125b2ac,JNU_INTRADAY_MOMREV_G1_V1
2018-02-06,1.0,348,311,155,0.013809032549269197,3.968112801514137e-05,40,37,38,37,37,21,0.01673173764752963,0.00045220912560890893,0,0,339df2f7d1229e397d34f9c8be19d481e01c86be8edf0415213f1f27a125b2ac,JNU_INTRADAY_MOMREV_G1_V1
2018-02-07,1.0,330,281,137,0.007539213027850796,2.284610008439635e-05,58,49,38,37,37,17,-0.0094986010619259,-0.0002567189476196189,0,0,339df2f7d1229e397d34f9c8be19d481e01c86be8edf0415213f1f27a125b2ac,JNU_INTRADAY_MOMREV_G1_V1
2018-02-08,1.0,325,278,139,0.01286264004058383,3.957735397102717e-05,63,47,38,37,37,18,-0.004399285855229497,-0.00011889961770890532,0,0,339df2f7d1229e397d34f9c8be19d481e01c86be8edf0415213f1f27a125b2ac,JNU_INTRADAY_MOMREV_G1_V1
2018-02-09,1.0,343,305,144,-0.00850972580623121,-2.4809696228079328e-05,45,38,38,37,37,17,-0.009841623717734418,-0.0002659898302090383,0,0,339df2f7d1229e397d34f9c8be19d481e01c86be8edf0415213f1f27a125b2ac,JNU_INTRADAY_MOMREV_G1_V1
2018-02-13,1.0,310,250,129,0.009786827490156559,3.157041125856955e-05,78,60,38,37,37,21,0.004253257533697759,0.00011495290631615564,0,0,339df2f7d1229e397d34f9c8be19d481e01c86be8edf0415213f1f27a125b2ac,JNU_INTRADAY_MOMREV_G1_V1
2018-02-14,1.0,316,262,128,0.00355549954801392,1.1251580848145316e-05,72,54,38,37,37,20,0.009683993112451748,0.000261729543579777,0,0,339df2f7d1229e397d34f9c8be19d481e01c86be8edf0415213f1f27a125b2ac,JNU_INTRADAY_MOMREV_G1_V1
2018-02-15,1.0,305,243,128,0.012611249638225911,4.134835946959315e-05,83,62,38,37,37,22,0.02078703401297911,0.0005618117300805165,0,0,339df2f7d1229e397d34f9c8be19d481e01c86be8edf0415213f1f27a125b2ac,JNU_INTRADAY_MOMREV_G1_V1
2018-02-16,1.0,305,235,103,-0.010147430693045571,-3.327026456736253e-05,83,70,38,37,37,17,-0.00688988778718616,-0.00018621318343746377,0,0,339df2f7d1229e397d34f9c8be19d481e01c86be8edf0415213f1f27a125b2ac,JNU_INTRADAY_MOMREV_G1_V1
2018-02-19,1.0,271,200,82,-0.010691580376962892,-3.9452326114254214e-05,117,71,38,37,37,26,0.011148359369159002,0.0003013070099772703,0,0,339df2f7d1229e397d34f9c8be19d481e01c86be8edf0415213f1f27a125b2ac,JNU_INTRADAY_MOMREV_G1_V1
2018-02-20,1.0,298,226,100,-0.012312699655494008,-4.1317784078838956e-05,90,72,38,37,37,22,0.010710417600925672,0.0002894707459709641,0,0,339df2f7d1229e397d34f9c8be19d481e01c86be8edf0415213f1f27a125b2ac,JNU_INTRADAY_MOMREV_G1_V1
2018-02-21,1.0,304,242,111,-0.003874107784518192,-1.2743775606967737e-05,84,62,38,37,37,18,-0.004049921537417946,-0.00010945733884913367,0,0,339df2f7d1229e397d34f9c8be19d481e01c86be8edf0415213f1f27a125b2ac,JNU_INTRADAY_MOMREV_G1_V1
2018-02-22,1.0,315,257,113,-0.0177261865309197,-5.627360803466571e-05,73,58,38,37,37,18,0.002767704225647454,7.480281690939064e-05,0,0,339df2f7d1229e397d34f9c8be19d481e01c86be8edf0415213f1f27a125b2ac,JNU_INTRADAY_MOMREV_G1_V1
2018-02-23,1.0,285,217,94,-0.013529364339868954,-4.7471453824101596e-05,103,68,38,37,37,22,0.006199334522620252,0.00016754958169243924,0,0,339df2f7d1229e397d34f9c8be19d481e01c86be8edf0415213f1f27a125b2ac,JNU_INTRADAY_MOMREV_G1_V1
2018-02-26,1.0,284,215,85,-0.01876918525616571,-6.608868047945673e-05,104,69,38,37,37,19,-0.0029483817542223212,-7.968599335736004e-05,0,0,339df2f7d1229e397d34f9c8be19d481e01c86be8edf0415213f1f27a125b2ac,JNU_INTRADAY_MOMREV_G1_V1
2018-02-27,1.0,266,188,76,-0.018761003749866747,-7.053008928521333e-05,122,78,38,37,37,19,-0.0033517729721310144,-9.058845870624364e-05,0,0,339df2f7d1229e397d34f9c8be19d481e01c86be8edf0415213f1f27a125b2ac,JNU_INTRADAY_MOMREV_G1_V1
2018-02-28,1.0,293,221,90,-0.016194988043515435,-5.527299673554756e-05,95,72,38,37,37,15,-0.008547596698493717,-0.00023101612698631668,0,0,339df2f7d1229e397d34f9c8be19d481e01c86be8edf0415213f1f27a125b2ac,JNU_INTRADAY_MOMREV_G1_V1
2018-03-01,1.0,291,225,89,-0.030981334828181575,-0.00010646506813808101,97,66,38,37,37,19,-0.003200206274851889,-8.649206148248348e-05,0,0,339df2f7d1229e397d34f9c8be19d481e01c86be8edf0415213f1f27a125b2ac,JNU_INTRADAY_MOMREV_G1_V1
2018-03-02,1.0,309,246,128,-0.0012021011094161245,-3.8902948524793675e-06,79,63,38,37,37,23,0.012053343451697455,0.0003257660392350663,0,0,339df2f7d1229e397d34f9c8be19d481e01c86be8edf0415213f1f27a125b2ac,JNU_INTRADAY_MOMREV_G1_V1
2018-03-05,1.0,313,253,115,-0.020460955769276496,-6.537046571653832e-05,75,60,38,37,37,16,-0.012368412325331948,-0.00033428141419816076,0,0,339df2f7d1229e397d34f9c8be19d481e01c86be8edf0415213f1f27a125b2ac,JNU_INTRADAY_MOMREV_G1_V1
2018-03-06,1.0,279,209,80,-0.020186375283995434,-7.235259958421302e-05,109,70,38,37,37,14,-0.010251536022215983,-0.0002770685411409725,0,0,339df2f7d1229e397d34f9c8be19d481e01c86be8edf0415213f1f27a125b2ac,JNU_INTRADAY_MOMREV_G1_V1
2018-03-07,1.0,310,248,118,-0.001758610231761128,-5.672936231487509e-06,78,62,38,37,37,16,-0.00511120225023981,-0.0001381406013578327,0,0,339df2f7d1229e397d34f9c8be19d481e01c86be8edf0415213f1f27a125b2ac,JNU_INTRADAY_MOMREV_G1_V1
2018-03-08,1.0,278,207,91,-0.0015320765702282163,-5.511066799382073e-06,110,71,38,37,37,19,-0.0006123185954429398,-1.6549151228187562e-05,0,0,339df2f7d1229e397d34f9c8be19d481e01c86be8edf0415213f1f27a125b2ac,JNU_INTRADAY_MOMREV_G1_V1
2018-03-09,1.0,307,243,102,-0.01814741518035064,-5.911210156466007e-05,81,64,38,37,37,14,-0.021886615830548933,-0.0005915301575824036,0,0,339df2f7d1229e397d34f9c8be19d481e01c86be8edf0415213f1f27a125b2ac,JNU_INTRADAY_MOMREV_G1_V1
2018-03-12,1.0,287,213,89,-0.01104410913366182,-3.8481216493595186e-05,101,74,38,37,37,16,-0.005305611580147992,-0.00014339490757156735,0,0,339df2f7d1229e397d34f9c8be19d481e01c86be8edf0415213f1f27a125b2ac,JNU_INTRADAY_MOMREV_G1_V1
2018-03-13,1.0,262,181,61,-0.01916972812226483,-7.316690123001844e-05,126,81,38,37,37,18,0.005587482121576377,0.00015101303031287507,0,0,339df2f7d1229e397d34f9c8be19d481e01c86be8edf0415213f1f27a125b2ac,JNU_INTRADAY_MOMREV_G1_V1
2018-03-14,1.0,294,225,92,-0.011347706021123082,-3.8597639527629526e-05,94,69,38,37,37,18,0.003473506491423349,9.387855382225268e-05,0,0,339df2f7d1229e397d34f9c8be19d481e01c86be8edf0415213f1f27a125b2ac,JNU_INTRADAY_MOMREV_G1_V1
2018-03-15,1.0,272,201,78,-0.016735349596378193,-6.152702057491983e-05,116,71,38,37,37,17,-0.012802137802886278,-0.00034600372440233185,0,0,339df2f7d1229e397d34f9c8be19d481e01c86be8edf0415213f1f27a125b2ac,JNU_INTRADAY_MOMREV_G1_V1
2018-03-16,1.0,251,170,74,-0.009977110447558293,-3.974944401417647e-05,137,81,38,37,37,17,0.001406265349150614,3.800717159866525e-05,0,0,339df2f7d1229e397d34f9c8be19d481e01c86be8edf0415213f1f27a125b2ac,JNU_INTRADAY_MOMREV_G1_V1
2018-03-19,1.0,291,226,94,-0.0051777771653034885,-1.779304867801886e-05,97,65,38,37,37,18,-0.0028301370842489064,-7.649019146618666e-05,0,0,339df2f7d1229e397d34f9c8be19d481e01c86be8edf0415213f1f27a125b2ac,JNU_INTRADAY_MOMREV_G1_V1
2018-03-20,1.0,245,153,55,-0.023449419729391102,-9.571191726282083e-05,143,92,38,37,37,19,-0.0035637928068194755,-9.631872450863448e-05,0,0,339df2f7d1229e397d34f9c8be19d481e01c86be8edf0415213f1f27a125b2ac,JNU_INTRADAY_MOMREV_G1_V1
2018-03-22,1.0,267,187,70,-0.018080630469099922,-6.77177171127338e-05,121,80,38,37,37,13,-0.013854335807386015,-0.0003744415083077301,0,0,339df2f7d1229e397d34f9c8be19d481e01c86be8edf0415213f1f27a125b2ac,JNU_INTRADAY_MOMREV_G1_V1
2018-03-23,1.0,322,271,117,-0.011774760122744622,-3.656757802094603e-05,66,51,38,37,37,19,0.002611692481543198,7.05862832849513e-05,0,0,339df2f7d1229e397d34f9c8be19d481e01c86be8edf0415213f1f27a125b2ac,JNU_INTRADAY_MOMREV_G1_V1
2018-03-26,1.0,310,242,111,-0.004435961122456819,-1.4309552007925225e-05,78,68,38,37,37,19,-0.0070324481727944395,-0.00019006616683228214,0,0,339df2f7d1229e397d34f9c8be19d481e01c86be8edf0415213f1f27a125b2ac,JNU_INTRADAY_MOMREV_G1_V1
2018-03-27,1.0,283,213,99,0.0026933869078246183,9.517268225528687e-06,105,70,38,37,37,19,0.0021531278202031505,5.819264378927434e-05,0,0,339df2f7d1229e397d34f9c8be19d481e01c86be8edf0415213f1f27a125b2ac,JNU_INTRADAY_MOMREV_G1_V1
2018-03-28,1.0,293,223,108,-0.004326154843881781,-1.4765033596866146e-05,95,70,38,37,37,24,0.020850161070055745,0.0005635178667582634,0,0,339df2f7d1229e397d34f9c8be19d481e01c86be8edf0415213f1f27a125b2ac,JNU_INTRADAY_MOMREV_G1_V1
2018-03-29,1.0,303,240,113,0.00022571297117704187,7.449272976139995e-07,85,63,38,37,37,17,-0.006674240773253424,-0.00018038488576360606,0,0,339df2f7d1229e397d34f9c8be19d481e01c86be8edf0415213f1f27a125b2ac,JNU_INTRADAY_MOMREV_G1_V1
2018-03-30,1.0,266,182,84,-0.0037310329133779267,-1.4026439523977168e-05,122,84,38,37,37,17,0.0028260191066180676,7.637889477346129e-05,0,0,339df2f7d1229e397d34f9c8be19d481e01c86be8edf0415213f1f27a125b2ac,JNU_INTRADAY_MOMREV_G1_V1
2018-04-02,1.0,260,178,73,-0.00973853531172545,-3.7455905045097886e-05,128,82,38,37,37,17,-0.004432990978590245,-0.00011981056698892553,0,0,339df2f7d1229e397d34f9c8be19d481e01c86be8edf0415213f1f27a125b2ac,JNU_INTRADAY_MOMREV_G1_V1
2018-04-03,1.0,260,172,68,-0.007554822892773028,-2.905701112605011e-05,128,88,38,37,37,21,0.0073202501524458575,0.0001978445987147529,0,0,339df2f7d1229e397d34f9c8be19d481e01c86be8edf0415213f1f27a125b2ac,JNU_INTRADAY_MOMREV_G1_V1
2018-04-04,1.0,286,215,90,-0.007501951086714641,-2.623059820529595e-05,102,71,38,37,37,22,-0.003973665765027586,-0.00010739637202777259,0,0,339df2f7d1229e397d34f9c8be19d481e01c86be8edf0415213f1f27a125b2ac,JNU_INTRADAY_MOMREV_G1_V1
2018-04-05,1.0,259,178,72,-0.013384512736041111,-5.167765535151008e-05,129,81,38,37,37,21,0.005053061921906757,0.00013656924113261506,0,0,339df2f7d1229e397d34f9c8be19d481e01c86be8edf0415213f1f27a125b2ac,JNU_INTRADAY_MOMREV_G1_V1
2018-04-06,1.0,279,202,81,-0.01873295521834277,-6.714320866789524e-05,109,77,38,37,37,16,-0.009246039426992815,-0.00024989295748629233,0,0,339df2f7d1229e397d34f9c8be19d481e01c86be8edf0415213f1f27a125b2ac,JNU_INTRADAY_MOMREV_G1_V1
2018-04-09,1.0,254,173,75,-0.007888123771011737,-3.1055605397684e-05,134,81,38,37,37,18,-0.007412200645874816,-0.00020032974718580583,0,0,339df2f7d1229e397d34f9c8be19d481e01c86be8edf0415213f1f27a125b2ac,JNU_INTRADAY_MOMREV_G1_V1
2018-04-10,1.0,305,244,99,-0.020060605365994643,-6.57724766098185e-05,83,61,38,37,37,18,0.004155602337018988,0.00011231357667618886,0,0,339df2f7d1229e397d34f9c8be19d481e01c86be8edf0415213f1f27a125b2ac,JNU_INTRADAY_MOMREV_G1_V1
2018-04-11,1.0,255,176,62,-0.018620587410661544,-7.3021911414359e-05,133,79,38,37,37,14,-0.00781926630696505,-0.00021133152180986624,0,0,339df2f7d1229e397d34f9c8be19d481e01c86be8edf0415213f1f27a125b2ac,JNU_INTRADAY_MOMREV_G1_V1
2018-04-12,1.0,254,174,70,-0.01177720184215495,-4.636693638643681e-05,134,80,38,37,37,17,0.0071506465116723825,0.000193260716531686,0,0,339df2f7d1229e397d34f9c8be19d481e01c86be8edf0415213f1f27a125b2ac,JNU_INTRADAY_MOMREV_G1_V1
2018-04-13,1.0,255,174,63,-0.013071556167445328,-5.126100457821697e-05,133,81,38,37,37,19,0.00023270422909749328,6.28930348912144e-06,0,0,339df2f7d1229e397d34f9c8be19d481e01c86be8edf0415213f1f27a125b2ac,JNU_INTRADAY_MOMREV_G1_V1
2018-04-16,1.0,233,145,55,-0.009856421372900416,-4.2302237651933115e-05,155,88,38,37,37,17,-0.0009201679732576144,-2.486940468263823e-05,0,0,339df2f7d1229e397d34f9c8be19d481e01c86be8edf0415213f1f27a125b2ac,JNU_INTRADAY_MOMREV_G1_V1
2018-04-17,1.0,209,123,48,-0.006868499644493354,-3.2863634662647625e-05,179,86,38,37,37,22,0.00022822643858503514,6.168282123919869e-06,0,0,339df2f7d1229e397d34f9c8be19d481e01c86be8edf0415213f1f27a125b2ac,JNU_INTRADAY_MOMREV_G1_V1
2018-04-18,1.0,253,173,64,-0.012183899652170406,-4.815770613506089e-05,135,80,38,37,37,20,0.001342210059758505,3.627594756104067e-05,0,0,339df2f7d1229e397d34f9c8be19d481e01c86be8edf0415213f1f27a125b2ac,JNU_INTRADAY_MOMREV_G1_V1
2018-04-19,1.0,234,150,55,-0.008541964972163536,-3.6504123812664685e-05,154,84,38,37,37,23,0.007172821919545567,0.00019386005187960992,0,0,339df2f7d1229e397d34f9c8be19d481e01c86be8edf0415213f1f27a125b2ac,JNU_INTRADAY_MOMREV_G1_V1
2018-04-20,1.0,241,158,62,-0.006765082066979656,-2.8070879945973675e-05,147,83,38,37,37,14,-0.006760177292635954,-0.0001827074943955663,0,0,339df2f7d1229e397d34f9c8be19d481e01c86be8edf0415213f1f27a125b2ac,JNU_INTRADAY_MOMREV_G1_V1
2018-04-23,1.0,242,159,57,-0.012665708764728072,-5.233763952366972e-05,146,83,38,37,37,18,-0.0002287283495840133,-6.181847286054414e-06,0,0,339df2f7d1229e397d34f9c8be19d481e01c86be8edf0415213f1f27a125b2ac,JNU_INTRADAY_MOMREV_G1_V1
2018-04-24,1.0,245,155,53,-0.017311214620917045,-7.06580188608859e-05,143,90,38,37,37,20,0.0027039817381484255,7.308058751752501e-05,0,0,339df2f7d1229e397d34f9c8be19d481e01c86be8edf0415213f1f27a125b2ac,JNU_INTRADAY_MOMREV_G1_V1
2018-04-25,1.0,248,160,58,-0.011722294624745883,-4.7267317035265655e-05,140,88,38,37,37,17,-0.0042898395986071805,-0.00011594161077316703,0,0,339df2f7d1229e397d34f9c8be19d481e01c86be8edf0415213f1f27a125b2ac,JNU_INTRADAY_MOMREV_G1_V1
2018-04-26,1.0,232,144,46,-0.01723073072458804,-7.427039105425879e-05,156,88,38,37,37,21,0.004927918846392922,0.00013318699584845734,0,0,339df2f7d1229e397d34f9c8be19d481e01c86be8edf0415213f1f27a125b2ac,JNU_INTRADAY_MOMREV_G1_V1
2018-04-27,1.0,222,134,42,-0.012257418088878282,-5.521359499494722e-05,166,88,38,37,37,19,0.0022314879578322006,6.0310485346816234e-05,0,0,339df2f7d1229e397d34f9c8be19d481e01c86be8edf0415213f1f27a125b2ac,JNU_INTRADAY_MOMREV_G1_V1
2018-05-01,1.0,222,131,36,-0.01579972574068459,-7.11699357688495e-05,166,91,38,37,37,22,0.004890372671834221,0.00013217223437389785,0,0,339df2f7d1229e397d34f9c8be19d481e01c86be8edf0415213f1f27a125b2ac,JNU_INTRADAY_MOMREV_G1_V1
2018-05-02,1.0,197,104,31,-0.01290992696475736,-6.553262418658558e-05,191,93,38,37,37,18,-0.002220114961182659,-6.0003107058990784e-05,0,0,339df2f7d1229e397d34f9c8be19d481e01c86be8edf0415213f1f27a125b2ac,JNU_INTRADAY_MOMREV_G1_V1
2018-05-07,1.0,215,130,47,-0.004022992450975002,-1.8711592795232566e-05,173,85,38,37,37,20,0.004458357541242397,0.00012049614976330802,0,0,339df2f7d1229e397d34f9c8be19d481e01c86be8edf0415213f1f27a125b2ac,JNU_INTRADAY_MOMREV_G1_V1
2018-05-08,1.0,214,126,35,-0.01888160538786318,-8.823180087786532e-05,174,88,38,37,37,19,0.0009003056539137198,2.4332585240911346e-05,0,0,339df2f7d1229e397d34f9c8be19d481e01c86be8edf0415213f1f27a125b2ac,JNU_INTRADAY_MOMREV_G1_V1
2018-05-09,1.0,228,139,38,-0.01404492036258691,-6.160052790608294e-05,160,89,38,37,37,18,-0.002901114198241201,-7.840849184435679e-05,0,0,339df2f7d1229e397d34f9c8be19d481e01c86be8edf0415213f1f27a125b2ac,JNU_INTRADAY_MOMREV_G1_V1
2018-05-10,1.0,192,101,33,-0.01023449097613018,-5.3304640500678025e-05,196,91,38,37,37,20,0.0019980974554605975,5.40026339313675e-05,0,0,339df2f7d1229e397d34f9c8be19d481e01c86be8edf0415213f1f27a125b2ac,JNU_INTRADAY_MOMREV_G1_V1
2018-05-11,1.0,232,145,45,-0.012530588626851325,-5.4011157874359156e-05,156,87,38,37,37,20,0.011260885331424959,0.00030434825220067454,0,0,339df2f7d1229e397d34f9c8be19d481e01c86be8edf0415213f1f27a125b2ac,JNU_INTRADAY_MOMREV_G1_V1
2018-05-14,1.0,212,123,23,-0.02125989379659236,-0.00010028251790845453,176,89,38,37,37,23,0.0037290661740591526,0.00010078557227186899,0,0,339df2f7d1229e397d34f9c8be19d481e01c86be8edf0415213f1f27a125b2ac,JNU_INTRADAY_MOMREV_G1_V1
2018-05-15,1.0,227,137,42,-0.01356646397042971,-5.9764158460042775e-05,161,90,38,37,37,23,0.0032832608527894884,8.873677980512131e-05,0,0,339df2f7d1229e397d34f9c8be19d481e01c86be8edf0415213f1f27a125b2ac,JNU_INTRADAY_MOMREV_G1_V1
2018-05-16,1.0,206,110,38,-0.005937861626739761,-2.8824571003591073e-05,182,96,38,37,37,18,-0.00021825809400670458,-5.898867405586611e-06,0,0,339df2f7d1229e397d34f9c8be19d481e01c86be8edf0415213f1f27a125b2ac,JNU_INTRADAY_MOMREV_G1_V1
2018-05-17,1.0,206,114,30,-0.016637255015423832,-8.076337386128075e-05,182,92,38,37,37,18,-0.0006565752568309785,-1.774527721164807e-05,0,0,339df2f7d1229e397d34f9c8be19d481e01c86be8edf0415213f1f27a125b2ac,JNU_INTRADAY_MOMREV_G1_V1
2018-05-18,1.0,198,115,34,-0.012221360663962223,-6.172404375738496e-05,190,83,38,37,37,14,-0.0028380231914852893,-7.670332949960241e-05,0,0,339df2f7d1229e397d34f9c8be19d481e01c86be8edf0415213f1f27a125b2ac,JNU_INTRADAY_MOMREV_G1_V1
2018-05-21,1.0,211,123,43,-0.011941390956326002,-5.659426993519432e-05,177,88,38,37,37,21,0.0015172279561769316,4.100616097775491e-05,0,0,339df2f7d1229e397d34f9c8be19d481e01c86be8edf0415213f1f27a125b2ac,JNU_INTRADAY_MOMREV_G1_V1
2018-05-22,1.0,183,88,23,-0.009785850345760723,-5.347459205333728e-05,205,95,38,37,37,22,0.0013051053273024438,3.52731169541201e-05,0,0,339df2f7d1229e397d34f9c8be19d481e01c86be8edf0415213f1f27a125b2ac,JNU_INTRADAY_MOMREV_G1_V1
2018-05-23,1.0,246,168,67,-0.005479455382715118,-2.2274208872825683e-05,142,78,38,37,37,23,-0.0043468599564100135,-0.00011748270152459496,0,0,339df2f7d1229e397d34f9c8be19d481e01c86be8edf0415213f1f27a125b2ac,JNU_INTRADAY_MOMREV_G1_V1
2018-05-24,1.0,259,178,75,-0.004236698741217856,-1.635791019775234e-05,129,81,38,37,37,18,-0.004470873493984447,-0.00012083441875633641,0,0,339df2f7d1229e397d34f9c8be19d481e01c86be8edf0415213f1f27a125b2ac,JNU_INTRADAY_MOMREV_G1_V1
2018-05-25,1.0,251,163,58,-0.012023988666370859,-4.7904337316218564e-05,137,88,38,37,37,18,0.008032789870369211,0.0002171024289288976,0,0,339df2f7d1229e397d34f9c8be19d481e01c86be8edf0415213f1f27a125b2ac,JNU_INTRADAY_MOMREV_G1_V1
2018-05-28,1.0,223,133,49,-0.01059619323771405,-4.751656160409888e-05,165,90,38,37,37,21,0.00400140017603047,0.00010814595070352621,0,0,339df2f7d1229e397d34f9c8be19d481e01c86be8edf0415213f1f27a125b2ac,JNU_INTRADAY_MOMREV_G1_V1
2018-05-29,1.0,259,180,77,-0.007865858208617993,-3.0370108913582982e-05,129,79,38,37,37,18,-0.0017978450436164331,-4.859040658422792e-05,0,0,339df2f7d1229e397d34f9c8be19d481e01c86be8edf0415213f1f27a125b2ac,JNU_INTRADAY_MOMREV_G1_V1
2018-05-30,1.0,267,190,84,-0.007731214070565396,-2.8955857942192492e-05,121,77,38,37,37,18,-0.00022238893669270063,-6.0105118025054226e-06,0,0,339df2f7d1229e397d34f9c8be19d481e01c86be8edf0415213f1f27a125b2ac,JNU_INTRADAY_MOMREV_G1_V1
2018-05-31,1.0,257,167,68,-0.012637629731969607,-4.917365654462882e-05,131,90,38,37,37,12,-0.007438258186656364,-0.00020103400504476658,0,0,339df2f7d1229e397d34f9c8be19d481e01c86be8edf0415213f1f27a125b2ac,JNU_INTRADAY_MOMREV_G1_V1
2018-06-01,1.0,240,156,55,-0.012143573655287069,-5.059822356369612e-05,148,84,38,37,37,21,0.0006844177562019424,1.8497777194647092e-05,0,0,339df2f7d1229e397d34f9c8be19d481e01c86be8edf0415213f1f27a125b2ac,JNU_INTRADAY_MOMREV_G1_V1
2018-06-04,1.0,216,130,39,-0.015095920371900147,-6.988852024027846e-05,172,86,38,37,37,21,0.0015604706200638171,4.217488162334641e-05,0,0,339df2f7d1229e397d34f9c8be19d481e01c86be8edf0415213f1f27a125b2ac,JNU_INTRADAY_MOMREV_G1_V1
2018-06-05,1.0,222,137,49,-0.008359775605015506,-3.765664686943922e-05,166,85,38,37,37,16,-0.0022234047096172157,-6.009201917884367e-05,0,0,339df2f7d1229e397d34f9c8be19d481e01c86be8edf0415213f1f27a125b2ac,JNU_INTRADAY_MOMREV_G1_V1
2018-06-06,1.0,242,159,46,-0.01832184892484774,-7.571011952416421e-05,146,83,38,37,37,18,-0.0018690294611738857,-5.051430976145637e-05,0,0,339df2f7d1229e397d34f9c8be19d481e01c86be8edf0415213f1f27a125b2ac,JNU_INTRADAY_MOMREV_G1_V1
2018-06-07,1.0,239,153,48,-0.015952313482714676,-6.674608151763463e-05,149,86,38,37,37,18,0.0008728193594682807,2.358971241806164e-05,0,0,339df2f7d1229e397d34f9c8be19d481e01c86be8edf0415213f1f27a125b2ac,JNU_INTRADAY_MOMREV_G1_V1
2018-06-08,1.0,241,167,74,-0.0006466694430203645,-2.6832756971799357e-06,147,74,38,37,37,23,0.007466491694844148,0.0002017970728336256,0,0,339df2f7d1229e397d34f9c8be19d481e01c86be8edf0415213f1f27a125b2ac,JNU_INTRADAY_MOMREV_G1_V1
2018-06-11,1.0,238,157,60,-0.009023051999635106,-3.791198319174414e-05,150,81,38,37,37,24,0.007930866854650009,0.00021434775282837862,0,0,339df2f7d1229e397d34f9c8be19d481e01c86be8edf0415213f1f27a125b2ac,JNU_INTRADAY_MOMREV_G1_V1
2018-06-12,1.0,261,182,80,0.0013291776730082279,5.092634762483632e-06,127,79,38,37,37,16,-0.006130561163421613,-0.00016569084225463818,0,0,339df2f7d1229e397d34f9c8be19d481e01c86be8edf0415213f1f27a125b2ac,JNU_INTRADAY_MOMREV_G1_V1
2018-06-13,1.0,207,114,33,-0.012009431709809622,-5.801657830825904e-05,181,93,38,37,37,19,0.005461882859203369,0.0001476184556541451,0,0,339df2f7d1229e397d34f9c8be19d481e01c86be8edf0415213f1f27a125b2ac,JNU_INTRADAY_MOMREV_G1_V1
2018-06-14,1.0,252,171,71,-0.008769325864866503,-3.479891216216866e-05,136,81,38,37,37,17,-0.006151105005054329,-0.00016624608121768456,0,0,339df2f7d1229e397d34f9c8be19d481e01c86be8edf0415213f1f27a125b2ac,JNU_INTRADAY_MOMREV_G1_V1
2018-06-15,1.0,233,144,56,-0.008786428870312998,-3.770999515155793e-05,155,89,38,37,37,20,0.00482601136605766,0.00013043273962318,0,0,339df2f7d1229e397d34f9c8be19d481e01c86be8edf0415213f1f27a125b2ac,JNU_INTRADAY_MOMREV_G1_V1
2018-06-18,1.0,229,140,49,-0.008184757554985924,-3.574129936675076e-05,159,89,38,37,37,14,-0.00706021373953732,-0.00019081658755506272,0,0,339df2f7d1229e397d34f9c8be19d481e01c86be8edf0415213f1f27a125b2ac,JNU_INTRADAY_MOMREV_G1_V1
2018-06-19,1.0,266,186,72,-0.020303039398917144,-7.63272157854028e-05,122,80,38,37,37,20,0.007321722199772132,0.0001978843837776252,0,0,339df2f7d1229e397d34f9c8be19d481e01c86be8edf0415213f1f27a125b2ac,JNU_INTRADAY_MOMREV_G1_V1
2018-06-20,1.0,266,185,88,-0.00068578902440106,-2.578154227071654e-06,122,81,38,37,37,17,0.005638424780724535,0.00015238985893850095,0,0,339df2f7d1229e397d34f9c8be19d481e01c86be8edf0415213f1f27a125b2ac,JNU_INTRADAY_MOMREV_G1_V1
2018-06-21,1.0,267,192,77,-0.018340346241627958,-6.869043536190246e-05,121,75,38,37,37,18,-0.0022245149554012203,-6.01220258216546e-05,0,0,339df2f7d1229e397d34f9c8be19d481e01c86be8edf0415213f1f27a125b2ac,JNU_INTRADAY_MOMREV_G1_V1
2018-06-22,1.0,255,168,62,-0.016496836841733434,-6.469347781071935e-05,133,87,38,37,37,20,0.004016512301713798,0.00010855438653280535,0,0,339df2f7d1229e397d34f9c8be19d481e01c86be8edf0415213f1f27a125b2ac,JNU_INTRADAY_MOMREV_G1_V1
2018-06-25,1.0,251,166,66,-0.0118747456108862,-4.730974346966614e-05,137,85,38,37,37,15,-0.004464567484871478,-0.00012066398607760751,0,0,339df2f7d1229e397d34f9c8be19d481e01c86be8edf0415213f1f27a125b2ac,JNU_INTRADAY_MOMREV_G1_V1
2018-06-26,1.0,269,188,78,-0.009232547564392986,-3.4321738157594747e-05,119,81,38,37,37,19,-0.003866300539429615,-0.00010449460917377339,0,0,339df2f7d1229e397d34f9c8be19d481e01c86be8edf0415213f1f27a125b2ac,JNU_INTRADAY_MOMREV_G1_V1
2018-06-27,1.0,244,160,53,-0.01729483907743171,-7.088048802226111e-05,144,84,38,37,37,18,0.004950802652787219,0.00013380547710235727,0,0,339df2f7d1229e397d34f9c8be19d481e01c86be8edf0415213f1f27a125b2ac,JNU_INTRADAY_MOMREV_G1_V1
2018-06-28,1.0,285,219,95,-0.012623111395803585,-4.429161893264416e-05,103,66,38,37,37,21,0.0069661369728897075,0.00018827397224026237,0,0,339df2f7d1229e397d34f9c8be19d481e01c86be8edf0415213f1f27a125b2ac,JNU_INTRADAY_MOMREV_G1_V1
2018-06-29,1.0,261,178,69,-0.020009795398118112,-7.666588275141039e-05,127,83,38,37,37,18,-0.003390751936910753,-9.164194424083117e-05,0,0,339df2f7d1229e397d34f9c8be19d481e01c86be8edf0415213f1f27a125b2ac,JNU_INTRADAY_MOMREV_G1_V1
2018-07-02,1.0,250,169,74,-0.004469391936510374,-1.7877567746041496e-05,138,81,38,37,37,13,-0.008456749993797296,-0.00022856081064317015,0,0,339df2f7d1229e397d34f9c8be19d481e01c86be8edf0415213f1f27a125b2ac,JNU_INTRADAY_MOMREV_G1_V1
2018-07-03,1.0,295,233,110,-1.9534168753618263e-06,-6.621752119870598e-09,93,62,38,37,37,19,-0.0022408278690152017,-6.0562915378789234e-05,0,0,339df2f7d1229e397d34f9c8be19d481e01c86be8edf0415213f1f27a125b2ac,JNU_INTRADAY_MOMREV_G1_V1
2018-07-04,1.0,255,174,77,-0.007387004990298944,-2.8968647020780176e-05,133,81,38,37,37,20,0.0006981758530806216,1.886961765082761e-05,0,0,339df2f7d1229e397d34f9c8be19d481e01c86be8edf0415213f1f27a125b2ac,JNU_INTRADAY_MOMREV_G1_V1
2018-07-05,1.0,272,190,78,-0.01691307777110836,-6.218043298201602e-05,116,82,38,37,37,21,0.009027789014463815,0.00024399429768821122,0,0,339df2f7d1229e397d34f9c8be19d481e01c86be8edf0415213f1f27a125b2ac,JNU_INTRADAY_MOMREV_G1_V1
2018-07-06,1.0,286,218,99,-0.003647197681697251,-1.2752439446493886e-05,102,68,38,37,37,18,0.011548851747950678,0.0003121311283229913,0,0,339df2f7d1229e397d34f9c8be19d481e01c86be8edf0415213f1f27a125b2ac,JNU_INTRADAY_MOMREV_G1_V1
2018-07-09,1.0,264,184,71,-0.01477700885111059,-5.59735183754189e-05,124,80,38,37,37,18,-0.0013768453081197238,-3.7212035354587126e-05,0,0,339df2f7d1229e397d34f9c8be19d481e01c86be8edf0415213f1f27a125b2ac,JNU_INTRADAY_MOMREV_G1_V1
2018-07-10,1.0,240,154,71,-0.0020222064349637438,-8.425860145682266e-06,148,86,38,37,37,18,-0.0011193737745170797,-3.025334525721837e-05,0,0,339df2f7d1229e397d34f9c8be19d481e01c86be8edf0415213f1f27a125b2ac,JNU_INTRADAY_MOMREV_G1_V1
2018-07-11,1.0,285,211,91,-0.011450099682583838,-4.017578835994329e-05,103,74,38,37,37,25,0.0038835776928665515,0.00010496155926666355,0,0,339df2f7d1229e397d34f9c8be19d481e01c86be8edf0415213f1f27a125b2ac,JNU_INTRADAY_MOMREV_G1_V1
2018-07-12,1.0,260,177,81,-0.0036139907200466405,-1.3899964307871694e-05,128,83,38,37,37,26,0.012186138619582359,0.0003293550978265502,0,0,339df2f7d1229e397d34f9c8be19d481e01c86be8edf0415213f1f27a125b2ac,JNU_INTRADAY_MOMREV_G1_V1
2018-07-13,1.0,253,175,60,-0.009540884797422005,-3.77110071044348e-05,135,78,38,37,37,19,-0.004006657808036932,-0.00010828804886586302,0,0,339df2f7d1229e397d34f9c8be19d481e01c86be8edf0415213f1f27a125b2ac,JNU_INTRADAY_MOMREV_G1_V1
2018-07-17,1.0,265,193,83,-0.01363190007919744,-5.144113237432996e-05,123,72,38,37,37,21,0.0019634647674219635,5.3066615335728744e-05,0,0,339df2f7d1229e397d34f9c8be19d481e01c86be8edf0415213f1f27a125b2ac,JNU_INTRADAY_MOMREV_G1_V1
2018-07-18,1.0,236,147,56,-0.012241624505379944,-5.1871290277033664e-05,152,89,38,37,37,18,-0.0006539895032723199,-1.767539198033297e-05,0,0,339df2f7d1229e397d34f9c8be19d481e01c86be8edf0415213f1f27a125b2ac,JNU_INTRADAY_MOMREV_G1_V1
2018-07-19,1.0,251,177,74,-0.008538907420434904,-3.401955147583627e-05,137,74,38,37,37,19,0.0024115387316866704,6.517672247801811e-05,0,0,339df2f7d1229e397d34f9c8be19d481e01c86be8edf0415213f1f27a125b2ac,JNU_INTRADAY_MOMREV_G1_V1
2018-07-20,1.0,279,220,88,-0.014378389766130758,-5.1535447190432824e-05,109,59,38,37,37,19,-0.004591062906833171,-0.0001240827812657614,0,0,339df2f7d1229e397d34f9c8be19d481e01c86be8edf0415213f1f27a125b2ac,JNU_INTRADAY_MOMREV_G1_V1
2018-07-23,1.0,270,190,83,-0.008704308146109424,-3.2238178318923794e-05,118,80,38,37,37,22,0.007373625788250222,0.00019928718346622223,0,0,339df2f7d1229e397d34f9c8be19d481e01c86be8edf0415213f1f27a125b2ac,JNU_INTRADAY_MOMREV_G1_V1
2018-07-24,1.0,248,168,69,-0.003323256283446859,-1.3400226949382497e-05,140,80,38,37,37,20,0.006449822582500975,0.00017431952925678313,0,0,339df2f7d1229e397d34f9c8be19d481e01c86be8edf0415213f1f27a125b2ac,JNU_INTRADAY_MOMREV_G1_V1
2018-07-25,1.0,232,147,57,-0.009072294267357875,-3.9104716669646015e-05,156,85,38,37,37,14,-0.004871179695182659,-0.00013165350527520698,0,0,339df2f7d1229e397d34f9c8be19d481e01c86be8edf0415213f1f27a125b2ac,JNU_INTRADAY_MOMREV_G1_V1
2018-07-26,1.0,219,131,54,-0.00510176539261383,-2.329573238636452e-05,169,88,38,37,37,18,0.0015513984043281697,4.192968660346405e-05,0,0,339df2f7d1229e397d34f9c8be19d481e01c86be8edf0415213f1f27a125b2ac,JNU_INTRADAY_MOMREV_G1_V1
2018-07-27,1.0,204,114,33,-0.013032317156339165,-6.388390762911356e-05,184,90,38,37,37,19,-0.0033114331561460773,-8.949819340935344e-05,0,0,339df2f7d1229e397d34f9c8be19d481e01c86be8edf0415213f1f27a125b2ac,JNU_INTRADAY_MOMREV_G1_V1
2018-07-30,1.0,223,133,55,-0.005103745974260714,-2.288675324780589e-05,165,90,38,37,37,24,0.007978932087262034,0.00021564681316924415,0,0,339df2f7d1229e397d34f9c8be19d481e01c86be8edf0415213f1f27a125b2ac,JNU_INTRADAY_MOMREV_G1_V1
2018-07-31,1.0,269,196,82,-0.006905115056560711,-2.5669572700969186e-05,119,73,38,37,37,14,-0.018005094421299883,-0.0004866241735486455,0,0,339df2f7d1229e397d34f9c8be19d481e01c86be8edf0415213f1f27a125b2ac,JNU_INTRADAY_MOMREV_G1_V1
2018-08-01,1.0,238,160,62,-0.00970901499475131,-4.079418065021559e-05,150,78,38,37,37,19,-0.0015397850299013046,-4.161581161895418e-05,0,0,339df2f7d1229e397d34f9c8be19d481e01c86be8edf0415213f1f27a125b2ac,JNU_INTRADAY_MOMREV_G1_V1
2018-08-02,1.0,263,176,71,-0.009963291048381008,-3.788323592540307e-05,125,87,38,37,37,18,-0.001503423359178788,-4.0633063761588866e-05,0,0,339df2f7d1229e397d34f9c8be19d481e01c86be8edf0415213f1f27a125b2ac,JNU_INTRADAY_MOMREV_G1_V1
2018-08-03,1.0,253,167,68,-0.009336297633299176,-3.690236218695326e-05,135,86,38,37,37,24,0.009998141634071598,0.00027022004416409724,0,0,339df2f7d1229e397d34f9c8be19d481e01c86be8edf0415213f1f27a125b2ac,JNU_INTRADAY_MOMREV_G1_V1
2018-08-06,1.0,239,156,63,-0.009542088875055506,-3.992505805462555e-05,149,83,38,37,37,19,-0.001110486097061047,-3.0013137758406677e-05,0,0,339df2f7d1229e397d34f9c8be19d481e01c86be8edf0415213f1f27a125b2ac,JNU_INTRADAY_MOMREV_G1_V1
2018-08-07,1.0,225,133,44,-0.010177602735839779,-4.523378993706568e-05,163,92,38,37,37,18,-0.004211019136845942,-0.00011381132802286329,0,0,339df2f7d1229e397d34f9c8be19d481e01c86be8edf0415213f1f27a125b2ac,JNU_INTRADAY_MOMREV_G1_V1
2018-08-08,1.0,234,145,56,-0.0046234260395344486,-1.9758230938181402e-05,154,89,38,37,37,17,-0.006622422381639405,-0.0001789843886929569,0,0,339df2f7d1229e397d34f9c8be19d481e01c86be8edf0415213f1f27a125b2ac,JNU_INTRADAY_MOMREV_G1_V1
2018-08-09,1.0,211,121,37,-0.010632232174020873,-5.0389725943226886e-05,177,90,38,37,37,22,0.005546787251342549,0.00014991316895520405,0,0,339df2f7d1229e397d34f9c8be19d481e01c86be8edf0415213f1f27a125b2ac,JNU_INTRADAY_MOMREV_G1_V1
2018-08-10,1.0,245,166,64,-0.007813479279172978,-3.189175215988971e-05,143,79,38,37,37,25,0.005763714197029821,0.00015577605937918434,0,0,339df2f7d1229e397d34f9c8be19d481e01c86be8edf0415213f1f27a125b2ac,JNU_INTRADAY_MOMREV_G1_V1
2018-08-13,1.0,286,218,89,-0.016411335189626498,-5.7382290872819924e-05,102,68,38,37,37,19,-0.0027095681553723217,-7.323157176681951e-05,0,0,339df2f7d1229e397d34f9c8be19d481e01c86be8edf0415213f1f27a125b2ac,JNU_INTRADAY_MOMREV_G1_V1
2018-08-14,1.0,267,196,84,-0.013984054932680985,-5.237473757558422e-05,121,71,38,37,37,25,0.009280296600960209,0.0002508188270529786,0,0,339df2f7d1229e397d34f9c8be19d481e01c86be8edf0415213f1f27a125b2ac,JNU_INTRADAY_MOMREV_G1_V1
2018-08-15,1.0,272,188,77,-0.011037168776320527,-4.057782638353135e-05,116,84,38,37,37,21,0.0042444203372931175,0.00011471406317008426,0,0,339df2f7d1229e397d34f9c8be19d481e01c86be8edf0415213f1f27a125b2ac,JNU_INTRADAY_MOMREV_G1_V1
2018-08-16,1.0,287,216,99,0.004562563813625289,1.589743489068045e-05,101,71,38,37,37,16,0.009249940401064255,0.0002499983892179528,0,0,339df2f7d1229e397d34f9c8be19d481e01c86be8edf0415213f1f27a125b2ac,JNU_INTRADAY_MOMREV_G1_V1
2018-08-17,1.0,223,136,43,-0.018173294021294164,-8.149459202374065e-05,165,87,38,37,37,18,0.0033641140563698668,9.092200152350991e-05,0,0,339df2f7d1229e397d34f9c8be19d481e01c86be8edf0415213f1f27a125b2ac,JNU_INTRADAY_MOMREV_G1_V1
2018-08-20,1.0,259,179,61,-0.017574432652031128,-6.785495232444451e-05,129,80,38,37,37,22,0.005406421762841342,0.00014611950710382006,0,0,339df2f7d1229e397d34f9c8be19d481e01c86be8edf0415213f1f27a125b2ac,JNU_INTRADAY_MOMREV_G1_V1
2018-08-21,1.0,245,156,52,-0.01693328091639575,-6.911543231181939e-05,143,89,38,37,37,20,-0.001578942654554447,-4.2674125798768834e-05,0,0,339df2f7d1229e397d34f9c8be19d481e01c86be8edf0415213f1f27a125b2ac,JNU_INTRADAY_MOMREV_G1_V1
2018-08-22,1.0,222,136,57,-0.004490330036632462,-2.02267118767228e-05,166,86,38,37,37,17,-0.004952195944495819,-0.00013384313363502213,0,0,339df2f7d1229e397d34f9c8be19d481e01c86be8edf0415213f1f27a125b2ac,JNU_INTRADAY_MOMREV_G1_V1
2018-08-23,1.0,229,136,41,-0.014736681233765406,-6.435231979810221e-05,159,93,38,37,37,16,-0.0022321428716672352,-6.032818572073609e-05,0,0,339df2f7d1229e397d34f9c8be19d481e01c86be8edf0415213f1f27a125b2ac,JNU_INTRADAY_MOMREV_G1_V1
2018-08-24,1.0,218,125,29,-0.016221349509955647,-7.440986013741122e-05,170,93,38,37,37,21,0.002449597832957537,6.62053468366902e-05,0,0,339df2f7d1229e397d34f9c8be19d481e01c86be8edf0415213f1f27a125b2ac,JNU_INTRADAY_MOMREV_G1_V1
2018-08-27,1.0,211,127,46,-0.009450542714881327,-4.478930196626221e-05,177,84,38,37,37,17,-0.0019843434736116386,-5.363090469220645e-05,0,0,339df2f7d1229e397d34f9c8be19d481e01c86be8edf0415213f1f27a125b2ac,JNU_INTRADAY_MOMREV_G1_V1
2018-08-28,1.0,213,117,46,-0.009597016903974374,-4.505641738955105e-05,175,96,38,37,37,19,0.006976880886349196,0.000188564348279708,0,0,339df2f7d1229e397d34f9c8be19d481e01c86be8edf0415213f1f27a125b2ac,JNU_INTRADAY_MOMREV_G1_V1
2018-08-29,1.0,215,127,46,-0.005462463544544986,-2.540680718393017e-05,173,88,38,37,37,21,0.001309521072848797,3.5392461428345866e-05,0,0,339df2f7d1229e397d34f9c8be19d481e01c86be8edf0415213f1f27a125b2ac,JNU_INTRADAY_MOMREV_G1_V1
2018-08-30,1.0,258,180,67,-0.008496338127771556,-3.29315431308975e-05,130,78,38,37,37,17,-0.0052217051884901585,-0.00014112716725649078,0,0,339df2f7d1229e397d34f9c8be19d481e01c86be8edf0415213f1f27a125b2ac,JNU_INTRADAY_MOMREV_G1_V1
2018-08-31,1.0,240,158,70,-0.00509529244416914,-2.1230385184038086e-05,148,82,38,37,37,19,0.0024240993956835804,6.551619988334001e-05,0,0,339df2f7d1229e397d34f9c8be19d481e01c86be8edf0415213f1f27a125b2ac,JNU_INTRADAY_MOMREV_G1_V1
2018-09-03,1.0,233,140,49,-0.015599333583432578,-6.694992954262909e-05,155,93,38,37,37,20,-0.0010964724941349918,-2.963439173337816e-05,0,0,339df2f7d1229e397d34f9c8be19d481e01c86be8edf0415213f1f27a125b2ac,JNU_INTRADAY_MOMREV_G1_V1
2018-09-04,1.0,269,182,71,-0.008162003876580408,-3.0342021846023822e-05,119,87,38,37,37,17,-0.003518020856391489,-9.508164476733755e-05,0,0,339df2f7d1229e397d34f9c8be19d481e01c86be8edf0415213f1f27a125b2ac,JNU_INTRADAY_MOMREV_G1_V1
2018-09-05,1.0,245,157,54,-0.015688551916959902,-6.40349057835098e-05,143,88,38,37,37,17,-0.0013352980327774478,-3.60891360210121e-05,0,0,339df2f7d1229e397d34f9c8be19d481e01c86be8edf0415213f1f27a125b2ac,JNU_INTRADAY_MOMREV_G1_V1
2018-09-06,1.0,243,160,76,-0.0019948371333327578,-8.209206310011349e-06,145,83,38,37,37,20,0.005106843207177471,0.0001380227893831749,0,0,339df2f7d1229e397d34f9c8be19d481e01c86be8edf0415213f1f27a125b2ac,JNU_INTRADAY_MOMREV_G1_V1
2018-09-07,1.0,263,177,75,-0.013239064707254515,-5.033864907701337e-05,125,86,38,37,37,20,0.0042629607163819075,0.0001152151544968083,0,0,339df2f7d1229e397d34f9c8be19d481e01c86be8edf0415213f1f27a125b2ac,JNU_INTRADAY_MOMREV_G1_V1
2018-09-10,1.0,250,163,69,-0.007567904029323202,-3.027161611729281e-05,138,87,38,37,37,17,-0.0007625431018346176,-2.0609273022557235e-05,0,0,339df2f7d1229e397d34f9c8be19d481e01c86be8edf0415213f1f27a125b2ac,JNU_INTRADAY_MOMREV_G1_V1
2018-09-11,1.0,234,159,63,-0.005966150650278959,-2.5496370300337432e-05,154,75,38,37,37,18,0.0004385327889266582,1.185223753855833e-05,0,0,339df2f7d1229e397d34f9c8be19d481e01c86be8edf0415213f1f27a125b2ac,JNU_INTRADAY_MOMREV_G1_V1
2018-09-12,1.0,276,195,84,-0.006105910418334288,-2.2122863834544524e-05,112,81,38,37,37,18,0.004428526212194141,0.00011968989762686868,0,0,339df2f7d1229e397d34f9c8be19d481e01c86be8edf0415213f1f27a125b2ac,JNU_INTRADAY_MOMREV_G1_V1
2018-09-13,1.0,253,173,72,-0.004856638030538352,-1.9196197749163446e-05,135,80,38,37,37,14,-0.0038467184426613293,-0.00010396536331517106,0,0,339df2f7d1229e397d34f9c8be19d481e01c86be8edf0415213f1f27a125b2ac,JNU_INTRADAY_MOMREV_G1_V1
2018-09-14,1.0,240,153,64,-0.007212863869815518,-3.0053599457564657e-05,148,87,38,37,37,18,8.880943636811007e-06,2.400255036975948e-07,0,0,339df2f7d1229e397d34f9c8be19d481e01c86be8edf0415213f1f27a125b2ac,JNU_INTRADAY_MOMREV_G1_V1
2018-09-18,1.0,266,178,78,-0.003672505663609873,-1.3806412269210049e-05,122,88,38,37,37,19,-0.00329225043624948,-8.897974152025623e-05,0,0,339df2f7d1229e397d34f9c8be19d481e01c86be8edf0415213f1f27a125b2ac,JNU_INTRADAY_MOMREV_G1_V1
2018-09-19,1.0,245,160,64,-0.0031800025824350194,-1.2979602377285794e-05,143,85,38,37,37,19,-4.851836830448847e-06,-1.3113072514726612e-07,0,0,339df2f7d1229e397d34f9c8be19d481e01c86be8edf0415213f1f27a125b2ac,JNU_INTRADAY_MOMREV_G1_V1
2018-09-20,1.0,265,186,71,-0.00975793899667949,-3.6822411308224487e-05,123,79,38,37,37,17,-0.003824947528746829,-0.00010337696023640078,0,0,339df2f7d1229e397d34f9c8be19d481e01c86be8edf0415213f1f27a125b2ac,JNU_INTRADAY_MOMREV_G1_V1
2018-09-21,1.0,245,162,68,-0.007362638303134806,-3.005158491075431e-05,143,83,38,37,37,20,-0.0010437123210531685,-2.8208441109545092e-05,0,0,339df2f7d1229e397d34f9c8be19d481e01c86be8edf0415213f1f27a125b2ac,JNU_INTRADAY_MOMREV_G1_V1
2018-09-25,1.0,230,142,43,-0.017490271323849147,-7.60446579297789e-05,158,88,38,36,35,18,-0.0012651579264229807,-3.5143275733971685e-05,1,1,339df2f7d1229e397d34f9c8be19d481e01c86be8edf0415213f1f27a125b2ac,JNU_INTRADAY_MOMREV_G1_V1
2018-09-26,1.0,244,160,60,-0.011706248054492564,-4.797642645283838e-05,144,84,38,37,37,17,-0.0006285892986943131,-1.6988899964711167e-05,0,0,339df2f7d1229e397d34f9c8be19d481e01c86be8edf0415213f1f27a125b2ac,JNU_INTRADAY_MOMREV_G1_V1
2018-09-27,1.0,275,191,83,-0.012097581330963931,-4.399120483986884e-05,113,84,38,37,37,19,-0.0003924400030734028,-1.0606486569551426e-05,0,0,339df2f7d1229e397d34f9c8be19d481e01c86be8edf0415213f1f27a125b2ac,JNU_INTRADAY_MOMREV_G1_V1
2018-09-28,1.0,260,178,80,-0.003947382484561878,-1.5182240325237991e-05,128,82,38,37,37,18,0.0037442380833282475,0.00010119562387373641,0,0,339df2f7d1229e397d34f9c8be19d481e01c86be8edf0415213f1f27a125b2ac,JNU_INTRADAY_MOMREV_G1_V1
2018-10-01,1.0,267,195,69,-0.019588508146451238,-7.336519905037917e-05,121,72,38,37,37,24,0.013828850683566289,0.0003737527211774673,0,0,339df2f7d1229e397d34f9c8be19d481e01c86be8edf0415213f1f27a125b2ac,JNU_INTRADAY_MOMREV_G1_V1
2018-10-02,1.0,263,185,88,-0.0014250319210508528,-5.418372323387273e-06,125,78,38,37,37,17,-0.0038952876159260557,-0.00010527804367367719,0,0,339df2f7d1229e397d34f9c8be19d481e01c86be8edf0415213f1f27a125b2ac,JNU_INTRADAY_MOMREV_G1_V1
2018-10-03,1.0,281,214,96,-0.004363754288756816,-1.5529374693084756e-05,107,67,38,37,37,22,0.0030979436558508516,8.372820691488789e-05,0,0,339df2f7d1229e397d34f9c8be19d481e01c86be8edf0415213f1f27a125b2ac,JNU_INTRADAY_MOMREV_G1_V1
2018-10-04,1.0,284,212,97,-0.007725708105547652,-2.720319755474525e-05,104,72,38,37,37,14,-0.011438210810170244,-0.0003091408327073039,0,0,339df2f7d1229e397d34f9c8be19d481e01c86be8edf0415213f1f27a125b2ac,JNU_INTRADAY_MOMREV_G1_V1
2018-10-05,1.0,277,205,94,-0.010510280539556943,-3.794325104533192e-05,111,72,38,37,37,20,0.0025226319425488393,6.817924169050917e-05,0,0,339df2f7d1229e397d34f9c8be19d481e01c86be8edf0415213f1f27a125b2ac,JNU_INTRADAY_MOMREV_G1_V1
2018-10-09,1.0,281,207,86,-0.011062311906659775,-3.9367658030817706e-05,107,74,38,37,37,17,0.0006363810071513014,1.71994866797649e-05,0,0,339df2f7d1229e397d34f9c8be19d481e01c86be8edf0415213f1f27a125b2ac,JNU_INTRADAY_MOMREV_G1_V1
2018-10-10,1.0,283,207,95,-0.011276420362152081,-3.984600834682714e-05,105,76,38,37,37,20,0.011069587014004827,0.0002991780274055359,0,0,339df2f7d1229e397d34f9c8be19d481e01c86be8edf0415213f1f27a125b2ac,JNU_INTRADAY_MOMREV_G1_V1
2018-10-11,1.0,317,261,139,0.011224177205379382,3.540749907059742e-05,71,56,38,37,37,11,-0.011912750334640199,-0.0003219662252605459,0,0,339df2f7d1229e397d34f9c8be19d481e01c86be8edf0415213f1f27a125b2ac,JNU_INTRADAY_MOMREV_G1_V1
2018-10-12,1.0,310,259,116,-0.02153570930239928,-6.947003000773962e-05,78,51,38,37,37,20,0.004695976284024123,0.00012691827794659793,0,0,339df2f7d1229e397d34f9c8be19d481e01c86be8edf0415213f1f27a125b2ac,JNU_INTRADAY_MOMREV_G1_V1
2018-10-15,1.0,295,231,108,-0.012984183663651649,-4.4014181910683554e-05,93,64,38,37,37,15,-0.00602241663003384,-0.00016276801702794162,0,0,339df2f7d1229e397d34f9c8be19d481e01c86be8edf0415213f1f27a125b2ac,JNU_INTRADAY_MOMREV_G1_V1
2018-10-16,1.0,278,201,88,-0.00625623234443578,-2.2504432893653883e-05,110,77,38,37,37,21,0.003373084753485263,9.1164452796899e-05,0,0,339df2f7d1229e397d34f9c8be19d481e01c86be8edf0415213f1f27a125b2ac,JNU_INTRADAY_MOMREV_G1_V1
2018-10-17,1.0,286,208,77,-0.02210231421710627,-7.728081894093101e-05,102,78,38,37,37,23,0.012259333454661937,0.0003313333366124848,0,0,339df2f7d1229e397d34f9c8be19d481e01c86be8edf0415213f1f27a125b2ac,JNU_INTRADAY_MOMREV_G1_V1
2018-10-18,1.0,272,193,79,-0.007713257140833295,-2.8357563017769467e-05,116,79,38,37,37,16,0.00041728709906708994,1.1278029704515944e-05,0,0,339df2f7d1229e397d34f9c8be19d481e01c86be8edf0415213f1f27a125b2ac,JNU_INTRADAY_MOMREV_G1_V1
2018-10-19,1.0,308,246,114,-0.007797325725980051,-2.5315992616818348e-05,80,62,38,37,37,13,-0.01180240818073278,-0.00031898400488466973,0,0,339df2f7d1229e397d34f9c8be19d481e01c86be8edf0415213f1f27a125b2ac,JNU_INTRADAY_MOMREV_G1_V1
2018-10-22,1.0,303,242,105,-0.02178386443939043,-7.189394204419284e-05,85,61,38,37,37,16,-0.007582107906392083,-0.00020492183530789414,0,0,339df2f7d1229e397d34f9c8be19d481e01c86be8edf0415213f1f27a125b2ac,JNU_INTRADAY_MOMREV_G1_V1
2018-10-23,1.0,319,272,120,-0.01602524923414783,-5.02358910161374e-05,69,47,38,37,37,18,-0.006082145045825608,-0.00016438229853582724,0,0,339df2f7d1229e397d34f9c8be19d481e01c86be8edf0415213f1f27a125b2ac,JNU_INTRADAY_MOMREV_G1_V1
2018-10-24,1.0,323,272,151,0.019932124155387535,6.170936271017812e-05,65,51,38,37,37,21,0.012417743918211767,0.00033561470049220995,0,0,339df2f7d1229e397d34f9c8be19d481e01c86be8edf0415213f1f27a125b2ac,JNU_INTRADAY_MOMREV_G1_V1
2018-10-25,1.0,324,273,127,-0.011722416497246346,-3.618029783100724e-05,64,51,38,37,37,20,0.019191050367589446,0.000518677036961877,0,0,339df2f7d1229e397d34f9c8be19d481e01c86be8edf0415213f1f27a125b2ac,JNU_INTRADAY_MOMREV_G1_V1
2018-10-26,1.0,319,262,103,-0.04375915474975,-0.00013717603369827586,69,57,38,37,37,19,-0.0033222946573987985,-8.979174749726483e-05,0,0,339df2f7d1229e397d34f9c8be19d481e01c86be8edf0415213f1f27a125b2ac,JNU_INTRADAY_MOMREV_G1_V1
2018-10-29,1.0,320,263,112,-0.027237685007970212,-8.511776564990691e-05,68,57,38,37,37,17,-0.00516557031391849,-0.0001396100084842835,0,0,339df2f7d1229e397d34f9c8be19d481e01c86be8edf0415213f1f27a125b2ac,JNU_INTRADAY_MOMREV_G1_V1
2018-10-30,1.0,312,254,113,-0.021082582371583884,-6.757237939610219e-05,76,58,38,37,37,24,0.02445134932111041,0.00066084727894893,0,0,339df2f7d1229e397d34f9c8be19d481e01c86be8edf0415213f1f27a125b2ac,JNU_INTRADAY_MOMREV_G1_V1
2018-10-31,1.0,275,199,90,-0.003366903613787159,-1.2243285868316943e-05,113,76,38,37,37,20,0.0073814601478898985,0.0001994989229159432,0,0,339df2f7d1229e397d34f9c8be19d481e01c86be8edf0415213f1f27a125b2ac,JNU_INTRADAY_MOMREV_G1_V1
2018-11-01,1.0,296,232,100,-0.008738074628908982,-2.952052239496278e-05,92,64,38,37,37,15,-0.012902633878375347,-0.00034871983455068506,0,0,339df2f7d1229e397d34f9c8be19d481e01c86be8edf0415213f1f27a125b2ac,JNU_INTRADAY_MOMREV_G1_V1
2018-11-02,1.0,305,242,117,-0.0003227944329385397,-1.0583424030771792e-06,83,63,38,37,37,13,-0.02663814753957942,-0.0007199499335021465,0,0,339df2f7d1229e397d34f9c8be19d481e01c86be8edf0415213f1f27a125b2ac,JNU_INTRADAY_MOMREV_G1_V1
2018-11-05,1.0,303,242,108,-0.007972156960336095,-2.6310749044013515e-05,85,61,38,37,37,25,0.013439760373203493,0.00036323676684333765,0,0,339df2f7d1229e397d34f9c8be19d481e01c86be8edf0415213f1f27a125b2ac,JNU_INTRADAY_MOMREV_G1_V1
2018-11-06,1.0,246,157,54,-0.017425555162683796,-7.083559009221055e-05,142,89,38,37,37,22,0.001587250485666921,4.289866177478165e-05,0,0,339df2f7d1229e397d34f9c8be19d481e01c86be8edf0415213f1f27a125b2ac,JNU_INTRADAY_MOMREV_G1_V1
2018-11-07,1.0,327,277,135,0.008326654526644316,2.5463775310838886e-05,61,50,38,37,37,19,0.0231047631985623,0.0006244530594206026,0,0,339df2f7d1229e397d34f9c8be19d481e01c86be8edf0415213f1f27a125b2ac,JNU_INTRADAY_MOMREV_G1_V1
2018-11-08,1.0,266,189,78,-0.009989433609048137,-3.755426168815089e-05,122,77,38,37,37,23,0.00999021166629246,0.000270005720710607,0,0,339df2f7d1229e397d34f9c8be19d481e01c86be8edf0415213f1f27a125b2ac,JNU_INTRADAY_MOMREV_G1_V1
2018-11-09,1.0,268,193,85,-0.005198679331187276,-1.939805720592267e-05,120,75,38,37,37,17,-0.0009131176372034661,-2.4678855059553137e-05,0,0,339df2f7d1229e397d34f9c8be19d481e01c86be8edf0415213f1f27a125b2ac,JNU_INTRADAY_MOMREV_G1_V1
2018-11-12,1.0,254,168,73,-0.0010963193379637287,-4.316217865998932e-06,134,86,38,37,37,20,-0.005216719550727597,-0.00014099242028993506,0,0,339df2f7d1229e397d34f9c8be19d481e01c86be8edf0415213f1f27a125b2ac,JNU_INTRADAY_MOMREV_G1_V1
2018-11-13,1.0,317,266,122,-0.006710099930975463,-2.1167507668692314e-05,71,51,38,37,37,19,-0.009462759061614612,-0.00025575024490850305,0,0,339df2f7d1229e397d34f9c8be19d481e01c86be8edf0415213f1f27a125b2ac,JNU_INTRADAY_MOMREV_G1_V1
2018-11-14,1.0,293,218,103,-0.006648882185017132,-2.269243066558748e-05,95,75,38,37,37,22,0.000913784876073928,2.4696888542538593e-05,0,0,339df2f7d1229e397d34f9c8be19d481e01c86be8edf0415213f1f27a125b2ac,JNU_INTRADAY_MOMREV_G1_V1
2018-11-15,1.0,286,214,98,-0.0011361174216423056,-3.9724385372108585e-06,102,72,38,37,37,19,0.0036837395023393655,9.956052709025312e-05,0,0,339df2f7d1229e397d34f9c8be19d481e01c86be8edf0415213f1f27a125b2ac,JNU_INTRADAY_MOMREV_G1_V1
2018-11-16,1.0,288,218,80,-0.016516698789090404,-5.734964857323057e-05,100,70,38,37,37,25,0.007792228710294016,0.00021060077595389234,0,0,339df2f7d1229e397d34f9c8be19d481e01c86be8edf0415213f1f27a125b2ac,JNU_INTRADAY_MOMREV_G1_V1
2018-11-19,1.0,262,180,81,-0.0022913425462417632,-8.745582237563982e-06,126,82,38,37,37,19,0.006437229827217497,0.0001739791845193918,0,0,339df2f7d1229e397d34f9c8be19d481e01c86be8edf0415213f1f27a125b2ac,JNU_INTRADAY_MOMREV_G1_V1
2018-11-20,1.0,253,166,70,-0.0153003672852614,-6.0475760020796046e-05,135,87,38,37,37,16,0.00023632769345046474,6.387234958120669e-06,0,0,339df2f7d1229e397d34f9c8be19d481e01c86be8edf0415213f1f27a125b2ac,JNU_INTRADAY_MOMREV_G1_V1
2018-11-21,1.0,283,209,89,-0.010483073866049646,-3.704266383763126e-05,105,74,38,37,37,19,0.003011736232864888,8.139827656391589e-05,0,0,339df2f7d1229e397d34f9c8be19d481e01c86be8edf0415213f1f27a125b2ac,JNU_INTRADAY_MOMREV_G1_V1
2018-11-22,1.0,282,203,91,-0.008583534623581619,-3.043806604106957e-05,106,79,38,37,37,17,-0.007634841336191793,-0.00020634706314031872,0,0,339df2f7d1229e397d34f9c8be19d481e01c86be8edf0415213f1f27a125b2ac,JNU_INTRADAY_MOMREV_G1_V1
2018-11-26,1.0,259,184,74,-0.015386482376736175,-5.940726786384624e-05,129,75,38,37,37,19,-0.0034493043687302068,-9.32244423981137e-05,0,0,339df2f7d1229e397d34f9c8be19d481e01c86be8edf0415213f1f27a125b2ac,JNU_INTRADAY_MOMREV_G1_V1
2018-11-27,1.0,258,174,65,-0.011623189143629866,-4.505112071174367e-05,130,84,38,37,37,19,-0.003868599360717122,-0.00010455673947884114,0,0,339df2f7d1229e397d34f9c8be19d481e01c86be8edf0415213f1f27a125b2ac,JNU_INTRADAY_MOMREV_G1_V1
2018-11-28,1.0,243,154,67,-0.0013399807318421333,-5.514323999350342e-06,145,89,38,37,37,20,0.0036164015744521247,9.774058309330066e-05,0,0,339df2f7d1229e397d34f9c8be19d481e01c86be8edf0415213f1f27a125b2ac,JNU_INTRADAY_MOMREV_G1_V1
2018-11-29,1.0,268,186,77,-0.01007286453803633,-3.758531544043407e-05,120,82,38,37,37,17,-0.00045094897072218043,-1.218781001951839e-05,0,0,339df2f7d1229e397d34f9c8be19d481e01c86be8edf0415213f1f27a125b2ac,JNU_INTRADAY_MOMREV_G1_V1
2018-11-30,1.0,249,173,69,-0.009415652981619319,-3.7813867396061524e-05,139,76,38,37,37,24,0.011664903951608364,0.00031526767436779364,0,0,339df2f7d1229e397d34f9c8be19d481e01c86be8edf0415213f1f27a125b2ac,JNU_INTRADAY_MOMREV_G1_V1
2018-12-03,1.0,245,162,66,-0.0035293698038874445,-1.4405591036275284e-05,143,83,38,37,37,23,0.00772985908951082,0.00020891511052731948,0,0,339df2f7d1229e397d34f9c8be19d481e01c86be8edf0415213f1f27a125b2ac,JNU_INTRADAY_MOMREV_G1_V1
2018-12-04,1.0,272,190,89,-0.004373879084295899,-1.6080437809911394e-05,116,82,38,37,37,17,-0.004718719587634975,-0.0001275329618279723,0,0,339df2f7d1229e397d34f9c8be19d481e01c86be8edf0415213f1f27a125b2ac,JNU_INTRADAY_MOMREV_G1_V1
2018-12-05,1.0,293,221,95,-0.012359818140652396,-4.218367966092968e-05,95,72,38,37,37,19,0.009151285841232454,0.0002473320497630393,0,0,339df2f7d1229e397d34f9c8be19d481e01c86be8edf0415213f1f27a125b2ac,JNU_INTRADAY_MOMREV_G1_V1
2018-12-06,1.0,307,251,123,-0.00805136121347963,-2.6225932291464593e-05,81,56,38,37,37,16,-0.007015016475241089,-0.0001895950398713808,0,0,339df2f7d1229e397d34f9c8be19d481e01c86be8edf0415213f1f27a125b2ac,JNU_INTRADAY_MOMREV_G1_V1
2018-12-07,1.0,285,219,102,-0.0006635090806256713,-2.3281020372830575e-06,103,66,38,37,37,21,0.01595670844626952,0.0004312623904397168,0,0,339df2f7d1229e397d34f9c8be19d481e01c86be8edf0415213f1f27a125b2ac,JNU_INTRADAY_MOMREV_G1_V1
2018-12-10,1.0,267,190,88,-0.0048100673540699785,-1.8015233535842617e-05,121,77,38,37,37,17,0.0002379389420155407,6.4307822166362354e-06,0,0,339df2f7d1229e397d34f9c8be19d481e01c86be8edf0415213f1f27a125b2ac,JNU_INTRADAY_MOMREV_G1_V1
2018-12-11,1.0,280,211,103,0.0017424186030908571,6.2229235824673466e-06,108,69,38,37,37,18,0.010388018325708464,0.0002807572520461747,0,0,339df2f7d1229e397d34f9c8be19d481e01c86be8edf0415213f1f27a125b2ac,JNU_INTRADAY_MOMREV_G1_V1
2018-12-12,1.0,292,230,96,-0.01760999115131228,-6.0308188874357126e-05,96,62,38,37,37,16,0.0013836747963323788,3.739661611709132e-05,0,0,339df2f7d1229e397d34f9c8be19d481e01c86be8edf0415213f1f27a125b2ac,JNU_INTRADAY_MOMREV_G1_V1
2018-12-13,1.0,276,199,83,-0.006944722857270672,-2.516203933793722e-05,112,77,38,37,37,19,-0.002811455926888276,-7.598529532130475e-05,0,0,339df2f7d1229e397d34f9c8be19d481e01c86be8edf0415213f1f27a125b2ac,JNU_INTRADAY_MOMREV_G1_V1
2018-12-14,1.0,295,236,113,0.002514509113404994,8.523759706457607e-06,93,59,38,37,37,18,-0.00834019004899629,-0.00022541054186476462,0,0,339df2f7d1229e397d34f9c8be19d481e01c86be8edf0415213f1f27a125b2ac,JNU_INTRADAY_MOMREV_G1_V1
2018-12-17,1.0,269,191,75,-0.00882439562548708,-3.2804444704412935e-05,119,78,38,37,37,16,-0.003515366270171085,-9.50098991938131e-05,0,0,339df2f7d1229e397d34f9c8be19d481e01c86be8edf0415213f1f27a125b2ac,JNU_INTRADAY_MOMREV_G1_V1
2018-12-18,1.0,298,232,95,-0.021744647679043317,-7.296861637262858e-05,90,66,38,37,37,24,0.026514095451273655,0.0007165971743587474,0,0,339df2f7d1229e397d34f9c8be19d481e01c86be8edf0415213f1f27a125b2ac,JNU_INTRADAY_MOMREV_G1_V1
2018-12-19,1.0,297,226,119,0.014034407833574191,4.725389842954273e-05,91,71,38,37,37,19,-0.00022399620268702202,-6.053951423973568e-06,0,0,339df2f7d1229e397d34f9c8be19d481e01c86be8edf0415213f1f27a125b2ac,JNU_INTRADAY_MOMREV_G1_V1
2018-12-20,1.0,297,227,102,-0.017775804711126837,-5.9851194313558374e-05,91,70,38,37,37,22,-0.005653889597081835,-0.0001528078269481577,0,0,339df2f7d1229e397d34f9c8be19d481e01c86be8edf0415213f1f27a125b2ac,JNU_INTRADAY_MOMREV_G1_V1
2018-12-21,1.0,322,271,126,-0.002825569547322607,-8.775060705970829e-06,66,51,38,37,37,18,0.01662954175731041,0.000449447074521903,0,0,339df2f7d1229e397d34f9c8be19d481e01c86be8edf0415213f1f27a125b2ac,JNU_INTRADAY_MOMREV_G1_V1
2018-12-25,1.0,315,262,136,0.007307315334760188,2.3197826459556155e-05,73,53,38,37,37,17,-0.0005618441933887035,-1.518497819969469e-05,0,0,339df2f7d1229e397d34f9c8be19d481e01c86be8edf0415213f1f27a125b2ac,JNU_INTRADAY_MOMREV_G1_V1
2018-12-26,1.0,329,285,145,0.02820362076943733,8.572529109251467e-05,59,44,38,37,37,21,0.011808905474584661,0.00031915960742120704,0,0,339df2f7d1229e397d34f9c8be19d481e01c86be8edf0415213f1f27a125b2ac,JNU_INTRADAY_MOMREV_G1_V1
2018-12-27,1.0,308,240,123,1.8838650067205007e-05,6.116444827014613e-08,80,68,38,37,37,19,0.001155599553632922,3.123242036845735e-05,0,0,339df2f7d1229e397d34f9c8be19d481e01c86be8edf0415213f1f27a125b2ac,JNU_INTRADAY_MOMREV_G1_V1
2018-12-28,1.0,300,241,120,0.008013367756589576,2.6711225855298587e-05,88,59,38,37,37,17,0.00020714723818479868,5.598574004994559e-06,0,0,339df2f7d1229e397d34f9c8be19d481e01c86be8edf0415213f1f27a125b2ac,JNU_INTRADAY_MOMREV_G1_V1
2019-01-04,1.0,316,259,124,-0.016547567794587607,-5.236572086894812e-05,72,57,38,37,37,20,-0.0013333488652873587,-3.6036455818577265e-05,0,0,2de8414c0f854a54e54eb3ef922542c3ef19178d5316176307e4e99cae869e3e,JNU_INTRADAY_MOMREV_G1_V1
2019-01-07,1.0,282,205,86,-0.016198223119494575,-5.744050751593821e-05,106,77,38,37,37,22,0.016881335549663368,0.000456252312153064,0,0,2de8414c0f854a54e54eb3ef922542c3ef19178d5316176307e4e99cae869e3e,JNU_INTRADAY_MOMREV_G1_V1
2019-01-08,1.0,284,211,98,-0.0021829136417035695,-7.686315639801301e-06,104,73,38,37,37,22,0.002002611508004861,5.412463535148273e-05,0,0,2de8414c0f854a54e54eb3ef922542c3ef19178d5316176307e4e99cae869e3e,JNU_INTRADAY_MOMREV_G1_V1
2019-01-09,1.0,254,173,70,-0.009562308457263247,-3.7646883690012785e-05,134,81,38,37,37,18,-0.0007444552353707064,-2.012041176677585e-05,0,0,2de8414c0f854a54e54eb3ef922542c3ef19178d5316176307e4e99cae869e3e,JNU_INTRADAY_MOMREV_G1_V1
2019-01-10,1.0,278,208,88,-0.013143239701994916,-4.7277840654657975e-05,110,70,38,37,37,24,0.010637988988475656,0.00028751321590474746,0,0,2de8414c0f854a54e54eb3ef922542c3ef19178d5316176307e4e99cae869e3e,JNU_INTRADAY_MOMREV_G1_V1
2019-01-11,1.0,245,157,65,-0.01083315368420564,-4.4216953813084245e-05,143,88,38,37,37,20,0.005415571325578373,0.00014636679258319928,0,0,2de8414c0f854a54e54eb3ef922542c3ef19178d5316176307e4e99cae869e3e,JNU_INTRADAY_MOMREV_G1_V1
2019-01-15,1.0,272,192,76,-0.011751496297016432,-4.320403050373688e-05,116,80,38,37,37,22,-9.106298587241175e-05,-2.4611617803354527e-06,0,0,2de8414c0f854a54e54eb3ef922542c3ef19178d5316176307e4e99cae869e3e,JNU_INTRADAY_MOMREV_G1_V1
2019-01-16,1.0,253,168,72,-0.003935349093477494,-1.5554739499911045e-05,135,85,38,37,37,18,0.0011974686407569953,3.236401731775663e-05,0,0,2de8414c0f854a54e54eb3ef922542c3ef19178d5316176307e4e99cae869e3e,JNU_INTRADAY_MOMREV_G1_V1
2019-01-17,1.0,266,190,91,-0.0022210864415560935,-8.349949028406366e-06,122,76,38,37,37,24,0.009070687169407808,0.0002451537072812921,0,0,2de8414c0f854a54e54eb3ef922542c3ef19178d5316176307e4e99cae869e3e,JNU_INTRADAY_MOMREV_G1_V1
2019-01-18,1.0,255,177,58,-0.020605613034438797,-8.080632562525019e-05,133,78,38,37,37,23,0.010186599710442956,0.0002753135056876474,0,0,2de8414c0f854a54e54eb3ef922542c3ef19178d5316176307e4e99cae869e3e,JNU_INTRADAY_MOMREV_G1_V1
2019-01-21,1.0,252,165,68,-0.017824425400920458,-7.073184682904944e-05,136,87,38,37,37,17,-0.001199382437872949,-3.2415741564133756e-05,0,0,2de8414c0f854a54e54eb3ef922542c3ef19178d5316176307e4e99cae869e3e,JNU_INTRADAY_MOMREV_G1_V1
2019-01-22,1.0,255,170,63,-0.017178311436228038,-6.736592720089427e-05,133,85,38,37,37,13,-0.007995643025961825,-0.0002160984601611304,0,0,2de8414c0f854a54e54eb3ef922542c3ef19178d5316176307e4e99cae869e3e,JNU_INTRADAY_MOMREV_G1_V1
2019-01-23,1.0,263,179,85,-0.000750671295795655,-2.8542634821127564e-06,125,84,38,37,37,22,0.003395929955481752,9.1781890688696e-05,0,0,2de8414c0f854a54e54eb3ef922542c3ef19178d5316176307e4e99cae869e3e,JNU_INTRADAY_MOMREV_G1_V1
2019-01-24,1.0,255,179,67,-0.015598182970383933,-6.116934498189778e-05,133,76,38,37,37,19,0.011210970890485348,0.00030299921325636074,0,0,2de8414c0f854a54e54eb3ef922542c3ef19178d5316176307e4e99cae869e3e,JNU_INTRADAY_MOMREV_G1_V1
2019-01-25,1.0,262,185,75,-0.009152892533608004,-3.493470432674811e-05,126,77,38,37,37,13,-0.015962163604164414,-0.0004314098271395788,0,0,2de8414c0f854a54e54eb3ef922542c3ef19178d5316176307e4e99cae869e3e,JNU_INTRADAY_MOMREV_G1_V1
2019-01-28,1.0,250,173,62,-0.0174087845547527,-6.96351382190108e-05,138,77,38,37,37,17,-0.007732877254773832,-0.00020899668256145492,0,0,2de8414c0f854a54e54eb3ef922542c3ef19178d5316176307e4e99cae869e3e,JNU_INTRADAY_MOMREV_G1_V1
2019-01-29,1.0,267,186,77,-0.004406671674927217,-1.6504388295607554e-05,121,81,38,37,37,17,0.0009283971259022182,2.5091814213573463e-05,0,0,2de8414c0f854a54e54eb3ef922542c3ef19178d5316176307e4e99cae869e3e,JNU_INTRADAY_MOMREV_G1_V1
2019-01-30,1.0,249,174,66,-0.012888873667806382,-5.176254485062804e-05,139,75,38,37,37,21,0.007795815622501373,0.00021069771952706413,0,0,2de8414c0f854a54e54eb3ef922542c3ef19178d5316176307e4e99cae869e3e,JNU_INTRADAY_MOMREV_G1_V1
2019-01-31,1.0,265,190,85,-0.006996183458650223,-2.6400692296793295e-05,123,75,38,37,37,22,0.007457650702875234,0.00020155812710473606,0,0,2de8414c0f854a54e54eb3ef922542c3ef19178d5316176307e4e99cae869e3e,JNU_INTRADAY_MOMREV_G1_V1
2019-02-01,1.0,249,166,71,-0.0050633143578185736,-2.0334595814532425e-05,139,83,38,37,37,16,0.001197079636252281,3.235350368249408e-05,0,0,2de8414c0f854a54e54eb3ef922542c3ef19178d5316176307e4e99cae869e3e,JNU_INTRADAY_MOMREV_G1_V1
2019-02-04,1.0,252,175,56,-0.014639214818719253,-5.809212229650497e-05,136,77,38,37,37,21,-0.0009634930876677076,-2.6040353720748853e-05,0,0,2de8414c0f854a54e54eb3ef922542c3ef19178d5316176307e4e99cae869e3e,JNU_INTRADAY_MOMREV_G1_V1
2019-02-05,1.0,222,139,48,-0.014847211741121219,-6.68793321672127e-05,166,83,38,37,37,18,0.0035916579985919047,9.70718377997812e-05,0,0,2de8414c0f854a54e54eb3ef922542c3ef19178d5316176307e4e99cae869e3e,JNU_INTRADAY_MOMREV_G1_V1
2019-02-06,1.0,253,163,55,-0.015562654995453635,-6.15124703377614e-05,135,90,38,37,37,18,0.002628407676516857,7.103804531126641e-05,0,0,2de8414c0f854a54e54eb3ef922542c3ef19178d5316176307e4e99cae869e3e,JNU_INTRADAY_MOMREV_G1_V1
2019-02-07,1.0,244,160,78,0.0024222962794911433,9.927443768406325e-06,144,84,38,37,37,22,0.00362580375125231,9.799469597979216e-05,0,0,2de8414c0f854a54e54eb3ef922542c3ef19178d5316176307e4e99cae869e3e,JNU_INTRADAY_MOMREV_G1_V1
2019-02-08,1.0,260,184,79,-0.011513330766982018,-4.42820414114693e-05,128,76,38,37,37,18,0.004856528010544033,0.0001312575137984874,0,0,2de8414c0f854a54e54eb3ef922542c3ef19178d5316176307e4e99cae869e3e,JNU_INTRADAY_MOMREV_G1_V1
2019-02-12,1.0,257,177,74,-0.010141364890530673,-3.946056377638394e-05,131,80,38,37,37,19,0.001459674151330735,3.945065273866851e-05,0,0,2de8414c0f854a54e54eb3ef922542c3ef19178d5316176307e4e99cae869e3e,JNU_INTRADAY_MOMREV_G1_V1
2019-02-13,1.0,252,176,82,0.0023902375045563116,9.485069462525047e-06,136,76,38,37,37,18,-0.0014235681262017511,-3.847481422166895e-05,0,0,2de8414c0f854a54e54eb3ef922542c3ef19178d5316176307e4e99cae869e3e,JNU_INTRADAY_MOMREV_G1_V1
2019-02-14,1.0,255,175,65,-0.014442212459185817,-5.6636127290924774e-05,133,80,38,37,37,20,0.00899180375198303,0.00024302172302656836,0,0,2de8414c0f854a54e54eb3ef922542c3ef19178d5316176307e4e99cae869e3e,JNU_INTRADAY_MOMREV_G1_V1
2019-02-15,1.0,273,193,74,-0.014111359896083859,-5.168996298931816e-05,115,80,38,37,37,19,-0.0018995837331934474,-5.13401008971202e-05,0,0,2de8414c0f854a54e54eb3ef922542c3ef19178d5316176307e4e99cae869e3e,JNU_INTRADAY_MOMREV_G1_V1
2019-02-18,1.0,240,156,52,-0.015525118963896857,-6.468799568290357e-05,148,84,38,37,37,20,0.003285922253146272,8.880870954449383e-05,0,0,2de8414c0f854a54e54eb3ef922542c3ef19178d5316176307e4e99cae869e3e,JNU_INTRADAY_MOMREV_G1_V1
2019-02-19,1.0,253,164,72,-0.0046936659647041955,-1.855203938618259e-05,135,89,38,37,37,22,0.009173846206717361,0.0002479417893707395,0,0,2de8414c0f854a54e54eb3ef922542c3ef19178d5316176307e4e99cae869e3e,JNU_INTRADAY_MOMREV_G1_V1
2019-02-20,1.0,247,169,62,-0.010747576634630425,-4.3512456010649495e-05,141,78,38,37,37,19,-0.005131683980327207,-0.00013869416163046506,0,0,2de8414c0f854a54e54eb3ef922542c3ef19178d5316176307e4e99cae869e3e,JNU_INTRADAY_MOMREV_G1_V1
2019-02-21,1.0,265,192,77,-0.01632951941023262,-6.162082796314196e-05,123,73,38,37,37,15,-0.004190414171889997,-0.00011325443707810802,0,0,2de8414c0f854a54e54eb3ef922542c3ef19178d5316176307e4e99cae869e3e,JNU_INTRADAY_MOMREV_G1_V1
2019-02-22,1.0,234,137,52,-0.0074815597244815854,-3.197247745504951e-05,154,97,38,37,37,23,0.008425541091523965,0.00022771732679794502,0,0,2de8414c0f854a54e54eb3ef922542c3ef19178d5316176307e4e99cae869e3e,JNU_INTRADAY_MOMREV_G1_V1
2019-02-25,1.0,248,164,79,-0.0014061555334207332,-5.66998198959973e-06,140,84,38,37,37,23,0.008837706226900022,0.00023885692505135194,0,0,2de8414c0f854a54e54eb3ef922542c3ef19178d5316176307e4e99cae869e3e,JNU_INTRADAY_MOMREV_G1_V1
2019-02-26,1.0,236,154,69,-0.002570901721321793,-1.0893651361533021e-05,152,82,38,37,37,24,0.004415623990645219,0.00011934118893635728,0,0,2de8414c0f854a54e54eb3ef922542c3ef19178d5316176307e4e99cae869e3e,JNU_INTRADAY_MOMREV_G1_V1
2019-02-27,1.0,184,99,20,-0.01484790134114698,-8.069511598449446e-05,204,85,38,36,35,17,0.00046220309322312204,1.283897481175339e-05,1,1,2de8414c0f854a54e54eb3ef922542c3ef19178d5316176307e4e99cae869e3e,JNU_INTRADAY_MOMREV_G1_V1
2019-02-28,1.0,227,136,38,-0.016767842891061244,-7.386714929982927e-05,161,91,38,37,37,17,-0.00954766912614996,-0.0002580451115175665,0,0,2de8414c0f854a54e54eb3ef922542c3ef19178d5316176307e4e99cae869e3e,JNU_INTRADAY_MOMREV_G1_V1
2019-03-01,1.0,213,132,48,-0.008377829218707092,-3.9332531543225785e-05,175,81,38,36,35,16,0.0034877872580652168,9.688297939070047e-05,1,1,2de8414c0f854a54e54eb3ef922542c3ef19178d5316176307e4e99cae869e3e,JNU_INTRADAY_MOMREV_G1_V1
2019-03-04,1.0,226,137,50,-0.00888822725131692,-3.932843916511912e-05,162,89,38,37,37,17,0.003168273165773349,8.562900448036079e-05,0,0,2de8414c0f854a54e54eb3ef922542c3ef19178d5316176307e4e99cae869e3e,JNU_INTRADAY_MOMREV_G1_V1
2019-03-05,1.0,262,184,69,-0.018560391493199442,-7.084118890534138e-05,126,78,38,37,37,16,-0.0029944103580143685,-8.093000967606401e-05,0,0,2de8414c0f854a54e54eb3ef922542c3ef19178d5316176307e4e99cae869e3e,JNU_INTRADAY_MOMREV_G1_V1
2019-03-06,1.0,253,169,55,-0.01611133857691267,-6.368118014589988e-05,135,84,38,37,37,21,0.0064704839247335935,0.00017487794391171874,0,0,2de8414c0f854a54e54eb3ef922542c3ef19178d5316176307e4e99cae869e3e,JNU_INTRADAY_MOMREV_G1_V1
2019-03-07,1.0,270,197,78,-0.01310617022020358,-4.8541371185939185e-05,118,73,38,37,37,23,0.003498075172180661,9.454257222109895e-05,0,0,2de8414c0f854a54e54eb3ef922542c3ef19178d5316176307e4e99cae869e3e,JNU_INTRADAY_MOMREV_G1_V1
2019-03-08,1.0,259,179,76,-0.010526862739544344,-4.0644257681638396e-05,129,80,38,37,37,16,-0.0031332135434248825,-8.468144711959142e-05,0,0,2de8414c0f854a54e54eb3ef922542c3ef19178d5316176307e4e99cae869e3e,JNU_INTRADAY_MOMREV_G1_V1
2019-03-11,1.0,263,189,71,-0.01456947524322496,-5.539724427081734e-05,125,74,38,37,37,21,0.0016438744195235108,4.442903836550029e-05,0,0,2de8414c0f854a54e54eb3ef922542c3ef19178d5316176307e4e99cae869e3e,JNU_INTRADAY_MOMREV_G1_V1
2019-03-12,1.0,235,145,53,-0.006552739001747969,-2.788399575211902e-05,153,90,38,37,37,21,0.006345417677622752,0.0001714977750708852,0,0,2de8414c0f854a54e54eb3ef922542c3ef19178d5316176307e4e99cae869e3e,JNU_INTRADAY_MOMREV_G1_V1
2019-03-13,1.0,269,188,89,0.0007184852192928539,2.6709487706054047e-06,119,81,38,37,37,16,-0.005927993862342018,-0.00016021605033356807,0,0,2de8414c0f854a54e54eb3ef922542c3ef19178d5316176307e4e99cae869e3e,JNU_INTRADAY_MOMREV_G1_V1
2019-03-14,1.0,256,174,80,-0.0012066856924827887,-4.713615986260893e-06,132,82,38,37,37,22,0.014383131090974317,0.0003887332727290356,0,0,2de8414c0f854a54e54eb3ef922542c3ef19178d5316176307e4e99cae869e3e,JNU_INTRADAY_MOMREV_G1_V1
2019-03-15,1.0,248,170,72,-0.007993545289396128,-3.223203745724245e-05,140,78,38,37,37,21,-0.0016621313705308812,-4.49224694738076e-05,0,0,2de8414c0f854a54e54eb3ef922542c3ef19178d5316176307e4e99cae869e3e,JNU_INTRADAY_MOMREV_G1_V1
2019-03-18,1.0,226,147,59,-0.007250560871930775,-3.208212775190608e-05,162,79,38,37,37,19,-0.0007070821163925699,-1.9110327470069458e-05,0,0,2de8414c0f854a54e54eb3ef922542c3ef19178d5316176307e4e99cae869e3e,JNU_INTRADAY_MOMREV_G1_V1
2019-03-19,1.0,230,149,56,-0.00913637543757894,-3.972337146773452e-05,158,81,38,37,37,18,-0.0058581927149267575,-0.0001583295328358583,0,0,2de8414c0f854a54e54eb3ef922542c3ef19178d5316176307e4e99cae869e3e,JNU_INTRADAY_MOMREV_G1_V1
2019-03-20,1.0,216,122,43,-0.012391813112505597,-5.7369505150488875e-05,172,94,38,37,37,19,6.782607081849787e-06,1.8331370491485912e-07,0,0,2de8414c0f854a54e54eb3ef922542c3ef19178d5316176307e4e99cae869e3e,JNU_INTRADAY_MOMREV_G1_V1
2019-03-22,1.0,241,161,67,-0.006805438205733116,-2.823833280387185e-05,147,80,38,37,37,25,0.011230160028967488,0.0003035178386207429,0,0,2de8414c0f854a54e54eb3ef922542c3ef19178d5316176307e4e99cae869e3e,JNU_INTRADAY_MOMREV_G1_V1
2019-03-25,1.0,265,188,54,-0.02789544278848845,-0.00010526582184335265,123,77,38,37,37,17,-0.0012223553897118462,-3.3036632154374224e-05,0,0,2de8414c0f854a54e54eb3ef922542c3ef19178d5316176307e4e99cae869e3e,JNU_INTRADAY_MOMREV_G1_V1
2019-03-26,1.0,232,146,62,-0.010147419889909946,-4.373887883581873e-05,156,86,38,37,37,26,0.010629681041875519,0.0002872886768074465,0,0,2de8414c0f854a54e54eb3ef922542c3ef19178d5316176307e4e99cae869e3e,JNU_INTRADAY_MOMREV_G1_V1
2019-03-27,1.0,254,175,80,0.0004719266387141557,1.857978892575416e-06,134,79,38,37,37,21,0.003288203410856751,8.887036245558786e-05,0,0,2de8414c0f854a54e54eb3ef922542c3ef19178d5316176307e4e99cae869e3e,JNU_INTRADAY_MOMREV_G1_V1
2019-03-28,1.0,269,193,90,0.004483030781948748,1.6665541940329917e-05,119,76,38,37,37,23,0.008069842895232198,0.00021810386203330266,0,0,2de8414c0f854a54e54eb3ef922542c3ef19178d5316176307e4e99cae869e3e,JNU_INTRADAY_MOMREV_G1_V1
2019-03-29,1.0,238,155,67,-0.010837298995317591,-4.553486972822517e-05,150,83,38,37,37,23,0.0037708697393004746,0.00010191539835947228,0,0,2de8414c0f854a54e54eb3ef922542c3ef19178d5316176307e4e99cae869e3e,JNU_INTRADAY_MOMREV_G1_V1
2019-04-01,1.0,243,154,71,-0.006735275741478688,-2.7717184121311475e-05,145,89,38,37,37,17,-0.005085497464872422,-0.00013744587742898438,0,0,2de8414c0f854a54e54eb3ef922542c3ef19178d5316176307e4e99cae869e3e,JNU_INTRADAY_MOMREV_G1_V1
2019-04-02,1.0,230,138,59,-0.0032744141242366763,-1.4236583148855114e-05,158,92,38,37,37,19,-0.0004587803830817933,-1.239946981302144e-05,0,0,2de8414c0f854a54e54eb3ef922542c3ef19178d5316176307e4e99cae869e3e,JNU_INTRADAY_MOMREV_G1_V1
2019-04-03,1.0,251,167,65,-0.010831792736864328,-4.3154552736511265e-05,137,84,38,37,37,22,0.001370649124998856,3.7044570945915024e-05,0,0,2de8414c0f854a54e54eb3ef922542c3ef19178d5316176307e4e99cae869e3e,JNU_INTRADAY_MOMREV_G1_V1
2019-04-04,1.0,230,146,59,-0.0048287194441564265,-2.0994432365897506e-05,158,84,38,37,37,19,0.004834707307517104,0.00013066776506802984,0,0,2de8414c0f854a54e54eb3ef922542c3ef19178d5316176307e4e99cae869e3e,JNU_INTRADAY_MOMREV_G1_V1
2019-04-05,1.0,216,126,37,-0.011703178183672771,-5.418138047996653e-05,172,90,38,37,37,19,0.005970734185192936,0.00016137119419440366,0,0,2de8414c0f854a54e54eb3ef922542c3ef19178d5316176307e4e99cae869e3e,JNU_INTRADAY_MOMREV_G1_V1
2019-04-08,1.0,212,121,47,-0.005736045134277956,-2.7056816671122434e-05,176,91,38,37,37,13,-0.007326820074648559,-0.0001980221641796908,0,0,2de8414c0f854a54e54eb3ef922542c3ef19178d5316176307e4e99cae869e3e,JNU_INTRADAY_MOMREV_G1_V1
2019-04-09,1.0,236,150,61,-0.003904439051436047,-1.654423326879681e-05,152,86,38,37,37,17,0.002303240190176533,6.224973486963603e-05,0,0,2de8414c0f854a54e54eb3ef922542c3ef19178d5316176307e4e99cae869e3e,JNU_INTRADAY_MOMREV_G1_V1
2019-04-10,1.0,216,120,43,-0.008312546196048404,-3.848401016689076e-05,172,96,38,37,37,15,-0.003236837209042793,-8.74820867308863e-05,0,0,2de8414c0f854a54e54eb3ef922542c3ef19178d5316176307e4e99cae869e3e,JNU_INTRADAY_MOMREV_G1_V1
2019-04-11,1.0,218,127,48,-0.008538246200637405,-3.9166266975400945e-05,170,91,38,37,37,18,0.0013845147488660919,3.74193175369214e-05,0,0,2de8414c0f854a54e54eb3ef922542c3ef19178d5316176307e4e99cae869e3e,JNU_INTRADAY_MOMREV_G1_V1
2019-04-12,1.0,244,154,67,-0.007791300121196,-3.19315578737541e-05,144,90,38,37,37,17,-0.002990012596624169,-8.081115126011268e-05,0,0,2de8414c0f854a54e54eb3ef922542c3ef19178d5316176307e4e99cae869e3e,JNU_INTRADAY_MOMREV_G1_V1
2019-04-15,1.0,229,137,50,-0.009925635273521676,-4.334338547389378e-05,159,92,38,37,37,23,0.006326350296256782,0.00017098244043937247,0,0,2de8414c0f854a54e54eb3ef922542c3ef19178d5316176307e4e99cae869e3e,JNU_INTRADAY_MOMREV_G1_V1
2019-04-16,1.0,224,136,48,-0.00787078594283725,-3.5137437244809145e-05,164,88,38,37,37,20,0.00044147281846330325,1.1931697796305494e-05,0,0,2de8414c0f854a54e54eb3ef922542c3ef19178d5316176307e4e99cae869e3e,JNU_INTRADAY_MOMREV_G1_V1
2019-04-17,1.0,241,151,54,-0.006493870541045777,-2.6945520917202396e-05,147,90,38,37,37,14,-0.0035915227625508248,-9.706818277164392e-05,0,0,2de8414c0f854a54e54eb3ef922542c3ef19178d5316176307e4e99cae869e3e,JNU_INTRADAY_MOMREV_G1_V1
2019-04-18,1.0,245,162,56,-0.01691110894667167,-6.90249344762109e-05,143,83,38,37,37,18,0.006309879259909477,0.00017053727729485072,0,0,2de8414c0f854a54e54eb3ef922542c3ef19178d5316176307e4e99cae869e3e,JNU_INTRADAY_MOMREV_G1_V1
2019-04-19,1.0,196,108,35,-0.007655483013178637,-3.9058586801931825e-05,192,88,38,37,37,23,0.0067559490856438425,0.00018259321853091466,0,0,2de8414c0f854a54e54eb3ef922542c3ef19178d5316176307e4e99cae869e3e,JNU_INTRADAY_MOMREV_G1_V1
2019-04-22,1.0,229,148,54,-0.006967915210556243,-3.042757733867355e-05,159,81,38,37,37,15,-0.004047674794698639,-0.00010939661607293618,0,0,2de8414c0f854a54e54eb3ef922542c3ef19178d5316176307e4e99cae869e3e,JNU_INTRADAY_MOMREV_G1_V1
2019-04-23,1.0,206,122,36,-0.01508189401985827,-7.321307776630229e-05,182,84,38,37,37,19,-0.0022606774720196265,-6.109939113566558e-05,0,0,2de8414c0f854a54e54eb3ef922542c3ef19178d5316176307e4e99cae869e3e,JNU_INTRADAY_MOMREV_G1_V1
2019-04-24,1.0,244,167,68,-0.0065116289885881464,-2.6687004051590766e-05,144,77,38,37,37,13,-0.007182788374270457,-0.00019412941552082318,0,0,2de8414c0f854a54e54eb3ef922542c3ef19178d5316176307e4e99cae869e3e,JNU_INTRADAY_MOMREV_G1_V1
2019-04-25,1.0,228,135,50,-0.008308583418113816,-3.6441155342604454e-05,160,93,38,37,37,25,0.009203946043273594,0.0002487552984668539,0,0,2de8414c0f854a54e54eb3ef922542c3ef19178d5316176307e4e99cae869e3e,JNU_INTRADAY_MOMREV_G1_V1
2019-04-26,1.0,256,179,76,-0.008344426591049638,-3.259541637128765e-05,132,77,38,37,37,20,-0.002026841526590225,-5.4779500718654736e-05,0,0,2de8414c0f854a54e54eb3ef922542c3ef19178d5316176307e4e99cae869e3e,JNU_INTRADAY_MOMREV_G1_V1
2019-05-07,1.0,246,162,68,-0.009097159200245236,-3.698032195221641e-05,142,84,38,37,37,17,-0.005668287782857405,-0.00015319696710425418,0,0,2de8414c0f854a54e54eb3ef922542c3ef19178d5316176307e4e99cae869e3e,JNU_INTRADAY_MOMREV_G1_V1
2019-05-08,1.0,259,177,72,-0.0180821924607425,-6.98154149063417e-05,129,82,38,37,37,23,0.010198715905869744,0.000275640970428912,0,0,2de8414c0f854a54e54eb3ef922542c3ef19178d5316176307e4e99cae869e3e,JNU_INTRADAY_MOMREV_G1_V1
2019-05-09,1.0,272,202,94,-0.0093055225883441,-3.421148010420625e-05,116,70,38,37,37,17,0.005356574473966872,0.00014477228308018572,0,0,2de8414c0f854a54e54eb3ef922542c3ef19178d5316176307e4e99cae869e3e,JNU_INTRADAY_MOMREV_G1_V1
2019-05-10,1.0,309,247,107,-0.01091947329341818,-3.533810127319799e-05,79,62,38,37,37,16,-0.001874777589356998,-5.066966457721617e-05,0,0,2de8414c0f854a54e54eb3ef922542c3ef19178d5316176307e4e99cae869e3e,JNU_INTRADAY_MOMREV_G1_V1
2019-05-13,1.0,269,190,82,-0.007317555447527264,-2.720280835511994e-05,119,79,38,37,37,18,0.0016496359522896818,4.4584755467288694e-05,0,0,2de8414c0f854a54e54eb3ef922542c3ef19178d5316176307e4e99cae869e3e,JNU_INTRADAY_MOMREV_G1_V1
2019-05-14,1.0,274,203,83,-0.021503490338376136,-7.847989174589831e-05,114,71,38,37,37,19,-0.005738565015171366,-0.00015509635176138827,0,0,2de8414c0f854a54e54eb3ef922542c3ef19178d5316176307e4e99cae869e3e,JNU_INTRADAY_MOMREV_G1_V1
2019-05-15,1.0,260,174,69,-0.012089544131274426,-4.649824665874779e-05,128,86,38,37,37,18,-0.005705953225187569,-0.00015421495203209645,0,0,2de8414c0f854a54e54eb3ef922542c3ef19178d5316176307e4e99cae869e3e,JNU_INTRADAY_MOMREV_G1_V1
2019-05-16,1.0,271,191,90,-0.002365084125945283,-8.727247697215066e-06,117,80,38,37,37,20,0.0026001734087037843,7.027495699199417e-05,0,0,2de8414c0f854a54e54eb3ef922542c3ef19178d5316176307e4e99cae869e3e,JNU_INTRADAY_MOMREV_G1_V1
2019-05-17,1.0,259,183,80,-0.009865885510070905,-3.8092222046605814e-05,129,76,38,37,37,17,-0.0034942502910401134,-9.44391970551382e-05,0,0,2de8414c0f854a54e54eb3ef922542c3ef19178d5316176307e4e99cae869e3e,JNU_INTRADAY_MOMREV_G1_V1
2019-05-20,1.0,270,190,70,-0.012676344333686305,-4.6949423458097425e-05,118,80,38,37,37,19,-0.0037474570472740597,-0.00010128262289929891,0,0,2de8414c0f854a54e54eb3ef922542c3ef19178d5316176307e4e99cae869e3e,JNU_INTRADAY_MOMREV_G1_V1
2019-05-21,1.0,245,164,71,-0.010346316458846766,-4.2229863097333734e-05,143,81,38,37,37,19,0.007790712008015347,0.00021055978400041477,0,0,2de8414c0f854a54e54eb3ef922542c3ef19178d5316176307e4e99cae869e3e,JNU_INTRADAY_MOMREV_G1_V1
2019-05-22,1.0,238,150,57,-0.008684526464283903,-3.648960699278951e-05,150,88,38,37,37,18,0.0032754029669555935,8.852440451231334e-05,0,0,2de8414c0f854a54e54eb3ef922542c3ef19178d5316176307e4e99cae869e3e,JNU_INTRADAY_MOMREV_G1_V1
2019-05-23,1.0,239,158,63,-0.013956019258497843,-5.839338601881943e-05,149,81,38,37,37,21,0.001173451707744674,3.171491102012632e-05,0,0,2de8414c0f854a54e54eb3ef922542c3ef19178d5316176307e4e99cae869e3e,JNU_INTRADAY_MOMREV_G1_V1
2019-05-24,1.0,244,155,60,-0.0073765205538030825,-3.023164161394706e-05,144,89,38,37,37,16,-0.002623427738163667,-7.090345238280181e-05,0,0,2de8414c0f854a54e54eb3ef922542c3ef19178d5316176307e4e99cae869e3e,JNU_INTRADAY_MOMREV_G1_V1
2019-05-27,1.0,232,144,49,-0.012512501876935816,-5.3933197745413e-05,156,88,38,37,37,17,-0.001889523254702894,-5.106819607305119e-05,0,0,2de8414c0f854a54e54eb3ef922542c3ef19178d5316176307e4e99cae869e3e,JNU_INTRADAY_MOMREV_G1_V1
2019-05-28,1.0,210,124,53,-0.005970233279026676,-2.842968228107941e-05,178,86,38,37,37,22,0.008706302822570372,0.00023530548169109115,0,0,2de8414c0f854a54e54eb3ef922542c3ef19178d5316176307e4e99cae869e3e,JNU_INTRADAY_MOMREV_G1_V1
2019-05-29,1.0,263,186,70,-0.012160108621068089,-4.623615445273037e-05,125,77,38,37,37,22,0.004987994653702218,0.00013481066631627615,0,0,2de8414c0f854a54e54eb3ef922542c3ef19178d5316176307e4e99cae869e3e,JNU_INTRADAY_MOMREV_G1_V1
2019-05-30,1.0,260,186,79,-0.00982737191475016,-3.7797584287500616e-05,128,74,38,37,37,19,0.0011993668727740487,3.24153208857851e-05,0,0,2de8414c0f854a54e54eb3ef922542c3ef19178d5316176307e4e99cae869e3e,JNU_INTRADAY_MOMREV_G1_V1
2019-05-31,1.0,278,204,93,-0.005807433211299711,-2.089004752266083e-05,110,74,38,37,37,16,-0.0038600580285670927,-0.00010432589266397548,0,0,2de8414c0f854a54e54eb3ef922542c3ef19178d5316176307e4e99cae869e3e,JNU_INTRADAY_MOMREV_G1_V1
2019-06-03,1.0,269,197,77,-0.016480916566449715,-6.126734783066808e-05,119,72,38,37,37,16,-0.006630384600126498,-0.00017919958378720266,0,0,2de8414c0f854a54e54eb3ef922542c3ef19178d5316176307e4e99cae869e3e,JNU_INTRADAY_MOMREV_G1_V1
2019-06-04,1.0,252,166,59,-0.019379505057982277,-7.690279784913602e-05,136,86,38,37,37,16,0.0007323812653002582,1.979408825135833e-05,0,0,2de8414c0f854a54e54eb3ef922542c3ef19178d5316176307e4e99cae869e3e,JNU_INTRADAY_MOMREV_G1_V1
2019-06-05,1.0,259,181,62,-0.019517486973798282,-7.535709256292773e-05,129,78,38,37,37,23,0.005536866137672932,0.00014964503074791708,0,0,2de8414c0f854a54e54eb3ef922542c3ef19178d5316176307e4e99cae869e3e,JNU_INTRADAY_MOMREV_G1_V1
2019-06-06,1.0,231,146,51,-0.017299514207985214,-7.488967189603988e-05,157,85,38,37,37,20,0.0019137239793358216,5.172226971177896e-05,0,0,2de8414c0f854a54e54eb3ef922542c3ef19178d5316176307e4e99cae869e3e,JNU_INTRADAY_MOMREV_G1_V1
2019-06-07,1.0,239,154,46,-0.01700270063070382,-7.114100682302854e-05,149,85,38,37,37,23,0.004315283931753379,0.00011662929545279402,0,0,2de8414c0f854a54e54eb3ef922542c3ef19178d5316176307e4e99cae869e3e,JNU_INTRADAY_MOMREV_G1_V1
2019-06-10,1.0,224,135,64,-0.0024136936561190768,-1.077541810767445e-05,164,89,38,37,37,22,0.004262734619303034,0.00011520904376494687,0,0,2de8414c0f854a54e54eb3ef922542c3ef19178d5316176307e4e99cae869e3e,JNU_INTRADAY_MOMREV_G1_V1
2019-06-11,1.0,221,133,49,-0.010665427090863966,-4.82598510898822e-05,167,88,38,37,37,20,0.004995145449166547,0.00013500393105855534,0,0,2de8414c0f854a54e54eb3ef922542c3ef19178d5316176307e4e99cae869e3e,JNU_INTRADAY_MOMREV_G1_V1
2019-06-12,1.0,274,194,74,-0.00911275364383853,-3.325822497751288e-05,114,80,38,37,37,20,0.0029667505934505164,8.018244847163557e-05,0,0,2de8414c0f854a54e54eb3ef922542c3ef19178d5316176307e4e99cae869e3e,JNU_INTRADAY_MOMREV_G1_V1
2019-06-13,1.0,251,166,72,-0.004608121772945823,-1.835905088823037e-05,137,85,38,37,37,21,-0.0004828578679897548,-1.3050212648371751e-05,0,0,2de8414c0f854a54e54eb3ef922542c3ef19178d5316176307e4e99cae869e3e,JNU_INTRADAY_MOMREV_G1_V1
2019-06-14,1.0,223,136,49,-0.017380192716244906,-7.793808392934935e-05,165,87,38,37,37,22,0.004752962100616753,0.00012845843515180413,0,0,2de8414c0f854a54e54eb3ef922542c3ef19178d5316176307e4e99cae869e3e,JNU_INTRADAY_MOMREV_G1_V1
2019-06-17,1.0,229,150,49,-0.012097436527328689,-5.28272337437934e-05,159,79,38,37,37,14,-0.0030879205445185397,-8.345731201401458e-05,0,0,2de8414c0f854a54e54eb3ef922542c3ef19178d5316176307e4e99cae869e3e,JNU_INTRADAY_MOMREV_G1_V1
2019-06-18,1.0,246,152,65,-0.007367671634751332,-2.994988469411111e-05,142,94,38,37,37,20,0.00023965958783221208,6.4772861576273536e-06,0,0,2de8414c0f854a54e54eb3ef922542c3ef19178d5316176307e4e99cae869e3e,JNU_INTRADAY_MOMREV_G1_V1
2019-06-19,1.0,209,124,44,-0.010818838232773421,-5.176477623336565e-05,179,85,38,37,37,20,0.005410909564998491,0.00014624079905401326,0,0,2de8414c0f854a54e54eb3ef922542c3ef19178d5316176307e4e99cae869e3e,JNU_INTRADAY_MOMREV_G1_V1
2019-06-20,1.0,237,144,55,-0.008642493671713105,-3.646621802410593e-05,151,93,38,37,37,15,-0.0025644642608208972,-6.930984488705128e-05,0,0,2de8414c0f854a54e54eb3ef922542c3ef19178d5316176307e4e99cae869e3e,JNU_INTRADAY_MOMREV_G1_V1
2019-06-21,1.0,263,172,79,-0.00233750114960142,-8.887837070727832e-06,125,91,38,37,37,20,0.0016331722984395255,4.4139791849716906e-05,0,0,2de8414c0f854a54e54eb3ef922542c3ef19178d5316176307e4e99cae869e3e,JNU_INTRADAY_MOMREV_G1_V1
2019-06-24,1.0,250,168,70,-0.01226635972407074,-4.906543889628296e-05,138,82,38,37,37,14,-0.00495097798890982,-0.00013381021591648163,0,0,2de8414c0f854a54e54eb3ef922542c3ef19178d5316176307e4e99cae869e3e,JNU_INTRADAY_MOMREV_G1_V1
2019-06-25,1.0,239,150,67,-0.009703020629718775,-4.0598412676647595e-05,149,89,38,37,37,19,0.0009380754162651615,2.535338962878815e-05,0,0,2de8414c0f854a54e54eb3ef922542c3ef19178d5316176307e4e99cae869e3e,JNU_INTRADAY_MOMREV_G1_V1
2019-06-26,1.0,213,118,45,-0.006896015935045842,-3.237566166688189e-05,175,95,38,37,37,25,0.01235064675489627,0.00033380126364584517,0,0,2de8414c0f854a54e54eb3ef922542c3ef19178d5316176307e4e99cae869e3e,JNU_INTRADAY_MOMREV_G1_V1
2019-06-27,1.0,242,162,55,-0.017918085802122258,-7.40416768682738e-05,146,80,38,37,37,19,0.0018924816576102606,5.114815290838542e-05,0,0,2de8414c0f854a54e54eb3ef922542c3ef19178d5316176307e4e99cae869e3e,JNU_INTRADAY_MOMREV_G1_V1
2019-06-28,1.0,238,150,61,-0.00778477902381841,-3.270915556226223e-05,150,88,38,37,37,21,0.008249925683108757,0.00022297096440834478,0,0,2de8414c0f854a54e54eb3ef922542c3ef19178d5316176307e4e99cae869e3e,JNU_INTRADAY_MOMREV_G1_V1
2019-07-01,1.0,233,141,66,-0.006239702410240702,-2.6779838670560952e-05,155,92,38,37,37,18,0.0023219678802135803,6.275588865442109e-05,0,0,2de8414c0f854a54e54eb3ef922542c3ef19178d5316176307e4e99cae869e3e,JNU_INTRADAY_MOMREV_G1_V1
2019-07-02,1.0,216,123,37,-0.013358014487785274,-6.184265966567256e-05,172,93,38,36,35,23,0.011519258493817523,0.0003199794026060423,1,1,2de8414c0f854a54e54eb3ef922542c3ef19178d5316176307e4e99cae869e3e,JNU_INTRADAY_MOMREV_G1_V1
2019-07-03,1.0,228,139,60,-0.0013998727632982782,-6.139792821483676e-06,160,89,38,37,37,22,0.0016207264842688328,4.380341849375224e-05,0,0,2de8414c0f854a54e54eb3ef922542c3ef19178d5316176307e4e99cae869e3e,JNU_INTRADAY_MOMREV_G1_V1
2019-07-04,1.0,188,113,26,-0.014308268961668074,-7.610781362589402e-05,200,75,38,37,37,16,0.0009237859730969402,2.4967188462079462e-05,0,0,2de8414c0f854a54e54eb3ef922542c3ef19178d5316176307e4e99cae869e3e,JNU_INTRADAY_MOMREV_G1_V1
2019-07-05,1.0,186,94,31,-0.009919931888710171,-5.3332967143603075e-05,202,92,38,37,37,17,-0.0018485349527091904,-4.9960404127275416e-05,0,0,2de8414c0f854a54e54eb3ef922542c3ef19178d5316176307e4e99cae869e3e,JNU_INTRADAY_MOMREV_G1_V1
2019-07-08,1.0,242,152,60,-0.010686860338707664,-4.416057991201514e-05,146,90,38,37,37,19,-0.0009136329310902511,-2.4692781921358137e-05,0,0,2de8414c0f854a54e54eb3ef922542c3ef19178d5316176307e4e99cae869e3e,JNU_INTRADAY_MOMREV_G1_V1
2019-07-09,1.0,228,136,52,-0.013459318550922297,-5.9032098907553934e-05,160,92,38,37,37,23,0.0025593315828337172,6.917112386037074e-05,0,0,2de8414c0f854a54e54eb3ef922542c3ef19178d5316176307e4e99cae869e3e,JNU_INTRADAY_MOMREV_G1_V1
2019-07-10,1.0,212,118,43,-0.009064234235321794,-4.2755821864725445e-05,176,94,38,37,37,21,0.0016293353194155938,4.403608971393497e-05,0,0,2de8414c0f854a54e54eb3ef922542c3ef19178d5316176307e4e99cae869e3e,JNU_INTRADAY_MOMREV_G1_V1
2019-07-11,1.0,218,136,47,-0.012287962045364085,-5.636679837322975e-05,170,82,38,37,37,21,0.001389589486170295,3.755647259919717e-05,0,0,2de8414c0f854a54e54eb3ef922542c3ef19178d5316176307e4e99cae869e3e,JNU_INTRADAY_MOMREV_G1_V1
2019-07-12,1.0,207,109,41,-0.007854696464312921,-3.7945393547405415e-05,181,98,38,37,37,19,-0.001845164373329402,-4.9869307387281136e-05,0,0,2de8414c0f854a54e54eb3ef922542c3ef19178d5316176307e4e99cae869e3e,JNU_INTRADAY_MOMREV_G1_V1
2019-07-16,1.0,214,123,42,-0.011145813997515708,-5.208324297904537e-05,174,91,38,37,37,21,0.008358233221687964,0.0002258981951807558,0,0,2de8414c0f854a54e54eb3ef922542c3ef19178d5316176307e4e99cae869e3e,JNU_INTRADAY_MOMREV_G1_V1
2019-07-17,1.0,221,121,39,-0.01236909426830628,-5.596875234527729e-05,167,100,38,37,37,21,-0.0025738822640761355,-6.956438551557123e-05,0,0,2de8414c0f854a54e54eb3ef922542c3ef19178d5316176307e4e99cae869e3e,JNU_INTRADAY_MOMREV_G1_V1
2019-07-18,1.0,242,152,70,-0.00548297481159041,-2.265692070905128e-05,146,90,38,37,37,12,-0.009948237080377504,-0.00026887127244263525,0,0,2de8414c0f854a54e54eb3ef922542c3ef19178d5316176307e4e99cae869e3e,JNU_INTRADAY_MOMREV_G1_V1
2019-07-19,1.0,244,156,56,-0.010741772432601906,-4.4023657510663546e-05,144,88,38,37,37,18,-0.005209024096181161,-0.00014078443503192327,0,0,2de8414c0f854a54e54eb3ef922542c3ef19178d5316176307e4e99cae869e3e,JNU_INTRADAY_MOMREV_G1_V1
2019-07-22,1.0,240,151,60,-0.00772533804388913,-3.218890851620471e-05,148,89,38,37,37,17,-0.0009339771526144325,-2.5242625746336013e-05,0,0,2de8414c0f854a54e54eb3ef922542c3ef19178d5316176307e4e99cae869e3e,JNU_INTRADAY_MOMREV_G1_V1
2019-07-23,1.0,251,171,68,-0.00739189139650355,-2.9449766519934462e-05,137,80,38,37,37,19,0.0011303495214175664,3.054998706533963e-05,0,0,2de8414c0f854a54e54eb3ef922542c3ef19178d5316176307e4e99cae869e3e,JNU_INTRADAY_MOMREV_G1_V1
2019-07-24,1.0,190,98,33,-0.011303692674833627,-5.9493119341229615e-05,198,92,38,37,37,20,-0.000692705207725916,-1.87217623709707e-05,0,0,2de8414c0f854a54e54eb3ef922542c3ef19178d5316176307e4e99cae869e3e,JNU_INTRADAY_MOMREV_G1_V1
2019-07-25,1.0,228,148,45,-0.014254724733076426,-6.252072251349309e-05,160,80,38,37,37,22,0.0055168196228116894,0.00014910323304896458,0,0,2de8414c0f854a54e54eb3ef922542c3ef19178d5316176307e4e99cae869e3e,JNU_INTRADAY_MOMREV_G1_V1
2019-07-26,1.0,217,124,43,-0.013872687287733745,-6.392943450568546e-05,171,93,38,37,37,18,-0.0006939898619589948,-1.875648275564851e-05,0,0,2de8414c0f854a54e54eb3ef922542c3ef19178d5316176307e4e99cae869e3e,JNU_INTRADAY_MOMREV_G1_V1
2019-07-29,1.0,199,107,41,-0.006727191781972637,-3.380498382900823e-05,189,92,38,37,37,18,-0.0011563506815142769,-3.1252721122007484e-05,0,0,2de8414c0f854a54e54eb3ef922542c3ef19178d5316176307e4e99cae869e3e,JNU_INTRADAY_MOMREV_G1_V1
2019-07-30,1.0,231,143,51,-0.010837637089867656,-4.691617787821496e-05,157,88,38,37,37,21,-0.0006883891175140577,-1.860511128416372e-05,0,0,2de8414c0f854a54e54eb3ef922542c3ef19178d5316176307e4e99cae869e3e,JNU_INTRADAY_MOMREV_G1_V1
2019-07-31,1.0,250,174,70,-0.010697264080147316,-4.2789056320589265e-05,138,76,38,37,37,19,0.0018607960351795503,5.029178473458244e-05,0,0,2de8414c0f854a54e54eb3ef922542c3ef19178d5316176307e4e99cae869e3e,JNU_INTRADAY_MOMREV_G1_V1
2019-08-01,1.0,263,190,76,-0.012081170373826382,-4.593600902595583e-05,125,73,38,37,37,13,-0.007719882718184966,-0.00020864547886986396,0,0,2de8414c0f854a54e54eb3ef922542c3ef19178d5316176307e4e99cae869e3e,JNU_INTRADAY_MOMREV_G1_V1
2019-08-02,1.0,270,194,81,-0.015461462859396934,-5.726467725702568e-05,118,76,38,37,37,16,-0.0016626777762270618,-4.4937237195325996e-05,0,0,2de8414c0f854a54e54eb3ef922542c3ef19178d5316176307e4e99cae869e3e,JNU_INTRADAY_MOMREV_G1_V1
2019-08-05,1.0,289,213,85,-0.030555804803010404,-0.00010572942838411905,99,76,38,37,37,17,-0.0017122301257690292,-4.6276489885649437e-05,0,0,2de8414c0f854a54e54eb3ef922542c3ef19178d5316176307e4e99cae869e3e,JNU_INTRADAY_MOMREV_G1_V1
2019-08-06,1.0,310,254,126,-0.010966317742453865,-3.5375218524044725e-05,78,56,38,37,37,12,-0.014687178171584839,-0.0003969507613941848,0,0,2de8414c0f854a54e54eb3ef922542c3ef19178d5316176307e4e99cae869e3e,JNU_INTRADAY_MOMREV_G1_V1
2019-08-07,1.0,283,211,86,-0.027858746310057168,-9.84407996821808e-05,105,72,38,37,37,15,-0.01027246800378787,-0.00027763427037264514,0,0,2de8414c0f854a54e54eb3ef922542c3ef19178d5316176307e4e99cae869e3e,JNU_INTRADAY_MOMREV_G1_V1
2019-08-08,1.0,273,199,78,-0.014574002184805895,-5.3384623387567386e-05,115,74,38,37,37,15,-0.013611243595878455,-0.00036787144853725554,0,0,2de8414c0f854a54e54eb3ef922542c3ef19178d5316176307e4e99cae869e3e,JNU_INTRADAY_MOMREV_G1_V1
2019-08-09,1.0,249,160,61,-0.012089619737197011,-4.855268970761852e-05,139,89,38,37,37,19,0.002898147160582735,7.832830163737121e-05,0,0,2de8414c0f854a54e54eb3ef922542c3ef19178d5316176307e4e99cae869e3e,JNU_INTRADAY_MOMREV_G1_V1
2019-08-13,1.0,250,163,67,-0.006900321419448683,-2.7601285677794733e-05,138,87,38,37,37,19,0.0053955872623635045,0.0001458266827665812,0,0,2de8414c0f854a54e54eb3ef922542c3ef19178d5316176307e4e99cae869e3e,JNU_INTRADAY_MOMREV_G1_V1
2019-08-14,1.0,246,162,64,-0.01236470749789099,-5.026303860931297e-05,142,84,38,37,37,17,0.00170307031933063,4.602892754947648e-05,0,0,2de8414c0f854a54e54eb3ef922542c3ef19178d5316176307e4e99cae869e3e,JNU_INTRADAY_MOMREV_G1_V1
2019-08-15,1.0,274,198,88,-0.008375661128851422,-3.056810630967672e-05,114,76,38,37,37,12,-0.00983227763399046,-0.0002657372333510935,0,0,2de8414c0f854a54e54eb3ef922542c3ef19178d5316176307e4e99cae869e3e,JNU_INTRADAY_MOMREV_G1_V1
2019-08-16,1.0,235,147,55,-0.010562161820222628,-4.4945369447755867e-05,153,88,38,37,37,20,0.007609640947520761,0.00020566597155461516,0,0,2de8414c0f854a54e54eb3ef922542c3ef19178d5316176307e4e99cae869e3e,JNU_INTRADAY_MOMREV_G1_V1
2019-08-19,1.0,238,152,59,-0.009248663055037408,-3.885992880267818e-05,150,86,38,37,37,15,-0.0014559505999349933,-3.935001621445928e-05,0,0,2de8414c0f854a54e54eb3ef922542c3ef19178d5316176307e4e99cae869e3e,JNU_INTRADAY_MOMREV_G1_V1
2019-08-20,1.0,201,110,39,-0.01163091112561009,-5.7865229480647215e-05,187,91,38,37,37,18,0.005333335860007032,0.00014414421243262249,0,0,2de8414c0f854a54e54eb3ef922542c3ef19178d5316176307e4e99cae869e3e,JNU_INTRADAY_MOMREV_G1_V1
2019-08-21,1.0,227,138,41,-0.018486866540080325,-8.143994070519967e-05,161,89,38,37,37,24,0.0065704182903505125,0.000177578872712176,0,0,2de8414c0f854a54e54eb3ef922542c3ef19178d5316176307e4e99cae869e3e,JNU_INTRADAY_MOMREV_G1_V1
2019-08-22,1.0,226,135,50,-0.011622098467946252,-5.142521445993917e-05,162,91,38,37,37,17,-0.0014501412035984684,-3.919300550266131e-05,0,0,2de8414c0f854a54e54eb3ef922542c3ef19178d5316176307e4e99cae869e3e,JNU_INTRADAY_MOMREV_G1_V1
2019-08-23,1.0,217,129,38,-0.01476575811486041,-6.804496827124613e-05,171,88,38,37,37,16,-0.0007327513349060147,-1.9804090132594993e-05,0,0,2de8414c0f854a54e54eb3ef922542c3ef19178d5316176307e4e99cae869e3e,JNU_INTRADAY_MOMREV_G1_V1
2019-08-26,1.0,265,184,80,-0.011138653275628536,-4.203265387029636e-05,123,81,38,37,37,18,-0.0022609353914977755,-6.110636193237232e-05,0,0,2de8414c0f854a54e54eb3ef922542c3ef19178d5316176307e4e99cae869e3e,JNU_INTRADAY_MOMREV_G1_V1
2019-08-27,1.0,220,130,49,-0.007817341273600823,-3.553336942545828e-05,168,90,38,37,37,26,0.010011117388471527,0.0002705707402289602,0,0,2de8414c0f854a54e54eb3ef922542c3ef19178d5316176307e4e99cae869e3e,JNU_INTRADAY_MOMREV_G1_V1
2019-08-28,1.0,216,125,45,-0.0103642634141266,-4.798270099132685e-05,172,91,38,37,37,16,-0.0007320327384750045,-1.9784668607432554e-05,0,0,2de8414c0f854a54e54eb3ef922542c3ef19178d5316176307e4e99cae869e3e,JNU_INTRADAY_MOMREV_G1_V1
2019-08-29,1.0,230,140,57,-0.008580331263689,-3.730578810299565e-05,158,90,38,37,37,21,0.0036621820850483338,9.89778941904955e-05,0,0,2de8414c0f854a54e54eb3ef922542c3ef19178d5316176307e4e99cae869e3e,JNU_INTRADAY_MOMREV_G1_V1
2019-08-30,1.0,222,134,51,-0.012801170535347739,-5.766293033940423e-05,166,88,38,37,37,22,6.426703134179267e-06,1.7369467930214236e-07,0,0,2de8414c0f854a54e54eb3ef922542c3ef19178d5316176307e4e99cae869e3e,JNU_INTRADAY_MOMREV_G1_V1
2019-09-02,1.0,218,126,38,-0.01429836905848761,-6.5588848892145e-05,170,92,38,37,37,20,0.0029072748382395846,7.857499562809688e-05,0,0,2de8414c0f854a54e54eb3ef922542c3ef19178d5316176307e4e99cae869e3e,JNU_INTRADAY_MOMREV_G1_V1
2019-09-03,1.0,219,136,50,-0.010665505700367103,-4.870093927108266e-05,169,83,38,37,37,21,0.0036363957195074195,9.828096539209243e-05,0,0,2de8414c0f854a54e54eb3ef922542c3ef19178d5316176307e4e99cae869e3e,JNU_INTRADAY_MOMREV_G1_V1
2019-09-04,1.0,202,110,46,-0.005581080226554221,-2.762911003244664e-05,186,92,38,37,37,17,-0.0012162088385399908,-3.287050914972948e-05,0,0,2de8414c0f854a54e54eb3ef922542c3ef19178d5316176307e4e99cae869e3e,JNU_INTRADAY_MOMREV_G1_V1
2019-09-05,1.0,244,158,66,-0.007589472489049051,-3.110439544692234e-05,144,86,38,37,37,12,-0.00546843461845138,-0.00014779553022841566,0,0,2de8414c0f854a54e54eb3ef922542c3ef19178d5316176307e4e99cae869e3e,JNU_INTRADAY_MOMREV_G1_V1
2019-09-06,1.0,225,139,46,-0.013680819331503221,-6.0803641473347646e-05,163,86,38,37,37,21,0.007786559195722246,0.00021044754583033097,0,0,2de8414c0f854a54e54eb3ef922542c3ef19178d5316176307e4e99cae869e3e,JNU_INTRADAY_MOMREV_G1_V1
2019-09-09,1.0,236,143,56,-0.009577103118453324,-4.0580945417175097e-05,152,93,38,37,37,19,0.002641923782259453,7.140334546647171e-05,0,0,2de8414c0f854a54e54eb3ef922542c3ef19178d5316176307e4e99cae869e3e,JNU_INTRADAY_MOMREV_G1_V1
2019-09-10,1.0,235,144,53,-0.011739282456237371,-4.995439343079732e-05,153,91,38,37,37,22,0.005612943443394408,0.0001517011741457948,0,0,2de8414c0f854a54e54eb3ef922542c3ef19178d5316176307e4e99cae869e3e,JNU_INTRADAY_MOMREV_G1_V1
2019-09-11,1.0,235,148,54,-0.0119918076175356,-5.102896858525787e-05,153,87,38,37,37,23,0.006587646730241732,0.00017804450622274951,0,0,2de8414c0f854a54e54eb3ef922542c3ef19178d5316176307e4e99cae869e3e,JNU_INTRADAY_MOMREV_G1_V1
2019-09-12,1.0,270,195,76,-0.015187734811822451,-5.6250869673416484e-05,118,75,38,37,37,26,0.006424232902109878,0.00017362791627323996,0,0,2de8414c0f854a54e54eb3ef922542c3ef19178d5316176307e4e99cae869e3e,JNU_INTRADAY_MOMREV_G1_V1
2019-09-13,1.0,233,145,57,-0.009874528153085977,-4.237994915487544e-05,155,88,38,37,37,16,1.0516185739250117e-05,2.8422123619594913e-07,0,0,2de8414c0f854a54e54eb3ef922542c3ef19178d5316176307e4e99cae869e3e,JNU_INTRADAY_MOMREV_G1_V1
2019-09-17,1.0,235,148,63,-0.003896965885886622,-1.658283355696435e-05,153,87,38,37,37,19,0.002289059363032819,6.186646927115727e-05,0,0,2de8414c0f854a54e54eb3ef922542c3ef19178d5316176307e4e99cae869e3e,JNU_INTRADAY_MOMREV_G1_V1
2019-09-18,1.0,201,116,46,-0.006871182153234734,-3.418498583698873e-05,187,85,38,37,37,21,-0.002519235575445563,-6.808744798501521e-05,0,0,2de8414c0f854a54e54eb3ef922542c3ef19178d5316176307e4e99cae869e3e,JNU_INTRADAY_MOMREV_G1_V1
2019-09-19,1.0,261,179,87,-0.0015964315325078572,-6.11659590999179e-06,127,82,38,37,37,21,0.007302165681778826,0.00019735582923726557,0,0,2de8414c0f854a54e54eb3ef922542c3ef19178d5316176307e4e99cae869e3e,JNU_INTRADAY_MOMREV_G1_V1
2019-09-20,1.0,247,161,58,-0.011612028368135557,-4.70122605997391e-05,141,86,38,37,37,21,0.004335885135602883,0.00011718608474602388,0,0,2de8414c0f854a54e54eb3ef922542c3ef19178d5316176307e4e99cae869e3e,JNU_INTRADAY_MOMREV_G1_V1
2019-09-24,1.0,236,153,58,-0.01138932509704146,-4.825985210610788e-05,152,83,38,37,37,23,0.004783524793686385,0.00012928445388341581,0,0,2de8414c0f854a54e54eb3ef922542c3ef19178d5316176307e4e99cae869e3e,JNU_INTRADAY_MOMREV_G1_V1
2019-09-25,1.0,247,165,68,-0.008709680512635567,-3.526186442362578e-05,141,82,38,37,37,17,-0.002749621382164523,-7.431409140985197e-05,0,0,2de8414c0f854a54e54eb3ef922542c3ef19178d5316176307e4e99cae869e3e,JNU_INTRADAY_MOMREV_G1_V1
2019-09-26,1.0,240,151,59,-0.010012607986229093,-4.171919994262122e-05,148,89,38,37,37,16,0.0013751945096860808,3.716741918070489e-05,0,0,2de8414c0f854a54e54eb3ef922542c3ef19178d5316176307e4e99cae869e3e,JNU_INTRADAY_MOMREV_G1_V1
2019-09-27,1.0,277,205,95,-0.0050655052135757375,-1.8287022431681363e-05,111,72,38,37,37,17,0.0004944852552421571,1.3364466357896138e-05,0,0,2de8414c0f854a54e54eb3ef922542c3ef19178d5316176307e4e99cae869e3e,JNU_INTRADAY_MOMREV_G1_V1
2019-09-30,1.0,252,162,56,-0.018829520016630706,-7.472031752631232e-05,136,90,38,37,37,18,-0.0018537560531757483,-5.01015149506959e-05,0,0,2de8414c0f854a54e54eb3ef922542c3ef19178d5316176307e4e99cae869e3e,JNU_INTRADAY_MOMREV_G1_V1
2019-10-01,1.0,225,132,46,-0.011187297149565654,-4.972132066473624e-05,163,93,38,37,37,21,-1.2752682240093401e-05,-3.446670875700919e-07,0,0,2de8414c0f854a54e54eb3ef922542c3ef19178d5316176307e4e99cae869e3e,JNU_INTRADAY_MOMREV_G1_V1
2019-10-02,1.0,223,144,51,-0.01333587406940444,-5.9802125871768786e-05,165,79,38,37,37,24,0.010121027574900038,0.00027354128580810914,0,0,2de8414c0f854a54e54eb3ef922542c3ef19178d5316176307e4e99cae869e3e,JNU_INTRADAY_MOMREV_G1_V1
2019-10-03,1.0,253,165,73,-0.009138856565808446,-3.612196271070532e-05,135,88,38,37,37,18,-0.003753335289420732,-0.00010144149430866844,0,0,2de8414c0f854a54e54eb3ef922542c3ef19178d5316176307e4e99cae869e3e,JNU_INTRADAY_MOMREV_G1_V1
2019-10-04,1.0,237,143,59,-0.007968706647106995,-3.3623234797919815e-05,151,94,38,37,37,22,0.007730520069669829,0.00020893297485594133,0,0,2de8414c0f854a54e54eb3ef922542c3ef19178d5316176307e4e99cae869e3e,JNU_INTRADAY_MOMREV_G1_V1
2019-10-07,1.0,221,125,37,-0.01614493121350753,-7.305398739143678e-05,167,96,38,37,37,15,-0.002565363140431199,-6.933413893057295e-05,0,0,2de8414c0f854a54e54eb3ef922542c3ef19178d5316176307e4e99cae869e3e,JNU_INTRADAY_MOMREV_G1_V1
2019-10-08,1.0,222,131,43,-0.015301885424344377,-6.892741182137107e-05,166,91,38,37,37,17,0.0016265812285205577,4.3961654824879936e-05,0,0,2de8414c0f854a54e54eb3ef922542c3ef19178d5316176307e4e99cae869e3e,JNU_INTRADAY_MOMREV_G1_V1
2019-10-09,1.0,208,124,38,-0.010972350280599293,-5.275168404134275e-05,180,84,38,37,37,23,0.007012355004551239,0.00018952310823111456,0,0,2de8414c0f854a54e54eb3ef922542c3ef19178d5316176307e4e99cae869e3e,JNU_INTRADAY_MOMREV_G1_V1
2019-10-10,1.0,262,177,79,-0.002525763760097779,-9.64031969502969e-06,126,85,38,37,37,22,-0.0011894054713838763,-3.2146093821185847e-05,0,0,2de8414c0f854a54e54eb3ef922542c3ef19178d5316176307e4e99cae869e3e,JNU_INTRADAY_MOMREV_G1_V1
2019-10-11,1.0,225,138,39,-0.025303139707149504,-0.00011245839869844225,163,87,38,37,37,24,0.008052797850649622,0.0002176431851526925,0,0,2de8414c0f854a54e54eb3ef922542c3ef19178d5316176307e4e99cae869e3e,JNU_INTRADAY_MOMREV_G1_V1
2019-10-15,1.0,237,151,63,-0.004719830820736588,-1.991489797779151e-05,151,86,38,37,37,15,0.002038042183574138,5.508222117767941e-05,0,0,2de8414c0f854a54e54eb3ef922542c3ef19178d5316176307e4e99cae869e3e,JNU_INTRADAY_MOMREV_G1_V1
2019-10-16,1.0,256,164,76,0.0002032416493177781,7.939126926475707e-07,132,92,38,37,37,15,0.0024374963282342366,6.587827914146585e-05,0,0,2de8414c0f854a54e54eb3ef922542c3ef19178d5316176307e4e99cae869e3e,JNU_INTRADAY_MOMREV_G1_V1
2019-10-17,1.0,231,149,37,-0.022014609878227235,-9.530134146418717e-05,157,82,38,37,37,16,-0.00044538527554515903,-1.2037439879598893e-05,0,0,2de8414c0f854a54e54eb3ef922542c3ef19178d5316176307e4e99cae869e3e,JNU_INTRADAY_MOMREV_G1_V1
2019-10-18,1.0,256,173,70,-0.014443793349886663,-5.642106777299478e-05,132,83,38,37,37,15,-0.0011169718938448113,-3.018842956337328e-05,0,0,2de8414c0f854a54e54eb3ef922542c3ef19178d5316176307e4e99cae869e3e,JNU_INTRADAY_MOMREV_G1_V1
2019-10-21,1.0,209,120,40,-0.012866168848287644,-6.156061649898394e-05,179,89,38,37,37,22,0.00465757352735472,0.00012588036560418162,0,0,2de8414c0f854a54e54eb3ef922542c3ef19178d5316176307e4e99cae869e3e,JNU_INTRADAY_MOMREV_G1_V1
2019-10-23,1.0,257,176,79,-0.004441356644337663,-1.7281543363181566e-05,131,81,38,37,37,17,-0.011063553151531628,-0.00029901495004139533,0,0,2de8414c0f854a54e54eb3ef922542c3ef19178d5316176307e4e99cae869e3e,JNU_INTRADAY_MOMREV_G1_V1
2019-10-24,1.0,215,119,40,-0.010100964078543651,-4.6981228272296054e-05,173,96,38,37,37,22,0.004391502902282744,0.00011868926762926336,0,0,2de8414c0f854a54e54eb3ef922542c3ef19178d5316176307e4e99cae869e3e,JNU_INTRADAY_MOMREV_G1_V1
2019-10-25,1.0,201,113,32,-0.011638292156347974,-5.790195102660684e-05,187,88,38,37,37,19,0.0026369789681874355,7.126970184290366e-05,0,0,2de8414c0f854a54e54eb3ef922542c3ef19178d5316176307e4e99cae869e3e,JNU_INTRADAY_MOMREV_G1_V1
2019-10-28,1.0,206,115,31,-0.015973340191112476,-7.754048636462367e-05,182,91,38,36,35,25,0.00612682023183312,0.00017018945088425333,1,1,2de8414c0f854a54e54eb3ef922542c3ef19178d5316176307e4e99cae869e3e,JNU_INTRADAY_MOMREV_G1_V1
2019-10-29,1.0,191,92,28,-0.010015385716955188,-5.243657443432035e-05,197,99,38,37,37,28,0.009363046758483212,0.00025305531779684355,0,0,2de8414c0f854a54e54eb3ef922542c3ef19178d5316176307e4e99cae869e3e,JNU_INTRADAY_MOMREV_G1_V1
2019-10-30,1.0,209,120,44,-0.004594016888461265,-2.1980942050053897e-05,179,89,38,37,37,25,0.005459835156124424,0.00014756311232768713,0,0,2de8414c0f854a54e54eb3ef922542c3ef19178d5316176307e4e99cae869e3e,JNU_INTRADAY_MOMREV_G1_V1
2019-10-31,1.0,230,140,53,-0.009388147631155436,-4.081803317893668e-05,158,90,38,37,37,22,0.005455872991546166,0.00014745602679854504,0,0,2de8414c0f854a54e54eb3ef922542c3ef19178d5316176307e4e99cae869e3e,JNU_INTRADAY_MOMREV_G1_V1
2019-11-01,1.0,227,131,32,-0.01777942971155194,-7.832347890551514e-05,161,96,38,37,37,12,-0.002194814554804076,-5.931931229200206e-05,0,0,2de8414c0f854a54e54eb3ef922542c3ef19178d5316176307e4e99cae869e3e,JNU_INTRADAY_MOMREV_G1_V1
2019-11-05,1.0,234,143,57,-0.007312392925318996,-3.1249542415893144e-05,154,91,38,37,37,16,-0.004080154693454608,-0.00011027445117444886,0,0,2de8414c0f854a54e54eb3ef922542c3ef19178d5316176307e4e99cae869e3e,JNU_INTRADAY_MOMREV_G1_V1
2019-11-06,1.0,191,104,38,-0.007518128883373023,-3.936193132656033e-05,197,87,38,37,37,16,0.00150226203911073,4.060167673272243e-05,0,0,2de8414c0f854a54e54eb3ef922542c3ef19178d5316176307e4e99cae869e3e,JNU_INTRADAY_MOMREV_G1_V1
2019-11-07,1.0,214,120,42,-0.009448743926402967,-4.415300900188302e-05,174,94,38,37,37,18,0.002578285493816394,6.968339172476741e-05,0,0,2de8414c0f854a54e54eb3ef922542c3ef19178d5316176307e4e99cae869e3e,JNU_INTRADAY_MOMREV_G1_V1
2019-11-08,1.0,256,176,77,-0.0066224986035025996,-2.586913516993203e-05,132,80,38,37,37,15,-0.006165215411804353,-0.0001666274435622798,0,0,2de8414c0f854a54e54eb3ef922542c3ef19178d5316176307e4e99cae869e3e,JNU_INTRADAY_MOMREV_G1_V1
2019-11-11,1.0,230,141,51,-0.009848103515768637,-4.2817841372907116e-05,158,89,38,37,37,18,-0.0012876242846597647,-3.48006563421558e-05,0,0,2de8414c0f854a54e54eb3ef922542c3ef19178d5316176307e4e99cae869e3e,JNU_INTRADAY_MOMREV_G1_V1
2019-11-12,1.0,219,130,50,-0.008557866085641392,-3.9077014089686725e-05,169,89,38,37,37,14,-0.00575195495469588,-0.00015545824201880756,0,0,2de8414c0f854a54e54eb3ef922542c3ef19178d5316176307e4e99cae869e3e,JNU_INTRADAY_MOMREV_G1_V1
2019-11-13,1.0,224,134,57,-0.002576081863948867,-1.150036546405744e-05,164,90,38,37,37,15,-0.0019363612478844557,-5.2334087780660965e-05,0,0,2de8414c0f854a54e54eb3ef922542c3ef19178d5316176307e4e99cae869e3e,JNU_INTRADAY_MOMREV_G1_V1
2019-11-14,1.0,270,201,93,-0.0032016281277483833,-1.1857881954623642e-05,118,69,38,37,37,17,-0.010152741871465202,-0.00027439842895851896,0,0,2de8414c0f854a54e54eb3ef922542c3ef19178d5316176307e4e99cae869e3e,JNU_INTRADAY_MOMREV_G1_V1
2019-11-15,1.0,231,139,52,-0.010748299684514098,-4.652943586369739e-05,157,92,38,37,37,16,-0.004940228889045186,-0.00013351969970392394,0,0,2de8414c0f854a54e54eb3ef922542c3ef19178d5316176307e4e99cae869e3e,JNU_INTRADAY_MOMREV_G1_V1
2019-11-18,1.0,244,168,72,-0.008560791208619738,-3.508520987139237e-05,144,76,38,37,37,17,-0.00041710596326684587,-1.1273134142347185e-05,0,0,2de8414c0f854a54e54eb3ef922542c3ef19178d5316176307e4e99cae869e3e,JNU_INTRADAY_MOMREV_G1_V1
2019-11-19,1.0,252,169,62,-0.012000235471792981,-4.761998203092453e-05,136,83,38,37,37,19,1.7191164597483814e-05,4.6462607020226526e-07,0,0,2de8414c0f854a54e54eb3ef922542c3ef19178d5316176307e4e99cae869e3e,JNU_INTRADAY_MOMREV_G1_V1
2019-11-20,1.0,260,182,87,0.0019556979429628096,7.521915165241575e-06,128,78,38,37,37,20,-0.0034243402975922127,-9.25497377727625e-05,0,0,2de8414c0f854a54e54eb3ef922542c3ef19178d5316176307e4e99cae869e3e,JNU_INTRADAY_MOMREV_G1_V1
2019-11-21,1.0,299,236,109,-0.014000344220162183,-4.6823893712917e-05,89,63,38,37,37,17,-0.012475118235857011,-0.00033716535772586515,0,0,2de8414c0f854a54e54eb3ef922542c3ef19178d5316176307e4e99cae869e3e,JNU_INTRADAY_MOMREV_G1_V1
2019-11-22,1.0,247,163,62,-0.01621102115851983,-6.563166460939201e-05,141,84,38,37,37,21,0.006703829623223323,0.00018118458441144117,0,0,2de8414c0f854a54e54eb3ef922542c3ef19178d5316176307e4e99cae869e3e,JNU_INTRADAY_MOMREV_G1_V1
2019-11-25,1.0,229,140,48,-0.013092646980806668,-5.7173130920553136e-05,159,89,38,37,37,24,0.003435367678790393,9.284777510244306e-05,0,0,2de8414c0f854a54e54eb3ef922542c3ef19178d5316176307e4e99cae869e3e,JNU_INTRADAY_MOMREV_G1_V1
2019-11-26,1.0,262,185,69,-0.014113264956574232,-5.386742349837493e-05,126,77,38,37,37,19,-0.0034136922160241828,-9.226195178443737e-05,0,0,2de8414c0f854a54e54eb3ef922542c3ef19178d5316176307e4e99cae869e3e,JNU_INTRADAY_MOMREV_G1_V1
2019-11-27,1.0,219,125,37,-0.013634794121247941,-6.22593338869769e-05,169,94,38,37,37,23,0.007458122006812368,0.00020157086504898292,0,0,2de8414c0f854a54e54eb3ef922542c3ef19178d5316176307e4e99cae869e3e,JNU_INTRADAY_MOMREV_G1_V1
2019-11-28,1.0,248,162,69,-0.00768209846093566,-3.097620347151476e-05,140,86,38,37,37,15,-0.0014948845855045291,-4.0402286094717006e-05,0,0,2de8414c0f854a54e54eb3ef922542c3ef19178d5316176307e4e99cae869e3e,JNU_INTRADAY_MOMREV_G1_V1
2019-11-29,1.0,219,120,52,-0.007071119932539819,-3.2288218870044836e-05,169,99,38,37,37,24,0.010482830884200038,0.00028331975362702805,0,0,2de8414c0f854a54e54eb3ef922542c3ef19178d5316176307e4e99cae869e3e,JNU_INTRADAY_MOMREV_G1_V1
2019-12-02,1.0,216,121,48,-0.004040872744396449,-1.8707744187020596e-05,172,95,38,37,37,16,-0.005757243044782193,-0.0001556011633724917,0,0,2de8414c0f854a54e54eb3ef922542c3ef19178d5316176307e4e99cae869e3e,JNU_INTRADAY_MOMREV_G1_V1
2019-12-03,1.0,252,173,69,-0.011583802576592691,-4.596747054203449e-05,136,79,38,37,37,17,-0.004709833110219435,-0.00012729278676268743,0,0,2de8414c0f854a54e54eb3ef922542c3ef19178d5316176307e4e99cae869e3e,JNU_INTRADAY_MOMREV_G1_V1
2019-12-04,1.0,249,168,59,-0.012124926960774137,-4.869448578624151e-05,139,81,38,37,37,21,0.007359971629165416,0.00019891815213960584,0,0,2de8414c0f854a54e54eb3ef922542c3ef19178d5316176307e4e99cae869e3e,JNU_INTRADAY_MOMREV_G1_V1
2019-12-05,1.0,245,161,70,-0.004296956328493221,-1.7538597259156002e-05,143,84,38,37,37,19,0.0004280804848538509,1.1569742833887864e-05,0,0,2de8414c0f854a54e54eb3ef922542c3ef19178d5316176307e4e99cae869e3e,JNU_INTRADAY_MOMREV_G1_V1
2019-12-06,1.0,210,120,38,-0.01155537917223771,-5.5025615105893855e-05,178,90,38,37,37,20,0.0038466075959574363,0.00010396236745830909,0,0,2de8414c0f854a54e54eb3ef922542c3ef19178d5316176307e4e99cae869e3e,JNU_INTRADAY_MOMREV_G1_V1
2019-12-09,1.0,232,148,53,-0.008284417263433647,-3.57086951010071e-05,156,84,38,37,37,20,0.0027650497288828524,7.473107375359061e-05,0,0,2de8414c0f854a54e54eb3ef922542c3ef19178d5316176307e4e99cae869e3e,JNU_INTRADAY_MOMREV_G1_V1
2019-12-10,1.0,250,163,61,-0.012442126875075694,-4.976850750030278e-05,138,87,38,37,37,20,0.003937247242143158,0.00010641208762549075,0,0,2de8414c0f854a54e54eb3ef922542c3ef19178d5316176307e4e99cae869e3e,JNU_INTRADAY_MOMREV_G1_V1
2019-12-11,1.0,266,195,70,-0.01158746782647323,-4.3561909122079815e-05,122,71,38,37,37,24,0.005813177192477238,0.00015711289709397942,0,0,2de8414c0f854a54e54eb3ef922542c3ef19178d5316176307e4e99cae869e3e,JNU_INTRADAY_MOMREV_G1_V1
2019-12-12,1.0,224,133,40,-0.012883321537097836,-5.751482829061534e-05,164,91,38,37,37,21,0.005331061216644,0.00014408273558497297,0,0,2de8414c0f854a54e54eb3ef922542c3ef19178d5316176307e4e99cae869e3e,JNU_INTRADAY_MOMREV_G1_V1
2019-12-13,1.0,284,208,85,-0.012129933563037163,-4.271103367266607e-05,104,76,38,37,37,15,-0.0008235132162320948,-2.225711395221878e-05,0,0,2de8414c0f854a54e54eb3ef922542c3ef19178d5316176307e4e99cae869e3e,JNU_INTRADAY_MOMREV_G1_V1
2019-12-16,1.0,208,112,32,-0.013367851987355026,-6.426851916997608e-05,180,96,38,37,37,20,0.003341863576444055,9.032063720119067e-05,0,0,2de8414c0f854a54e54eb3ef922542c3ef19178d5316176307e4e99cae869e3e,JNU_INTRADAY_MOMREV_G1_V1
2019-12-17,1.0,209,122,33,-0.015629111166486097,-7.478043620328276e-05,179,87,38,37,37,19,-0.00083064232980503,-2.2449792697433242e-05,0,0,2de8414c0f854a54e54eb3ef922542c3ef19178d5316176307e4e99cae869e3e,JNU_INTRADAY_MOMREV_G1_V1
2019-12-18,1.0,241,156,55,-0.014637295552763782,-6.0735666194040593e-05,147,85,38,37,37,18,0.000839400056292301,2.2686488007900026e-05,0,0,2de8414c0f854a54e54eb3ef922542c3ef19178d5316176307e4e99cae869e3e,JNU_INTRADAY_MOMREV_G1_V1
2019-12-19,1.0,228,143,48,-0.010505401688437763,-4.6076323194902465e-05,160,85,38,37,37,17,-0.00020838739739301057,-5.632091821432718e-06,0,0,2de8414c0f854a54e54eb3ef922542c3ef19178d5316176307e4e99cae869e3e,JNU_INTRADAY_MOMREV_G1_V1
2019-12-20,1.0,231,149,54,-0.00988343893787278,-4.278544994750122e-05,157,82,38,37,37,21,-0.0010564204100756548,-2.8551902975017697e-05,0,0,2de8414c0f854a54e54eb3ef922542c3ef19178d5316176307e4e99cae869e3e,JNU_INTRADAY_MOMREV_G1_V1
2019-12-23,1.0,223,133,41,-0.013240811057095998,-5.937583433675335e-05,165,90,38,37,37,19,0.0008426811991944059,2.2775167545794754e-05,0,0,2de8414c0f854a54e54eb3ef922542c3ef19178d5316176307e4e99cae869e3e,JNU_INTRADAY_MOMREV_G1_V1
2019-12-24,1.0,198,106,19,-0.016840380542516905,-8.505242698240862e-05,190,92,38,37,37,24,0.005473817740704507,0.00014794102001904072,0,0,2de8414c0f854a54e54eb3ef922542c3ef19178d5316176307e4e99cae869e3e,JNU_INTRADAY_MOMREV_G1_V1
2019-12-25,1.0,155,68,6,-0.011792933032027286,-7.608343891630507e-05,233,87,38,35,33,23,0.003369573961120954,9.627354174631298e-05,2,2,2de8414c0f854a54e54eb3ef922542c3ef19178d5316176307e4e99cae869e3e,JNU_INTRADAY_MOMREV_G1_V1
2019-12-26,1.0,186,98,25,-0.009857929097197272,-5.2999618802135874e-05,202,88,38,37,37,19,-0.00020245497817331678,-5.4717561668464e-06,0,0,2de8414c0f854a54e54eb3ef922542c3ef19178d5316176307e4e99cae869e3e,JNU_INTRADAY_MOMREV_G1_V1
2019-12-27,1.0,217,129,28,-0.017795427112771597,-8.200657655655113e-05,171,88,38,37,37,16,0.0012536083142929088,3.388130579170024e-05,0,0,2de8414c0f854a54e54eb3ef922542c3ef19178d5316176307e4e99cae869e3e,JNU_INTRADAY_MOMREV_G1_V1
2019-12-30,1.0,210,130,54,-0.0069763273629373694,-3.322060649017795e-05,178,80,38,37,37,23,0.0073874797876858625,0.0001996616158834017,0,0,2de8414c0f854a54e54eb3ef922542c3ef19178d5316176307e4e99cae869e3e,JNU_INTRADAY_MOMREV_G1_V1
2020-01-06,1.0,240,150,62,-0.00969919511092348,-4.041331296218116e-05,148,90,38,37,37,20,0.0034572222657488073,9.343843961483262e-05,0,0,77ad8d59ebff6aad88b5688701499490f27f817fb77afbebacdbd01baea42b97,JNU_INTRADAY_MOMREV_G1_V1
2020-01-07,1.0,247,163,68,-0.007452053937359196,-3.0170258855705247e-05,141,84,38,37,37,21,-0.005766683581237082,-0.0001558563130064076,0,0,77ad8d59ebff6aad88b5688701499490f27f817fb77afbebacdbd01baea42b97,JNU_INTRADAY_MOMREV_G1_V1
2020-01-08,1.0,309,249,112,-0.014929374856011693,-4.831512898385661e-05,79,60,38,37,37,22,0.0019998222424927447,5.404924979710121e-05,0,0,77ad8d59ebff6aad88b5688701499490f27f817fb77afbebacdbd01baea42b97,JNU_INTRADAY_MOMREV_G1_V1
2020-01-09,1.0,238,154,61,-0.006577408151986825,-2.7636168705826996e-05,150,84,38,37,37,19,0.00252874712465154,6.834451688247406e-05,0,0,77ad8d59ebff6aad88b5688701499490f27f817fb77afbebacdbd01baea42b97,JNU_INTRADAY_MOMREV_G1_V1
2020-01-10,1.0,238,145,55,-0.011145177178260208,-4.6828475538908435e-05,150,93,38,37,37,16,0.0016795677594172703,4.539372322749379e-05,0,0,77ad8d59ebff6aad88b5688701499490f27f817fb77afbebacdbd01baea42b97,JNU_INTRADAY_MOMREV_G1_V1
2020-01-14,1.0,223,136,60,-0.0031257573063868402,-1.4016848907564306e-05,165,87,38,37,37,20,0.0033292893637883758,8.998079361590204e-05,0,0,77ad8d59ebff6aad88b5688701499490f27f817fb77afbebacdbd01baea42b97,JNU_INTRADAY_MOMREV_G1_V1
2020-01-15,1.0,236,141,54,-0.010467438728005722,-4.4353553932227636e-05,152,95,38,37,37,17,-0.0029262051733706185,-7.908662630731402e-05,0,0,77ad8d59ebff6aad88b5688701499490f27f817fb77afbebacdbd01baea42b97,JNU_INTRADAY_MOMREV_G1_V1
2020-01-16,1.0,206,110,34,-0.012759253775385448,-6.193812512323033e-05,182,96,38,37,37,20,0.003346406402561244,9.044341628543902e-05,0,0,77ad8d59ebff6aad88b5688701499490f27f817fb77afbebacdbd01baea42b97,JNU_INTRADAY_MOMREV_G1_V1
2020-01-17,1.0,229,141,41,-0.01643431233306551,-7.176555603958737e-05,159,88,38,37,37,29,0.00873937556943748,0.0002361993397145265,0,0,77ad8d59ebff6aad88b5688701499490f27f817fb77afbebacdbd01baea42b97,JNU_INTRADAY_MOMREV_G1_V1
2020-01-20,1.0,180,91,18,-0.013715369036620647,-7.619649464789248e-05,208,89,38,36,35,12,-0.00249363660062701,-6.926768335075028e-05,1,1,77ad8d59ebff6aad88b5688701499490f27f817fb77afbebacdbd01baea42b97,JNU_INTRADAY_MOMREV_G1_V1
2020-01-21,1.0,244,164,71,-0.0043959013818180345,-1.8015989269746043e-05,144,80,38,36,35,15,-0.009415672357935664,-0.00026154645438710176,1,1,77ad8d59ebff6aad88b5688701499490f27f817fb77afbebacdbd01baea42b97,JNU_INTRADAY_MOMREV_G1_V1
2020-01-22,1.0,226,131,55,-0.006889093770882975,-3.0482715800367147e-05,162,95,38,37,37,16,-0.006069566600907107,-0.00016404234056505696,0,0,77ad8d59ebff6aad88b5688701499490f27f817fb77afbebacdbd01baea42b97,JNU_INTRADAY_MOMREV_G1_V1
2020-01-23,1.0,256,168,67,-0.007144369124677736,-2.7907691893272407e-05,132,88,38,37,37,18,0.0037775848047057327,0.00010209688661366845,0,0,77ad8d59ebff6aad88b5688701499490f27f817fb77afbebacdbd01baea42b97,JNU_INTRADAY_MOMREV_G1_V1
2020-01-24,1.0,224,135,53,-0.007993321378478486,-3.56844704396361e-05,164,89,38,37,37,22,0.004826658852288317,0.0001304502392510356,0,0,77ad8d59ebff6aad88b5688701499490f27f817fb77afbebacdbd01baea42b97,JNU_INTRADAY_MOMREV_G1_V1
2020-01-27,1.0,275,198,87,-0.01028114228559969,-3.738597194763524e-05,113,77,38,37,37,21,0.0038491761728370838,0.00010403178845505632,0,0,77ad8d59ebff6aad88b5688701499490f27f817fb77afbebacdbd01baea42b97,JNU_INTRADAY_MOMREV_G1_V1
2020-01-28,1.0,261,182,74,-0.009085571445892707,-3.481061856663873e-05,127,79,38,37,37,20,0.006920413803675198,0.00018703821091014047,0,0,77ad8d59ebff6aad88b5688701499490f27f817fb77afbebacdbd01baea42b97,JNU_INTRADAY_MOMREV_G1_V1
2020-01-29,1.0,246,151,53,-0.010951050231209162,-4.451646435450879e-05,142,95,38,37,37,17,-0.005159624474928649,-0.00013944931013320673,0,0,77ad8d59ebff6aad88b5688701499490f27f817fb77afbebacdbd01baea42b97,JNU_INTRADAY_MOMREV_G1_V1
2020-01-30,1.0,306,244,120,-0.005026708158725629,-1.6427150845508594e-05,82,62,38,37,37,15,-0.012799428836505734,-0.0003459305090947496,0,0,77ad8d59ebff6aad88b5688701499490f27f817fb77afbebacdbd01baea42b97,JNU_INTRADAY_MOMREV_G1_V1
2020-01-31,1.0,265,194,110,0.013322434957943477,5.027333946393765e-05,123,71,38,37,37,18,-0.0010398255803838,-2.8103394064427023e-05,0,0,77ad8d59ebff6aad88b5688701499490f27f817fb77afbebacdbd01baea42b97,JNU_INTRADAY_MOMREV_G1_V1
2020-02-03,1.0,295,224,100,-0.009603340804575075,-3.2553697642627375e-05,93,71,38,37,37,16,-0.004150478945509483,-0.00011217510663539144,0,0,77ad8d59ebff6aad88b5688701499490f27f817fb77afbebacdbd01baea42b97,JNU_INTRADAY_MOMREV_G1_V1
2020-02-04,1.0,279,205,87,-0.015207752511534289,-5.450807351804404e-05,109,74,38,37,37,19,-0.0008570943210024995,-2.3164711378445934e-05,0,0,77ad8d59ebff6aad88b5688701499490f27f817fb77afbebacdbd01baea42b97,JNU_INTRADAY_MOMREV_G1_V1
2020-02-05,1.0,269,188,85,-0.006451527386005652,-2.3983373182177147e-05,119,81,38,37,37,19,0.003849440433499563,0.00010403893063512332,0,0,77ad8d59ebff6aad88b5688701499490f27f817fb77afbebacdbd01baea42b97,JNU_INTRADAY_MOMREV_G1_V1
2020-02-06,1.0,270,192,99,-0.00208565780258592,-7.724658528096e-06,118,78,38,37,37,17,0.00045336769519527487,1.2253180951223645e-05,0,0,77ad8d59ebff6aad88b5688701499490f27f817fb77afbebacdbd01baea42b97,JNU_INTRADAY_MOMREV_G1_V1
2020-02-07,1.0,262,184,79,-0.008187680353485199,-3.125068837208091e-05,126,78,38,37,37,19,-0.00230002606738819,-6.21628666861673e-05,0,0,77ad8d59ebff6aad88b5688701499490f27f817fb77afbebacdbd01baea42b97,JNU_INTRADAY_MOMREV_G1_V1
2020-02-10,1.0,271,197,88,-0.012045335834739154,-4.444773370752455e-05,117,74,38,37,37,19,-0.0004194023644210025,-1.1335199038405473e-05,0,0,77ad8d59ebff6aad88b5688701499490f27f817fb77afbebacdbd01baea42b97,JNU_INTRADAY_MOMREV_G1_V1
2020-02-12,1.0,258,185,74,-0.01197751370683712,-4.6424471731926824e-05,130,73,38,37,37,19,0.00042695425538812103,1.1539304199678946e-05,0,0,77ad8d59ebff6aad88b5688701499490f27f817fb77afbebacdbd01baea42b97,JNU_INTRADAY_MOMREV_G1_V1
2020-02-13,1.0,250,171,85,0.003133784992811293,1.2535139971245172e-05,138,79,38,36,35,18,0.005869581609330274,0.0001630439335925076,1,1,77ad8d59ebff6aad88b5688701499490f27f817fb77afbebacdbd01baea42b97,JNU_INTRADAY_MOMREV_G1_V1
2020-02-14,1.0,273,195,90,-0.00252895679950382,-9.263578020160513e-06,115,78,38,37,37,26,0.008234427431747645,0.00022255209274993636,0,0,77ad8d59ebff6aad88b5688701499490f27f817fb77afbebacdbd01baea42b97,JNU_INTRADAY_MOMREV_G1_V1
2020-02-17,1.0,269,196,89,-0.004468319660083543,-1.661085375495741e-05,119,73,38,37,37,14,-0.011727458840037916,-0.0003169583470280518,0,0,77ad8d59ebff6aad88b5688701499490f27f817fb77afbebacdbd01baea42b97,JNU_INTRADAY_MOMREV_G1_V1
2020-02-18,1.0,281,210,94,-0.008000287837401294,-2.847077522206866e-05,107,71,38,37,37,20,-0.003882469362774036,-0.00010493160439929827,0,0,77ad8d59ebff6aad88b5688701499490f27f817fb77afbebacdbd01baea42b97,JNU_INTRADAY_MOMREV_G1_V1
2020-02-19,1.0,269,186,86,-0.0038667625036948234,-1.437458179812202e-05,119,83,38,37,37,15,-0.005134069949187758,-0.00013875864727534482,0,0,77ad8d59ebff6aad88b5688701499490f27f817fb77afbebacdbd01baea42b97,JNU_INTRADAY_MOMREV_G1_V1
2020-02-20,1.0,299,235,117,-0.006587092354857124,-2.2030409213568976e-05,89,64,38,37,37,17,-0.0007935765130859339,-2.1448013867187403e-05,0,0,77ad8d59ebff6aad88b5688701499490f27f817fb77afbebacdbd01baea42b97,JNU_INTRADAY_MOMREV_G1_V1
2020-02-21,1.0,284,208,92,-0.011499973369745361,-4.049286397797662e-05,104,76,38,37,37,20,0.0025595613397837347,6.917733350766851e-05,0,0,77ad8d59ebff6aad88b5688701499490f27f817fb77afbebacdbd01baea42b97,JNU_INTRADAY_MOMREV_G1_V1
2020-02-25,1.0,315,258,131,0.011823237475320773,3.753408722324055e-05,73,57,38,37,37,16,-0.005158229283671009,-0.0001394116022613786,0,0,77ad8d59ebff6aad88b5688701499490f27f817fb77afbebacdbd01baea42b97,JNU_INTRADAY_MOMREV_G1_V1
2020-02-26,1.0,329,283,137,-0.012271467441144945,-3.7299293134179165e-05,59,46,38,37,37,18,0.004471612290294012,0.00012085438622416248,0,0,77ad8d59ebff6aad88b5688701499490f27f817fb77afbebacdbd01baea42b97,JNU_INTRADAY_MOMREV_G1_V1
2020-02-27,1.0,309,248,121,-0.001965474152858574,-6.3607577762413395e-06,79,61,38,37,37,18,0.014057148821132574,0.00037992294111169117,0,0,77ad8d59ebff6aad88b5688701499490f27f817fb77afbebacdbd01baea42b97,JNU_INTRADAY_MOMREV_G1_V1
2020-02-28,1.0,335,291,135,-0.009885875192556811,-2.9510075201662125e-05,53,44,38,37,37,17,-0.003741029706487239,-0.00010110891098614159,0,0,77ad8d59ebff6aad88b5688701499490f27f817fb77afbebacdbd01baea42b97,JNU_INTRADAY_MOMREV_G1_V1
2020-03-02,1.0,352,319,151,-0.008456628112024144,-2.4024511681886774e-05,36,33,38,37,37,18,0.001954494801147369,5.282418381479376e-05,0,0,77ad8d59ebff6aad88b5688701499490f27f817fb77afbebacdbd01baea42b97,JNU_INTRADAY_MOMREV_G1_V1
2020-03-03,1.0,329,280,150,0.01878187339937814,5.708776109233477e-05,59,49,38,37,37,19,-0.006274673304694509,-0.0001695857649917435,0,0,77ad8d59ebff6aad88b5688701499490f27f817fb77afbebacdbd01baea42b97,JNU_INTRADAY_MOMREV_G1_V1
2020-03-04,1.0,322,274,118,-0.016748826744637284,-5.20149898901779e-05,66,48,38,37,37,21,0.004407672144323417,0.00011912627417090317,0,0,77ad8d59ebff6aad88b5688701499490f27f817fb77afbebacdbd01baea42b97,JNU_INTRADAY_MOMREV_G1_V1
2020-03-05,1.0,311,255,106,-0.023241721461417536,-7.473222334860944e-05,77,56,38,37,37,16,-0.010543572782686876,-0.0002849614265591048,0,0,77ad8d59ebff6aad88b5688701499490f27f817fb77afbebacdbd01baea42b97,JNU_INTRADAY_MOMREV_G1_V1
2020-03-06,1.0,320,264,117,-0.02676817113366157,-8.365053479269242e-05,68,56,38,37,37,18,0.003693635200960966,9.982797840435044e-05,0,0,77ad8d59ebff6aad88b5688701499490f27f817fb77afbebacdbd01baea42b97,JNU_INTRADAY_MOMREV_G1_V1
2020-03-09,1.0,333,286,149,0.02956804074036338,8.879291513622636e-05,55,47,38,37,37,18,0.011468185455158885,0.00030995095824753744,0,0,77ad8d59ebff6aad88b5688701499490f27f817fb77afbebacdbd01baea42b97,JNU_INTRADAY_MOMREV_G1_V1
2020-03-10,1.0,359,332,172,0.03367150893717699,9.379250400327852e-05,29,27,38,37,37,13,-0.058836403546308355,-0.0015901730688191447,0,0,77ad8d59ebff6aad88b5688701499490f27f817fb77afbebacdbd01baea42b97,JNU_INTRADAY_MOMREV_G1_V1
2020-03-11,1.0,345,310,141,-0.03250501152126088,-9.42174246993069e-05,43,35,38,37,37,17,-0.011698250490826761,-0.0003161689321845071,0,0,77ad8d59ebff6aad88b5688701499490f27f817fb77afbebacdbd01baea42b97,JNU_INTRADAY_MOMREV_G1_V1
2020-03-12,1.0,357,329,163,0.0031811620078308145,8.910817949105922e-06,31,28,38,37,37,10,-0.04717196481200831,-0.0012749179678921165,0,0,77ad8d59ebff6aad88b5688701499490f27f817fb77afbebacdbd01baea42b97,JNU_INTRADAY_MOMREV_G1_V1
2020-03-13,1.0,359,336,181,0.04294744523597344,0.00011963076667402073,29,23,38,37,37,13,-0.12860833113941672,-0.003475900841605857,0,0,77ad8d59ebff6aad88b5688701499490f27f817fb77afbebacdbd01baea42b97,JNU_INTRADAY_MOMREV_G1_V1
2020-03-16,1.0,343,302,140,0.016849258531320948,4.9123202715221424e-05,45,41,38,37,37,20,-0.01979409474280927,-0.0005349755335894397,0,0,77ad8d59ebff6aad88b5688701499490f27f817fb77afbebacdbd01baea42b97,JNU_INTRADAY_MOMREV_G1_V1
2020-03-17,1.0,357,328,173,0.057179325118812345,0.00016016617680339592,31,29,38,37,37,16,-0.033438915654012864,-0.0009037544771354828,0,0,77ad8d59ebff6aad88b5688701499490f27f817fb77afbebacdbd01baea42b97,JNU_INTRADAY_MOMREV_G1_V1
2020-03-18,1.0,353,324,165,0.012071025683188599,3.419554017900453e-05,35,29,38,37,37,18,-0.013420451242406779,-0.00036271489844342646,0,0,77ad8d59ebff6aad88b5688701499490f27f817fb77afbebacdbd01baea42b97,JNU_INTRADAY_MOMREV_G1_V1
2020-03-19,1.0,345,310,142,-0.015506905621626732,-4.49475525264543e-05,43,35,38,37,37,24,0.04790416769606101,0.001294707235028676,0,0,77ad8d59ebff6aad88b5688701499490f27f817fb77afbebacdbd01baea42b97,JNU_INTRADAY_MOMREV_G1_V1
2020-03-23,1.0,346,309,153,-0.005819792030817077,-1.6820208181552246e-05,42,37,38,37,37,20,0.015036058021118006,0.00040637994651670286,0,0,77ad8d59ebff6aad88b5688701499490f27f817fb77afbebacdbd01baea42b97,JNU_INTRADAY_MOMREV_G1_V1
2020-03-24,1.0,348,314,167,0.018221830689378108,5.236158244074169e-05,40,34,38,37,37,18,0.012990499946320122,0.0003510945931437871,0,0,77ad8d59ebff6aad88b5688701499490f27f817fb77afbebacdbd01baea42b97,JNU_INTRADAY_MOMREV_G1_V1
2020-03-25,1.0,340,301,154,0.04531981835125285,0.0001332935833860378,48,39,38,37,37,18,0.0059186122844617495,0.00015996249417464187,0,0,77ad8d59ebff6aad88b5688701499490f27f817fb77afbebacdbd01baea42b97,JNU_INTRADAY_MOMREV_G1_V1
2020-03-26,1.0,349,317,188,0.06728965523591836,0.000192807035059938,39,32,38,37,37,22,0.022558439324051938,0.0006096875492987011,0,0,77ad8d59ebff6aad88b5688701499490f27f817fb77afbebacdbd01baea42b97,JNU_INTRADAY_MOMREV_G1_V1
2020-03-27,1.0,345,310,160,0.010291004390742412,2.9828998234035976e-05,43,35,38,37,37,19,-9.812771675368238e-05,-2.6521004528022265e-06,0,0,77ad8d59ebff6aad88b5688701499490f27f817fb77afbebacdbd01baea42b97,JNU_INTRADAY_MOMREV_G1_V1
2020-03-30,1.0,341,302,154,0.03103073595248242,9.099922566710387e-05,47,39,38,37,37,20,0.007260200176963152,0.00019622162640440952,0,0,77ad8d59ebff6aad88b5688701499490f27f817fb77afbebacdbd01baea42b97,JNU_INTRADAY_MOMREV_G1_V1
2020-03-31,1.0,345,309,166,0.02093788649227263,6.068952606455835e-05,43,36,38,37,37,15,-0.024029312516703615,-0.0006494408788298274,0,0,77ad8d59ebff6aad88b5688701499490f27f817fb77afbebacdbd01baea42b97,JNU_INTRADAY_MOMREV_G1_V1
2020-04-01,1.0,338,300,156,0.005167235213226399,1.5287678145640233e-05,50,38,38,37,37,18,-0.02543644600988176,-0.0006874715137805881,0,0,77ad8d59ebff6aad88b5688701499490f27f817fb77afbebacdbd01baea42b97,JNU_INTRADAY_MOMREV_G1_V1
2020-04-02,1.0,344,305,153,0.010097701426327637,2.9353783216068713e-05,44,39,38,37,37,18,-0.005080384959842722,-0.00013730770161737087,0,0,77ad8d59ebff6aad88b5688701499490f27f817fb77afbebacdbd01baea42b97,JNU_INTRADAY_MOMREV_G1_V1
2020-04-03,1.0,320,266,141,0.018501007516814758,5.7815648490046115e-05,68,54,38,37,37,17,-0.008592892928564144,-0.00023224034942065253,0,0,77ad8d59ebff6aad88b5688701499490f27f817fb77afbebacdbd01baea42b97,JNU_INTRADAY_MOMREV_G1_V1
2020-04-06,1.0,342,302,145,-0.0072095596930128744,-2.1080583897698463e-05,46,40,38,37,37,18,-0.03598468692262868,-0.0009725591060169913,0,0,77ad8d59ebff6aad88b5688701499490f27f817fb77afbebacdbd01baea42b97,JNU_INTRADAY_MOMREV_G1_V1
2020-04-07,1.0,346,310,153,-0.023211071650774965,-6.708402211206638e-05,42,36,38,37,37,14,-0.03537853295126375,-0.0009561765662503717,0,0,77ad8d59ebff6aad88b5688701499490f27f817fb77afbebacdbd01baea42b97,JNU_INTRADAY_MOMREV_G1_V1
2020-04-08,1.0,352,320,150,-0.017648681314063375,-5.013829918768004e-05,36,32,38,37,37,18,-0.01294568514459676,-0.00034988338228639893,0,0,77ad8d59ebff6aad88b5688701499490f27f817fb77afbebacdbd01baea42b97,JNU_INTRADAY_MOMREV_G1_V1
2020-04-09,1.0,328,279,113,-0.0466374574203051,-0.000142187370183857,60,49,38,37,37,24,0.03163502063235651,0.000855000557631257,0,0,77ad8d59ebff6aad88b5688701499490f27f817fb77afbebacdbd01baea42b97,JNU_INTRADAY_MOMREV_G1_V1
2020-04-10,1.0,314,262,119,-0.026019913481021905,-8.286596650006976e-05,74,52,38,37,37,22,0.0033340280386119797,9.010886590843188e-05,0,0,77ad8d59ebff6aad88b5688701499490f27f817fb77afbebacdbd01baea42b97,JNU_INTRADAY_MOMREV_G1_V1
2020-04-13,1.0,289,218,96,-0.0020930601262890976,-7.242422582315217e-06,99,71,38,37,37,19,0.018005169275275252,0.00048662619662906084,0,0,77ad8d59ebff6aad88b5688701499490f27f817fb77afbebacdbd01baea42b97,JNU_INTRADAY_MOMREV_G1_V1
2020-04-14,1.0,309,247,114,-0.004349923661566264,-1.4077422852965255e-05,79,62,38,37,37,23,0.0025732450172333216,6.954716262792761e-05,0,0,77ad8d59ebff6aad88b5688701499490f27f817fb77afbebacdbd01baea42b97,JNU_INTRADAY_MOMREV_G1_V1
2020-04-15,1.0,301,236,109,-0.0012995060640301097,-4.31729589378774e-06,87,65,38,37,37,19,0.009475623295405463,0.00025609792690285037,0,0,77ad8d59ebff6aad88b5688701499490f27f817fb77afbebacdbd01baea42b97,JNU_INTRADAY_MOMREV_G1_V1
2020-04-16,1.0,295,225,101,-0.02026360565672005,-6.869018866684763e-05,93,70,38,37,37,22,0.011427700978788606,0.0003088567832105029,0,0,77ad8d59ebff6aad88b5688701499490f27f817fb77afbebacdbd01baea42b97,JNU_INTRADAY_MOMREV_G1_V1
2020-04-17,1.0,300,238,117,-0.007841912251111612,-2.6139707503705373e-05,88,62,38,37,37,22,0.009360118760522989,0.00025297618271683756,0,0,77ad8d59ebff6aad88b5688701499490f27f817fb77afbebacdbd01baea42b97,JNU_INTRADAY_MOMREV_G1_V1
2020-04-20,1.0,290,216,104,-0.0004849892795664297,-1.6723768260911368e-06,98,74,38,37,37,20,0.011937236743747321,0.000322628020101279,0,0,77ad8d59ebff6aad88b5688701499490f27f817fb77afbebacdbd01baea42b97,JNU_INTRADAY_MOMREV_G1_V1
2020-04-21,1.0,318,263,112,-0.019767597793104347,-6.216225721101996e-05,70,55,38,37,37,23,0.0013873948829900384,3.749715899973077e-05,0,0,77ad8d59ebff6aad88b5688701499490f27f817fb77afbebacdbd01baea42b97,JNU_INTRADAY_MOMREV_G1_V1
2020-04-22,1.0,308,250,119,-0.005000020118093313,-1.6233831552251016e-05,80,58,38,37,37,20,0.0076251705003635714,0.00020608568919901543,0,0,77ad8d59ebff6aad88b5688701499490f27f817fb77afbebacdbd01baea42b97,JNU_INTRADAY_MOMREV_G1_V1
2020-04-23,1.0,291,216,101,-0.011905451487223212,-4.0912204423447466e-05,97,75,38,37,37,17,0.0033989868162038737,9.186450854605063e-05,0,0,77ad8d59ebff6aad88b5688701499490f27f817fb77afbebacdbd01baea42b97,JNU_INTRADAY_MOMREV_G1_V1
2020-04-24,1.0,270,196,74,-0.018692548854358094,-6.92316624235485e-05,118,74,38,37,37,22,0.005213214594166551,0.0001408976917342311,0,0,77ad8d59ebff6aad88b5688701499490f27f817fb77afbebacdbd01baea42b97,JNU_INTRADAY_MOMREV_G1_V1
2020-04-27,1.0,299,234,112,0.0005457134771395034,1.8251286860852958e-06,89,65,38,37,37,19,0.0012741876403412433,3.4437503793006575e-05,0,0,77ad8d59ebff6aad88b5688701499490f27f817fb77afbebacdbd01baea42b97,JNU_INTRADAY_MOMREV_G1_V1
2020-04-28,1.0,286,210,97,-0.006853220444283079,-2.396230924574503e-05,102,76,38,37,37,17,0.00024171301694072655,6.5327842416412584e-06,0,0,77ad8d59ebff6aad88b5688701499490f27f817fb77afbebacdbd01baea42b97,JNU_INTRADAY_MOMREV_G1_V1
2020-04-30,1.0,275,194,90,-0.008106561491229944,-2.9478405422654342e-05,113,81,38,37,37,16,0.004710688334396035,0.00012731590092962257,0,0,77ad8d59ebff6aad88b5688701499490f27f817fb77afbebacdbd01baea42b97,JNU_INTRADAY_MOMREV_G1_V1
2020-05-01,1.0,313,253,121,-0.008878492194049762,-2.8365789757347485e-05,75,60,38,37,37,24,0.00964351439531759,0.0002606355241977727,0,0,77ad8d59ebff6aad88b5688701499490f27f817fb77afbebacdbd01baea42b97,JNU_INTRADAY_MOMREV_G1_V1
2020-05-07,1.0,302,237,103,-0.011699924368588339,-3.8741471419166684e-05,86,65,38,37,37,18,-0.007686482113278369,-0.0002077427598183343,0,0,77ad8d59ebff6aad88b5688701499490f27f817fb77afbebacdbd01baea42b97,JNU_INTRADAY_MOMREV_G1_V1
2020-05-08,1.0,292,226,106,-0.0059779146193032,-2.047231034007945e-05,96,66,38,37,37,18,-0.013494114687884012,-0.00036470580237524356,0,0,77ad8d59ebff6aad88b5688701499490f27f817fb77afbebacdbd01baea42b97,JNU_INTRADAY_MOMREV_G1_V1
2020-05-11,1.0,286,221,105,-0.007569899150069594,-2.646817884639718e-05,102,65,38,37,37,22,0.0004826379467401396,1.3044268830814583e-05,0,0,77ad8d59ebff6aad88b5688701499490f27f817fb77afbebacdbd01baea42b97,JNU_INTRADAY_MOMREV_G1_V1
2020-05-12,1.0,287,211,92,-0.014007161819927255,-4.880544188127963e-05,101,76,38,37,37,18,0.001733523188299835,4.68519780621577e-05,0,0,77ad8d59ebff6aad88b5688701499490f27f817fb77afbebacdbd01baea42b97,JNU_INTRADAY_MOMREV_G1_V1
2020-05-13,1.0,300,232,102,-0.013627459358958205,-4.542486452986068e-05,88,68,38,37,37,18,0.006455107862941602,0.00017446237467409734,0,0,77ad8d59ebff6aad88b5688701499490f27f817fb77afbebacdbd01baea42b97,JNU_INTRADAY_MOMREV_G1_V1
2020-05-14,1.0,285,205,91,-0.012683812130563299,-4.450460396688877e-05,103,80,38,37,37,22,0.004152663229708947,0.00011223414134348506,0,0,77ad8d59ebff6aad88b5688701499490f27f817fb77afbebacdbd01baea42b97,JNU_INTRADAY_MOMREV_G1_V1
2020-05-15,1.0,324,264,123,-0.0068149807767603696,-2.103389128629744e-05,64,60,38,37,37,23,0.01420443459491035,0.00038390363770027974,0,0,77ad8d59ebff6aad88b5688701499490f27f817fb77afbebacdbd01baea42b97,JNU_INTRADAY_MOMREV_G1_V1
2020-05-18,1.0,283,215,100,-0.015177175698289698,-5.362959610703073e-05,105,68,38,37,37,20,0.013416395043305766,0.00036260527144069637,0,0,77ad8d59ebff6aad88b5688701499490f27f817fb77afbebacdbd01baea42b97,JNU_INTRADAY_MOMREV_G1_V1
2020-05-19,1.0,281,203,91,-0.010878708286398404,-3.871426436440713e-05,107,78,38,37,37,18,-0.0019722246375062685,-5.33033685812505e-05,0,0,77ad8d59ebff6aad88b5688701499490f27f817fb77afbebacdbd01baea42b97,JNU_INTRADAY_MOMREV_G1_V1
2020-05-20,1.0,261,173,85,-0.006069559981724933,-2.3255019087068708e-05,127,88,38,37,37,10,-0.010898469207765464,-0.000294553221831499,0,0,77ad8d59ebff6aad88b5688701499490f27f817fb77afbebacdbd01baea42b97,JNU_INTRADAY_MOMREV_G1_V1
2020-05-21,1.0,286,216,86,-0.01653069086130405,-5.7799618396168006e-05,102,70,38,37,37,20,0.007003900458822533,0.0001892946069952036,0,0,77ad8d59ebff6aad88b5688701499490f27f817fb77afbebacdbd01baea42b97,JNU_INTRADAY_MOMREV_G1_V1
2020-05-22,1.0,303,237,116,0.00044785181434577786,1.4780587932203889e-06,85,66,38,37,37,17,-0.000265551328229624,-7.1770629251249725e-06,0,0,77ad8d59ebff6aad88b5688701499490f27f817fb77afbebacdbd01baea42b97,JNU_INTRADAY_MOMREV_G1_V1
2020-05-25,1.0,255,172,73,-0.007735216203219964,-3.0334181189097896e-05,133,83,38,37,37,20,0.0005059548475755387,1.3674455339879423e-05,0,0,77ad8d59ebff6aad88b5688701499490f27f817fb77afbebacdbd01baea42b97,JNU_INTRADAY_MOMREV_G1_V1
2020-05-26,1.0,301,233,112,-0.009007347418528756,-2.9924742254248357e-05,87,68,38,37,37,21,0.0037701598699004376,0.00010189621270001183,0,0,77ad8d59ebff6aad88b5688701499490f27f817fb77afbebacdbd01baea42b97,JNU_INTRADAY_MOMREV_G1_V1
2020-05-27,1.0,305,246,116,-0.004374371305072016,-1.434220100023612e-05,83,59,38,37,37,18,0.008917443794957725,0.0002410119944583169,0,0,77ad8d59ebff6aad88b5688701499490f27f817fb77afbebacdbd01baea42b97,JNU_INTRADAY_MOMREV_G1_V1
2020-05-28,1.0,330,285,142,0.015197183297641442,4.605207059891346e-05,58,45,38,37,37,20,0.00048617584321380145,1.3139887654427066e-05,0,0,77ad8d59ebff6aad88b5688701499490f27f817fb77afbebacdbd01baea42b97,JNU_INTRADAY_MOMREV_G1_V1
2020-05-29,1.0,305,241,105,-0.015788109502571344,-5.1764293451053585e-05,83,64,38,37,37,20,0.005289289108357296,0.00014295375968533233,0,0,77ad8d59ebff6aad88b5688701499490f27f817fb77afbebacdbd01baea42b97,JNU_INTRADAY_MOMREV_G1_V1
2020-06-01,1.0,297,232,102,-0.011550087950623601,-3.888918501893468e-05,91,65,38,37,37,25,0.014017391952923517,0.00037884843116009503,0,0,77ad8d59ebff6aad88b5688701499490f27f817fb77afbebacdbd01baea42b97,JNU_INTRADAY_MOMREV_G1_V1
2020-06-02,1.0,306,244,107,-0.010778772648989968,-3.522474721892146e-05,82,62,38,37,37,23,0.013474235063562984,0.000364168515231432,0,0,77ad8d59ebff6aad88b5688701499490f27f817fb77afbebacdbd01baea42b97,JNU_INTRADAY_MOMREV_G1_V1
2020-06-03,1.0,327,275,132,-0.009275036713315844,-2.8364026646225823e-05,61,52,38,37,37,18,-0.00882450799337741,-0.0002385002160372273,0,0,77ad8d59ebff6aad88b5688701499490f27f817fb77afbebacdbd01baea42b97,JNU_INTRADAY_MOMREV_G1_V1
2020-06-04,1.0,297,228,118,0.0022049875281947725,7.424200431632231e-06,91,69,38,37,37,21,0.0075179410748980515,0.00020318759661886625,0,0,77ad8d59ebff6aad88b5688701499490f27f817fb77afbebacdbd01baea42b97,JNU_INTRADAY_MOMREV_G1_V1
2020-06-05,1.0,301,240,112,-0.010807388273375892,-3.590494442982024e-05,87,61,38,37,37,21,0.0009222832428353912,2.492657413068625e-05,0,0,77ad8d59ebff6aad88b5688701499490f27f817fb77afbebacdbd01baea42b97,JNU_INTRADAY_MOMREV_G1_V1
2020-06-08,1.0,305,237,104,-0.019115401619300268,-6.267344793213202e-05,83,68,38,37,37,17,0.009310470970094692,0.0002516343505430998,0,0,77ad8d59ebff6aad88b5688701499490f27f817fb77afbebacdbd01baea42b97,JNU_INTRADAY_MOMREV_G1_V1
2020-06-09,1.0,310,249,111,-0.005974579201570614,-1.9272836134098754e-05,78,61,38,37,37,15,-0.00529335006446786,-0.0001430635152558881,0,0,77ad8d59ebff6aad88b5688701499490f27f817fb77afbebacdbd01baea42b97,JNU_INTRADAY_MOMREV_G1_V1
2020-06-10,1.0,303,241,106,-0.017004923664808207,-5.612186027989507e-05,85,62,38,37,37,21,0.0010926918068108536,2.9532210994887934e-05,0,0,77ad8d59ebff6aad88b5688701499490f27f817fb77afbebacdbd01baea42b97,JNU_INTRADAY_MOMREV_G1_V1
2020-06-11,1.0,308,249,127,0.01406786846689115,4.567489761977646e-05,80,59,38,37,37,21,-0.0011992203574836251,-3.241136101307095e-05,0,0,77ad8d59ebff6aad88b5688701499490f27f817fb77afbebacdbd01baea42b97,JNU_INTRADAY_MOMREV_G1_V1
2020-06-12,1.0,333,283,136,0.0020092462536138145,6.033772533374819e-06,55,50,38,37,37,21,0.02441262834585687,0.0006598007661042397,0,0,77ad8d59ebff6aad88b5688701499490f27f817fb77afbebacdbd01baea42b97,JNU_INTRADAY_MOMREV_G1_V1
2020-06-15,1.0,340,302,150,-0.00359665325949128,-1.0578391939680236e-05,48,38,38,37,37,15,-0.020234967390515814,-0.0005468910105544814,0,0,77ad8d59ebff6aad88b5688701499490f27f817fb77afbebacdbd01baea42b97,JNU_INTRADAY_MOMREV_G1_V1
2020-06-16,1.0,315,257,124,0.0006998850505808985,2.221857303431424e-06,73,58,38,37,37,20,0.00905701981351589,0.0002447843192842132,0,0,77ad8d59ebff6aad88b5688701499490f27f817fb77afbebacdbd01baea42b97,JNU_INTRADAY_MOMREV_G1_V1
2020-06-17,1.0,326,273,133,0.0022104493961253996,6.780519620016563e-06,62,53,38,37,37,16,-0.0024761485040118575,-6.692293254086101e-05,0,0,77ad8d59ebff6aad88b5688701499490f27f817fb77afbebacdbd01baea42b97,JNU_INTRADAY_MOMREV_G1_V1
2020-06-18,1.0,307,241,105,-0.010815552965665777,-3.52298142204097e-05,81,66,38,37,37,17,0.0013655894631218928,3.6907823327618726e-05,0,0,77ad8d59ebff6aad88b5688701499490f27f817fb77afbebacdbd01baea42b97,JNU_INTRADAY_MOMREV_G1_V1
2020-06-19,1.0,290,220,104,-0.004678960606120399,-1.6134346917656547e-05,98,70,38,37,37,23,0.013631540041874666,0.00036842000113174774,0,0,77ad8d59ebff6aad88b5688701499490f27f817fb77afbebacdbd01baea42b97,JNU_INTRADAY_MOMREV_G1_V1
2020-06-22,1.0,299,229,103,-0.012506682042578408,-4.182836803537929e-05,89,70,38,37,37,20,-0.00984977997979123,-0.0002662102697240873,0,0,77ad8d59ebff6aad88b5688701499490f27f817fb77afbebacdbd01baea42b97,JNU_INTRADAY_MOMREV_G1_V1
2020-06-23,1.0,322,268,118,-0.02223821829137273,-6.906278972476003e-05,66,54,38,37,37,17,-0.01647450176971534,-0.00044525680458690106,0,0,77ad8d59ebff6aad88b5688701499490f27f817fb77afbebacdbd01baea42b97,JNU_INTRADAY_MOMREV_G1_V1
2020-06-24,1.0,291,229,99,-0.010228248990363505,-3.5148621960012047e-05,97,62,38,37,37,22,0.009560109421354527,0.0002583813357122845,0,0,77ad8d59ebff6aad88b5688701499490f27f817fb77afbebacdbd01baea42b97,JNU_INTRADAY_MOMREV_G1_V1
2020-06-25,1.0,308,238,106,-0.022700402499034482,-7.370260551634572e-05,80,70,38,37,37,18,0.0013458305201116448,3.6373797840855264e-05,0,0,77ad8d59ebff6aad88b5688701499490f27f817fb77afbebacdbd01baea42b97,JNU_INTRADAY_MOMREV_G1_V1
2020-06-26,1.0,272,189,80,-0.013824331542497958,-5.08247483180072e-05,116,83,38,37,37,21,0.007124034882224362,0.00019254148330336113,0,0,77ad8d59ebff6aad88b5688701499490f27f817fb77afbebacdbd01baea42b97,JNU_INTRADAY_MOMREV_G1_V1
2020-06-29,1.0,316,263,117,-0.010405747426930427,-3.2929580464969706e-05,72,53,38,37,37,21,0.0013912021001519332,3.760005676086306e-05,0,0,77ad8d59ebff6aad88b5688701499490f27f817fb77afbebacdbd01baea42b97,JNU_INTRADAY_MOMREV_G1_V1
2020-06-30,1.0,264,186,80,-0.01232794728055599,-4.669677000210602e-05,124,78,38,37,37,20,-0.0013496750340155246,-3.64777036220412e-05,0,0,77ad8d59ebff6aad88b5688701499490f27f817fb77afbebacdbd01baea42b97,JNU_INTRADAY_MOMREV_G1_V1
2020-07-01,1.0,273,187,78,-0.013716907323908595,-5.024508177255896e-05,115,86,38,37,37,17,-0.0016146260119013264,-4.363854086219801e-05,0,0,77ad8d59ebff6aad88b5688701499490f27f817fb77afbebacdbd01baea42b97,JNU_INTRADAY_MOMREV_G1_V1
2020-07-02,1.0,297,232,105,-0.014209204448466368,-4.784243922042548e-05,91,65,38,37,37,23,0.01515948284987355,0.0004097157526992851,0,0,77ad8d59ebff6aad88b5688701499490f27f817fb77afbebacdbd01baea42b97,JNU_INTRADAY_MOMREV_G1_V1
2020-07-03,1.0,271,189,84,-0.005641027039380814,-2.0815597931294517e-05,117,82,38,37,37,19,0.00022315954867319727,6.031339153329656e-06,0,0,77ad8d59ebff6aad88b5688701499490f27f817fb77afbebacdbd01baea42b97,JNU_INTRADAY_MOMREV_G1_V1
2020-07-06,1.0,274,200,93,-0.005673949357199005,-2.0707844369339435e-05,114,74,38,37,37,22,0.010173007805801403,0.0002749461569135514,0,0,77ad8d59ebff6aad88b5688701499490f27f817fb77afbebacdbd01baea42b97,JNU_INTRADAY_MOMREV_G1_V1
2020-07-07,1.0,287,215,102,-0.005336541620193035,-1.8594221673146465e-05,101,72,38,37,37,20,0.0024486712625493446,6.618030439322553e-05,0,0,77ad8d59ebff6aad88b5688701499490f27f817fb77afbebacdbd01baea42b97,JNU_INTRADAY_MOMREV_G1_V1
2020-07-08,1.0,270,196,92,-0.008230646643871136,-3.0483876458781988e-05,118,74,38,37,37,17,-0.009348304269071338,-0.00025265687213706317,0,0,77ad8d59ebff6aad88b5688701499490f27f817fb77afbebacdbd01baea42b97,JNU_INTRADAY_MOMREV_G1_V1
2020-07-09,1.0,280,207,101,-0.003999429293796007,-1.4283676049271454e-05,108,73,38,37,37,17,-0.0028687773588258504,-7.753452321150947e-05,0,0,77ad8d59ebff6aad88b5688701499490f27f817fb77afbebacdbd01baea42b97,JNU_INTRADAY_MOMREV_G1_V1
2020-07-10,1.0,280,200,88,-0.010714029840358779,-3.826439228699564e-05,108,80,38,37,37,18,0.002436900853509539,6.586218522998754e-05,0,0,77ad8d59ebff6aad88b5688701499490f27f817fb77afbebacdbd01baea42b97,JNU_INTRADAY_MOMREV_G1_V1
2020-07-13,1.0,263,180,88,-0.003984999201424591,-1.5152088218344452e-05,125,83,38,37,37,19,0.0006757297945255783,1.8262967419610223e-05,0,0,77ad8d59ebff6aad88b5688701499490f27f817fb77afbebacdbd01baea42b97,JNU_INTRADAY_MOMREV_G1_V1
2020-07-14,1.0,257,169,70,-0.008201770850117026,-3.191350525337364e-05,131,88,38,37,37,25,0.01306857590183531,0.00035320475410365704,0,0,77ad8d59ebff6aad88b5688701499490f27f817fb77afbebacdbd01baea42b97,JNU_INTRADAY_MOMREV_G1_V1
2020-07-15,1.0,266,194,75,-0.017710075205034263,-6.657923009411377e-05,122,72,38,37,37,23,0.0030540961566874725,8.254313936993169e-05,0,0,77ad8d59ebff6aad88b5688701499490f27f817fb77afbebacdbd01baea42b97,JNU_INTRADAY_MOMREV_G1_V1
2020-07-16,1.0,278,202,79,-0.019949447382240033,-7.17606020943886e-05,110,76,38,37,37,22,0.0054801951928075045,0.000148113383589392,0,0,77ad8d59ebff6aad88b5688701499490f27f817fb77afbebacdbd01baea42b97,JNU_INTRADAY_MOMREV_G1_V1
2020-07-17,1.0,257,167,77,-0.0090121492141347,-3.5066728459668095e-05,131,90,38,37,37,21,0.005727134545279358,0.00015478742014268535,0,0,77ad8d59ebff6aad88b5688701499490f27f817fb77afbebacdbd01baea42b97,JNU_INTRADAY_MOMREV_G1_V1
2020-07-20,1.0,263,184,77,-0.009938184751695629,-3.7787774721276154e-05,125,79,38,37,37,19,0.0015323900626207474,4.1415947638398574e-05,0,0,77ad8d59ebff6aad88b5688701499490f27f817fb77afbebacdbd01baea42b97,JNU_INTRADAY_MOMREV_G1_V1
2020-07-21,1.0,232,133,45,-0.013126621307055258,-5.6580264254548524e-05,156,99,38,37,37,21,-0.00197044902153221,-5.325537896033e-05,0,0,77ad8d59ebff6aad88b5688701499490f27f817fb77afbebacdbd01baea42b97,JNU_INTRADAY_MOMREV_G1_V1
2020-07-22,1.0,227,132,50,-0.0074641882397533015,-3.288188651873701e-05,161,95,38,37,37,19,0.0024157289174131843,6.528997074089688e-05,0,0,77ad8d59ebff6aad88b5688701499490f27f817fb77afbebacdbd01baea42b97,JNU_INTRADAY_MOMREV_G1_V1
2020-07-27,1.0,256,170,82,-0.002827620674283301,-1.1045393258919144e-05,132,86,38,37,37,17,-2.540010378554241e-05,-6.864892915011462e-07,0,0,77ad8d59ebff6aad88b5688701499490f27f817fb77afbebacdbd01baea42b97,JNU_INTRADAY_MOMREV_G1_V1
2020-07-28,1.0,239,153,58,-0.011002650265610727,-4.60361935799612e-05,149,86,38,37,37,18,-0.0035140736054976975,-9.497496231074859e-05,0,0,77ad8d59ebff6aad88b5688701499490f27f817fb77afbebacdbd01baea42b97,JNU_INTRADAY_MOMREV_G1_V1
2020-07-29,1.0,243,151,59,-0.006238270910406945,-2.5671896750645863e-05,145,92,38,37,37,18,0.003565939647678338,9.637674723454967e-05,0,0,77ad8d59ebff6aad88b5688701499490f27f817fb77afbebacdbd01baea42b97,JNU_INTRADAY_MOMREV_G1_V1
2020-07-30,1.0,245,159,62,-0.01116475384410997,-4.557042385351008e-05,143,86,38,37,37,17,-0.00490760935029766,-0.00013263809054858542,0,0,77ad8d59ebff6aad88b5688701499490f27f817fb77afbebacdbd01baea42b97,JNU_INTRADAY_MOMREV_G1_V1
2020-07-31,1.0,306,239,109,-0.009161578474696725,-2.9939798936917402e-05,82,67,38,37,37,19,-0.009187596777132146,-0.00024831342640897693,0,0,77ad8d59ebff6aad88b5688701499490f27f817fb77afbebacdbd01baea42b97,JNU_INTRADAY_MOMREV_G1_V1
2020-08-03,1.0,281,213,92,-0.008584200801899354,-3.0548757302132936e-05,107,68,38,37,37,19,-0.009978687043422179,-0.00026969424441681563,0,0,77ad8d59ebff6aad88b5688701499490f27f817fb77afbebacdbd01baea42b97,JNU_INTRADAY_MOMREV_G1_V1
2020-08-04,1.0,258,181,70,-0.011767491541193375,-4.561043233020688e-05,130,77,38,37,37,21,-0.0011220319310822138,-3.032518732654632e-05,0,0,77ad8d59ebff6aad88b5688701499490f27f817fb77afbebacdbd01baea42b97,JNU_INTRADAY_MOMREV_G1_V1
2020-08-05,1.0,249,158,77,-0.0013205163603397846,-5.303278555581464e-06,139,91,38,37,37,14,-0.01202810280848043,-0.0003250838596886603,0,0,77ad8d59ebff6aad88b5688701499490f27f817fb77afbebacdbd01baea42b97,JNU_INTRADAY_MOMREV_G1_V1
2020-08-06,1.0,276,201,84,-0.004460288532787577,-1.6160465698505713e-05,112,75,38,37,37,15,-0.011141729705369275,-0.00030112782987484527,0,0,77ad8d59ebff6aad88b5688701499490f27f817fb77afbebacdbd01baea42b97,JNU_INTRADAY_MOMREV_G1_V1
2020-08-07,1.0,274,195,94,-0.0011217384274807556,-4.093935866718086e-06,114,79,38,37,37,18,-0.0011192485980169257,-3.0249962108565557e-05,0,0,77ad8d59ebff6aad88b5688701499490f27f817fb77afbebacdbd01baea42b97,JNU_INTRADAY_MOMREV_G1_V1
2020-08-11,1.0,238,144,62,-0.004616741968984383,-1.939807549993438e-05,150,94,38,37,37,17,-0.002650277654222356,-7.16291257897934e-05,0,0,77ad8d59ebff6aad88b5688701499490f27f817fb77afbebacdbd01baea42b97,JNU_INTRADAY_MOMREV_G1_V1
2020-08-12,1.0,298,233,113,-0.003937853985514533,-1.3214275119176284e-05,90,65,38,37,37,18,-0.004393634892736642,-0.00011874688899288222,0,0,77ad8d59ebff6aad88b5688701499490f27f817fb77afbebacdbd01baea42b97,JNU_INTRADAY_MOMREV_G1_V1
2020-08-13,1.0,261,188,89,-0.0027914929096395057,-1.0695375132718412e-05,127,73,38,37,37,13,-0.0014936698001733403,-4.036945405873893e-05,0,0,77ad8d59ebff6aad88b5688701499490f27f817fb77afbebacdbd01baea42b97,JNU_INTRADAY_MOMREV_G1_V1
2020-08-14,1.0,241,155,65,-0.002798716438305415,-1.1612931279275582e-05,147,86,38,37,37,27,0.010315607226109483,0.0002788001953002563,0,0,77ad8d59ebff6aad88b5688701499490f27f817fb77afbebacdbd01baea42b97,JNU_INTRADAY_MOMREV_G1_V1
2020-08-17,1.0,281,205,91,-0.012750525005769243,-4.53755338283603e-05,107,76,38,37,37,20,-0.0006512825993324863,-1.7602232414391523e-05,0,0,77ad8d59ebff6aad88b5688701499490f27f817fb77afbebacdbd01baea42b97,JNU_INTRADAY_MOMREV_G1_V1
2020-08-18,1.0,264,182,77,-0.013672276281259842,-5.178892530780243e-05,124,82,38,37,37,19,-0.0004411778157777156,-1.192372475074907e-05,0,0,77ad8d59ebff6aad88b5688701499490f27f817fb77afbebacdbd01baea42b97,JNU_INTRADAY_MOMREV_G1_V1
2020-08-19,1.0,261,183,82,-0.004761148337062909,-1.8241947651582027e-05,127,78,38,37,37,15,-0.0032467304619870248,-8.774947194559526e-05,0,0,77ad8d59ebff6aad88b5688701499490f27f817fb77afbebacdbd01baea42b97,JNU_INTRADAY_MOMREV_G1_V1
2020-08-20,1.0,263,184,74,-0.017034000696904136,-6.476806348632751e-05,125,79,38,37,37,18,0.005687625569243389,0.00015371960997955105,0,0,77ad8d59ebff6aad88b5688701499490f27f817fb77afbebacdbd01baea42b97,JNU_INTRADAY_MOMREV_G1_V1
2020-08-21,1.0,261,176,74,-0.007427088485182187,-2.845627772100455e-05,127,85,38,37,37,19,0.0032562227581424377,8.800602049033615e-05,0,0,77ad8d59ebff6aad88b5688701499490f27f817fb77afbebacdbd01baea42b97,JNU_INTRADAY_MOMREV_G1_V1
2020-08-24,1.0,262,183,72,-0.013734108026632396,-5.24202596436351e-05,126,79,38,37,37,14,-0.005229331972214353,-0.00014133329654633385,0,0,77ad8d59ebff6aad88b5688701499490f27f817fb77afbebacdbd01baea42b97,JNU_INTRADAY_MOMREV_G1_V1
2020-08-25,1.0,273,190,80,-0.01045962360122663,-3.8313639564932716e-05,115,83,38,37,37,22,0.0032261304349029854,8.719271445683744e-05,0,0,77ad8d59ebff6aad88b5688701499490f27f817fb77afbebacdbd01baea42b97,JNU_INTRADAY_MOMREV_G1_V1
2020-08-26,1.0,242,161,67,-0.0074405705480133305,-3.074615928931128e-05,146,81,38,37,37,24,0.006017861082191619,0.000162644894113287,0,0,77ad8d59ebff6aad88b5688701499490f27f817fb77afbebacdbd01baea42b97,JNU_INTRADAY_MOMREV_G1_V1
2020-08-27,1.0,237,149,60,-0.008202698493528874,-3.46105421667885e-05,151,88,38,37,37,18,-0.0015142981671565454,-4.0926977490717445e-05,0,0,77ad8d59ebff6aad88b5688701499490f27f817fb77afbebacdbd01baea42b97,JNU_INTRADAY_MOMREV_G1_V1
2020-08-28,1.0,303,239,101,0.017643510759224056,5.822940844628401e-05,85,64,38,37,37,20,0.029677293262121054,0.0008020890070843528,0,0,77ad8d59ebff6aad88b5688701499490f27f817fb77afbebacdbd01baea42b97,JNU_INTRADAY_MOMREV_G1_V1
2020-08-31,1.0,272,192,79,-0.01849077435187891,-6.798078805837834e-05,116,80,38,37,37,15,-0.010971267728599708,-0.00029652074942161373,0,0,77ad8d59ebff6aad88b5688701499490f27f817fb77afbebacdbd01baea42b97,JNU_INTRADAY_MOMREV_G1_V1
2020-09-01,1.0,278,202,84,-0.008227861206492621,-2.9596623044937487e-05,110,76,38,37,37,22,0.003035309942631695,8.203540385491068e-05,0,0,77ad8d59ebff6aad88b5688701499490f27f817fb77afbebacdbd01baea42b97,JNU_INTRADAY_MOMREV_G1_V1
2020-09-02,1.0,232,142,52,-0.015061464159437193,-6.492010413550515e-05,156,90,38,37,37,22,0.008598536521039877,0.0002323928789470237,0,0,77ad8d59ebff6aad88b5688701499490f27f817fb77afbebacdbd01baea42b97,JNU_INTRADAY_MOMREV_G1_V1
2020-09-03,1.0,283,214,90,-0.013825338004672741,-4.885278446880827e-05,105,69,38,37,37,21,0.005322149074409718,0.00014384186687593832,0,0,77ad8d59ebff6aad88b5688701499490f27f817fb77afbebacdbd01baea42b97,JNU_INTRADAY_MOMREV_G1_V1
2020-09-04,1.0,275,195,91,-0.004746880022880021,-1.7261381901381893e-05,113,80,38,37,37,20,-0.002166459235538212,-5.855295231184357e-05,0,0,77ad8d59ebff6aad88b5688701499490f27f817fb77afbebacdbd01baea42b97,JNU_INTRADAY_MOMREV_G1_V1
2020-09-07,1.0,261,179,81,-0.006016605809007351,-2.305212953642663e-05,127,82,38,37,37,19,-0.0036699500509794454,-9.918783921566069e-05,0,0,77ad8d59ebff6aad88b5688701499490f27f817fb77afbebacdbd01baea42b97,JNU_INTRADAY_MOMREV_G1_V1
2020-09-08,1.0,261,173,71,-0.011438575286151335,-4.38259589507714e-05,127,88,38,37,37,18,0.00023191903579153133,6.268082048419766e-06,0,0,77ad8d59ebff6aad88b5688701499490f27f817fb77afbebacdbd01baea42b97,JNU_INTRADAY_MOMREV_G1_V1
2020-09-09,1.0,271,201,103,-0.0014397108909526418,-5.3125863134783834e-06,117,70,38,37,37,21,0.0015770440994248964,4.262281349797017e-05,0,0,77ad8d59ebff6aad88b5688701499490f27f817fb77afbebacdbd01baea42b97,JNU_INTRADAY_MOMREV_G1_V1
2020-09-10,1.0,253,175,77,-0.005522712574837638,-2.182890345785628e-05,135,78,38,37,37,16,-0.0038351318741225555,-0.00010365221281412312,0,0,77ad8d59ebff6aad88b5688701499490f27f817fb77afbebacdbd01baea42b97,JNU_INTRADAY_MOMREV_G1_V1
2020-09-11,1.0,259,172,76,-0.004108705554717295,-1.5863728010491487e-05,129,87,38,37,37,18,-0.002799248913990729,-7.565537605380349e-05,0,0,77ad8d59ebff6aad88b5688701499490f27f817fb77afbebacdbd01baea42b97,JNU_INTRADAY_MOMREV_G1_V1
2020-09-14,1.0,220,125,38,-0.013466454336845431,-6.121115607657015e-05,168,95,38,37,37,19,0.003419948394894783,9.2431037699859e-05,0,0,77ad8d59ebff6aad88b5688701499490f27f817fb77afbebacdbd01baea42b97,JNU_INTRADAY_MOMREV_G1_V1
2020-09-15,1.0,218,129,44,-0.009888188793935533,-4.5358664192364826e-05,170,89,38,37,37,17,0.0021492925056626876,5.8088986639532095e-05,0,0,77ad8d59ebff6aad88b5688701499490f27f817fb77afbebacdbd01baea42b97,JNU_INTRADAY_MOMREV_G1_V1
2020-09-16,1.0,230,147,42,-0.014581741528261161,-6.339887620983114e-05,158,83,38,37,37,18,0.00043250386783858874,1.1689293725367263e-05,0,0,77ad8d59ebff6aad88b5688701499490f27f817fb77afbebacdbd01baea42b97,JNU_INTRADAY_MOMREV_G1_V1
2020-09-17,1.0,241,160,79,0.002146199217225223,8.90539094284325e-06,147,81,38,37,37,15,-0.0027894273991551383,-7.538992970689564e-05,0,0,77ad8d59ebff6aad88b5688701499490f27f817fb77afbebacdbd01baea42b97,JNU_INTRADAY_MOMREV_G1_V1
2020-09-18,1.0,227,133,51,-0.011215402204643486,-4.940705817023562e-05,161,94,38,37,37,21,0.008623022199766975,0.00023305465404775607,0,0,77ad8d59ebff6aad88b5688701499490f27f817fb77afbebacdbd01baea42b97,JNU_INTRADAY_MOMREV_G1_V1
2020-09-23,1.0,241,154,63,-0.009085670472912009,-3.7699877480962694e-05,147,87,38,37,37,19,-0.0014983983814885653,-4.0497253553745005e-05,0,0,77ad8d59ebff6aad88b5688701499490f27f817fb77afbebacdbd01baea42b97,JNU_INTRADAY_MOMREV_G1_V1
2020-09-24,1.0,257,171,78,-0.0019728349345624193,-7.676400523589181e-06,131,86,38,37,37,17,-0.003480278979155517,-9.406159403123019e-05,0,0,77ad8d59ebff6aad88b5688701499490f27f817fb77afbebacdbd01baea42b97,JNU_INTRADAY_MOMREV_G1_V1
2020-09-25,1.0,248,168,65,-0.011494236391005823,-4.6347727383087995e-05,140,80,38,37,37,15,-0.003683713089984722,-9.955981324283032e-05,0,0,77ad8d59ebff6aad88b5688701499490f27f817fb77afbebacdbd01baea42b97,JNU_INTRADAY_MOMREV_G1_V1
2020-09-28,1.0,228,132,45,-0.012919379213446084,-5.666394391862317e-05,160,96,38,37,37,20,-0.0002094319538323946,-5.660323076551205e-06,0,0,77ad8d59ebff6aad88b5688701499490f27f817fb77afbebacdbd01baea42b97,JNU_INTRADAY_MOMREV_G1_V1
2020-09-29,1.0,273,190,83,-0.007868601643487674,-2.8822716642811994e-05,115,83,38,37,37,19,0.00151877919619571,4.1048086383667835e-05,0,0,77ad8d59ebff6aad88b5688701499490f27f817fb77afbebacdbd01baea42b97,JNU_INTRADAY_MOMREV_G1_V1
2020-09-30,1.0,262,189,90,0.0010716848389489666,4.0904001486601774e-06,126,73,38,37,37,19,-0.0010809579617298967,-2.9215080046753965e-05,0,0,77ad8d59ebff6aad88b5688701499490f27f817fb77afbebacdbd01baea42b97,JNU_INTRADAY_MOMREV_G1_V1
2020-10-01,1.0,238,148,59,-0.007735898912432933,-3.250377694299552e-05,150,90,38,37,37,21,0.0023598486627988417,6.377969358915788e-05,0,0,77ad8d59ebff6aad88b5688701499490f27f817fb77afbebacdbd01baea42b97,JNU_INTRADAY_MOMREV_G1_V1
2020-10-02,1.0,286,221,94,-0.01596365276626464,-5.581696771421203e-05,102,65,38,37,37,22,-0.002418527869080742,-6.53656180832633e-05,0,0,77ad8d59ebff6aad88b5688701499490f27f817fb77afbebacdbd01baea42b97,JNU_INTRADAY_MOMREV_G1_V1
2020-10-05,1.0,223,129,38,-0.014799354278825307,-6.636481739383546e-05,165,94,38,37,37,16,-0.004079906075262509,-0.0001102677317638516,0,0,77ad8d59ebff6aad88b5688701499490f27f817fb77afbebacdbd01baea42b97,JNU_INTRADAY_MOMREV_G1_V1
2020-10-06,1.0,221,132,50,-0.008335505408260146,-3.771721904190111e-05,167,89,38,37,37,22,0.002137439096949992,5.776862424189168e-05,0,0,77ad8d59ebff6aad88b5688701499490f27f817fb77afbebacdbd01baea42b97,JNU_INTRADAY_MOMREV_G1_V1
2020-10-07,1.0,216,122,46,-0.005789140630721978,-2.6801576994083232e-05,172,94,38,37,37,20,0.0038611955993863435,0.00010435663782125252,0,0,77ad8d59ebff6aad88b5688701499490f27f817fb77afbebacdbd01baea42b97,JNU_INTRADAY_MOMREV_G1_V1
2020-10-08,1.0,263,179,71,-0.009320641914622884,-3.543970309742541e-05,125,84,38,37,37,22,0.004661762507966423,0.00012599358129638982,0,0,77ad8d59ebff6aad88b5688701499490f27f817fb77afbebacdbd01baea42b97,JNU_INTRADAY_MOMREV_G1_V1
2020-10-09,1.0,233,142,50,-0.008904595578220298,-3.821714840437896e-05,155,91,38,37,37,23,0.008035156354983801,0.00021716638797253515,0,0,77ad8d59ebff6aad88b5688701499490f27f817fb77afbebacdbd01baea42b97,JNU_INTRADAY_MOMREV_G1_V1
2020-10-12,1.0,216,129,50,-0.007859082739116993,-3.638464231072682e-05,172,87,38,37,37,16,-0.0031841472506273388,-8.605803380073888e-05,0,0,77ad8d59ebff6aad88b5688701499490f27f817fb77afbebacdbd01baea42b97,JNU_INTRADAY_MOMREV_G1_V1
2020-10-13,1.0,218,137,57,-0.0021228674299862286,-9.737923990762516e-06,170,81,38,37,37,26,0.007644128859313378,0.00020659807727873994,0,0,77ad8d59ebff6aad88b5688701499490f27f817fb77afbebacdbd01baea42b97,JNU_INTRADAY_MOMREV_G1_V1
2020-10-14,1.0,221,127,37,-0.01293326780561183,-5.852157378104901e-05,167,94,38,37,37,26,0.005942515013562496,0.00016060851388006748,0,0,77ad8d59ebff6aad88b5688701499490f27f817fb77afbebacdbd01baea42b97,JNU_INTRADAY_MOMREV_G1_V1
2020-10-15,1.0,219,123,41,-0.009995244189220926,-4.5640384425666325e-05,169,96,38,37,37,20,0.0042506619295849535,0.00011488275485364739,0,0,77ad8d59ebff6aad88b5688701499490f27f817fb77afbebacdbd01baea42b97,JNU_INTRADAY_MOMREV_G1_V1
2020-10-16,1.0,226,136,49,-0.007881752600372,-3.4875011506070796e-05,162,90,38,37,37,18,-0.001497595963674746,-4.0475566585803944e-05,0,0,77ad8d59ebff6aad88b5688701499490f27f817fb77afbebacdbd01baea42b97,JNU_INTRADAY_MOMREV_G1_V1
2020-10-19,1.0,227,145,45,-0.014369090998684698,-6.329996034662863e-05,161,82,38,37,37,13,-0.006350257069867694,-0.00017162856945588363,0,0,77ad8d59ebff6aad88b5688701499490f27f817fb77afbebacdbd01baea42b97,JNU_INTRADAY_MOMREV_G1_V1
2020-10-20,1.0,233,142,53,-0.009129006058649875,-3.9180283513518774e-05,155,91,38,37,37,19,0.0036147311927915366,9.76954376430145e-05,0,0,77ad8d59ebff6aad88b5688701499490f27f817fb77afbebacdbd01baea42b97,JNU_INTRADAY_MOMREV_G1_V1
2020-10-21,1.0,242,161,55,-0.012476688780268636,-5.1556565207721635e-05,146,81,38,37,37,15,-0.004653803841235823,-0.00012577848219556278,0,0,77ad8d59ebff6aad88b5688701499490f27f817fb77afbebacdbd01baea42b97,JNU_INTRADAY_MOMREV_G1_V1
2020-10-22,1.0,228,138,49,-0.010434986825503225,-4.5767486076768534e-05,160,90,38,37,37,24,0.0059628470978111145,0.00016115802967057067,0,0,77ad8d59ebff6aad88b5688701499490f27f817fb77afbebacdbd01baea42b97,JNU_INTRADAY_MOMREV_G1_V1
2020-10-23,1.0,224,141,52,-0.008289767156464343,-3.7007889091358675e-05,164,83,38,36,35,19,0.002134910301759326,5.9303063937759056e-05,1,1,77ad8d59ebff6aad88b5688701499490f27f817fb77afbebacdbd01baea42b97,JNU_INTRADAY_MOMREV_G1_V1
2020-10-26,1.0,210,112,33,-0.011065872930674908,-5.2694633003213845e-05,178,98,38,37,37,19,-0.0006404911404550113,-1.7310571363648955e-05,0,0,77ad8d59ebff6aad88b5688701499490f27f817fb77afbebacdbd01baea42b97,JNU_INTRADAY_MOMREV_G1_V1
2020-10-27,1.0,235,152,54,-0.010233707621384031,-4.3547692005889496e-05,153,83,38,37,37,20,0.0019297958306255128,5.215664407095981e-05,0,0,77ad8d59ebff6aad88b5688701499490f27f817fb77afbebacdbd01baea42b97,JNU_INTRADAY_MOMREV_G1_V1
2020-10-28,1.0,220,133,48,-0.008124640371087994,-3.693018350494543e-05,168,87,38,37,37,17,-0.004920772579220979,-0.0001329938534924589,0,0,77ad8d59ebff6aad88b5688701499490f27f817fb77afbebacdbd01baea42b97,JNU_INTRADAY_MOMREV_G1_V1
2020-10-29,1.0,242,165,63,-0.011825367221603043,-4.8865153808277035e-05,146,77,38,37,37,16,-0.001944650482321424,-5.255812114382227e-05,0,0,77ad8d59ebff6aad88b5688701499490f27f817fb77afbebacdbd01baea42b97,JNU_INTRADAY_MOMREV_G1_V1
2020-10-30,1.0,280,210,93,-0.009270445172885404,-3.310873276030502e-05,108,70,38,37,37,20,0.00435312374547665,0.00011765199312099053,0,0,77ad8d59ebff6aad88b5688701499490f27f817fb77afbebacdbd01baea42b97,JNU_INTRADAY_MOMREV_G1_V1
2020-11-02,1.0,265,182,77,-0.009026898271942358,-3.4063767063933424e-05,123,83,38,37,37,19,-0.00129229593704822,-3.492691721751946e-05,0,0,77ad8d59ebff6aad88b5688701499490f27f817fb77afbebacdbd01baea42b97,JNU_INTRADAY_MOMREV_G1_V1
2020-11-04,1.0,320,263,127,-0.010320370933790388,-3.2251159168094964e-05,68,57,38,37,37,17,-0.00527593618232779,-0.00014259286979264297,0,0,77ad8d59ebff6aad88b5688701499490f27f817fb77afbebacdbd01baea42b97,JNU_INTRADAY_MOMREV_G1_V1
2020-11-05,1.0,273,201,115,0.008750758637583178,3.2054060943528126e-05,115,72,38,37,37,21,0.008760873130727678,0.00023678035488453183,0,0,77ad8d59ebff6aad88b5688701499490f27f817fb77afbebacdbd01baea42b97,JNU_INTRADAY_MOMREV_G1_V1
2020-11-06,1.0,294,227,90,-0.019760563040803997,-6.7212799458517e-05,94,67,38,37,37,17,0.0010201001091128242,2.757027321926552e-05,0,0,77ad8d59ebff6aad88b5688701499490f27f817fb77afbebacdbd01baea42b97,JNU_INTRADAY_MOMREV_G1_V1
2020-11-09,1.0,277,201,96,-0.0008000426290614494,-2.888240538127976e-06,111,76,38,37,37,19,-0.0018350936201044677,-4.959712486768831e-05,0,0,77ad8d59ebff6aad88b5688701499490f27f817fb77afbebacdbd01baea42b97,JNU_INTRADAY_MOMREV_G1_V1
2020-11-10,1.0,320,264,119,-0.019790163089347182,-6.184425965420994e-05,68,56,38,37,37,15,-0.010125683516242396,-0.0002736671220606053,0,0,77ad8d59ebff6aad88b5688701499490f27f817fb77afbebacdbd01baea42b97,JNU_INTRADAY_MOMREV_G1_V1
2020-11-11,1.0,302,238,101,-0.013612659613097867,-4.507503183144989e-05,86,64,38,37,37,21,0.005719136459116418,0.00015457125565179508,0,0,77ad8d59ebff6aad88b5688701499490f27f817fb77afbebacdbd01baea42b97,JNU_INTRADAY_MOMREV_G1_V1
2020-11-12,1.0,300,230,109,-0.00019287697084167008,-6.429232361389003e-07,88,70,38,37,37,17,-0.002758927694896538,-7.45656133755821e-05,0,0,77ad8d59ebff6aad88b5688701499490f27f817fb77afbebacdbd01baea42b97,JNU_INTRADAY_MOMREV_G1_V1
2020-11-13,1.0,295,232,90,-0.022135904270277326,-7.503696362805873e-05,93,63,38,37,37,20,0.002567161562041986,6.938274492005367e-05,0,0,77ad8d59ebff6aad88b5688701499490f27f817fb77afbebacdbd01baea42b97,JNU_INTRADAY_MOMREV_G1_V1
2020-11-16,1.0,274,198,92,-0.005226532781457673,-1.9074937158604646e-05,114,76,38,37,37,20,0.004067366457561742,0.00010992882317734439,0,0,77ad8d59ebff6aad88b5688701499490f27f817fb77afbebacdbd01baea42b97,JNU_INTRADAY_MOMREV_G1_V1
2020-11-17,1.0,293,228,104,-0.003471595145295745,-1.1848447594866025e-05,95,65,38,37,37,23,0.000980218107096389,2.649238127287538e-05,0,0,77ad8d59ebff6aad88b5688701499490f27f817fb77afbebacdbd01baea42b97,JNU_INTRADAY_MOMREV_G1_V1
2020-11-18,1.0,282,213,100,-0.002293002733148552,-8.131215365775007e-06,106,69,38,37,37,20,0.006986350512390446,0.0001888202841186607,0,0,77ad8d59ebff6aad88b5688701499490f27f817fb77afbebacdbd01baea42b97,JNU_INTRADAY_MOMREV_G1_V1
2020-11-19,1.0,287,210,106,0.0005962800652254995,2.0776308892874546e-06,101,77,38,37,37,16,-0.00820752844405707,-0.0002218250930826235,0,0,77ad8d59ebff6aad88b5688701499490f27f817fb77afbebacdbd01baea42b97,JNU_INTRADAY_MOMREV_G1_V1
2020-11-20,1.0,272,187,80,-0.006468770300805305,-2.378224375296068e-05,116,85,38,37,37,21,0.0017683452562297826,4.7793115033237365e-05,0,0,77ad8d59ebff6aad88b5688701499490f27f817fb77afbebacdbd01baea42b97,JNU_INTRADAY_MOMREV_G1_V1
2020-11-24,1.0,271,190,90,-0.00323279324147706,-1.1929126352313875e-05,117,81,38,37,37,15,-0.007467077523803119,-0.00020181290604873295,0,0,77ad8d59ebff6aad88b5688701499490f27f817fb77afbebacdbd01baea42b97,JNU_INTRADAY_MOMREV_G1_V1
2020-11-25,1.0,318,264,132,-0.00019858593337646697,-6.244840672215942e-07,70,54,38,37,37,18,-0.008475692380549533,-0.00022907276704187926,0,0,77ad8d59ebff6aad88b5688701499490f27f817fb77afbebacdbd01baea42b97,JNU_INTRADAY_MOMREV_G1_V1
2020-11-26,1.0,283,209,93,-0.008723493742791709,-3.082506622894597e-05,105,74,38,37,37,15,-0.009283252145447656,-0.00025089870663372045,0,0,77ad8d59ebff6aad88b5688701499490f27f817fb77afbebacdbd01baea42b97,JNU_INTRADAY_MOMREV_G1_V1
2020-11-27,1.0,290,220,112,-0.0016797314142044234,-5.792177290360081e-06,98,70,38,37,37,15,-0.006398637190332129,-0.00017293614027924674,0,0,77ad8d59ebff6aad88b5688701499490f27f817fb77afbebacdbd01baea42b97,JNU_INTRADAY_MOMREV_G1_V1
2020-11-30,1.0,298,224,102,-0.01297591811092137,-4.354334936550795e-05,90,74,38,37,37,17,-0.009518461924600355,-0.0002572557276919015,0,0,77ad8d59ebff6aad88b5688701499490f27f817fb77afbebacdbd01baea42b97,JNU_INTRADAY_MOMREV_G1_V1
2020-12-01,1.0,304,245,94,-0.015882013099894707,-5.2243464144390485e-05,84,59,38,37,37,21,0.0044499529476590355,0.00012026899858537934,0,0,77ad8d59ebff6aad88b5688701499490f27f817fb77afbebacdbd01baea42b97,JNU_INTRADAY_MOMREV_G1_V1
2020-12-02,1.0,280,210,95,-0.0031746907330939935,-1.1338181189621406e-05,108,70,38,37,37,22,0.013993651899978438,0.00037820680810752536,0,0,77ad8d59ebff6aad88b5688701499490f27f817fb77afbebacdbd01baea42b97,JNU_INTRADAY_MOMREV_G1_V1
2020-12-03,1.0,277,203,99,-0.006901897085006206,-2.4916595974751646e-05,111,74,38,37,37,21,0.010646076158943318,0.0002877317880795491,0,0,77ad8d59ebff6aad88b5688701499490f27f817fb77afbebacdbd01baea42b97,JNU_INTRADAY_MOMREV_G1_V1
2020-12-04,1.0,277,206,91,-0.005797939019739897,-2.0931187796894934e-05,111,71,38,37,37,24,0.006361517570159778,0.0001719329073016156,0,0,77ad8d59ebff6aad88b5688701499490f27f817fb77afbebacdbd01baea42b97,JNU_INTRADAY_MOMREV_G1_V1
2020-12-07,1.0,300,237,106,-0.006596598079837415,-2.1988660266124717e-05,88,63,38,37,37,17,-0.0035666963008414688,-9.63971973200397e-05,0,0,77ad8d59ebff6aad88b5688701499490f27f817fb77afbebacdbd01baea42b97,JNU_INTRADAY_MOMREV_G1_V1
2020-12-08,1.0,289,217,96,-0.010704187365730682,-3.703871060806465e-05,99,72,38,37,37,21,0.0003368533796418873,9.104145395726684e-06,0,0,77ad8d59ebff6aad88b5688701499490f27f817fb77afbebacdbd01baea42b97,JNU_INTRADAY_MOMREV_G1_V1
2020-12-09,1.0,262,180,83,-0.001095775308224677,-4.182348504674339e-06,126,82,38,37,37,26,0.009867815702668356,0.00026669772169373937,0,0,77ad8d59ebff6aad88b5688701499490f27f817fb77afbebacdbd01baea42b97,JNU_INTRADAY_MOMREV_G1_V1
2020-12-10,1.0,268,189,89,-0.0014174082855275799,-5.2888368862969395e-06,120,79,38,37,37,20,0.001846908126906586,4.991643586234016e-05,0,0,77ad8d59ebff6aad88b5688701499490f27f817fb77afbebacdbd01baea42b97,JNU_INTRADAY_MOMREV_G1_V1
2020-12-11,1.0,270,194,82,-0.01315080041949236,-4.8706668220342074e-05,118,76,38,37,37,16,-0.0015161350611742133,-4.0976623274978736e-05,0,0,77ad8d59ebff6aad88b5688701499490f27f817fb77afbebacdbd01baea42b97,JNU_INTRADAY_MOMREV_G1_V1
2020-12-14,1.0,272,199,77,-0.013658818456532615,-5.021624432548756e-05,116,73,38,37,37,18,-0.00787099392437017,-0.0002127295655235181,0,0,77ad8d59ebff6aad88b5688701499490f27f817fb77afbebacdbd01baea42b97,JNU_INTRADAY_MOMREV_G1_V1
2020-12-15,1.0,249,160,81,0.0022549354034890005,9.055965475859439e-06,139,89,38,37,37,20,0.004323009041802989,0.0001168380822108916,0,0,77ad8d59ebff6aad88b5688701499490f27f817fb77afbebacdbd01baea42b97,JNU_INTRADAY_MOMREV_G1_V1
2020-12-16,1.0,241,154,53,-0.010300490185004476,-4.274062317429243e-05,147,87,38,37,37,17,-0.0033683374883778303,-9.103614833453595e-05,0,0,77ad8d59ebff6aad88b5688701499490f27f817fb77afbebacdbd01baea42b97,JNU_INTRADAY_MOMREV_G1_V1
2020-12-17,1.0,245,155,71,-0.0026189742718689198,-1.0689690905587428e-05,143,90,38,37,37,19,0.0015037676954323658,4.06423701468207e-05,0,0,77ad8d59ebff6aad88b5688701499490f27f817fb77afbebacdbd01baea42b97,JNU_INTRADAY_MOMREV_G1_V1
2020-12-18,1.0,214,123,40,-0.012168134375691256,-5.686044100790307e-05,174,91,38,37,37,22,0.002992855876073315,8.088799665063013e-05,0,0,77ad8d59ebff6aad88b5688701499490f27f817fb77afbebacdbd01baea42b97,JNU_INTRADAY_MOMREV_G1_V1
2020-12-21,1.0,270,186,78,-0.003796025630144535,-1.4059354185720499e-05,118,84,38,37,37,19,0.005468207065356633,0.00014778938014477387,0,0,77ad8d59ebff6aad88b5688701499490f27f817fb77afbebacdbd01baea42b97,JNU_INTRADAY_MOMREV_G1_V1
2020-12-22,1.0,277,201,91,-0.004884915127168859,-1.7635072661259418e-05,111,76,38,37,37,14,-0.01019208447481817,-0.00027546174256265325,0,0,77ad8d59ebff6aad88b5688701499490f27f817fb77afbebacdbd01baea42b97,JNU_INTRADAY_MOMREV_G1_V1
2020-12-23,1.0,255,176,85,-0.004157343266278742,-1.6303306926583303e-05,133,79,38,36,35,19,0.005681624424769657,0.00015782290068804602,1,1,77ad8d59ebff6aad88b5688701499490f27f817fb77afbebacdbd01baea42b97,JNU_INTRADAY_MOMREV_G1_V1
2020-12-24,1.0,239,158,68,-0.0067594178973155615,-2.8282083252366367e-05,149,81,38,37,37,18,0.0026362767466033043,7.125072288117038e-05,0,0,77ad8d59ebff6aad88b5688701499490f27f817fb77afbebacdbd01baea42b97,JNU_INTRADAY_MOMREV_G1_V1
2020-12-25,1.0,185,97,21,-0.011837885256082205,-6.398856895179571e-05,203,88,38,37,37,26,0.006012706901813859,0.0001625055919409151,0,0,77ad8d59ebff6aad88b5688701499490f27f817fb77afbebacdbd01baea42b97,JNU_INTRADAY_MOMREV_G1_V1
2020-12-28,1.0,244,161,59,-0.007663564059709546,-3.140804942503912e-05,144,83,38,37,37,24,0.009364923578985376,0.0002531060426752804,0,0,77ad8d59ebff6aad88b5688701499490f27f817fb77afbebacdbd01baea42b97,JNU_INTRADAY_MOMREV_G1_V1
2020-12-29,1.0,293,229,121,0.0034624515016398964,1.1817240619931387e-05,95,64,38,37,37,15,-0.015276357954532123,-0.000412874539311679,0,0,77ad8d59ebff6aad88b5688701499490f27f817fb77afbebacdbd01baea42b97,JNU_INTRADAY_MOMREV_G1_V1
2020-12-30,1.0,285,218,89,-0.016072518784019968,-5.6394802750947254e-05,103,67,38,37,37,21,0.005840215839660397,0.0001578436713421729,0,0,77ad8d59ebff6aad88b5688701499490f27f817fb77afbebacdbd01baea42b97,JNU_INTRADAY_MOMREV_G1_V1
2021-01-04,1.0,315,261,115,-0.010146859017317858,-3.221225084862812e-05,73,54,38,37,37,13,-0.028926928249008502,-0.0007818088715948244,0,0,88fae8021f134c4169ad854abe5e64d5837adefe63ff8cf2e03cf3b6f384df97,JNU_INTRADAY_MOMREV_G1_V1
2021-01-05,1.0,287,222,95,-0.014177473027376925,-4.939886072256768e-05,101,65,38,37,37,18,-0.001487226215082856,-4.019530311034746e-05,0,0,88fae8021f134c4169ad854abe5e64d5837adefe63ff8cf2e03cf3b6f384df97,JNU_INTRADAY_MOMREV_G1_V1
2021-01-06,1.0,303,241,104,-0.00813012218097333,-2.6832086405852576e-05,85,62,38,37,37,17,-0.004615123607734387,-0.00012473307047930775,0,0,88fae8021f134c4169ad854abe5e64d5837adefe63ff8cf2e03cf3b6f384df97,JNU_INTRADAY_MOMREV_G1_V1
2021-01-07,1.0,290,219,94,-0.011652630375441765,-4.0181484053247463e-05,98,71,38,37,37,12,-0.006922157482265253,-0.00018708533735852035,0,0,88fae8021f134c4169ad854abe5e64d5837adefe63ff8cf2e03cf3b6f384df97,JNU_INTRADAY_MOMREV_G1_V1
2021-01-08,1.0,302,239,116,-0.0012559130007728998,-4.158652320440065e-06,86,63,38,37,37,20,-0.005014660946249883,-0.00013553137692567252,0,0,88fae8021f134c4169ad854abe5e64d5837adefe63ff8cf2e03cf3b6f384df97,JNU_INTRADAY_MOMREV_G1_V1
2021-01-12,1.0,294,222,111,0.005522532982836362,1.8784125791960414e-05,94,72,38,37,37,22,0.002151391808787954,5.8145724561836595e-05,0,0,88fae8021f134c4169ad854abe5e64d5837adefe63ff8cf2e03cf3b6f384df97,JNU_INTRADAY_MOMREV_G1_V1
2021-01-13,1.0,293,222,115,0.005618281329397011,1.917502160203758e-05,95,71,38,37,37,15,-0.0012057992503936633,-3.258916892955847e-05,0,0,88fae8021f134c4169ad854abe5e64d5837adefe63ff8cf2e03cf3b6f384df97,JNU_INTRADAY_MOMREV_G1_V1
2021-01-14,1.0,317,265,129,-0.0027954642717987685,-8.818499280122297e-06,71,52,38,37,37,21,-0.005955226910957674,-0.00016095207867453172,0,0,88fae8021f134c4169ad854abe5e64d5837adefe63ff8cf2e03cf3b6f384df97,JNU_INTRADAY_MOMREV_G1_V1
2021-01-15,1.0,319,265,117,-0.016743013417189905,-5.248593547708434e-05,69,54,38,37,37,14,-0.007314223250995205,-0.0001976817094863569,0,0,88fae8021f134c4169ad854abe5e64d5837adefe63ff8cf2e03cf3b6f384df97,JNU_INTRADAY_MOMREV_G1_V1
2021-01-18,1.0,287,215,104,0.00017049177328895998,5.940479905538675e-07,101,72,38,37,37,18,0.004072032576972078,0.00011005493451275887,0,0,88fae8021f134c4169ad854abe5e64d5837adefe63ff8cf2e03cf3b6f384df97,JNU_INTRADAY_MOMREV_G1_V1
2021-01-19,1.0,278,206,94,-0.0024714566542566757,-8.890131849844158e-06,110,72,38,37,37,18,-0.0022904747546829496,-6.190472309953919e-05,0,0,88fae8021f134c4169ad854abe5e64d5837adefe63ff8cf2e03cf3b6f384df97,JNU_INTRADAY_MOMREV_G1_V1
2021-01-20,1.0,298,234,111,-0.00037415762127979363,-1.255562487516086e-06,90,64,38,37,37,21,0.009814416056344016,0.0002652544880092977,0,0,88fae8021f134c4169ad854abe5e64d5837adefe63ff8cf2e03cf3b6f384df97,JNU_INTRADAY_MOMREV_G1_V1
2021-01-21,1.0,270,193,85,-0.002960440433633469,-1.0964594198642477e-05,118,77,38,37,37,25,0.005391684473788522,0.0001457212019942844,0,0,88fae8021f134c4169ad854abe5e64d5837adefe63ff8cf2e03cf3b6f384df97,JNU_INTRADAY_MOMREV_G1_V1
2021-01-22,1.0,273,200,86,-0.010304686516836113,-3.774610445727514e-05,115,73,38,37,37,25,0.010143066500422106,0.0002741369324438407,0,0,88fae8021f134c4169ad854abe5e64d5837adefe63ff8cf2e03cf3b6f384df97,JNU_INTRADAY_MOMREV_G1_V1
2021-01-25,1.0,275,197,96,0.0036755876468111295,1.336577326113138e-05,113,78,38,37,37,26,0.011514552955825676,0.0003112041339412345,0,0,88fae8021f134c4169ad854abe5e64d5837adefe63ff8cf2e03cf3b6f384df97,JNU_INTRADAY_MOMREV_G1_V1
2021-01-26,1.0,276,199,91,-0.0026072437773742626,-9.446535425269067e-06,112,77,38,37,37,16,-0.005947394722166675,-0.00016074039789639664,0,0,88fae8021f134c4169ad854abe5e64d5837adefe63ff8cf2e03cf3b6f384df97,JNU_INTRADAY_MOMREV_G1_V1
2021-01-27,1.0,280,209,95,-0.004543530513542466,-1.6226894691223092e-05,108,71,38,37,37,20,0.0005179693547889728,1.3999171751053318e-05,0,0,88fae8021f134c4169ad854abe5e64d5837adefe63ff8cf2e03cf3b6f384df97,JNU_INTRADAY_MOMREV_G1_V1
2021-01-28,1.0,321,269,139,0.002889227308031272,9.000708124708012e-06,67,52,38,37,37,20,-0.005486326793211949,-0.00014827910251924187,0,0,88fae8021f134c4169ad854abe5e64d5837adefe63ff8cf2e03cf3b6f384df97,JNU_INTRADAY_MOMREV_G1_V1
2021-01-29,1.0,326,275,127,-0.005005882280596459,-1.5355467118394046e-05,62,51,38,37,37,18,-0.009417023947494732,-0.00025451416074310086,0,0,88fae8021f134c4169ad854abe5e64d5837adefe63ff8cf2e03cf3b6f384df97,JNU_INTRADAY_MOMREV_G1_V1
2021-02-01,1.0,319,267,135,-0.006630518519789649,-2.0785324513447176e-05,69,52,38,37,37,23,0.003579678960476763,9.674808001288548e-05,0,0,88fae8021f134c4169ad854abe5e64d5837adefe63ff8cf2e03cf3b6f384df97,JNU_INTRADAY_MOMREV_G1_V1
2021-02-02,1.0,294,227,109,-0.002118808944583668,-7.206833144842408e-06,94,67,38,37,37,19,-0.0026527070566023407,-7.169478531357678e-05,0,0,88fae8021f134c4169ad854abe5e64d5837adefe63ff8cf2e03cf3b6f384df97,JNU_INTRADAY_MOMREV_G1_V1
2021-02-03,1.0,286,211,96,-0.007874957667837832,-2.7534817020412e-05,102,75,38,37,37,20,-0.00404143782627276,-0.00010922804935872324,0,0,88fae8021f134c4169ad854abe5e64d5837adefe63ff8cf2e03cf3b6f384df97,JNU_INTRADAY_MOMREV_G1_V1
2021-02-04,1.0,287,218,102,-0.007370624870615529,-2.568161975824226e-05,101,69,38,37,37,18,-0.0033326879140837392,-9.007264632658755e-05,0,0,88fae8021f134c4169ad854abe5e64d5837adefe63ff8cf2e03cf3b6f384df97,JNU_INTRADAY_MOMREV_G1_V1
2021-02-05,1.0,290,223,104,-0.0052390182515790204,-1.806558017785869e-05,98,67,38,37,37,18,0.0015714068023689092,4.247045411807863e-05,0,0,88fae8021f134c4169ad854abe5e64d5837adefe63ff8cf2e03cf3b6f384df97,JNU_INTRADAY_MOMREV_G1_V1
2021-02-08,1.0,296,224,105,-0.004341371466087594,-1.4666795493539169e-05,92,72,38,37,37,18,0.004010842833514277,0.00010840115766254804,0,0,88fae8021f134c4169ad854abe5e64d5837adefe63ff8cf2e03cf3b6f384df97,JNU_INTRADAY_MOMREV_G1_V1
2021-02-09,1.0,299,240,106,-0.013080481105436819,-4.3747428446276985e-05,89,59,38,37,37,13,-0.005427951025997,-0.000146701379081,0,0,88fae8021f134c4169ad854abe5e64d5837adefe63ff8cf2e03cf3b6f384df97,JNU_INTRADAY_MOMREV_G1_V1
2021-02-10,1.0,280,203,92,-0.00729473136826567,-2.605261202952025e-05,108,77,38,37,37,21,-0.0011921043112684989,-3.221903543968916e-05,0,0,88fae8021f134c4169ad854abe5e64d5837adefe63ff8cf2e03cf3b6f384df97,JNU_INTRADAY_MOMREV_G1_V1
2021-02-12,1.0,272,198,80,-0.011551464593408228,-4.246861982870672e-05,116,74,38,37,37,13,-0.004072426185892145,-0.0001100655725916796,0,0,88fae8021f134c4169ad854abe5e64d5837adefe63ff8cf2e03cf3b6f384df97,JNU_INTRADAY_MOMREV_G1_V1
2021-02-15,1.0,289,221,111,0.0073428746930398366,2.5407870910172446e-05,99,68,38,37,37,14,-0.011203997275657586,-0.00030281073717993475,0,0,88fae8021f134c4169ad854abe5e64d5837adefe63ff8cf2e03cf3b6f384df97,JNU_INTRADAY_MOMREV_G1_V1
2021-02-16,1.0,314,261,137,0.013409608659180401,4.2705760061084083e-05,74,53,38,37,37,17,0.00012500339423043069,3.3784701143359643e-06,0,0,88fae8021f134c4169ad854abe5e64d5837adefe63ff8cf2e03cf3b6f384df97,JNU_INTRADAY_MOMREV_G1_V1
2021-02-17,1.0,301,239,108,-0.00924494984908163,-3.071411909993897e-05,87,62,38,37,37,17,-0.0062791450943742,-0.00016970662417227568,0,0,88fae8021f134c4169ad854abe5e64d5837adefe63ff8cf2e03cf3b6f384df97,JNU_INTRADAY_MOMREV_G1_V1
2021-02-18,1.0,313,254,119,-0.00035224371611538435,-1.125379284713688e-06,75,59,38,37,37,19,-0.000514430584615973,-1.3903529313945216e-05,0,0,88fae8021f134c4169ad854abe5e64d5837adefe63ff8cf2e03cf3b6f384df97,JNU_INTRADAY_MOMREV_G1_V1
2021-02-19,1.0,320,265,133,-0.001200562699460529,-3.751758435814153e-06,68,55,38,37,37,18,-0.004196907690147268,-0.00011342993757154778,0,0,88fae8021f134c4169ad854abe5e64d5837adefe63ff8cf2e03cf3b6f384df97,JNU_INTRADAY_MOMREV_G1_V1
2021-02-22,1.0,310,254,108,-0.010885679105689518,-3.5115093889321026e-05,78,56,38,37,37,18,-0.0019857381037094337,-5.3668597397552266e-05,0,0,88fae8021f134c4169ad854abe5e64d5837adefe63ff8cf2e03cf3b6f384df97,JNU_INTRADAY_MOMREV_G1_V1
2021-02-24,1.0,316,261,133,-0.0003190853429410137,-1.0097637434842205e-06,72,55,38,37,37,16,0.007146531309279076,0.00019314949484538043,0,0,88fae8021f134c4169ad854abe5e64d5837adefe63ff8cf2e03cf3b6f384df97,JNU_INTRADAY_MOMREV_G1_V1
2021-02-25,1.0,275,200,98,0.002325878510557447,8.457740038390716e-06,113,75,38,37,37,22,0.008123633563564985,0.00021955766388013473,0,0,88fae8021f134c4169ad854abe5e64d5837adefe63ff8cf2e03cf3b6f384df97,JNU_INTRADAY_MOMREV_G1_V1
2021-02-26,1.0,335,296,150,0.0056615928353444325,1.6900277120431143e-05,53,39,38,37,37,17,0.005896335477705899,0.00015936041831637564,0,0,88fae8021f134c4169ad854abe5e64d5837adefe63ff8cf2e03cf3b6f384df97,JNU_INTRADAY_MOMREV_G1_V1
2021-03-01,1.0,291,224,101,-0.009799654891212843,-3.367579000416784e-05,97,67,38,37,37,19,-0.001338359490144431,-3.617187811201165e-05,0,0,88fae8021f134c4169ad854abe5e64d5837adefe63ff8cf2e03cf3b6f384df97,JNU_INTRADAY_MOMREV_G1_V1
2021-03-02,1.0,338,299,153,0.012829503758748218,3.795711171227283e-05,50,39,38,37,37,29,0.024051661484043925,0.0006500449049741602,0,0,88fae8021f134c4169ad854abe5e64d5837adefe63ff8cf2e03cf3b6f384df97,JNU_INTRADAY_MOMREV_G1_V1
2021-03-03,1.0,303,242,117,0.0015050606124728655,4.967196740834539e-06,85,61,38,37,37,22,0.0010254691815328777,2.771538328467237e-05,0,0,88fae8021f134c4169ad854abe5e64d5837adefe63ff8cf2e03cf3b6f384df97,JNU_INTRADAY_MOMREV_G1_V1
2021-03-04,1.0,340,299,150,0.000748114542431434,2.2003368895042178e-06,48,41,38,37,37,19,-0.0034724718892803737,-9.385059160217226e-05,0,0,88fae8021f134c4169ad854abe5e64d5837adefe63ff8cf2e03cf3b6f384df97,JNU_INTRADAY_MOMREV_G1_V1
2021-03-05,1.0,347,314,150,-0.012733555575304038,-3.6696125577245064e-05,41,33,38,37,37,13,-0.03589960440580798,-0.0009702595785353508,0,0,88fae8021f134c4169ad854abe5e64d5837adefe63ff8cf2e03cf3b6f384df97,JNU_INTRADAY_MOMREV_G1_V1
2021-03-08,1.0,337,293,144,-0.005950369266739413,-1.7656882097149595e-05,51,44,38,37,37,17,0.0005886385649829496,1.590915040494458e-05,0,0,88fae8021f134c4169ad854abe5e64d5837adefe63ff8cf2e03cf3b6f384df97,JNU_INTRADAY_MOMREV_G1_V1
2021-03-09,1.0,337,298,143,-0.00734875939961767,-2.180640771399902e-05,51,39,38,37,37,21,0.008644556751316049,0.00023363666895448782,0,0,88fae8021f134c4169ad854abe5e64d5837adefe63ff8cf2e03cf3b6f384df97,JNU_INTRADAY_MOMREV_G1_V1
2021-03-10,1.0,323,270,134,-0.004088405806628243,-1.265760311649611e-05,65,53,38,37,37,17,0.005620384797994169,0.00015190229183768025,0,0,88fae8021f134c4169ad854abe5e64d5837adefe63ff8cf2e03cf3b6f384df97,JNU_INTRADAY_MOMREV_G1_V1
2021-03-11,1.0,301,241,125,-0.000608667301036747,-2.0221505017832126e-06,87,60,38,37,37,21,0.008251146694095855,0.00022300396470529337,0,0,88fae8021f134c4169ad854abe5e64d5837adefe63ff8cf2e03cf3b6f384df97,JNU_INTRADAY_MOMREV_G1_V1
2021-03-12,1.0,311,247,130,0.00511241371798801,1.643862931828942e-05,77,64,38,37,37,15,-0.011379288134707836,-0.00030754832796507664,0,0,88fae8021f134c4169ad854abe5e64d5837adefe63ff8cf2e03cf3b6f384df97,JNU_INTRADAY_MOMREV_G1_V1
2021-03-15,1.0,297,229,120,0.0023593412489078167,7.943909928982548e-06,91,68,38,37,37,25,0.011990080668888728,0.00032405623429428994,0,0,88fae8021f134c4169ad854abe5e64d5837adefe63ff8cf2e03cf3b6f384df97,JNU_INTRADAY_MOMREV_G1_V1
2021-03-16,1.0,303,237,123,-0.0016962722663821511,-5.5982583048915875e-06,85,66,38,37,37,23,0.001184015730046627,3.2000425136395325e-05,0,0,88fae8021f134c4169ad854abe5e64d5837adefe63ff8cf2e03cf3b6f384df97,JNU_INTRADAY_MOMREV_G1_V1
2021-03-17,1.0,286,212,85,-0.0097504177043055,-3.409236959547378e-05,102,74,38,37,37,15,-0.0010051995066421983,-2.7167554233572925e-05,0,0,88fae8021f134c4169ad854abe5e64d5837adefe63ff8cf2e03cf3b6f384df97,JNU_INTRADAY_MOMREV_G1_V1
2021-03-18,1.0,324,273,125,-0.01830895573189363,-5.650912262930133e-05,64,51,38,37,37,21,-0.0046235698333002544,-0.00012496134684595282,0,0,88fae8021f134c4169ad854abe5e64d5837adefe63ff8cf2e03cf3b6f384df97,JNU_INTRADAY_MOMREV_G1_V1
2021-03-19,1.0,301,240,119,0.006270306279303832,2.0831582323268545e-05,87,61,38,37,37,21,0.007258811547857091,0.0001961840958880295,0,0,88fae8021f134c4169ad854abe5e64d5837adefe63ff8cf2e03cf3b6f384df97,JNU_INTRADAY_MOMREV_G1_V1
2021-03-22,1.0,316,262,125,-0.007566039993342225,-2.3943164535893117e-05,72,54,38,37,37,16,-0.00258503201934013,-6.986573025243594e-05,0,0,88fae8021f134c4169ad854abe5e64d5837adefe63ff8cf2e03cf3b6f384df97,JNU_INTRADAY_MOMREV_G1_V1
2021-03-23,1.0,321,267,136,0.003064187621472527,9.545755830132483e-06,67,54,38,37,37,15,-0.011188586589154058,-0.0003023942321392989,0,0,88fae8021f134c4169ad854abe5e64d5837adefe63ff8cf2e03cf3b6f384df97,JNU_INTRADAY_MOMREV_G1_V1
2021-03-24,1.0,341,301,148,-0.007880210263389765,-2.310912100700811e-05,47,40,38,37,37,17,-0.008644003816228513,-0.00023362172476293277,0,0,88fae8021f134c4169ad854abe5e64d5837adefe63ff8cf2e03cf3b6f384df97,JNU_INTRADAY_MOMREV_G1_V1
2021-03-25,1.0,297,235,116,-0.0017376489449566243,-5.850669848338803e-06,91,62,38,37,37,16,-0.00946357193767566,-0.0002557722145317746,0,0,88fae8021f134c4169ad854abe5e64d5837adefe63ff8cf2e03cf3b6f384df97,JNU_INTRADAY_MOMREV_G1_V1
2021-03-26,1.0,313,254,131,0.000828658155936157,2.647470146760885e-06,75,59,38,37,37,27,0.02022630405589887,0.0005466568663756451,0,0,88fae8021f134c4169ad854abe5e64d5837adefe63ff8cf2e03cf3b6f384df97,JNU_INTRADAY_MOMREV_G1_V1
2021-03-29,1.0,306,250,113,-0.020364400560813734,-6.655032863011024e-05,82,56,38,37,37,21,-0.002570560755584228,-6.947461501578994e-05,0,0,88fae8021f134c4169ad854abe5e64d5837adefe63ff8cf2e03cf3b6f384df97,JNU_INTRADAY_MOMREV_G1_V1
2021-03-30,1.0,302,242,110,0.0013608976244312808,4.50628352460689e-06,86,60,38,37,37,14,-0.003574457148276859,-9.660694995342863e-05,0,0,88fae8021f134c4169ad854abe5e64d5837adefe63ff8cf2e03cf3b6f384df97,JNU_INTRADAY_MOMREV_G1_V1
2021-03-31,1.0,309,252,114,-0.010263412644262115,-3.321492765133371e-05,79,57,38,37,37,20,0.0015384533117248586,4.157981923580699e-05,0,0,88fae8021f134c4169ad854abe5e64d5837adefe63ff8cf2e03cf3b6f384df97,JNU_INTRADAY_MOMREV_G1_V1
2021-04-01,1.0,301,236,112,-0.0037404183838473,-1.2426639148994351e-05,87,65,38,37,37,24,0.004767844739689792,0.00012886066864026467,0,0,88fae8021f134c4169ad854abe5e64d5837adefe63ff8cf2e03cf3b6f384df97,JNU_INTRADAY_MOMREV_G1_V1
2021-04-02,1.0,259,175,71,-0.013263952099025486,-5.121217026650767e-05,129,84,38,37,37,22,0.007713054977174648,0.00020846094532904453,0,0,88fae8021f134c4169ad854abe5e64d5837adefe63ff8cf2e03cf3b6f384df97,JNU_INTRADAY_MOMREV_G1_V1
2021-04-05,1.0,270,189,86,-0.0006715081612994026,-2.4870672640718616e-06,118,81,38,37,37,21,0.010128549242336466,0.0002737445741172018,0,0,88fae8021f134c4169ad854abe5e64d5837adefe63ff8cf2e03cf3b6f384df97,JNU_INTRADAY_MOMREV_G1_V1
2021-04-06,1.0,315,264,117,-0.005318451526375616,-1.688397309960513e-05,73,51,38,37,37,22,0.0070066468807965425,0.00018936883461612278,0,0,88fae8021f134c4169ad854abe5e64d5837adefe63ff8cf2e03cf3b6f384df97,JNU_INTRADAY_MOMREV_G1_V1
2021-04-07,1.0,306,243,123,-0.001996723325512944,-6.5252396258592945e-06,82,63,38,37,37,21,-0.0006836034503530204,-1.847576892846001e-05,0,0,88fae8021f134c4169ad854abe5e64d5837adefe63ff8cf2e03cf3b6f384df97,JNU_INTRADAY_MOMREV_G1_V1
2021-04-08,1.0,289,223,109,3.2081291874744527e-06,1.110079303624378e-08,99,66,38,37,37,14,-0.005564589265758493,-0.00015039430447995927,0,0,88fae8021f134c4169ad854abe5e64d5837adefe63ff8cf2e03cf3b6f384df97,JNU_INTRADAY_MOMREV_G1_V1
2021-04-09,1.0,291,226,116,0.0016301632174961322,5.601935455313169e-06,97,65,38,37,37,15,-0.01187036826190269,-0.00032082076383520785,0,0,88fae8021f134c4169ad854abe5e64d5837adefe63ff8cf2e03cf3b6f384df97,JNU_INTRADAY_MOMREV_G1_V1
2021-04-12,1.0,304,245,110,-0.00860172661109879,-2.8295153325982864e-05,84,59,38,37,37,19,-0.002851353975617546,-7.706362096263638e-05,0,0,88fae8021f134c4169ad854abe5e64d5837adefe63ff8cf2e03cf3b6f384df97,JNU_INTRADAY_MOMREV_G1_V1
2021-04-13,1.0,273,201,105,0.0018629310722896228,6.82392334172023e-06,115,72,38,37,37,17,0.003880749676116041,0.00010488512638151462,0,0,88fae8021f134c4169ad854abe5e64d5837adefe63ff8cf2e03cf3b6f384df97,JNU_INTRADAY_MOMREV_G1_V1
2021-04-14,1.0,280,209,94,-0.006240302461295451,-2.2286794504626612e-05,108,71,38,37,37,20,-0.0011715804505746687,-3.166433650201807e-05,0,0,88fae8021f134c4169ad854abe5e64d5837adefe63ff8cf2e03cf3b6f384df97,JNU_INTRADAY_MOMREV_G1_V1
2021-04-15,1.0,277,207,81,-0.007768935622162093,-2.8046698996975063e-05,111,70,38,37,37,24,0.00809895617849766,0.0002188907075269638,0,0,88fae8021f134c4169ad854abe5e64d5837adefe63ff8cf2e03cf3b6f384df97,JNU_INTRADAY_MOMREV_G1_V1
2021-04-16,1.0,266,189,90,0.0015099764553067108,5.6766032154387625e-06,122,77,38,37,37,21,0.003531485733264665,9.544556035850446e-05,0,0,88fae8021f134c4169ad854abe5e64d5837adefe63ff8cf2e03cf3b6f384df97,JNU_INTRADAY_MOMREV_G1_V1
2021-04-19,1.0,277,203,86,-0.005220164923973259,-1.8845360736365556e-05,111,74,38,37,37,22,-0.0020414617193675465,-5.5174641063987746e-05,0,0,88fae8021f134c4169ad854abe5e64d5837adefe63ff8cf2e03cf3b6f384df97,JNU_INTRADAY_MOMREV_G1_V1
2021-04-20,1.0,313,257,125,-0.010944561731252328,-3.496665089856974e-05,75,56,38,37,37,18,-0.0030728232532007426,-8.304927711353359e-05,0,0,88fae8021f134c4169ad854abe5e64d5837adefe63ff8cf2e03cf3b6f384df97,JNU_INTRADAY_MOMREV_G1_V1
2021-04-21,1.0,335,289,141,-0.0024618001397336362,-7.348657133533243e-06,53,46,38,37,37,21,-0.0033362755177606934,-9.016960858812684e-05,0,0,88fae8021f134c4169ad854abe5e64d5837adefe63ff8cf2e03cf3b6f384df97,JNU_INTRADAY_MOMREV_G1_V1
2021-04-22,1.0,289,219,106,0.0008491382041193957,2.9381944779217843e-06,99,70,38,37,37,17,0.003490940900148899,9.434975405807835e-05,0,0,88fae8021f134c4169ad854abe5e64d5837adefe63ff8cf2e03cf3b6f384df97,JNU_INTRADAY_MOMREV_G1_V1
2021-04-23,1.0,291,221,92,-0.010532947083056748,-3.619569444349398e-05,97,70,38,37,37,23,0.0069376776216271965,0.00018750480058451883,0,0,88fae8021f134c4169ad854abe5e64d5837adefe63ff8cf2e03cf3b6f384df97,JNU_INTRADAY_MOMREV_G1_V1
2021-04-26,1.0,280,201,90,-0.0065024267668692464,-2.322295273881874e-05,108,79,38,37,37,18,-0.003406167156761252,-9.205857180435815e-05,0,0,88fae8021f134c4169ad854abe5e64d5837adefe63ff8cf2e03cf3b6f384df97,JNU_INTRADAY_MOMREV_G1_V1
2021-04-27,1.0,268,181,77,-0.009454583262179593,-3.527829575440147e-05,120,87,38,37,37,23,0.004137524532323742,0.00011182498736010113,0,0,88fae8021f134c4169ad854abe5e64d5837adefe63ff8cf2e03cf3b6f384df97,JNU_INTRADAY_MOMREV_G1_V1
2021-04-28,1.0,266,179,67,-0.013259409088261752,-4.984740258745019e-05,122,87,38,37,37,18,-0.0031011832734898206,-8.381576414837353e-05,0,0,88fae8021f134c4169ad854abe5e64d5837adefe63ff8cf2e03cf3b6f384df97,JNU_INTRADAY_MOMREV_G1_V1
2021-04-30,1.0,285,212,104,0.0029353295857604965,1.0299402055299988e-05,103,73,38,37,37,20,0.0012058380389726566,3.2590217269531256e-05,0,0,88fae8021f134c4169ad854abe5e64d5837adefe63ff8cf2e03cf3b6f384df97,JNU_INTRADAY_MOMREV_G1_V1
2021-05-06,1.0,291,220,116,0.003950554700146591,1.3575789347582787e-05,97,71,38,37,37,13,-0.010100022595689564,-0.0002729735836672855,0,0,88fae8021f134c4169ad854abe5e64d5837adefe63ff8cf2e03cf3b6f384df97,JNU_INTRADAY_MOMREV_G1_V1
2021-05-07,1.0,255,165,72,-0.006803603427829109,-2.6680797756192586e-05,133,90,38,37,37,20,-0.0046086889886204924,-0.0001245591618546079,0,0,88fae8021f134c4169ad854abe5e64d5837adefe63ff8cf2e03cf3b6f384df97,JNU_INTRADAY_MOMREV_G1_V1
2021-05-10,1.0,255,174,77,-0.007471107708203287,-2.9298461600797204e-05,133,81,38,37,37,16,-0.005594955288556087,-0.00015121500779881317,0,0,88fae8021f134c4169ad854abe5e64d5837adefe63ff8cf2e03cf3b6f384df97,JNU_INTRADAY_MOMREV_G1_V1
2021-05-11,1.0,322,269,127,-0.006835132707308076,-2.1227120209031292e-05,66,53,38,37,37,17,-0.007163286056779869,-0.00019360232585891537,0,0,88fae8021f134c4169ad854abe5e64d5837adefe63ff8cf2e03cf3b6f384df97,JNU_INTRADAY_MOMREV_G1_V1
2021-05-12,1.0,335,292,144,-0.006576053452279709,-1.9630010305312562e-05,53,43,38,37,37,15,-0.03596203790925044,-0.0009719469705202822,0,0,88fae8021f134c4169ad854abe5e64d5837adefe63ff8cf2e03cf3b6f384df97,JNU_INTRADAY_MOMREV_G1_V1
2021-05-13,1.0,327,273,131,0.003433352290093332,1.0499548287747192e-05,61,54,38,37,37,22,0.014798685524337414,0.0003999644736307409,0,0,88fae8021f134c4169ad854abe5e64d5837adefe63ff8cf2e03cf3b6f384df97,JNU_INTRADAY_MOMREV_G1_V1
2021-05-14,1.0,310,256,126,-0.008790978967858245,-2.8357996670510465e-05,78,54,38,37,37,18,-0.002322305936847659,-6.2765025320207e-05,0,0,88fae8021f134c4169ad854abe5e64d5837adefe63ff8cf2e03cf3b6f384df97,JNU_INTRADAY_MOMREV_G1_V1
2021-05-17,1.0,325,273,134,-0.002827748699549701,-8.700765229383696e-06,63,52,38,37,37,19,-0.0016037752127287268,-4.334527601969532e-05,0,0,88fae8021f134c4169ad854abe5e64d5837adefe63ff8cf2e03cf3b6f384df97,JNU_INTRADAY_MOMREV_G1_V1
2021-05-18,1.0,288,218,101,0.00407450498709442,1.4147586760744513e-05,100,70,38,37,37,15,-0.008086782175601975,-0.000218561680421675,0,0,88fae8021f134c4169ad854abe5e64d5837adefe63ff8cf2e03cf3b6f384df97,JNU_INTRADAY_MOMREV_G1_V1
2021-05-19,1.0,309,248,130,0.004615800006443736,1.4937864098523418e-05,79,61,38,37,37,23,0.007377738860590111,0.0001993983475835165,0,0,88fae8021f134c4169ad854abe5e64d5837adefe63ff8cf2e03cf3b6f384df97,JNU_INTRADAY_MOMREV_G1_V1
2021-05-20,1.0,304,238,111,-0.002673793548074488,-8.79537351340292e-06,84,66,38,37,37,19,0.003184680037611291,8.607243344895381e-05,0,0,88fae8021f134c4169ad854abe5e64d5837adefe63ff8cf2e03cf3b6f384df97,JNU_INTRADAY_MOMREV_G1_V1
2021-05-21,1.0,295,234,110,-0.002115147923547654,-7.169992961178489e-06,93,61,38,37,37,25,0.024182296154939713,0.0006535755717551274,0,0,88fae8021f134c4169ad854abe5e64d5837adefe63ff8cf2e03cf3b6f384df97,JNU_INTRADAY_MOMREV_G1_V1
2021-05-24,1.0,297,234,102,-0.000702274634805464,-2.364561059951057e-06,91,63,38,37,37,18,-0.004367739461721768,-0.00011804701247896672,0,0,88fae8021f134c4169ad854abe5e64d5837adefe63ff8cf2e03cf3b6f384df97,JNU_INTRADAY_MOMREV_G1_V1
2021-05-25,1.0,274,204,94,0.004556307807833465,1.6628860612530893e-05,114,70,38,37,37,20,0.012791792396252723,0.00034572411881764116,0,0,88fae8021f134c4169ad854abe5e64d5837adefe63ff8cf2e03cf3b6f384df97,JNU_INTRADAY_MOMREV_G1_V1
2021-05-26,1.0,252,172,74,-0.0034937774821801643,-1.3864196357857794e-05,136,80,38,37,37,17,-0.008415744240016789,-0.00022745254702748077,0,0,88fae8021f134c4169ad854abe5e64d5837adefe63ff8cf2e03cf3b6f384df97,JNU_INTRADAY_MOMREV_G1_V1
2021-05-27,1.0,293,225,97,-0.00980118141792878,-3.345113111921085e-05,95,68,38,37,37,19,-0.00262237552464702,-7.087501417964918e-05,0,0,88fae8021f134c4169ad854abe5e64d5837adefe63ff8cf2e03cf3b6f384df97,JNU_INTRADAY_MOMREV_G1_V1
2021-05-28,1.0,259,181,82,-0.00893599318233236,-3.450190417888942e-05,129,78,38,37,37,19,-0.00035621251258874365,-9.62736520510118e-06,0,0,88fae8021f134c4169ad854abe5e64d5837adefe63ff8cf2e03cf3b6f384df97,JNU_INTRADAY_MOMREV_G1_V1
2021-05-31,1.0,271,201,91,-0.01173159168217278,-4.329000620727963e-05,117,70,38,37,37,18,-0.00033709860421677566,-9.110773086939882e-06,0,0,88fae8021f134c4169ad854abe5e64d5837adefe63ff8cf2e03cf3b6f384df97,JNU_INTRADAY_MOMREV_G1_V1
2021-06-01,1.0,306,247,113,-0.001932197012463932,-6.314369321777556e-06,82,59,38,37,37,20,-0.0005666516612349437,-1.5314909763106588e-05,0,0,88fae8021f134c4169ad854abe5e64d5837adefe63ff8cf2e03cf3b6f384df97,JNU_INTRADAY_MOMREV_G1_V1
2021-06-02,1.0,289,213,91,-0.0052721781231034265,-1.8242830875790403e-05,99,76,38,37,37,20,0.0029928119291251624,8.088680889527465e-05,0,0,88fae8021f134c4169ad854abe5e64d5837adefe63ff8cf2e03cf3b6f384df97,JNU_INTRADAY_MOMREV_G1_V1
2021-06-03,1.0,276,202,102,0.00017968186875284625,6.51021263597269e-07,112,74,38,37,37,21,0.01034925899894551,0.00027970970267420295,0,0,88fae8021f134c4169ad854abe5e64d5837adefe63ff8cf2e03cf3b6f384df97,JNU_INTRADAY_MOMREV_G1_V1
2021-06-04,1.0,289,219,96,-0.002402033452402916,-8.311534437380332e-06,99,70,38,37,37,21,0.007977327494897114,0.00021560344580803012,0,0,88fae8021f134c4169ad854abe5e64d5837adefe63ff8cf2e03cf3b6f384df97,JNU_INTRADAY_MOMREV_G1_V1
2021-06-07,1.0,278,206,98,-0.004448640748969961,-1.600230485240993e-05,110,72,38,37,37,22,0.011332126202168986,0.00030627368113970234,0,0,88fae8021f134c4169ad854abe5e64d5837adefe63ff8cf2e03cf3b6f384df97,JNU_INTRADAY_MOMREV_G1_V1
2021-06-08,1.0,314,256,94,-0.014483125439814918,-4.612460331151248e-05,74,58,38,37,37,23,0.009925246633569359,0.00026824990901538805,0,0,88fae8021f134c4169ad854abe5e64d5837adefe63ff8cf2e03cf3b6f384df97,JNU_INTRADAY_MOMREV_G1_V1
2021-06-09,1.0,308,249,107,-0.0048841816941706095,-1.58577327732812e-05,80,59,38,37,37,21,0.007851310778282498,0.00021219758860222966,0,0,88fae8021f134c4169ad854abe5e64d5837adefe63ff8cf2e03cf3b6f384df97,JNU_INTRADAY_MOMREV_G1_V1
2021-06-10,1.0,301,240,107,-0.005375994094518383,-1.7860445496738815e-05,87,61,38,37,37,24,0.010068119942696987,0.0002721113498026213,0,0,88fae8021f134c4169ad854abe5e64d5837adefe63ff8cf2e03cf3b6f384df97,JNU_INTRADAY_MOMREV_G1_V1
2021-06-11,1.0,267,182,78,-0.005877080352662429,-2.201153690135741e-05,121,85,38,37,37,19,-0.0006985142307230974,-1.8878762992516147e-05,0,0,88fae8021f134c4169ad854abe5e64d5837adefe63ff8cf2e03cf3b6f384df97,JNU_INTRADAY_MOMREV_G1_V1
2021-06-14,1.0,246,160,64,-0.009456270503340657,-3.844012399731974e-05,142,86,38,37,37,22,0.0046482733278468006,0.00012562900886072434,0,0,88fae8021f134c4169ad854abe5e64d5837adefe63ff8cf2e03cf3b6f384df97,JNU_INTRADAY_MOMREV_G1_V1
2021-06-15,1.0,248,162,66,-0.005787379063118477,-2.333620589967128e-05,140,86,38,37,37,22,0.004602045577345798,0.00012437961019853507,0,0,88fae8021f134c4169ad854abe5e64d5837adefe63ff8cf2e03cf3b6f384df97,JNU_INTRADAY_MOMREV_G1_V1
2021-06-16,1.0,245,161,60,-0.011430893618822295,-4.665670864825426e-05,143,84,38,37,37,15,-0.004774907293067988,-0.00012905154846129698,0,0,88fae8021f134c4169ad854abe5e64d5837adefe63ff8cf2e03cf3b6f384df97,JNU_INTRADAY_MOMREV_G1_V1
2021-06-17,1.0,287,212,99,-0.004148797488644055,-1.4455740378550714e-05,101,75,38,37,37,22,0.008099051691792859,0.00021889328896737456,0,0,88fae8021f134c4169ad854abe5e64d5837adefe63ff8cf2e03cf3b6f384df97,JNU_INTRADAY_MOMREV_G1_V1
2021-06-18,1.0,274,206,93,-0.0031047405046696237,-1.133116972507162e-05,114,68,38,37,37,16,-0.004652731465042599,-0.0001257494990552054,0,0,88fae8021f134c4169ad854abe5e64d5837adefe63ff8cf2e03cf3b6f384df97,JNU_INTRADAY_MOMREV_G1_V1
2021-06-21,1.0,326,273,135,-0.0033193754011156132,-1.0182133132256482e-05,62,53,38,37,37,9,-0.029639773530188238,-0.0008010749602753577,0,0,88fae8021f134c4169ad854abe5e64d5837adefe63ff8cf2e03cf3b6f384df97,JNU_INTRADAY_MOMREV_G1_V1
2021-06-22,1.0,296,233,107,-0.016039259931182163,-5.4186688956696495e-05,92,63,38,37,37,18,0.0007026314372452,1.8990038844464865e-05,0,0,88fae8021f134c4169ad854abe5e64d5837adefe63ff8cf2e03cf3b6f384df97,JNU_INTRADAY_MOMREV_G1_V1
2021-06-23,1.0,246,165,87,0.005532285017200122,2.2488963484553342e-05,142,81,38,37,37,25,0.006398800582306918,0.00017294055627856535,0,0,88fae8021f134c4169ad854abe5e64d5837adefe63ff8cf2e03cf3b6f384df97,JNU_INTRADAY_MOMREV_G1_V1
2021-06-24,1.0,266,191,82,-0.006939923453406337,-2.6089937794760667e-05,122,75,38,37,37,21,0.0031285254075407247,8.45547407443439e-05,0,0,88fae8021f134c4169ad854abe5e64d5837adefe63ff8cf2e03cf3b6f384df97,JNU_INTRADAY_MOMREV_G1_V1
2021-06-25,1.0,260,176,73,-0.005855029215197655,-2.2519343135375598e-05,128,84,38,37,37,18,-0.003278697419088578,-8.861344375915076e-05,0,0,88fae8021f134c4169ad854abe5e64d5837adefe63ff8cf2e03cf3b6f384df97,JNU_INTRADAY_MOMREV_G1_V1
2021-06-28,1.0,234,145,53,-0.010179178409296483,-4.350076243289095e-05,154,89,38,37,37,19,0.0013791325116989327,3.727385166753872e-05,0,0,88fae8021f134c4169ad854abe5e64d5837adefe63ff8cf2e03cf3b6f384df97,JNU_INTRADAY_MOMREV_G1_V1
2021-06-29,1.0,252,171,74,-0.007297686317804213,-2.8959072689699256e-05,136,81,38,37,37,20,-0.0036441044208775104,-9.848930867236515e-05,0,0,88fae8021f134c4169ad854abe5e64d5837adefe63ff8cf2e03cf3b6f384df97,JNU_INTRADAY_MOMREV_G1_V1
2021-06-30,1.0,259,176,58,-0.011978833107981762,-4.625032088023846e-05,129,83,38,37,37,13,-0.006245203801745761,-0.00016878929193907464,0,0,88fae8021f134c4169ad854abe5e64d5837adefe63ff8cf2e03cf3b6f384df97,JNU_INTRADAY_MOMREV_G1_V1
2021-07-01,1.0,271,193,85,-0.01010151117408329,-3.7274948981857156e-05,117,78,38,37,37,20,-0.0006941621000384128,-1.876113783887602e-05,0,0,88fae8021f134c4169ad854abe5e64d5837adefe63ff8cf2e03cf3b6f384df97,JNU_INTRADAY_MOMREV_G1_V1
2021-07-02,1.0,231,147,59,-0.008868734864864345,-3.839279162278937e-05,157,84,38,37,37,21,0.0010432691388146719,2.819646321120735e-05,0,0,88fae8021f134c4169ad854abe5e64d5837adefe63ff8cf2e03cf3b6f384df97,JNU_INTRADAY_MOMREV_G1_V1
2021-07-05,1.0,259,176,61,-0.008742600121572026,-3.375521282460242e-05,129,83,38,37,37,19,0.004536312962957607,0.00012260305305290828,0,0,88fae8021f134c4169ad854abe5e64d5837adefe63ff8cf2e03cf3b6f384df97,JNU_INTRADAY_MOMREV_G1_V1
2021-07-06,1.0,232,145,52,-0.007497292639700904,-3.231591655043493e-05,156,87,38,37,37,17,-0.000698872199289917,-1.8888437818646408e-05,0,0,88fae8021f134c4169ad854abe5e64d5837adefe63ff8cf2e03cf3b6f384df97,JNU_INTRADAY_MOMREV_G1_V1
2021-07-07,1.0,271,191,91,0.003033471735324881,1.1193622639575208e-05,117,80,38,37,37,15,-0.005309570496070709,-0.00014350190529920835,0,0,88fae8021f134c4169ad854abe5e64d5837adefe63ff8cf2e03cf3b6f384df97,JNU_INTRADAY_MOMREV_G1_V1
2021-07-08,1.0,291,225,97,-0.01225120089565215,-4.2100346720454126e-05,97,66,38,37,37,24,0.00887516374801474,0.00023986929048688488,0,0,88fae8021f134c4169ad854abe5e64d5837adefe63ff8cf2e03cf3b6f384df97,JNU_INTRADAY_MOMREV_G1_V1
2021-07-09,1.0,336,290,137,0.002763210819840798,8.223841725716661e-06,52,46,38,37,37,17,8.549119090915831e-05,2.310572727274549e-06,0,0,88fae8021f134c4169ad854abe5e64d5837adefe63ff8cf2e03cf3b6f384df97,JNU_INTRADAY_MOMREV_G1_V1
2021-07-12,1.0,265,194,81,-0.011816875558275331,-4.459198323877484e-05,123,71,38,37,37,16,-0.0010511560016053128,-2.8409621665008454e-05,0,0,88fae8021f134c4169ad854abe5e64d5837adefe63ff8cf2e03cf3b6f384df97,JNU_INTRADAY_MOMREV_G1_V1
2021-07-13,1.0,268,190,83,-0.010963513942642077,-4.090863411433611e-05,120,78,38,37,37,21,0.0024279336730783523,6.561982900211763e-05,0,0,88fae8021f134c4169ad854abe5e64d5837adefe63ff8cf2e03cf3b6f384df97,JNU_INTRADAY_MOMREV_G1_V1
2021-07-14,1.0,268,193,74,-0.010825441266896975,-4.0393437563048414e-05,120,75,38,37,37,20,0.0040173702849839125,0.00010857757526983547,0,0,88fae8021f134c4169ad854abe5e64d5837adefe63ff8cf2e03cf3b6f384df97,JNU_INTRADAY_MOMREV_G1_V1
2021-07-15,1.0,299,230,102,-0.008464304224419591,-2.830870978066753e-05,89,69,38,37,37,19,0.0029879859275670348,8.075637642073067e-05,0,0,88fae8021f134c4169ad854abe5e64d5837adefe63ff8cf2e03cf3b6f384df97,JNU_INTRADAY_MOMREV_G1_V1
2021-07-16,1.0,306,240,123,0.010893975864020012,3.560122831379089e-05,82,66,38,37,37,16,-0.006056938986383443,-0.000163701053686039,0,0,88fae8021f134c4169ad854abe5e64d5837adefe63ff8cf2e03cf3b6f384df97,JNU_INTRADAY_MOMREV_G1_V1
2021-07-19,1.0,303,241,116,-0.006885973590129165,-2.2725985445970844e-05,85,62,38,37,37,21,0.0016160448192861683,4.367688700773428e-05,0,0,88fae8021f134c4169ad854abe5e64d5837adefe63ff8cf2e03cf3b6f384df97,JNU_INTRADAY_MOMREV_G1_V1
2021-07-20,1.0,312,255,133,0.005992597646190865,1.9207043737791235e-05,76,57,38,37,37,17,-0.013312731272860485,-0.00035980354791514827,0,0,88fae8021f134c4169ad854abe5e64d5837adefe63ff8cf2e03cf3b6f384df97,JNU_INTRADAY_MOMREV_G1_V1
2021-07-21,1.0,303,239,119,0.0035986187789727223,1.1876629633573342e-05,85,64,38,37,37,15,-0.010471759048537135,-0.00028302051482532797,0,0,88fae8021f134c4169ad854abe5e64d5837adefe63ff8cf2e03cf3b6f384df97,JNU_INTRADAY_MOMREV_G1_V1
2021-07-26,1.0,295,227,91,-0.016807963822625036,-5.697614855127131e-05,93,68,38,37,37,14,-0.004337094802715633,-0.00011721877845177387,0,0,88fae8021f134c4169ad854abe5e64d5837adefe63ff8cf2e03cf3b6f384df97,JNU_INTRADAY_MOMREV_G1_V1
2021-07-27,1.0,261,183,81,-0.008766790680390744,-3.3589236323336185e-05,127,78,38,37,37,19,-0.002864398794412351,-7.741618363276625e-05,0,0,88fae8021f134c4169ad854abe5e64d5837adefe63ff8cf2e03cf3b6f384df97,JNU_INTRADAY_MOMREV_G1_V1
2021-07-28,1.0,311,250,133,0.0016162981151085776,5.197100048580635e-06,77,61,38,37,37,20,0.00307183684087656,8.30226173209881e-05,0,0,88fae8021f134c4169ad854abe5e64d5837adefe63ff8cf2e03cf3b6f384df97,JNU_INTRADAY_MOMREV_G1_V1
2021-07-29,1.0,276,204,93,-0.009918526657143633,-3.593669078675229e-05,112,72,38,37,37,17,0.0010815433241476145,2.923090065263823e-05,0,0,88fae8021f134c4169ad854abe5e64d5837adefe63ff8cf2e03cf3b6f384df97,JNU_INTRADAY_MOMREV_G1_V1
2021-07-30,1.0,316,260,126,-0.0025916065023476177,-8.201286399834233e-06,72,56,38,37,37,19,-0.0007396519767717221,-1.99905939668033e-05,0,0,88fae8021f134c4169ad854abe5e64d5837adefe63ff8cf2e03cf3b6f384df97,JNU_INTRADAY_MOMREV_G1_V1
2021-08-02,1.0,286,218,92,-0.01606785872597529,-5.618132421669682e-05,102,68,38,37,37,15,-0.005241253827500096,-0.00014165550885135393,0,0,88fae8021f134c4169ad854abe5e64d5837adefe63ff8cf2e03cf3b6f384df97,JNU_INTRADAY_MOMREV_G1_V1
2021-08-03,1.0,287,214,99,-0.0056165106475999016,-1.956972351080105e-05,101,73,38,37,37,17,-0.0014534247733982556,-3.928175063238529e-05,0,0,88fae8021f134c4169ad854abe5e64d5837adefe63ff8cf2e03cf3b6f384df97,JNU_INTRADAY_MOMREV_G1_V1
2021-08-04,1.0,272,189,85,-0.003623982315271574,-1.3323464394380787e-05,116,83,38,37,37,18,-0.0016409535441041592,-4.4350095786598895e-05,0,0,88fae8021f134c4169ad854abe5e64d5837adefe63ff8cf2e03cf3b6f384df97,JNU_INTRADAY_MOMREV_G1_V1
2021-08-05,1.0,260,180,64,-0.013351590431908492,-5.135227089195574e-05,128,80,38,37,37,22,0.006162708682640795,0.00016655969412542688,0,0,88fae8021f134c4169ad854abe5e64d5837adefe63ff8cf2e03cf3b6f384df97,JNU_INTRADAY_MOMREV_G1_V1
2021-08-06,1.0,256,180,64,-0.015325120961461025,-5.986375375570713e-05,132,76,38,37,37,16,-0.0037865884482312893,-0.0001023402283305754,0,0,88fae8021f134c4169ad854abe5e64d5837adefe63ff8cf2e03cf3b6f384df97,JNU_INTRADAY_MOMREV_G1_V1
2021-08-10,1.0,287,218,97,-0.008245735676447274,-2.8730786329084576e-05,101,69,38,37,37,19,0.001623094936850635,4.386743072569284e-05,0,0,88fae8021f134c4169ad854abe5e64d5837adefe63ff8cf2e03cf3b6f384df97,JNU_INTRADAY_MOMREV_G1_V1
2021-08-11,1.0,251,167,65,-0.0060750791306047654,-2.4203502512369584e-05,137,84,38,37,37,20,0.0017847266035572952,4.823585415019717e-05,0,0,88fae8021f134c4169ad854abe5e64d5837adefe63ff8cf2e03cf3b6f384df97,JNU_INTRADAY_MOMREV_G1_V1
2021-08-12,1.0,272,186,68,-0.012796332913013153,-4.704534159196012e-05,116,86,38,37,37,16,-0.0021374272356622917,-5.776830366654842e-05,0,0,88fae8021f134c4169ad854abe5e64d5837adefe63ff8cf2e03cf3b6f384df97,JNU_INTRADAY_MOMREV_G1_V1
2021-08-13,1.0,259,186,82,-0.004112112459052203,-1.5876882081282635e-05,129,73,38,37,37,18,-0.001250205619208603,-3.378934105969197e-05,0,0,88fae8021f134c4169ad854abe5e64d5837adefe63ff8cf2e03cf3b6f384df97,JNU_INTRADAY_MOMREV_G1_V1
2021-08-16,1.0,270,196,88,-0.00529131867392272,-1.959747657008415e-05,118,74,38,37,37,18,0.004480981151991062,0.00012110759870246115,0,0,88fae8021f134c4169ad854abe5e64d5837adefe63ff8cf2e03cf3b6f384df97,JNU_INTRADAY_MOMREV_G1_V1
2021-08-17,1.0,279,209,111,0.006556026709432614,2.349830361803804e-05,109,70,38,37,37,21,-0.0007262267449678567,-1.9627749863996126e-05,0,0,88fae8021f134c4169ad854abe5e64d5837adefe63ff8cf2e03cf3b6f384df97,JNU_INTRADAY_MOMREV_G1_V1
2021-08-18,1.0,273,193,90,-0.0056291005642085555,-2.0619415986111924e-05,115,80,38,37,37,20,0.0056561838653166495,0.00015286983419774729,0,0,88fae8021f134c4169ad854abe5e64d5837adefe63ff8cf2e03cf3b6f384df97,JNU_INTRADAY_MOMREV_G1_V1
2021-08-19,1.0,271,195,82,-0.01206759475486057,-4.4529869944134945e-05,117,76,38,37,37,20,-0.0016584471914912065,-4.482289706732991e-05,0,0,88fae8021f134c4169ad854abe5e64d5837adefe63ff8cf2e03cf3b6f384df97,JNU_INTRADAY_MOMREV_G1_V1
2021-08-20,1.0,318,261,113,-0.017478683442918405,-5.496441334251071e-05,70,57,38,37,37,18,-0.0022223680628608855,-6.006400169894285e-05,0,0,88fae8021f134c4169ad854abe5e64d5837adefe63ff8cf2e03cf3b6f384df97,JNU_INTRADAY_MOMREV_G1_V1
2021-08-23,1.0,285,216,95,-0.009509145456580926,-3.336542265466991e-05,103,69,38,37,37,24,0.00511106909498982,0.00013813700256729244,0,0,88fae8021f134c4169ad854abe5e64d5837adefe63ff8cf2e03cf3b6f384df97,JNU_INTRADAY_MOMREV_G1_V1
2021-08-24,1.0,250,158,60,-0.009908300237086583,-3.963320094834633e-05,138,92,38,37,37,17,0.0005495734462244654,1.4853336384445011e-05,0,0,88fae8021f134c4169ad854abe5e64d5837adefe63ff8cf2e03cf3b6f384df97,JNU_INTRADAY_MOMREV_G1_V1
2021-08-25,1.0,266,185,80,-0.005411436849690248,-2.0343747555226497e-05,122,81,38,37,37,25,0.010813731897983181,0.0002922630242698157,0,0,88fae8021f134c4169ad854abe5e64d5837adefe63ff8cf2e03cf3b6f384df97,JNU_INTRADAY_MOMREV_G1_V1
2021-08-26,1.0,236,151,52,-0.01136899595533174,-4.8173711675134495e-05,152,85,38,37,37,18,0.0009010770311733046,2.435343327495418e-05,0,0,88fae8021f134c4169ad854abe5e64d5837adefe63ff8cf2e03cf3b6f384df97,JNU_INTRADAY_MOMREV_G1_V1
2021-08-27,1.0,264,189,78,-0.014874605145922405,-5.634320131031214e-05,124,75,38,37,37,22,-0.0009231136795564694,-2.4949018366391064e-05,0,0,88fae8021f134c4169ad854abe5e64d5837adefe63ff8cf2e03cf3b6f384df97,JNU_INTRADAY_MOMREV_G1_V1
2021-08-30,1.0,253,171,61,-0.01260648512869495,-4.982800446124486e-05,135,82,38,37,37,28,0.0102616458043322,0.00027734177849546483,0,0,88fae8021f134c4169ad854abe5e64d5837adefe63ff8cf2e03cf3b6f384df97,JNU_INTRADAY_MOMREV_G1_V1
2021-08-31,1.0,275,206,95,0.0010922629916762913,3.971865424277423e-06,113,69,38,37,37,16,0.0007809491660739017,2.1106734218213558e-05,0,0,88fae8021f134c4169ad854abe5e64d5837adefe63ff8cf2e03cf3b6f384df97,JNU_INTRADAY_MOMREV_G1_V1
2021-09-01,1.0,285,210,103,-0.0066889767430288296,-2.3470093835188877e-05,103,75,38,37,37,14,-0.011292682909612375,-0.00030520764620573984,0,0,88fae8021f134c4169ad854abe5e64d5837adefe63ff8cf2e03cf3b6f384df97,JNU_INTRADAY_MOMREV_G1_V1
2021-09-02,1.0,286,213,104,0.0005340885368296797,1.8674424364674115e-06,102,73,38,37,37,17,-4.096044522797324e-06,-1.1070390602154929e-07,0,0,88fae8021f134c4169ad854abe5e64d5837adefe63ff8cf2e03cf3b6f384df97,JNU_INTRADAY_MOMREV_G1_V1
2021-09-03,1.0,303,239,112,0.0033281596999377096,1.0984025412335675e-05,85,64,38,37,37,18,-0.003485716231123797,-9.420854678712964e-05,0,0,88fae8021f134c4169ad854abe5e64d5837adefe63ff8cf2e03cf3b6f384df97,JNU_INTRADAY_MOMREV_G1_V1
2021-09-06,1.0,310,250,110,0.00035975561862722184,1.1605019955716834e-06,78,60,38,37,37,17,0.005392856220686069,0.0001457528708293532,0,0,88fae8021f134c4169ad854abe5e64d5837adefe63ff8cf2e03cf3b6f384df97,JNU_INTRADAY_MOMREV_G1_V1
2021-09-07,1.0,319,269,128,0.0009990975050335352,3.1319671004186057e-06,69,50,38,37,37,23,0.0097628485748129,0.00026386077229224056,0,0,88fae8021f134c4169ad854abe5e64d5837adefe63ff8cf2e03cf3b6f384df97,JNU_INTRADAY_MOMREV_G1_V1
2021-09-08,1.0,320,267,136,0.003046079937791016,9.518999805596924e-06,68,53,38,37,37,23,0.001777944442230269,4.805255249270997e-05,0,0,88fae8021f134c4169ad854abe5e64d5837adefe63ff8cf2e03cf3b6f384df97,JNU_INTRADAY_MOMREV_G1_V1
2021-09-09,1.0,285,218,108,-0.004181312688252417,-1.4671272590359358e-05,103,67,38,37,37,20,0.002056412400784284,5.557871353471038e-05,0,0,88fae8021f134c4169ad854abe5e64d5837adefe63ff8cf2e03cf3b6f384df97,JNU_INTRADAY_MOMREV_G1_V1
2021-09-10,1.0,286,214,104,-0.0015024509159011156,-5.253324880773132e-06,102,72,38,37,37,23,-0.0035014734723720293,-9.4634418172217e-05,0,0,88fae8021f134c4169ad854abe5e64d5837adefe63ff8cf2e03cf3b6f384df97,JNU_INTRADAY_MOMREV_G1_V1
2021-09-13,1.0,284,212,92,-0.008971305377057488,-3.158910344034327e-05,104,72,38,37,37,20,-0.002143915989613559,-5.794367539496106e-05,0,0,88fae8021f134c4169ad854abe5e64d5837adefe63ff8cf2e03cf3b6f384df97,JNU_INTRADAY_MOMREV_G1_V1
2021-09-14,1.0,297,229,113,-0.0026382960625800436,-8.883151725858732e-06,91,68,38,37,37,18,0.007065173148452992,0.00019095062563386465,0,0,88fae8021f134c4169ad854abe5e64d5837adefe63ff8cf2e03cf3b6f384df97,JNU_INTRADAY_MOMREV_G1_V1
2021-09-15,1.0,304,240,114,-0.005115406690435659,-1.682699569222256e-05,84,64,38,37,37,21,-0.00033918804275030333,-9.167244398656847e-06,0,0,88fae8021f134c4169ad854abe5e64d5837adefe63ff8cf2e03cf3b6f384df97,JNU_INTRADAY_MOMREV_G1_V1
2021-09-16,1.0,315,263,115,-0.01093031981196871,-3.469942797450384e-05,73,52,38,37,37,19,-0.006132330397070524,-0.00016573865938028444,0,0,88fae8021f134c4169ad854abe5e64d5837adefe63ff8cf2e03cf3b6f384df97,JNU_INTRADAY_MOMREV_G1_V1
2021-09-17,1.0,263,186,86,-0.0056147194617410506,-2.1348743200536313e-05,125,77,38,37,37,25,0.013046735441109097,0.00035261447138132694,0,0,88fae8021f134c4169ad854abe5e64d5837adefe63ff8cf2e03cf3b6f384df97,JNU_INTRADAY_MOMREV_G1_V1
2021-09-21,1.0,296,231,107,-0.003857165653107604,-1.3030965044282446e-05,92,65,38,37,37,18,-0.005726796876207856,-0.0001547782939515637,0,0,88fae8021f134c4169ad854abe5e64d5837adefe63ff8cf2e03cf3b6f384df97,JNU_INTRADAY_MOMREV_G1_V1
2021-09-22,1.0,308,247,118,-2.46579892116691e-05,-8.005840653139318e-08,80,61,38,37,37,12,-0.0035624739551732205,-9.62830798695465e-05,0,0,88fae8021f134c4169ad854abe5e64d5837adefe63ff8cf2e03cf3b6f384df97,JNU_INTRADAY_MOMREV_G1_V1
2021-09-24,1.0,271,203,88,-0.010646980833537344,-3.928775215327433e-05,117,68,38,37,37,17,-0.002330867429952966,-6.299641702575584e-05,0,0,88fae8021f134c4169ad854abe5e64d5837adefe63ff8cf2e03cf3b6f384df97,JNU_INTRADAY_MOMREV_G1_V1
2021-09-27,1.0,285,218,97,-0.004653265900663202,-1.632724877425685e-05,103,67,38,36,36,18,-0.0014965818302888412,-4.1571717508023365e-05,1,0,88fae8021f134c4169ad854abe5e64d5837adefe63ff8cf2e03cf3b6f384df97,JNU_INTRADAY_MOMREV_G1_V1
2021-09-28,1.0,263,187,77,-0.011849438907345073,-4.5054900788384306e-05,125,76,38,37,37,18,-0.007172849211954016,-0.0001938607895122707,0,0,88fae8021f134c4169ad854abe5e64d5837adefe63ff8cf2e03cf3b6f384df97,JNU_INTRADAY_MOMREV_G1_V1
2021-09-29,1.0,326,273,125,-0.0078095974557645335,-2.3955820416455624e-05,62,53,38,37,37,24,0.011217488618573444,0.0003031753680695525,0,0,88fae8021f134c4169ad854abe5e64d5837adefe63ff8cf2e03cf3b6f384df97,JNU_INTRADAY_MOMREV_G1_V1
2021-09-30,1.0,309,253,127,0.004749588279720709,1.5370835856701325e-05,79,56,38,37,37,19,0.0025377206600818583,6.858704486707726e-05,0,0,88fae8021f134c4169ad854abe5e64d5837adefe63ff8cf2e03cf3b6f384df97,JNU_INTRADAY_MOMREV_G1_V1
2021-10-01,1.0,322,272,136,-0.004630247778427478,-1.4379651485799623e-05,66,50,38,37,37,17,0.003643503899070569,9.847307835325862e-05,0,0,88fae8021f134c4169ad854abe5e64d5837adefe63ff8cf2e03cf3b6f384df97,JNU_INTRADAY_MOMREV_G1_V1
2021-10-04,1.0,349,314,159,0.0032393293345180352,9.281745944177751e-06,39,35,38,37,37,22,-0.006358618935310535,-0.00017185456581920365,0,0,88fae8021f134c4169ad854abe5e64d5837adefe63ff8cf2e03cf3b6f384df97,JNU_INTRADAY_MOMREV_G1_V1
2021-10-05,1.0,341,299,150,0.009525851063504912,2.7935047107052528e-05,47,42,38,37,37,18,0.010955478226049366,0.0002960940061094423,0,0,88fae8021f134c4169ad854abe5e64d5837adefe63ff8cf2e03cf3b6f384df97,JNU_INTRADAY_MOMREV_G1_V1
2021-10-06,1.0,349,318,169,0.017323522608718517,4.963760059804733e-05,39,31,38,37,37,18,-0.007440958139782856,-0.000201106976750888,0,0,88fae8021f134c4169ad854abe5e64d5837adefe63ff8cf2e03cf3b6f384df97,JNU_INTRADAY_MOMREV_G1_V1
2021-10-07,1.0,345,310,141,-0.010259206522383369,-2.973683049966194e-05,43,35,38,37,37,19,0.014206993015886581,0.00038397278421315085,0,0,88fae8021f134c4169ad854abe5e64d5837adefe63ff8cf2e03cf3b6f384df97,JNU_INTRADAY_MOMREV_G1_V1
2021-10-08,1.0,319,264,117,-0.02217085290295051,-6.950110627884172e-05,69,55,38,37,37,21,0.008330229082455582,0.00022514132655285357,0,0,88fae8021f134c4169ad854abe5e64d5837adefe63ff8cf2e03cf3b6f384df97,JNU_INTRADAY_MOMREV_G1_V1
2021-10-11,1.0,310,248,123,0.007634489013939107,2.4627383915932604e-05,78,62,38,37,37,21,-0.0015349723904088568,-4.1485740281320456e-05,0,0,88fae8021f134c4169ad854abe5e64d5837adefe63ff8cf2e03cf3b6f384df97,JNU_INTRADAY_MOMREV_G1_V1
2021-10-12,1.0,330,284,124,-0.026501787390694163,-8.030844663846717e-05,58,46,38,37,37,19,0.004262829428391521,0.00011521160617274381,0,0,88fae8021f134c4169ad854abe5e64d5837adefe63ff8cf2e03cf3b6f384df97,JNU_INTRADAY_MOMREV_G1_V1
2021-10-13,1.0,294,233,99,-0.011730542948320198,-3.989980594666734e-05,94,61,38,37,37,20,0.002127012033392617,5.7486811713313973e-05,0,0,88fae8021f134c4169ad854abe5e64d5837adefe63ff8cf2e03cf3b6f384df97,JNU_INTRADAY_MOMREV_G1_V1
2021-10-14,1.0,293,218,91,-0.011792867712265929,-4.024869526370624e-05,95,75,38,37,37,22,0.0056073469523190075,0.00015154991763024345,0,0,88fae8021f134c4169ad854abe5e64d5837adefe63ff8cf2e03cf3b6f384df97,JNU_INTRADAY_MOMREV_G1_V1
2021-10-15,1.0,292,231,109,-0.006527008774737519,-2.235276977649835e-05,96,61,38,37,37,20,0.006115170255262942,0.0001652748717638633,0,0,88fae8021f134c4169ad854abe5e64d5837adefe63ff8cf2e03cf3b6f384df97,JNU_INTRADAY_MOMREV_G1_V1
2021-10-18,1.0,301,241,104,-0.0034478204523961486,-1.145455299799385e-05,87,60,38,37,37,20,0.006028129159759281,0.0001629224097232238,0,0,88fae8021f134c4169ad854abe5e64d5837adefe63ff8cf2e03cf3b6f384df97,JNU_INTRADAY_MOMREV_G1_V1
2021-10-19,1.0,277,207,84,-0.01078184120993151,-3.892361447628704e-05,111,70,38,37,37,20,-0.0006897204007191727,-1.864109191132899e-05,0,0,88fae8021f134c4169ad854abe5e64d5837adefe63ff8cf2e03cf3b6f384df97,JNU_INTRADAY_MOMREV_G1_V1
2021-10-20,1.0,278,208,98,-0.005121413657632395,-1.8422351286447462e-05,110,70,38,37,37,14,-0.00989354378192672,-0.00026739307518720867,0,0,88fae8021f134c4169ad854abe5e64d5837adefe63ff8cf2e03cf3b6f384df97,JNU_INTRADAY_MOMREV_G1_V1
2021-10-21,1.0,309,248,124,0.00830550012922821,2.6878641194913302e-05,79,61,38,37,37,21,0.00031417309015065935,8.491164598666469e-06,0,0,88fae8021f134c4169ad854abe5e64d5837adefe63ff8cf2e03cf3b6f384df97,JNU_INTRADAY_MOMREV_G1_V1
2021-10-22,1.0,304,237,115,-0.0007161094093299212,-2.3556230570063198e-06,84,67,38,37,37,20,0.0024918056361391025,6.73460982740298e-05,0,0,88fae8021f134c4169ad854abe5e64d5837adefe63ff8cf2e03cf3b6f384df97,JNU_INTRADAY_MOMREV_G1_V1
2021-10-25,1.0,298,233,100,-0.011722661865596855,-3.933779149529146e-05,90,65,38,37,37,23,0.007172265665819635,0.00019384501799512527,0,0,88fae8021f134c4169ad854abe5e64d5837adefe63ff8cf2e03cf3b6f384df97,JNU_INTRADAY_MOMREV_G1_V1
2021-10-26,1.0,277,204,88,-0.008053581285233981,-2.9074300668714735e-05,111,73,38,37,37,16,-0.005676772052967101,-0.00015342627170181355,0,0,88fae8021f134c4169ad854abe5e64d5837adefe63ff8cf2e03cf3b6f384df97,JNU_INTRADAY_MOMREV_G1_V1
2021-10-27,1.0,267,186,83,-0.0013875412055227077,-5.19678354128355e-06,121,81,38,37,37,17,-0.005345778713426931,-0.00014448050576829543,0,0,88fae8021f134c4169ad854abe5e64d5837adefe63ff8cf2e03cf3b6f384df97,JNU_INTRADAY_MOMREV_G1_V1
2021-10-28,1.0,295,241,104,-0.0048488207368671855,-1.643668046395656e-05,93,54,38,37,37,21,0.0062591138776403685,0.00016916523993622617,0,0,88fae8021f134c4169ad854abe5e64d5837adefe63ff8cf2e03cf3b6f384df97,JNU_INTRADAY_MOMREV_G1_V1
2021-10-29,1.0,303,241,120,-0.00015483771609365468,-5.11015564665527e-07,85,62,38,37,37,19,-0.008882021173331095,-0.00024005462630624581,0,0,88fae8021f134c4169ad854abe5e64d5837adefe63ff8cf2e03cf3b6f384df97,JNU_INTRADAY_MOMREV_G1_V1
2021-11-01,1.0,292,227,97,-0.013032044248282486,-4.4630288521515366e-05,96,65,38,37,37,17,-0.004412362300709063,-0.000119253035154299,0,0,88fae8021f134c4169ad854abe5e64d5837adefe63ff8cf2e03cf3b6f384df97,JNU_INTRADAY_MOMREV_G1_V1
2021-11-02,1.0,280,209,84,-0.012197332967504887,-4.35619034553746e-05,108,71,38,37,37,16,0.0008457513315557972,2.2858144096102628e-05,0,0,88fae8021f134c4169ad854abe5e64d5837adefe63ff8cf2e03cf3b6f384df97,JNU_INTRADAY_MOMREV_G1_V1
2021-11-04,1.0,258,176,77,-0.006887366243783883,-2.6695217999162336e-05,130,82,38,37,37,24,0.0046987758926954806,0.0001269939430458238,0,0,88fae8021f134c4169ad854abe5e64d5837adefe63ff8cf2e03cf3b6f384df97,JNU_INTRADAY_MOMREV_G1_V1
2021-11-05,1.0,268,185,74,-0.008434417809689372,-3.14717082451096e-05,120,83,38,37,37,17,-0.0035374860790988337,-9.560773186753605e-05,0,0,88fae8021f134c4169ad854abe5e64d5837adefe63ff8cf2e03cf3b6f384df97,JNU_INTRADAY_MOMREV_G1_V1
2021-11-08,1.0,281,212,90,-0.008963925101226226,-3.190008932820721e-05,107,69,38,37,37,18,-0.004883197888657081,-0.00013197832131505623,0,0,88fae8021f134c4169ad854abe5e64d5837adefe63ff8cf2e03cf3b6f384df97,JNU_INTRADAY_MOMREV_G1_V1
2021-11-09,1.0,278,198,110,0.021627654045717558,7.779731671121423e-05,110,80,38,37,37,19,0.004029136913103095,0.0001088955922460296,0,0,88fae8021f134c4169ad854abe5e64d5837adefe63ff8cf2e03cf3b6f384df97,JNU_INTRADAY_MOMREV_G1_V1
2021-11-10,1.0,287,218,91,-0.010461947464974095,-3.6452778623603116e-05,101,69,38,37,37,18,0.003590388053179865,9.703751495080716e-05,0,0,88fae8021f134c4169ad854abe5e64d5837adefe63ff8cf2e03cf3b6f384df97,JNU_INTRADAY_MOMREV_G1_V1
2021-11-11,1.0,289,216,96,-0.003911981699549684,-1.3536268856573302e-05,99,73,38,37,37,20,0.0017063057966914832,4.61163728835536e-05,0,0,88fae8021f134c4169ad854abe5e64d5837adefe63ff8cf2e03cf3b6f384df97,JNU_INTRADAY_MOMREV_G1_V1
2021-11-12,1.0,265,186,72,-0.0101451904260403,-3.828373745675585e-05,123,79,38,37,37,22,0.009488732785577533,0.00025645223744804143,0,0,88fae8021f134c4169ad854abe5e64d5837adefe63ff8cf2e03cf3b6f384df97,JNU_INTRADAY_MOMREV_G1_V1
2021-11-15,1.0,253,169,70,-0.010586726621921592,-4.1844769256607084e-05,135,84,38,37,37,23,0.005543101765746228,0.00014981356123638454,0,0,88fae8021f134c4169ad854abe5e64d5837adefe63ff8cf2e03cf3b6f384df97,JNU_INTRADAY_MOMREV_G1_V1
2021-11-16,1.0,262,183,83,0.0006526878705889821,2.491175078583901e-06,126,79,38,37,37,23,0.009905078612590866,0.0002677048273673207,0,0,88fae8021f134c4169ad854abe5e64d5837adefe63ff8cf2e03cf3b6f384df97,JNU_INTRADAY_MOMREV_G1_V1
2021-11-17,1.0,274,203,87,-0.004215562642071386,-1.538526511704885e-05,114,71,38,37,37,21,0.011628264372418332,0.0003142774154707657,0,0,88fae8021f134c4169ad854abe5e64d5837adefe63ff8cf2e03cf3b6f384df97,JNU_INTRADAY_MOMREV_G1_V1
2021-11-18,1.0,281,200,88,-0.006101244398775385,-2.171261351877361e-05,107,81,38,37,37,14,-0.005770850339951665,-0.00015596892810680176,0,0,88fae8021f134c4169ad854abe5e64d5837adefe63ff8cf2e03cf3b6f384df97,JNU_INTRADAY_MOMREV_G1_V1
2021-11-19,1.0,288,217,87,-0.01395965274576903,-4.8471016478364684e-05,100,71,38,37,37,20,0.002866474450944318,7.747228245795453e-05,0,0,88fae8021f134c4169ad854abe5e64d5837adefe63ff8cf2e03cf3b6f384df97,JNU_INTRADAY_MOMREV_G1_V1
2021-11-22,1.0,266,187,76,-0.0075838322168147185,-2.851064743163428e-05,122,79,38,37,37,16,-0.0035347307276167306,-9.553326290856029e-05,0,0,88fae8021f134c4169ad854abe5e64d5837adefe63ff8cf2e03cf3b6f384df97,JNU_INTRADAY_MOMREV_G1_V1
2021-11-24,1.0,292,222,86,-0.009342464250779007,-3.199474058485961e-05,96,70,38,37,37,19,0.0031922752305318883,8.627770893329429e-05,0,0,88fae8021f134c4169ad854abe5e64d5837adefe63ff8cf2e03cf3b6f384df97,JNU_INTRADAY_MOMREV_G1_V1
2021-11-25,1.0,248,158,65,-0.005086588657745935,-2.051043813607232e-05,140,90,38,37,37,20,0.0025440251792866724,6.875743727801818e-05,0,0,88fae8021f134c4169ad854abe5e64d5837adefe63ff8cf2e03cf3b6f384df97,JNU_INTRADAY_MOMREV_G1_V1
2021-11-26,1.0,333,290,137,-0.009450648479098623,-2.8380325763058926e-05,55,43,38,37,37,18,-0.013912701540149196,-0.00037601896054457285,0,0,88fae8021f134c4169ad854abe5e64d5837adefe63ff8cf2e03cf3b6f384df97,JNU_INTRADAY_MOMREV_G1_V1
2021-11-29,1.0,341,301,171,0.020612987514805725,6.0448643738433213e-05,47,40,38,37,37,19,-0.008444560482686998,-0.0002282313643969459,0,0,88fae8021f134c4169ad854abe5e64d5837adefe63ff8cf2e03cf3b6f384df97,JNU_INTRADAY_MOMREV_G1_V1
2021-11-30,1.0,335,291,149,-0.004692323332551199,-1.4006935321048356e-05,53,44,38,37,37,17,-0.007330951665676285,-0.00019813382880206178,0,0,88fae8021f134c4169ad854abe5e64d5837adefe63ff8cf2e03cf3b6f384df97,JNU_INTRADAY_MOMREV_G1_V1
2021-12-01,1.0,334,292,152,0.030340033858584747,9.083842472630164e-05,54,42,38,37,37,23,0.027380410714047818,0.0007400111003796708,0,0,88fae8021f134c4169ad854abe5e64d5837adefe63ff8cf2e03cf3b6f384df97,JNU_INTRADAY_MOMREV_G1_V1
2021-12-02,1.0,339,299,150,1.7952342389913412e-05,5.295676221213396e-08,49,40,38,37,37,22,0.014424395979563971,0.0003898485399882154,0,0,88fae8021f134c4169ad854abe5e64d5837adefe63ff8cf2e03cf3b6f384df97,JNU_INTRADAY_MOMREV_G1_V1
2021-12-03,1.0,324,270,129,-0.002930546589090962,-9.044896879910376e-06,64,54,38,37,37,17,-0.010248147276625768,-0.00027697695342231805,0,0,88fae8021f134c4169ad854abe5e64d5837adefe63ff8cf2e03cf3b6f384df97,JNU_INTRADAY_MOMREV_G1_V1
2021-12-06,1.0,315,261,119,-0.010763094631773117,-3.416855438658132e-05,73,54,38,37,37,25,0.017778362514184142,0.000480496284167139,0,0,88fae8021f134c4169ad854abe5e64d5837adefe63ff8cf2e03cf3b6f384df97,JNU_INTRADAY_MOMREV_G1_V1
2021-12-07,1.0,326,273,123,-0.010954027281912786,-3.360131068071407e-05,62,53,38,37,37,14,-0.010315646261090015,-0.0002788012502997301,0,0,88fae8021f134c4169ad854abe5e64d5837adefe63ff8cf2e03cf3b6f384df97,JNU_INTRADAY_MOMREV_G1_V1
2021-12-08,1.0,309,254,109,-0.018404129666828733,-5.9560290183911757e-05,79,55,38,37,37,22,0.0013818945336578378,3.7348500909671295e-05,0,0,88fae8021f134c4169ad854abe5e64d5837adefe63ff8cf2e03cf3b6f384df97,JNU_INTRADAY_MOMREV_G1_V1
2021-12-09,1.0,272,197,88,-0.001915783800142057,-7.043322794639916e-06,116,75,38,37,37,18,0.0017351834508872227,4.689685002397899e-05,0,0,88fae8021f134c4169ad854abe5e64d5837adefe63ff8cf2e03cf3b6f384df97,JNU_INTRADAY_MOMREV_G1_V1
2021-12-10,1.0,297,235,100,-0.009984259923187522,-3.361703677840916e-05,91,62,38,37,37,17,-0.009302510926535853,-0.00025141921423069873,0,0,88fae8021f134c4169ad854abe5e64d5837adefe63ff8cf2e03cf3b6f384df97,JNU_INTRADAY_MOMREV_G1_V1
2021-12-13,1.0,271,193,85,-0.0017330987919900896,-6.395198494428375e-06,117,78,38,37,37,17,-0.004013490917474579,-0.00010847272749931294,0,0,88fae8021f134c4169ad854abe5e64d5837adefe63ff8cf2e03cf3b6f384df97,JNU_INTRADAY_MOMREV_G1_V1
2021-12-14,1.0,292,226,105,0.001938165370949837,6.637552640239168e-06,96,66,38,37,37,21,0.01355026512523515,0.00036622338176311216,0,0,88fae8021f134c4169ad854abe5e64d5837adefe63ff8cf2e03cf3b6f384df97,JNU_INTRADAY_MOMREV_G1_V1
2021-12-15,1.0,270,189,75,-0.014794805845990933,-5.479557720737382e-05,118,81,38,37,37,20,-0.004053147270743672,-0.00010954452083091006,0,0,88fae8021f134c4169ad854abe5e64d5837adefe63ff8cf2e03cf3b6f384df97,JNU_INTRADAY_MOMREV_G1_V1
2021-12-16,1.0,286,214,101,-0.005506010164191022,-1.92517837908777e-05,102,72,38,37,37,23,0.005001585431801932,0.00013517798464329547,0,0,88fae8021f134c4169ad854abe5e64d5837adefe63ff8cf2e03cf3b6f384df97,JNU_INTRADAY_MOMREV_G1_V1
2021-12-17,1.0,303,242,121,0.002839337911330317,9.370752182608307e-06,85,61,38,37,37,19,0.0013915661230710732,3.760989521813711e-05,0,0,88fae8021f134c4169ad854abe5e64d5837adefe63ff8cf2e03cf3b6f384df97,JNU_INTRADAY_MOMREV_G1_V1
2021-12-20,1.0,334,291,150,0.00106413821776487,3.1860425681582934e-06,54,43,38,37,37,17,0.0025335303452387044,6.847379311455958e-05,0,0,88fae8021f134c4169ad854abe5e64d5837adefe63ff8cf2e03cf3b6f384df97,JNU_INTRADAY_MOMREV_G1_V1
2021-12-21,1.0,284,212,107,0.007952150980671474,2.8000531622082656e-05,104,72,38,37,37,23,0.007236154262974217,0.000195571736837141,0,0,88fae8021f134c4169ad854abe5e64d5837adefe63ff8cf2e03cf3b6f384df97,JNU_INTRADAY_MOMREV_G1_V1
2021-12-22,1.0,283,211,98,-0.005784631522151451,-2.0440394071206538e-05,105,72,38,37,37,17,0.0013949022271441498,3.770006019308513e-05,0,0,88fae8021f134c4169ad854abe5e64d5837adefe63ff8cf2e03cf3b6f384df97,JNU_INTRADAY_MOMREV_G1_V1
2021-12-23,1.0,251,174,64,-0.013096928990790981,-5.217899996331068e-05,137,77,38,37,37,17,-0.0024351194890897365,-6.581404024566855e-05,0,0,88fae8021f134c4169ad854abe5e64d5837adefe63ff8cf2e03cf3b6f384df97,JNU_INTRADAY_MOMREV_G1_V1
2021-12-24,1.0,237,147,41,-0.013210320533361698,-5.573974908591434e-05,151,90,38,37,37,15,-0.0024340588574681132,-6.578537452616522e-05,0,0,88fae8021f134c4169ad854abe5e64d5837adefe63ff8cf2e03cf3b6f384df97,JNU_INTRADAY_MOMREV_G1_V1
2021-12-27,1.0,230,139,55,-0.006102200286593215,-2.6531305593883542e-05,158,91,38,37,37,18,0.005406457522844716,0.00014612047359039774,0,0,88fae8021f134c4169ad854abe5e64d5837adefe63ff8cf2e03cf3b6f384df97,JNU_INTRADAY_MOMREV_G1_V1
2021-12-28,1.0,278,201,84,-0.010201185054064255,-3.669491026641818e-05,110,77,38,37,37,14,-0.006023960789969005,-0.0001628097510802434,0,0,88fae8021f134c4169ad854abe5e64d5837adefe63ff8cf2e03cf3b6f384df97,JNU_INTRADAY_MOMREV_G1_V1
2021-12-29,1.0,285,217,82,-0.016952330585570875,-5.948186170375746e-05,103,68,38,37,37,20,-0.002230040102071353,-6.027135411003657e-05,0,0,88fae8021f134c4169ad854abe5e64d5837adefe63ff8cf2e03cf3b6f384df97,JNU_INTRADAY_MOMREV_G1_V1
2021-12-30,1.0,295,233,100,-0.007952394863137827,-2.6957270722501108e-05,93,62,38,37,37,20,-0.004885396002985137,-0.0001320377298104091,0,0,88fae8021f134c4169ad854abe5e64d5837adefe63ff8cf2e03cf3b6f384df97,JNU_INTRADAY_MOMREV_G1_V1
2022-01-04,1.0,289,221,110,-0.0013696315363668,-4.739209468397232e-06,99,68,38,37,37,19,0.0007038207666511702,1.902218288246406e-05,0,0,cec6b4217abffaf0aaf1af9fe03b250f7865bc5751088936be3ba698d5f3d62b,JNU_INTRADAY_MOMREV_G1_V1
2022-01-05,1.0,255,173,76,-0.00786266563238568,-3.0833982872100705e-05,133,82,38,37,37,24,0.012636539961466233,0.000341528107066655,0,0,cec6b4217abffaf0aaf1af9fe03b250f7865bc5751088936be3ba698d5f3d62b,JNU_INTRADAY_MOMREV_G1_V1
2022-01-06,1.0,312,250,125,-0.011329603635053347,-3.6312832163632525e-05,76,62,38,37,37,14,-0.011708699453184052,-0.00031645133657254195,0,0,cec6b4217abffaf0aaf1af9fe03b250f7865bc5751088936be3ba698d5f3d62b,JNU_INTRADAY_MOMREV_G1_V1
2022-01-07,1.0,320,266,120,-0.008382842246162661,-2.6196382019258317e-05,68,54,38,37,37,22,-0.0010200587808855402,-2.7569156240149734e-05,0,0,cec6b4217abffaf0aaf1af9fe03b250f7865bc5751088936be3ba698d5f3d62b,JNU_INTRADAY_MOMREV_G1_V1
2022-01-11,1.0,307,250,116,-0.005172562989542195,-1.684873937961627e-05,81,57,38,37,37,21,0.0030005082137684646,8.109481658833689e-05,0,0,cec6b4217abffaf0aaf1af9fe03b250f7865bc5751088936be3ba698d5f3d62b,JNU_INTRADAY_MOMREV_G1_V1
2022-01-12,1.0,268,184,84,-0.002792077160706848,-1.0418198360846448e-05,120,84,38,37,37,17,-0.0015810760531111596,-4.273178521922053e-05,0,0,cec6b4217abffaf0aaf1af9fe03b250f7865bc5751088936be3ba698d5f3d62b,JNU_INTRADAY_MOMREV_G1_V1
2022-01-13,1.0,271,185,72,-0.01244718856604071,-4.593058511454137e-05,117,86,38,37,37,14,-0.0050845726078719185,-0.00013742088129383565,0,0,cec6b4217abffaf0aaf1af9fe03b250f7865bc5751088936be3ba698d5f3d62b,JNU_INTRADAY_MOMREV_G1_V1
2022-01-14,1.0,327,277,135,0.01137449791109831,3.478439728164621e-05,61,50,38,37,37,19,-0.005855417511017962,-0.0001582545273248098,0,0,cec6b4217abffaf0aaf1af9fe03b250f7865bc5751088936be3ba698d5f3d62b,JNU_INTRADAY_MOMREV_G1_V1
2022-01-17,1.0,259,180,79,-0.0031844713502764957,-1.2295256178673728e-05,129,79,38,37,37,20,0.008292721900369898,0.00022412761892891617,0,0,cec6b4217abffaf0aaf1af9fe03b250f7865bc5751088936be3ba698d5f3d62b,JNU_INTRADAY_MOMREV_G1_V1
2022-01-18,1.0,308,246,125,0.004048710847009843,1.3145165087694295e-05,80,62,38,37,37,14,-0.022365666360913024,-0.0006044774692138655,0,0,cec6b4217abffaf0aaf1af9fe03b250f7865bc5751088936be3ba698d5f3d62b,JNU_INTRADAY_MOMREV_G1_V1
2022-01-19,1.0,330,285,129,-0.007722203794724087,-2.340061755976996e-05,58,45,38,37,37,17,-0.003652932543052362,-9.872790656898276e-05,0,0,cec6b4217abffaf0aaf1af9fe03b250f7865bc5751088936be3ba698d5f3d62b,JNU_INTRADAY_MOMREV_G1_V1
2022-01-20,1.0,321,270,133,-0.012509973924759023,-3.897188138554213e-05,67,51,38,37,37,20,-0.0027306210840876677,-7.380056984020724e-05,0,0,cec6b4217abffaf0aaf1af9fe03b250f7865bc5751088936be3ba698d5f3d62b,JNU_INTRADAY_MOMREV_G1_V1
2022-01-21,1.0,346,316,146,-0.030433399960612728,-8.795780335437205e-05,42,30,38,37,37,18,-0.0034519450380119682,-9.32958118381613e-05,0,0,cec6b4217abffaf0aaf1af9fe03b250f7865bc5751088936be3ba698d5f3d62b,JNU_INTRADAY_MOMREV_G1_V1
2022-01-24,1.0,301,242,107,-0.01571780063731364,-5.221860676848385e-05,87,59,38,37,37,18,0.003480269040019386,9.406132540592935e-05,0,0,cec6b4217abffaf0aaf1af9fe03b250f7865bc5751088936be3ba698d5f3d62b,JNU_INTRADAY_MOMREV_G1_V1
2022-01-25,1.0,338,299,132,-0.023007143562634003,-6.806847207879882e-05,50,39,38,37,37,19,0.010298967400228136,0.00027835047027643614,0,0,cec6b4217abffaf0aaf1af9fe03b250f7865bc5751088936be3ba698d5f3d62b,JNU_INTRADAY_MOMREV_G1_V1
2022-01-26,1.0,317,261,116,-0.01663224671033554,-5.246765523765155e-05,71,56,38,37,37,18,0.003127872305037609,8.453708932534079e-05,0,0,cec6b4217abffaf0aaf1af9fe03b250f7865bc5751088936be3ba698d5f3d62b,JNU_INTRADAY_MOMREV_G1_V1
2022-01-27,1.0,345,309,153,-0.0066909877012453775,-1.93941672499866e-05,43,36,38,37,37,15,-0.003198398440230176,-8.644320108730205e-05,0,0,cec6b4217abffaf0aaf1af9fe03b250f7865bc5751088936be3ba698d5f3d62b,JNU_INTRADAY_MOMREV_G1_V1
2022-01-28,1.0,322,276,119,-0.012116230673417418,-3.762804556961931e-05,66,46,38,37,37,21,0.004891796657595888,0.00013221072047556453,0,0,cec6b4217abffaf0aaf1af9fe03b250f7865bc5751088936be3ba698d5f3d62b,JNU_INTRADAY_MOMREV_G1_V1
2022-01-31,1.0,301,228,116,0.01268617200223723,4.214675083799744e-05,87,73,38,37,37,21,0.02317847937833975,0.0006264453886037771,0,0,cec6b4217abffaf0aaf1af9fe03b250f7865bc5751088936be3ba698d5f3d62b,JNU_INTRADAY_MOMREV_G1_V1
2022-02-01,1.0,307,245,115,0.0018016024097648549,5.86841175819171e-06,81,62,38,37,37,20,0.0022107633293916903,5.975036025382947e-05,0,0,cec6b4217abffaf0aaf1af9fe03b250f7865bc5751088936be3ba698d5f3d62b,JNU_INTRADAY_MOMREV_G1_V1
2022-02-02,1.0,280,201,96,-0.0009150992091290881,-3.268211461175315e-06,108,79,38,37,37,25,0.009284952416404662,0.0002509446599028287,0,0,cec6b4217abffaf0aaf1af9fe03b250f7865bc5751088936be3ba698d5f3d62b,JNU_INTRADAY_MOMREV_G1_V1
2022-02-03,1.0,275,203,98,0.008633966555716136,3.139624202078595e-05,113,72,38,37,37,22,0.00862475166063392,0.0002331013962333492,0,0,cec6b4217abffaf0aaf1af9fe03b250f7865bc5751088936be3ba698d5f3d62b,JNU_INTRADAY_MOMREV_G1_V1
2022-02-04,1.0,295,227,105,-0.005475231027779917,-1.8560105178914974e-05,93,68,38,37,37,17,-0.004232646727895767,-0.0001143958575106964,0,0,cec6b4217abffaf0aaf1af9fe03b250f7865bc5751088936be3ba698d5f3d62b,JNU_INTRADAY_MOMREV_G1_V1
2022-02-07,1.0,295,230,111,0.004070123138479567,1.379702758806633e-05,93,65,38,37,37,17,-0.0022102396464682584,-5.973620666130428e-05,0,0,cec6b4217abffaf0aaf1af9fe03b250f7865bc5751088936be3ba698d5f3d62b,JNU_INTRADAY_MOMREV_G1_V1
2022-02-08,1.0,265,186,80,-0.0091400070632484,-3.4490592691503396e-05,123,79,38,37,37,16,-0.0029394330156675766,-7.944413555858315e-05,0,0,cec6b4217abffaf0aaf1af9fe03b250f7865bc5751088936be3ba698d5f3d62b,JNU_INTRADAY_MOMREV_G1_V1
2022-02-09,1.0,256,177,74,-0.005624709953206323,-2.19715232547122e-05,132,79,38,37,37,19,-0.0010921504329951238,-2.951757927013848e-05,0,0,cec6b4217abffaf0aaf1af9fe03b250f7865bc5751088936be3ba698d5f3d62b,JNU_INTRADAY_MOMREV_G1_V1
2022-02-10,1.0,292,228,112,-0.001305783596841628,-4.471861633019274e-06,96,64,38,37,37,19,-0.0025437192929568457,-6.874917007991475e-05,0,0,cec6b4217abffaf0aaf1af9fe03b250f7865bc5751088936be3ba698d5f3d62b,JNU_INTRADAY_MOMREV_G1_V1
2022-02-14,1.0,275,202,91,-0.008670774957970756,-3.153009075625729e-05,113,73,38,37,37,14,-0.012942390941917204,-0.00034979434978154607,0,0,cec6b4217abffaf0aaf1af9fe03b250f7865bc5751088936be3ba698d5f3d62b,JNU_INTRADAY_MOMREV_G1_V1
2022-02-15,1.0,305,247,106,-0.0070656528790600925,-2.316607501331178e-05,83,58,38,37,37,22,-0.002618950412881845,-7.078244359140122e-05,0,0,cec6b4217abffaf0aaf1af9fe03b250f7865bc5751088936be3ba698d5f3d62b,JNU_INTRADAY_MOMREV_G1_V1
2022-02-16,1.0,264,191,85,-0.009855455487155782,-3.733127078468099e-05,124,73,38,37,37,19,0.0005480928308453045,1.4813319752575797e-05,0,0,cec6b4217abffaf0aaf1af9fe03b250f7865bc5751088936be3ba698d5f3d62b,JNU_INTRADAY_MOMREV_G1_V1
2022-02-17,1.0,286,217,97,-0.006034714982309253,-2.110040203604634e-05,102,69,38,37,37,16,-0.01078474353000667,-0.0002914795548650451,0,0,cec6b4217abffaf0aaf1af9fe03b250f7865bc5751088936be3ba698d5f3d62b,JNU_INTRADAY_MOMREV_G1_V1
2022-02-18,1.0,298,233,110,0.014484445532416639,4.8605521920861204e-05,90,65,38,37,37,17,0.005242720137057994,0.00014169513883940523,0,0,cec6b4217abffaf0aaf1af9fe03b250f7865bc5751088936be3ba698d5f3d62b,JNU_INTRADAY_MOMREV_G1_V1
2022-02-21,1.0,294,227,103,0.00023653524227846342,8.045416404029368e-07,94,67,38,37,37,23,0.00012223309422261844,3.30359714115185e-06,0,0,cec6b4217abffaf0aaf1af9fe03b250f7865bc5751088936be3ba698d5f3d62b,JNU_INTRADAY_MOMREV_G1_V1
2022-02-22,1.0,313,257,124,-0.0036170255526119773,-1.1555992180868936e-05,75,56,38,37,37,23,0.00969381757928113,0.00026199506971030085,0,0,cec6b4217abffaf0aaf1af9fe03b250f7865bc5751088936be3ba698d5f3d62b,JNU_INTRADAY_MOMREV_G1_V1
2022-02-24,1.0,344,307,140,-0.016613366964874678,-4.8294671409519414e-05,44,37,38,37,37,17,-0.007547027735203809,-0.00020397372257307592,0,0,cec6b4217abffaf0aaf1af9fe03b250f7865bc5751088936be3ba698d5f3d62b,JNU_INTRADAY_MOMREV_G1_V1
2022-02-25,1.0,305,238,116,-0.007790075091843608,-2.5541229809323306e-05,83,67,38,37,37,17,-0.007963259285632856,-0.00021522322393602314,0,0,cec6b4217abffaf0aaf1af9fe03b250f7865bc5751088936be3ba698d5f3d62b,JNU_INTRADAY_MOMREV_G1_V1
2022-02-28,1.0,326,279,135,0.00756747491173415,2.3213113226178375e-05,62,47,38,37,37,18,-0.0067867892708193015,-0.0001834267370491703,0,0,cec6b4217abffaf0aaf1af9fe03b250f7865bc5751088936be3ba698d5f3d62b,JNU_INTRADAY_MOMREV_G1_V1
2022-03-01,1.0,302,237,100,-0.01468141686889137,-4.8613963142024404e-05,86,65,38,37,37,22,0.0014898619140158319,4.02665382166441e-05,0,0,cec6b4217abffaf0aaf1af9fe03b250f7865bc5751088936be3ba698d5f3d62b,JNU_INTRADAY_MOMREV_G1_V1
2022-03-02,1.0,316,264,130,0.00038454119443228176,1.216902514026208e-06,72,52,38,37,37,22,0.015663715251325785,0.00042334365544123743,0,0,cec6b4217abffaf0aaf1af9fe03b250f7865bc5751088936be3ba698d5f3d62b,JNU_INTRADAY_MOMREV_G1_V1
2022-03-03,1.0,279,209,101,-0.0022401848734736377,-8.029336464063217e-06,109,70,38,37,37,20,-0.0009457626316381635,-2.556115220643685e-05,0,0,cec6b4217abffaf0aaf1af9fe03b250f7865bc5751088936be3ba698d5f3d62b,JNU_INTRADAY_MOMREV_G1_V1
2022-03-04,1.0,324,272,139,-0.011018440755107679,-3.4007533194776784e-05,64,52,38,37,37,16,-0.006627364811238105,-0.00017911796787130013,0,0,cec6b4217abffaf0aaf1af9fe03b250f7865bc5751088936be3ba698d5f3d62b,JNU_INTRADAY_MOMREV_G1_V1
2022-03-07,1.0,325,277,141,0.004385908580666709,1.3495103325128336e-05,63,48,38,37,37,16,-0.009171307998038128,-0.0002478731891361656,0,0,cec6b4217abffaf0aaf1af9fe03b250f7865bc5751088936be3ba698d5f3d62b,JNU_INTRADAY_MOMREV_G1_V1
2022-03-08,1.0,346,312,142,-0.022886583880091776,-6.614619618523635e-05,42,34,38,37,37,19,0.0033729686398387224,9.116131459023574e-05,0,0,cec6b4217abffaf0aaf1af9fe03b250f7865bc5751088936be3ba698d5f3d62b,JNU_INTRADAY_MOMREV_G1_V1
2022-03-09,1.0,336,294,133,-0.007423666617712336,-2.209424588604862e-05,52,42,38,37,37,17,-0.0012511478692898187,-3.381480727810321e-05,0,0,cec6b4217abffaf0aaf1af9fe03b250f7865bc5751088936be3ba698d5f3d62b,JNU_INTRADAY_MOMREV_G1_V1
2022-03-10,1.0,286,212,92,-0.005873980505605088,-2.0538393376241566e-05,102,74,38,37,37,17,0.0004146248438031295,1.1206076859544041e-05,0,0,cec6b4217abffaf0aaf1af9fe03b250f7865bc5751088936be3ba698d5f3d62b,JNU_INTRADAY_MOMREV_G1_V1
2022-03-11,1.0,317,263,126,-0.010110469054697825,-3.189422414731175e-05,71,54,38,37,37,20,-0.0009409209448831982,-2.5430295807654005e-05,0,0,cec6b4217abffaf0aaf1af9fe03b250f7865bc5751088936be3ba698d5f3d62b,JNU_INTRADAY_MOMREV_G1_V1
2022-03-14,1.0,313,261,113,-0.004415396648136607,-1.4106698556346987e-05,75,52,38,37,37,15,-0.016692048971973232,-0.00045113645870197927,0,0,cec6b4217abffaf0aaf1af9fe03b250f7865bc5751088936be3ba698d5f3d62b,JNU_INTRADAY_MOMREV_G1_V1
2022-03-15,1.0,294,224,106,-0.001361644149365535,-4.631442684916786e-06,94,70,38,37,37,24,0.01894391681362344,0.0005119977517195524,0,0,cec6b4217abffaf0aaf1af9fe03b250f7865bc5751088936be3ba698d5f3d62b,JNU_INTRADAY_MOMREV_G1_V1
2022-03-16,1.0,308,246,119,0.004348062096786791,1.4117084729827244e-05,80,62,38,37,37,17,-0.00357617310387855,-9.66533271318527e-05,0,0,cec6b4217abffaf0aaf1af9fe03b250f7865bc5751088936be3ba698d5f3d62b,JNU_INTRADAY_MOMREV_G1_V1
2022-03-17,1.0,306,248,118,-0.0014485018133011869,-4.733666056539827e-06,82,58,38,37,37,17,-0.007987485638557926,-0.0002158779902312953,0,0,cec6b4217abffaf0aaf1af9fe03b250f7865bc5751088936be3ba698d5f3d62b,JNU_INTRADAY_MOMREV_G1_V1
2022-03-18,1.0,282,208,94,-0.0049111787688322795,-1.7415527549050636e-05,106,74,38,37,37,14,-0.006038641437903209,-0.00016320652534873538,0,0,cec6b4217abffaf0aaf1af9fe03b250f7865bc5751088936be3ba698d5f3d62b,JNU_INTRADAY_MOMREV_G1_V1
2022-03-22,1.0,272,189,91,-0.0009151663757651972,-3.364582263842637e-06,116,83,38,37,37,21,0.0072272921922545644,0.00019533222141228553,0,0,cec6b4217abffaf0aaf1af9fe03b250f7865bc5751088936be3ba698d5f3d62b,JNU_INTRADAY_MOMREV_G1_V1
2022-03-23,1.0,290,221,110,-0.00017228511520061562,-5.940866041400539e-07,98,69,38,37,37,15,-0.010824574280535971,-0.0002925560616361073,0,0,cec6b4217abffaf0aaf1af9fe03b250f7865bc5751088936be3ba698d5f3d62b,JNU_INTRADAY_MOMREV_G1_V1
2022-03-24,1.0,294,226,108,0.00018752375662149635,6.378359068758379e-07,94,68,38,37,37,17,0.002253185472858212,6.089690467184356e-05,0,0,cec6b4217abffaf0aaf1af9fe03b250f7865bc5751088936be3ba698d5f3d62b,JNU_INTRADAY_MOMREV_G1_V1
2022-03-25,1.0,315,254,126,0.006266718526974994,1.9894344530079348e-05,73,61,38,37,37,17,-0.009844264233550453,-0.00026606119550136363,0,0,cec6b4217abffaf0aaf1af9fe03b250f7865bc5751088936be3ba698d5f3d62b,JNU_INTRADAY_MOMREV_G1_V1
2022-03-28,1.0,301,240,114,-0.001079924824199571,-3.587790113619837e-06,87,61,38,37,37,19,0.0039365490879321756,0.0001063932185927615,0,0,cec6b4217abffaf0aaf1af9fe03b250f7865bc5751088936be3ba698d5f3d62b,JNU_INTRADAY_MOMREV_G1_V1
2022-03-29,1.0,297,226,119,0.00072591954756215,2.44417356081532e-06,91,71,38,37,37,15,0.0014454889761999087,3.9067269627024555e-05,0,0,cec6b4217abffaf0aaf1af9fe03b250f7865bc5751088936be3ba698d5f3d62b,JNU_INTRADAY_MOMREV_G1_V1
2022-03-30,1.0,322,273,127,-0.011266473822427415,-3.498904913797334e-05,66,49,38,37,37,13,-0.01687946390652752,-0.0004562017272034465,0,0,cec6b4217abffaf0aaf1af9fe03b250f7865bc5751088936be3ba698d5f3d62b,JNU_INTRADAY_MOMREV_G1_V1
2022-03-31,1.0,301,229,102,-0.009151157870426904,-3.0402517841949847e-05,87,72,38,37,37,15,-0.010771806445217108,-0.0002911299039247867,0,0,cec6b4217abffaf0aaf1af9fe03b250f7865bc5751088936be3ba698d5f3d62b,JNU_INTRADAY_MOMREV_G1_V1
2022-04-01,1.0,308,246,125,0.005096939477791057,1.6548504798022913e-05,80,62,38,37,37,20,0.0014491638352263786,3.9166590141253476e-05,0,0,cec6b4217abffaf0aaf1af9fe03b250f7865bc5751088936be3ba698d5f3d62b,JNU_INTRADAY_MOMREV_G1_V1
2022-04-04,1.0,270,194,86,-0.006138384961545713,-2.2734759116835973e-05,118,76,38,37,37,22,0.003437580379687124,9.290757782938174e-05,0,0,cec6b4217abffaf0aaf1af9fe03b250f7865bc5751088936be3ba698d5f3d62b,JNU_INTRADAY_MOMREV_G1_V1
2022-04-05,1.0,282,215,88,-0.014971817137707333,-5.309155013371395e-05,106,67,38,37,37,16,-0.003430313062183253,-9.271116384279061e-05,0,0,cec6b4217abffaf0aaf1af9fe03b250f7865bc5751088936be3ba698d5f3d62b,JNU_INTRADAY_MOMREV_G1_V1
2022-04-06,1.0,291,216,90,-0.012066539530770798,-4.1465771583404804e-05,97,75,38,37,37,21,0.0027573038786397113,7.452172644972192e-05,0,0,cec6b4217abffaf0aaf1af9fe03b250f7865bc5751088936be3ba698d5f3d62b,JNU_INTRADAY_MOMREV_G1_V1
2022-04-07,1.0,301,237,116,-0.0005749183285214888,-1.9100276695066073e-06,87,64,38,37,37,16,0.002055714797741425,5.555985939841689e-05,0,0,cec6b4217abffaf0aaf1af9fe03b250f7865bc5751088936be3ba698d5f3d62b,JNU_INTRADAY_MOMREV_G1_V1
2022-04-08,1.0,296,227,112,0.004621461842578194,1.5613046765466873e-05,92,69,38,37,37,18,0.002396629651556158,6.477377436638265e-05,0,0,cec6b4217abffaf0aaf1af9fe03b250f7865bc5751088936be3ba698d5f3d62b,JNU_INTRADAY_MOMREV_G1_V1
2022-04-11,1.0,291,229,120,0.003371525328209276,1.158599769144081e-05,97,62,38,37,37,15,-0.002217443958729082,-5.993091780348871e-05,0,0,cec6b4217abffaf0aaf1af9fe03b250f7865bc5751088936be3ba698d5f3d62b,JNU_INTRADAY_MOMREV_G1_V1
2022-04-12,1.0,310,247,121,-0.007721860771988407,-2.4909228296736795e-05,78,63,38,37,37,20,0.00602488079945004,0.00016283461620135241,0,0,cec6b4217abffaf0aaf1af9fe03b250f7865bc5751088936be3ba698d5f3d62b,JNU_INTRADAY_MOMREV_G1_V1
2022-04-13,1.0,296,229,112,0.0030136831263340397,1.0181361913290675e-05,92,67,38,37,37,15,-0.00581486366966357,-0.00015715847755847488,0,0,cec6b4217abffaf0aaf1af9fe03b250f7865bc5751088936be3ba698d5f3d62b,JNU_INTRADAY_MOMREV_G1_V1
2022-04-14,1.0,265,185,86,-0.005020466842169735,-1.8945157894980133e-05,123,80,38,37,37,19,0.00923341821641025,0.0002495518436867635,0,0,cec6b4217abffaf0aaf1af9fe03b250f7865bc5751088936be3ba698d5f3d62b,JNU_INTRADAY_MOMREV_G1_V1
2022-04-15,1.0,296,227,106,-0.00032685158086720326,-1.1042283137405516e-06,92,69,38,37,37,17,-0.009078855116818206,-0.00024537446261670826,0,0,cec6b4217abffaf0aaf1af9fe03b250f7865bc5751088936be3ba698d5f3d62b,JNU_INTRADAY_MOMREV_G1_V1
2022-04-18,1.0,283,206,115,0.009532708409987465,3.368448201408998e-05,105,77,38,37,37,16,-0.0026242400835720537,-7.092540766410956e-05,0,0,cec6b4217abffaf0aaf1af9fe03b250f7865bc5751088936be3ba698d5f3d62b,JNU_INTRADAY_MOMREV_G1_V1
2022-04-19,1.0,277,199,90,-0.002014908573883676,-7.274038172865256e-06,111,78,38,37,37,15,-0.0074480618849516326,-0.00020129896986355764,0,0,cec6b4217abffaf0aaf1af9fe03b250f7865bc5751088936be3ba698d5f3d62b,JNU_INTRADAY_MOMREV_G1_V1
2022-04-20,1.0,308,244,109,-0.0117466428375006,-3.8138450771105846e-05,80,64,38,37,37,20,-0.002754708892431552,-7.445159168733924e-05,0,0,cec6b4217abffaf0aaf1af9fe03b250f7865bc5751088936be3ba698d5f3d62b,JNU_INTRADAY_MOMREV_G1_V1
2022-04-21,1.0,291,223,99,-0.008379184887378233,-2.8794449784804924e-05,97,68,38,37,37,15,-0.011103281569473277,-0.00030008869106684535,0,0,cec6b4217abffaf0aaf1af9fe03b250f7865bc5751088936be3ba698d5f3d62b,JNU_INTRADAY_MOMREV_G1_V1
2022-04-22,1.0,293,225,114,0.0009442212310947295,3.2225980583437868e-06,95,68,38,37,37,18,0.00019914641016748622,5.38233540993206e-06,0,0,cec6b4217abffaf0aaf1af9fe03b250f7865bc5751088936be3ba698d5f3d62b,JNU_INTRADAY_MOMREV_G1_V1
2022-04-25,1.0,313,252,118,-0.004141786799651841,-1.3232545685788629e-05,75,61,38,37,37,14,-0.0028126754145797227,-7.601825444810061e-05,0,0,cec6b4217abffaf0aaf1af9fe03b250f7865bc5751088936be3ba698d5f3d62b,JNU_INTRADAY_MOMREV_G1_V1
2022-04-26,1.0,291,224,106,-0.004871083624022507,-1.6739118982895216e-05,97,67,38,37,37,19,0.0014802338663603744,4.000632071244255e-05,0,0,cec6b4217abffaf0aaf1af9fe03b250f7865bc5751088936be3ba698d5f3d62b,JNU_INTRADAY_MOMREV_G1_V1
2022-04-27,1.0,324,275,124,-0.015210328181718682,-4.694545735098359e-05,64,49,38,37,37,17,0.00192721849309426,5.2086986299844865e-05,0,0,cec6b4217abffaf0aaf1af9fe03b250f7865bc5751088936be3ba698d5f3d62b,JNU_INTRADAY_MOMREV_G1_V1
2022-04-28,1.0,308,249,119,-0.005991861248585021,-1.945409496293838e-05,80,59,38,37,37,15,-0.003548649814732517,-9.59094544522302e-05,0,0,cec6b4217abffaf0aaf1af9fe03b250f7865bc5751088936be3ba698d5f3d62b,JNU_INTRADAY_MOMREV_G1_V1
2022-05-02,1.0,304,251,123,0.004084995019016598,1.3437483615186179e-05,84,53,38,37,37,18,-0.009541398364824719,-0.00025787563148174913,0,0,cec6b4217abffaf0aaf1af9fe03b250f7865bc5751088936be3ba698d5f3d62b,JNU_INTRADAY_MOMREV_G1_V1
2022-05-06,1.0,306,246,122,0.002827733663626631,9.240959685054348e-06,82,60,38,37,37,14,-0.006686641555320875,-0.00018072004203569932,0,0,cec6b4217abffaf0aaf1af9fe03b250f7865bc5751088936be3ba698d5f3d62b,JNU_INTRADAY_MOMREV_G1_V1
2022-05-09,1.0,295,225,104,-0.009852065204501064,-3.3396831201698525e-05,93,70,38,37,37,11,-0.017364590899038135,-0.0004693132675415712,0,0,cec6b4217abffaf0aaf1af9fe03b250f7865bc5751088936be3ba698d5f3d62b,JNU_INTRADAY_MOMREV_G1_V1
2022-05-10,1.0,310,248,125,-3.3730838528580167e-06,-1.08809156543807e-08,78,62,38,37,37,16,-0.0123307802040507,-0.0003332643298392081,0,0,cec6b4217abffaf0aaf1af9fe03b250f7865bc5751088936be3ba698d5f3d62b,JNU_INTRADAY_MOMREV_G1_V1
2022-05-11,1.0,300,233,105,0.0019444693605344598,6.481564535114866e-06,88,67,38,37,37,19,-0.004422145287046347,-0.00011951744019044182,0,0,cec6b4217abffaf0aaf1af9fe03b250f7865bc5751088936be3ba698d5f3d62b,JNU_INTRADAY_MOMREV_G1_V1
2022-05-12,1.0,317,255,114,-0.00597035748632638,-1.8833935288095836e-05,71,62,38,37,37,19,-0.0019488707200512958,-5.2672181623007995e-05,0,0,cec6b4217abffaf0aaf1af9fe03b250f7865bc5751088936be3ba698d5f3d62b,JNU_INTRADAY_MOMREV_G1_V1
2022-05-13,1.0,302,241,91,-0.029258788387367007,-9.688340525618214e-05,86,61,38,37,37,17,-0.006864146541457913,-0.0001855174740934571,0,0,cec6b4217abffaf0aaf1af9fe03b250f7865bc5751088936be3ba698d5f3d62b,JNU_INTRADAY_MOMREV_G1_V1
2022-05-16,1.0,317,265,125,-0.009763037201400867,-3.079822461009737e-05,71,52,38,37,37,17,0.0005052496846865218,1.3655396883419508e-05,0,0,cec6b4217abffaf0aaf1af9fe03b250f7865bc5751088936be3ba698d5f3d62b,JNU_INTRADAY_MOMREV_G1_V1
2022-05-17,1.0,284,203,81,-0.008630287312247959,-3.0388335606506897e-05,104,81,38,37,37,21,0.00565992684195723,0.00015297099572857378,0,0,cec6b4217abffaf0aaf1af9fe03b250f7865bc5751088936be3ba698d5f3d62b,JNU_INTRADAY_MOMREV_G1_V1
2022-05-18,1.0,287,218,101,-0.004651376989542652,-1.620688846530541e-05,101,69,38,37,37,19,-0.0009175627038317673,-2.479899199545317e-05,0,0,cec6b4217abffaf0aaf1af9fe03b250f7865bc5751088936be3ba698d5f3d62b,JNU_INTRADAY_MOMREV_G1_V1
2022-05-19,1.0,311,253,119,-0.01241901666316596,-3.993252946355614e-05,77,58,38,37,37,22,0.010428924515720382,0.0002818628247491995,0,0,cec6b4217abffaf0aaf1af9fe03b250f7865bc5751088936be3ba698d5f3d62b,JNU_INTRADAY_MOMREV_G1_V1
2022-05-20,1.0,312,257,109,-0.008581221540506685,-2.750391519393168e-05,76,55,38,37,37,24,0.005599758400402585,0.0001513448216325023,0,0,cec6b4217abffaf0aaf1af9fe03b250f7865bc5751088936be3ba698d5f3d62b,JNU_INTRADAY_MOMREV_G1_V1
2022-05-23,1.0,301,237,105,-0.010586392022277286,-3.5170737615539154e-05,87,64,38,37,37,20,-0.0029741034323225715,-8.038117384655598e-05,0,0,cec6b4217abffaf0aaf1af9fe03b250f7865bc5751088936be3ba698d5f3d62b,JNU_INTRADAY_MOMREV_G1_V1
2022-05-24,1.0,283,210,88,-0.006917152514869474,-2.4442235034874464e-05,105,73,38,37,37,19,0.0022114392038101744,5.9768627130004713e-05,0,0,cec6b4217abffaf0aaf1af9fe03b250f7865bc5751088936be3ba698d5f3d62b,JNU_INTRADAY_MOMREV_G1_V1
2022-05-25,1.0,272,202,77,-0.02301362146379678,-8.460890244042934e-05,116,70,38,37,37,20,0.007867233663828155,0.0002126279368602204,0,0,cec6b4217abffaf0aaf1af9fe03b250f7865bc5751088936be3ba698d5f3d62b,JNU_INTRADAY_MOMREV_G1_V1
2022-05-26,1.0,294,230,114,0.0007298644126897194,2.4825320159514265e-06,94,64,38,37,37,18,0.0018514119617293076,5.0038161127819126e-05,0,0,cec6b4217abffaf0aaf1af9fe03b250f7865bc5751088936be3ba698d5f3d62b,JNU_INTRADAY_MOMREV_G1_V1
2022-05-27,1.0,285,219,101,-0.0007724458234937473,-2.7103362227850784e-06,103,66,38,37,37,16,-0.007259361940218125,-0.00019619897135724664,0,0,cec6b4217abffaf0aaf1af9fe03b250f7865bc5751088936be3ba698d5f3d62b,JNU_INTRADAY_MOMREV_G1_V1
2022-05-30,1.0,270,190,84,-0.0036253160359687245,-1.3427096429513795e-05,118,80,38,37,37,16,-0.005312465402080309,-0.0001435801460021705,0,0,cec6b4217abffaf0aaf1af9fe03b250f7865bc5751088936be3ba698d5f3d62b,JNU_INTRADAY_MOMREV_G1_V1
2022-05-31,1.0,280,205,94,-0.00766879229916536,-2.7388543925590572e-05,108,75,38,37,37,14,-0.011507396211934137,-0.0003110107084306523,0,0,cec6b4217abffaf0aaf1af9fe03b250f7865bc5751088936be3ba698d5f3d62b,JNU_INTRADAY_MOMREV_G1_V1
2022-06-01,1.0,255,169,69,-0.010757008664351754,-4.2184347703340215e-05,133,86,38,37,37,18,-0.004936057708032505,-0.00013340696508195958,0,0,cec6b4217abffaf0aaf1af9fe03b250f7865bc5751088936be3ba698d5f3d62b,JNU_INTRADAY_MOMREV_G1_V1
2022-06-02,1.0,267,198,83,-0.01167963056935074,-4.374393471666944e-05,121,69,38,37,37,15,-0.0018360301527664776,-4.962243656125615e-05,0,0,cec6b4217abffaf0aaf1af9fe03b250f7865bc5751088936be3ba698d5f3d62b,JNU_INTRADAY_MOMREV_G1_V1
2022-06-03,1.0,235,159,66,-0.009197395182497826,-3.913785184041628e-05,153,76,38,37,37,20,-0.00036163043484336503,-9.773795536307163e-06,0,0,cec6b4217abffaf0aaf1af9fe03b250f7865bc5751088936be3ba698d5f3d62b,JNU_INTRADAY_MOMREV_G1_V1
2022-06-06,1.0,265,188,83,-0.006288006563931223,-2.372832665634424e-05,123,77,38,37,37,16,-0.002706251532051655,-7.314193329869338e-05,0,0,cec6b4217abffaf0aaf1af9fe03b250f7865bc5751088936be3ba698d5f3d62b,JNU_INTRADAY_MOMREV_G1_V1
2022-06-07,1.0,281,211,86,-0.002132380530208364,-7.588542812129409e-06,107,70,38,37,37,20,0.002860562404844869,7.73124974282397e-05,0,0,cec6b4217abffaf0aaf1af9fe03b250f7865bc5751088936be3ba698d5f3d62b,JNU_INTRADAY_MOMREV_G1_V1
2022-06-08,1.0,271,196,81,-0.01366195380905117,-5.041311368653568e-05,117,75,38,37,37,21,0.006559986082209956,0.00017729692114080962,0,0,cec6b4217abffaf0aaf1af9fe03b250f7865bc5751088936be3ba698d5f3d62b,JNU_INTRADAY_MOMREV_G1_V1
2022-06-09,1.0,268,189,81,-0.00830733215503954,-3.0997508041192315e-05,120,79,38,37,37,16,0.0028278928268378615,7.642953586048275e-05,0,0,cec6b4217abffaf0aaf1af9fe03b250f7865bc5751088936be3ba698d5f3d62b,JNU_INTRADAY_MOMREV_G1_V1
2022-06-10,1.0,265,195,98,0.0026812899646462074,1.0118075338287575e-05,123,70,38,37,37,17,0.003397160075272209,9.181513716951915e-05,0,0,cec6b4217abffaf0aaf1af9fe03b250f7865bc5751088936be3ba698d5f3d62b,JNU_INTRADAY_MOMREV_G1_V1
2022-06-13,1.0,281,205,103,-0.0007205143013345383,-2.564107833930741e-06,107,76,38,37,37,16,-0.0031376221043270813,-8.480059741424543e-05,0,0,cec6b4217abffaf0aaf1af9fe03b250f7865bc5751088936be3ba698d5f3d62b,JNU_INTRADAY_MOMREV_G1_V1
2022-06-14,1.0,300,234,103,-0.010021503721749647,-3.3405012405832156e-05,88,66,38,37,37,18,-0.0026366717919786876,-7.126139978320778e-05,0,0,cec6b4217abffaf0aaf1af9fe03b250f7865bc5751088936be3ba698d5f3d62b,JNU_INTRADAY_MOMREV_G1_V1
2022-06-15,1.0,285,209,106,0.006265411686570567,2.198390065463357e-05,103,76,38,37,37,19,0.003598747016147375,9.726343286884796e-05,0,0,cec6b4217abffaf0aaf1af9fe03b250f7865bc5751088936be3ba698d5f3d62b,JNU_INTRADAY_MOMREV_G1_V1
2022-06-16,1.0,297,235,121,0.001113405396081577,3.7488397174463876e-06,91,62,38,37,37,19,0.006327513603261432,0.00017101388116922789,0,0,cec6b4217abffaf0aaf1af9fe03b250f7865bc5751088936be3ba698d5f3d62b,JNU_INTRADAY_MOMREV_G1_V1
2022-06-17,1.0,329,281,141,0.004710810340221854,1.4318572462680408e-05,59,48,38,37,37,19,0.005840465179556708,0.0001578504102582894,0,0,cec6b4217abffaf0aaf1af9fe03b250f7865bc5751088936be3ba698d5f3d62b,JNU_INTRADAY_MOMREV_G1_V1
2022-06-20,1.0,325,275,125,-0.008403260839660677,-2.585618719895593e-05,63,50,38,37,37,16,-0.008162098064321457,-0.00022059724498166102,0,0,cec6b4217abffaf0aaf1af9fe03b250f7865bc5751088936be3ba698d5f3d62b,JNU_INTRADAY_MOMREV_G1_V1
2022-06-21,1.0,293,224,112,0.0017351646674348045,5.9220637113815856e-06,95,69,38,37,37,19,0.0008024672820176666,2.1688304919396393e-05,0,0,cec6b4217abffaf0aaf1af9fe03b250f7865bc5751088936be3ba698d5f3d62b,JNU_INTRADAY_MOMREV_G1_V1
2022-06-22,1.0,300,240,104,-0.013573672226808123,-4.524557408936041e-05,88,60,38,37,37,24,0.00896877098574266,0.0002423992158308827,0,0,cec6b4217abffaf0aaf1af9fe03b250f7865bc5751088936be3ba698d5f3d62b,JNU_INTRADAY_MOMREV_G1_V1
2022-06-23,1.0,312,251,120,0.0009310691859552954,2.984196108831075e-06,76,61,38,37,37,18,0.00399868801437424,0.00010807264903714162,0,0,cec6b4217abffaf0aaf1af9fe03b250f7865bc5751088936be3ba698d5f3d62b,JNU_INTRADAY_MOMREV_G1_V1
2022-06-24,1.0,282,208,96,-0.006620409217956599,-2.347662843247021e-05,106,74,38,37,37,19,-0.00017892405547487167,-4.8357852831046395e-06,0,0,cec6b4217abffaf0aaf1af9fe03b250f7865bc5751088936be3ba698d5f3d62b,JNU_INTRADAY_MOMREV_G1_V1
2022-06-27,1.0,296,230,106,-0.008224277750806327,-2.7784722131102457e-05,92,66,38,37,37,16,-0.007295578911535454,-0.00019717780841987714,0,0,cec6b4217abffaf0aaf1af9fe03b250f7865bc5751088936be3ba698d5f3d62b,JNU_INTRADAY_MOMREV_G1_V1
2022-06-28,1.0,288,220,111,0.006338503563298034,2.2008692928118174e-05,100,68,38,37,37,18,-0.008942067361410937,-0.00024167749625434966,0,0,cec6b4217abffaf0aaf1af9fe03b250f7865bc5751088936be3ba698d5f3d62b,JNU_INTRADAY_MOMREV_G1_V1
2022-06-29,1.0,274,204,98,0.0011280858527798268,4.117101652481119e-06,114,70,38,37,37,16,-0.008978088613309712,-0.0002426510436029652,0,0,cec6b4217abffaf0aaf1af9fe03b250f7865bc5751088936be3ba698d5f3d62b,JNU_INTRADAY_MOMREV_G1_V1
2022-06-30,1.0,299,231,107,-0.005827337894471974,-1.9489424396227338e-05,89,68,38,37,37,20,-0.0003768911292400033,-1.0186246736216306e-05,0,0,cec6b4217abffaf0aaf1af9fe03b250f7865bc5751088936be3ba698d5f3d62b,JNU_INTRADAY_MOMREV_G1_V1
2022-07-01,1.0,326,275,140,0.004233150162562279,1.2985123198043801e-05,62,51,38,37,37,17,-0.0077759926838200134,-0.00021016196442756794,0,0,cec6b4217abffaf0aaf1af9fe03b250f7865bc5751088936be3ba698d5f3d62b,JNU_INTRADAY_MOMREV_G1_V1
2022-07-04,1.0,296,232,119,0.010722865675432304,3.6225897552136163e-05,92,64,38,37,37,21,0.008982908238005377,0.00024278130372987506,0,0,cec6b4217abffaf0aaf1af9fe03b250f7865bc5751088936be3ba698d5f3d62b,JNU_INTRADAY_MOMREV_G1_V1
2022-07-05,1.0,302,240,118,3.982762695262852e-06,1.3187955944578981e-08,86,62,38,37,37,21,0.009470252971083497,0.00025595278300225667,0,0,cec6b4217abffaf0aaf1af9fe03b250f7865bc5751088936be3ba698d5f3d62b,JNU_INTRADAY_MOMREV_G1_V1
2022-07-06,1.0,288,220,117,0.008046275824850116,2.7938457725174013e-05,100,68,38,37,37,24,0.0030740652228693527,8.308284386133385e-05,0,0,cec6b4217abffaf0aaf1af9fe03b250f7865bc5751088936be3ba698d5f3d62b,JNU_INTRADAY_MOMREV_G1_V1
2022-07-07,1.0,306,247,113,-0.013067431987327979,-4.2704026102379017e-05,82,59,38,37,37,14,-0.011924479745955209,-0.0003222832363771678,0,0,cec6b4217abffaf0aaf1af9fe03b250f7865bc5751088936be3ba698d5f3d62b,JNU_INTRADAY_MOMREV_G1_V1
2022-07-08,1.0,326,272,138,0.008631957793989925,2.647839814107339e-05,62,54,38,37,37,22,0.0003596110512761265,9.719217602057473e-06,0,0,cec6b4217abffaf0aaf1af9fe03b250f7865bc5751088936be3ba698d5f3d62b,JNU_INTRADAY_MOMREV_G1_V1
2022-07-11,1.0,312,254,131,-0.0015053978645693735,-4.824993155671069e-06,76,58,38,37,37,24,0.015634116229869963,0.0004225436818883774,0,0,cec6b4217abffaf0aaf1af9fe03b250f7865bc5751088936be3ba698d5f3d62b,JNU_INTRADAY_MOMREV_G1_V1
2022-07-12,1.0,300,240,125,0.005677363172224909,1.8924543907416363e-05,88,60,38,37,37,21,0.0007680565636743399,2.075828550471189e-05,0,0,cec6b4217abffaf0aaf1af9fe03b250f7865bc5751088936be3ba698d5f3d62b,JNU_INTRADAY_MOMREV_G1_V1
2022-07-13,1.0,269,189,88,-0.0026410640131428833,-9.81808183324492e-06,119,80,38,37,37,22,0.0005709932574722186,1.5432250201951853e-05,0,0,cec6b4217abffaf0aaf1af9fe03b250f7865bc5751088936be3ba698d5f3d62b,JNU_INTRADAY_MOMREV_G1_V1
2022-07-14,1.0,290,218,99,-0.0022091083270548767,-7.617614920878885e-06,98,72,38,37,37,18,0.001273327223345788,3.441424927961589e-05,0,0,cec6b4217abffaf0aaf1af9fe03b250f7865bc5751088936be3ba698d5f3d62b,JNU_INTRADAY_MOMREV_G1_V1
2022-07-15,1.0,281,210,102,0.000402971534082498,1.4340623988700997e-06,107,71,38,37,37,22,0.0027933838580434674,7.549686102820182e-05,0,0,cec6b4217abffaf0aaf1af9fe03b250f7865bc5751088936be3ba698d5f3d62b,JNU_INTRADAY_MOMREV_G1_V1
2022-07-19,1.0,286,220,99,-0.0035138893760615084,-1.2286326489725553e-05,102,66,38,37,37,24,0.005015408945111554,0.00013555159311112307,0,0,cec6b4217abffaf0aaf1af9fe03b250f7865bc5751088936be3ba698d5f3d62b,JNU_INTRADAY_MOMREV_G1_V1
2022-07-20,1.0,274,198,88,-0.00615717332820487,-2.2471435504397334e-05,114,76,38,37,37,20,0.0007550774384233485,2.0407498335766173e-05,0,0,cec6b4217abffaf0aaf1af9fe03b250f7865bc5751088936be3ba698d5f3d62b,JNU_INTRADAY_MOMREV_G1_V1
2022-07-21,1.0,301,241,104,-0.01538160277002389,-5.110167033230528e-05,87,60,38,37,37,24,0.014667157500597435,0.00039640966217830906,0,0,cec6b4217abffaf0aaf1af9fe03b250f7865bc5751088936be3ba698d5f3d62b,JNU_INTRADAY_MOMREV_G1_V1
2022-07-22,1.0,266,183,86,-0.004677420955547061,-1.75842893065679e-05,122,83,38,37,37,20,0.0012519834661378882,3.383739097669968e-05,0,0,cec6b4217abffaf0aaf1af9fe03b250f7865bc5751088936be3ba698d5f3d62b,JNU_INTRADAY_MOMREV_G1_V1
2022-07-25,1.0,282,210,98,0.0012574034428271526,4.4588774568338745e-06,106,72,38,37,37,21,0.001456610004269149,3.9367837953220244e-05,0,0,cec6b4217abffaf0aaf1af9fe03b250f7865bc5751088936be3ba698d5f3d62b,JNU_INTRADAY_MOMREV_G1_V1
2022-07-26,1.0,246,169,72,-0.009585520725664263,-3.8965531405139284e-05,142,77,38,37,37,18,0.0007193544280300339,1.9442011568379295e-05,0,0,cec6b4217abffaf0aaf1af9fe03b250f7865bc5751088936be3ba698d5f3d62b,JNU_INTRADAY_MOMREV_G1_V1
2022-07-27,1.0,268,195,76,-0.01683384238730056,-6.281284472873344e-05,120,73,38,37,37,21,0.007413599273162323,0.00020036754792330603,0,0,cec6b4217abffaf0aaf1af9fe03b250f7865bc5751088936be3ba698d5f3d62b,JNU_INTRADAY_MOMREV_G1_V1
2022-07-28,1.0,288,217,93,-0.010829397206585526,-3.760207363397752e-05,100,71,38,37,37,22,0.00036823698844154354,9.952351038960636e-06,0,0,cec6b4217abffaf0aaf1af9fe03b250f7865bc5751088936be3ba698d5f3d62b,JNU_INTRADAY_MOMREV_G1_V1
2022-07-29,1.0,298,232,95,-0.016529236657108735,-5.5467237104391726e-05,90,66,38,37,37,24,0.012378789243504596,0.0003345618714460702,0,0,cec6b4217abffaf0aaf1af9fe03b250f7865bc5751088936be3ba698d5f3d62b,JNU_INTRADAY_MOMREV_G1_V1
2022-08-01,1.0,266,184,76,-0.012386461565199257,-4.6565644981952096e-05,122,82,38,37,37,23,0.005196272773134929,0.0001404398046793224,0,0,cec6b4217abffaf0aaf1af9fe03b250f7865bc5751088936be3ba698d5f3d62b,JNU_INTRADAY_MOMREV_G1_V1
2022-08-02,1.0,267,188,88,0.00019158544190683423,7.175484715611769e-07,121,79,38,37,37,17,0.0023624091975659603,6.384889723151244e-05,0,0,cec6b4217abffaf0aaf1af9fe03b250f7865bc5751088936be3ba698d5f3d62b,JNU_INTRADAY_MOMREV_G1_V1
2022-08-03,1.0,286,219,101,-0.0052384986461467735,-1.8316428832681027e-05,102,67,38,37,37,20,0.0021616402374079083,5.842270911913265e-05,0,0,cec6b4217abffaf0aaf1af9fe03b250f7865bc5751088936be3ba698d5f3d62b,JNU_INTRADAY_MOMREV_G1_V1
2022-08-04,1.0,257,174,77,-0.005369049606905692,-2.0891243606636935e-05,131,83,38,37,37,23,0.003759166319973673,0.00010159908972901819,0,0,cec6b4217abffaf0aaf1af9fe03b250f7865bc5751088936be3ba698d5f3d62b,JNU_INTRADAY_MOMREV_G1_V1
2022-08-05,1.0,257,175,78,-0.0035329404241169686,-1.3746849899287815e-05,131,82,38,37,37,17,0.0008897602549750336,2.404757445878469e-05,0,0,cec6b4217abffaf0aaf1af9fe03b250f7865bc5751088936be3ba698d5f3d62b,JNU_INTRADAY_MOMREV_G1_V1
2022-08-08,1.0,267,191,87,-0.0035375812928792063,-1.3249368138124368e-05,121,76,38,37,37,23,0.0005323187863818165,1.438699422653558e-05,0,0,cec6b4217abffaf0aaf1af9fe03b250f7865bc5751088936be3ba698d5f3d62b,JNU_INTRADAY_MOMREV_G1_V1
2022-08-09,1.0,272,191,80,-0.011060532847689174,-4.066372370473961e-05,116,81,38,37,37,24,0.00624562453571461,0.00016880066312742188,0,0,cec6b4217abffaf0aaf1af9fe03b250f7865bc5751088936be3ba698d5f3d62b,JNU_INTRADAY_MOMREV_G1_V1
2022-08-10,1.0,245,161,62,-0.0048707553639201675,-1.9880634138449663e-05,143,84,38,37,37,17,-0.005219538059366363,-0.00014106859619909088,0,0,cec6b4217abffaf0aaf1af9fe03b250f7865bc5751088936be3ba698d5f3d62b,JNU_INTRADAY_MOMREV_G1_V1
2022-08-12,1.0,277,203,76,-0.014072317352780276,-5.080258972122843e-05,111,74,38,37,37,19,0.0017658626607482066,4.772601785805964e-05,0,0,cec6b4217abffaf0aaf1af9fe03b250f7865bc5751088936be3ba698d5f3d62b,JNU_INTRADAY_MOMREV_G1_V1
2022-08-15,1.0,249,171,70,-0.004665179062247569,-1.873565888452839e-05,139,78,38,37,37,19,0.0015575158516572731,4.2095023017764136e-05,0,0,cec6b4217abffaf0aaf1af9fe03b250f7865bc5751088936be3ba698d5f3d62b,JNU_INTRADAY_MOMREV_G1_V1
2022-08-16,1.0,257,177,83,0.0013919877016967466,5.41629455913131e-06,131,80,38,37,37,17,0.006751995728761803,0.00018248637104761628,0,0,cec6b4217abffaf0aaf1af9fe03b250f7865bc5751088936be3ba698d5f3d62b,JNU_INTRADAY_MOMREV_G1_V1
2022-08-17,1.0,273,191,70,-0.015824219517805837,-5.7964174057896835e-05,115,82,38,37,37,18,0.001359695958591443,3.674853942139035e-05,0,0,cec6b4217abffaf0aaf1af9fe03b250f7865bc5751088936be3ba698d5f3d62b,JNU_INTRADAY_MOMREV_G1_V1
2022-08-18,1.0,257,178,75,-0.005175983123288206,-2.0140012152872398e-05,131,79,38,37,37,16,-0.005015343402578021,-0.00013554982169129785,0,0,cec6b4217abffaf0aaf1af9fe03b250f7865bc5751088936be3ba698d5f3d62b,JNU_INTRADAY_MOMREV_G1_V1
2022-08-19,1.0,260,177,75,-0.013797842986246256,-5.3068626870177906e-05,128,83,38,37,37,19,-0.0008617181544962198,-2.3289679851249183e-05,0,0,cec6b4217abffaf0aaf1af9fe03b250f7865bc5751088936be3ba698d5f3d62b,JNU_INTRADAY_MOMREV_G1_V1
2022-08-22,1.0,264,185,80,-0.005379777652336008,-2.037794565278791e-05,124,79,38,37,37,20,0.00873199758832039,0.00023599993481947002,0,0,cec6b4217abffaf0aaf1af9fe03b250f7865bc5751088936be3ba698d5f3d62b,JNU_INTRADAY_MOMREV_G1_V1
2022-08-23,1.0,255,171,77,-0.0017548802900101046,-6.881883490235704e-06,133,84,38,37,37,14,-0.00756300060069028,-0.00020440542164027785,0,0,cec6b4217abffaf0aaf1af9fe03b250f7865bc5751088936be3ba698d5f3d62b,JNU_INTRADAY_MOMREV_G1_V1
2022-08-24,1.0,281,208,100,-0.003190692189587335,-1.1354776475399769e-05,107,73,38,37,37,18,-0.0012445149767168788,-3.363553991126699e-05,0,0,cec6b4217abffaf0aaf1af9fe03b250f7865bc5751088936be3ba698d5f3d62b,JNU_INTRADAY_MOMREV_G1_V1
2022-08-25,1.0,240,152,60,-0.011423279776374501,-4.759699906822709e-05,148,88,38,37,37,14,-0.002986235657738402,-8.070907183076763e-05,0,0,cec6b4217abffaf0aaf1af9fe03b250f7865bc5751088936be3ba698d5f3d62b,JNU_INTRADAY_MOMREV_G1_V1
2022-08-26,1.0,250,161,53,-0.017082165749830163,-6.832866299932065e-05,138,89,38,37,37,15,-0.0015664414493480844,-4.233625538778606e-05,0,0,cec6b4217abffaf0aaf1af9fe03b250f7865bc5751088936be3ba698d5f3d62b,JNU_INTRADAY_MOMREV_G1_V1
2022-08-29,1.0,271,193,92,-0.0021562601053991422,-7.956679355716393e-06,117,78,38,37,37,20,0.0007194182024255434,1.9443735200690363e-05,0,0,cec6b4217abffaf0aaf1af9fe03b250f7865bc5751088936be3ba698d5f3d62b,JNU_INTRADAY_MOMREV_G1_V1
2022-08-30,1.0,255,180,69,-0.013153614001164552,-5.158280000456687e-05,133,75,38,37,37,21,-0.006075198404797655,-0.0001641945514810177,0,0,cec6b4217abffaf0aaf1af9fe03b250f7865bc5751088936be3ba698d5f3d62b,JNU_INTRADAY_MOMREV_G1_V1
2022-08-31,1.0,280,206,89,-0.004634858009498647,-1.6553064319638024e-05,108,74,38,37,37,19,-0.004270238016295052,-0.00011541183827824465,0,0,cec6b4217abffaf0aaf1af9fe03b250f7865bc5751088936be3ba698d5f3d62b,JNU_INTRADAY_MOMREV_G1_V1
2022-09-01,1.0,262,177,79,-0.0025279109118581866,-9.648514930756437e-06,126,85,38,37,37,22,0.0007183883034541164,1.9415900093354498e-05,0,0,cec6b4217abffaf0aaf1af9fe03b250f7865bc5751088936be3ba698d5f3d62b,JNU_INTRADAY_MOMREV_G1_V1
2022-09-02,1.0,272,204,82,-0.009963899097053126,-3.663198197446002e-05,116,68,38,37,37,12,-0.010299617025457515,-0.00027836802771506795,0,0,cec6b4217abffaf0aaf1af9fe03b250f7865bc5751088936be3ba698d5f3d62b,JNU_INTRADAY_MOMREV_G1_V1
2022-09-05,1.0,275,201,88,-0.0034354523598814535,-1.2492554035932558e-05,113,74,38,37,37,22,0.007612509945632954,0.00020574351204413389,0,0,cec6b4217abffaf0aaf1af9fe03b250f7865bc5751088936be3ba698d5f3d62b,JNU_INTRADAY_MOMREV_G1_V1
2022-09-06,1.0,249,176,78,-0.0003642489557313912,-1.4628472117726552e-06,139,73,38,37,37,18,-0.005785285244224251,-0.00015635906065470948,0,0,cec6b4217abffaf0aaf1af9fe03b250f7865bc5751088936be3ba698d5f3d62b,JNU_INTRADAY_MOMREV_G1_V1
2022-09-07,1.0,261,180,86,0.001443144347691615,5.52928868847362e-06,127,81,38,37,37,15,-0.00490485619953178,-0.0001325636810684265,0,0,cec6b4217abffaf0aaf1af9fe03b250f7865bc5751088936be3ba698d5f3d62b,JNU_INTRADAY_MOMREV_G1_V1
2022-09-08,1.0,257,179,70,-0.011103648307609956,-4.32048572280543e-05,131,78,38,37,37,15,-0.008249834241631188,-0.00022296849301705915,0,0,cec6b4217abffaf0aaf1af9fe03b250f7865bc5751088936be3ba698d5f3d62b,JNU_INTRADAY_MOMREV_G1_V1
2022-09-09,1.0,283,212,89,-0.01089658357180358,-3.850382887563102e-05,105,71,38,37,37,21,0.0030394691108514013,8.214781380679463e-05,0,0,cec6b4217abffaf0aaf1af9fe03b250f7865bc5751088936be3ba698d5f3d62b,JNU_INTRADAY_MOMREV_G1_V1
2022-09-12,1.0,238,159,63,-0.003002916900934396,-1.2617297903085699e-05,150,79,38,37,37,16,0.001942887375001145,5.2510469594625545e-05,0,0,cec6b4217abffaf0aaf1af9fe03b250f7865bc5751088936be3ba698d5f3d62b,JNU_INTRADAY_MOMREV_G1_V1
2022-09-13,1.0,240,149,63,-0.006691880043801946,-2.7882833515841442e-05,148,91,38,37,37,16,-0.0008794908135227121,-2.3770021987100326e-05,0,0,cec6b4217abffaf0aaf1af9fe03b250f7865bc5751088936be3ba698d5f3d62b,JNU_INTRADAY_MOMREV_G1_V1
2022-09-14,1.0,280,204,86,-0.007422949288871914,-2.651053317454255e-05,108,76,38,37,37,17,-0.005424996554240214,-0.00014662152849297875,0,0,cec6b4217abffaf0aaf1af9fe03b250f7865bc5751088936be3ba698d5f3d62b,JNU_INTRADAY_MOMREV_G1_V1
2022-09-15,1.0,246,164,78,-0.003972471881779606,-1.614825968203092e-05,142,82,38,37,37,17,-0.00017496151027288206,-4.72868946683465e-06,0,0,cec6b4217abffaf0aaf1af9fe03b250f7865bc5751088936be3ba698d5f3d62b,JNU_INTRADAY_MOMREV_G1_V1
2022-09-16,1.0,242,152,61,-0.010965693778562444,-4.531278420893572e-05,146,90,38,37,37,23,0.006213255058214473,0.00016792581238417496,0,0,cec6b4217abffaf0aaf1af9fe03b250f7865bc5751088936be3ba698d5f3d62b,JNU_INTRADAY_MOMREV_G1_V1
2022-09-20,1.0,250,171,60,-0.01381743378434627,-5.5269735137385084e-05,138,79,38,37,37,17,-0.006143756791126824,-0.00016604748084126552,0,0,cec6b4217abffaf0aaf1af9fe03b250f7865bc5751088936be3ba698d5f3d62b,JNU_INTRADAY_MOMREV_G1_V1
2022-09-21,1.0,248,157,74,0.002943951742988076,1.1870773157209984e-05,140,91,38,36,35,19,0.00019902174438580751,5.5283817884946536e-06,1,1,cec6b4217abffaf0aaf1af9fe03b250f7865bc5751088936be3ba698d5f3d62b,JNU_INTRADAY_MOMREV_G1_V1
2022-09-22,1.0,300,239,109,-0.014136511470086101,-4.7121704900287004e-05,88,61,38,37,37,22,0.0020426752338230146,5.520743875197337e-05,0,0,cec6b4217abffaf0aaf1af9fe03b250f7865bc5751088936be3ba698d5f3d62b,JNU_INTRADAY_MOMREV_G1_V1
2022-09-23,1.0,222,129,56,-0.004680461497218281,-2.1083159897379643e-05,166,93,38,37,37,17,-0.0018655309073746552,-5.041975425336906e-05,0,0,cec6b4217abffaf0aaf1af9fe03b250f7865bc5751088936be3ba698d5f3d62b,JNU_INTRADAY_MOMREV_G1_V1
2022-09-26,1.0,302,238,105,-0.007020227989198243,-2.324578804370279e-05,86,64,38,37,37,20,0.003993726819587731,0.00010793856269156031,0,0,cec6b4217abffaf0aaf1af9fe03b250f7865bc5751088936be3ba698d5f3d62b,JNU_INTRADAY_MOMREV_G1_V1
2022-09-27,1.0,294,231,108,-0.0009557216899229037,-3.2507540473568153e-06,94,63,38,37,37,23,0.006627868521156198,0.00017913158165287023,0,0,cec6b4217abffaf0aaf1af9fe03b250f7865bc5751088936be3ba698d5f3d62b,JNU_INTRADAY_MOMREV_G1_V1
2022-09-28,1.0,331,286,138,0.00160702473841262,4.8550596326665256e-06,57,45,38,37,37,9,-0.023922806659325804,-0.0006465623421439406,0,0,cec6b4217abffaf0aaf1af9fe03b250f7865bc5751088936be3ba698d5f3d62b,JNU_INTRADAY_MOMREV_G1_V1
2022-09-29,1.0,312,252,113,-0.003418625699935707,-1.0957133653640086e-05,76,60,38,37,37,23,0.012095250705670114,0.0003268986677208139,0,0,cec6b4217abffaf0aaf1af9fe03b250f7865bc5751088936be3ba698d5f3d62b,JNU_INTRADAY_MOMREV_G1_V1
2022-09-30,1.0,305,247,121,-0.0019164892716015895,-6.2835713823002935e-06,83,58,38,37,37,18,-0.003992767688781774,-0.00010791264023734524,0,0,cec6b4217abffaf0aaf1af9fe03b250f7865bc5751088936be3ba698d5f3d62b,JNU_INTRADAY_MOMREV_G1_V1
2022-10-03,1.0,313,259,121,-0.002912635923160193,-9.305546080384003e-06,75,54,38,37,37,16,-0.011332183316201448,-0.0003062752247622013,0,0,cec6b4217abffaf0aaf1af9fe03b250f7865bc5751088936be3ba698d5f3d62b,JNU_INTRADAY_MOMREV_G1_V1
2022-10-04,1.0,287,218,94,-0.01320539563660347,-4.6011831486423236e-05,101,69,38,37,37,15,-0.011733182950434774,-0.00031711305271445335,0,0,cec6b4217abffaf0aaf1af9fe03b250f7865bc5751088936be3ba698d5f3d62b,JNU_INTRADAY_MOMREV_G1_V1
2022-10-05,1.0,283,210,97,-0.003515468287241686,-1.2422149424882284e-05,105,73,38,37,37,24,0.010897696207597509,0.0002945323299350678,0,0,cec6b4217abffaf0aaf1af9fe03b250f7865bc5751088936be3ba698d5f3d62b,JNU_INTRADAY_MOMREV_G1_V1
2022-10-06,1.0,253,170,73,-0.0009046426910007048,-3.5756628102794657e-06,135,83,38,37,37,26,0.00806165248199415,0.0002178824995133554,0,0,cec6b4217abffaf0aaf1af9fe03b250f7865bc5751088936be3ba698d5f3d62b,JNU_INTRADAY_MOMREV_G1_V1
2022-10-07,1.0,269,192,73,-0.01571141866328188,-5.840676083004416e-05,119,77,38,36,35,21,0.0025926783280345598,7.201884244540444e-05,1,1,cec6b4217abffaf0aaf1af9fe03b250f7865bc5751088936be3ba698d5f3d62b,JNU_INTRADAY_MOMREV_G1_V1
2022-10-10,1.0,230,141,60,-0.004700358006429898,-2.043633915839086e-05,158,89,38,37,37,24,0.005645821467924521,0.00015258976940336544,0,0,cec6b4217abffaf0aaf1af9fe03b250f7865bc5751088936be3ba698d5f3d62b,JNU_INTRADAY_MOMREV_G1_V1
2022-10-11,1.0,300,238,99,-0.004792876126443301,-1.5976253754811e-05,88,62,38,37,37,19,-0.010512443491519533,-0.0002841200943653928,0,0,cec6b4217abffaf0aaf1af9fe03b250f7865bc5751088936be3ba698d5f3d62b,JNU_INTRADAY_MOMREV_G1_V1
2022-10-12,1.0,305,242,103,-0.01457489133577427,-4.778652896975171e-05,83,63,38,37,37,19,0.005121524580608823,0.00013841958325969792,0,0,cec6b4217abffaf0aaf1af9fe03b250f7865bc5751088936be3ba698d5f3d62b,JNU_INTRADAY_MOMREV_G1_V1
2022-10-13,1.0,251,168,77,-0.004563407957257762,-1.8180908196246064e-05,137,83,38,37,37,24,0.003998644264752887,0.0001080714666149429,0,0,cec6b4217abffaf0aaf1af9fe03b250f7865bc5751088936be3ba698d5f3d62b,JNU_INTRADAY_MOMREV_G1_V1
2022-10-14,1.0,281,210,93,-0.009429653448770718,-3.3557485582813946e-05,107,71,38,37,37,19,0.0007614652353556124,2.058014149609763e-05,0,0,cec6b4217abffaf0aaf1af9fe03b250f7865bc5751088936be3ba698d5f3d62b,JNU_INTRADAY_MOMREV_G1_V1
2022-10-17,1.0,286,212,98,-0.002432273776161618,-8.50445376280286e-06,102,74,38,37,37,19,0.00430826325033649,0.00011643954730639161,0,0,cec6b4217abffaf0aaf1af9fe03b250f7865bc5751088936be3ba698d5f3d62b,JNU_INTRADAY_MOMREV_G1_V1
2022-10-18,1.0,276,203,96,-0.0020260633825142987,-7.340809356935865e-06,112,73,38,37,37,16,-0.005189750396326152,-0.00014026352422503115,0,0,cec6b4217abffaf0aaf1af9fe03b250f7865bc5751088936be3ba698d5f3d62b,JNU_INTRADAY_MOMREV_G1_V1
2022-10-19,1.0,291,220,107,0.002382507365086051,8.187310532941756e-06,97,71,38,37,37,19,0.0022087363155939644,5.969557609713417e-05,0,0,cec6b4217abffaf0aaf1af9fe03b250f7865bc5751088936be3ba698d5f3d62b,JNU_INTRADAY_MOMREV_G1_V1
2022-10-20,1.0,295,227,103,-0.007803446145580596,-2.6452359815527444e-05,93,68,38,37,37,18,-0.009275643352332818,-0.00025069306357656265,0,0,cec6b4217abffaf0aaf1af9fe03b250f7865bc5751088936be3ba698d5f3d62b,JNU_INTRADAY_MOMREV_G1_V1
2022-10-21,1.0,262,183,67,-0.018388363884037248,-7.01845949772414e-05,126,79,38,37,37,19,0.0014833316971430823,4.009004586873195e-05,0,0,cec6b4217abffaf0aaf1af9fe03b250f7865bc5751088936be3ba698d5f3d62b,JNU_INTRADAY_MOMREV_G1_V1
2022-10-24,1.0,300,235,115,-0.00039186777431547205,-1.3062259143849069e-06,88,65,38,37,37,13,-0.010855219297238698,-0.00029338430533077563,0,0,cec6b4217abffaf0aaf1af9fe03b250f7865bc5751088936be3ba698d5f3d62b,JNU_INTRADAY_MOMREV_G1_V1
2022-10-25,1.0,282,206,85,-0.00842815031037692,-2.9887057838216025e-05,106,76,38,37,37,18,0.009769094907625543,0.00026402959209798765,0,0,cec6b4217abffaf0aaf1af9fe03b250f7865bc5751088936be3ba698d5f3d62b,JNU_INTRADAY_MOMREV_G1_V1
2022-10-26,1.0,268,187,70,-0.015635740546112234,-5.8342315470568036e-05,120,81,38,37,37,23,0.009092785117009176,0.0002457509491083561,0,0,cec6b4217abffaf0aaf1af9fe03b250f7865bc5751088936be3ba698d5f3d62b,JNU_INTRADAY_MOMREV_G1_V1
2022-10-27,1.0,269,197,85,-0.012053858201582885,-4.4809881790270946e-05,119,72,38,37,37,24,0.006944187469980936,0.0001876807424319172,0,0,cec6b4217abffaf0aaf1af9fe03b250f7865bc5751088936be3ba698d5f3d62b,JNU_INTRADAY_MOMREV_G1_V1
2022-10-28,1.0,294,229,97,-0.012564518853566018,-4.2736458685598705e-05,94,65,38,37,37,24,0.0033354092784118384,9.014619671383347e-05,0,0,cec6b4217abffaf0aaf1af9fe03b250f7865bc5751088936be3ba698d5f3d62b,JNU_INTRADAY_MOMREV_G1_V1
2022-10-31,1.0,268,191,87,2.1255817772489725e-05,7.931275288242434e-08,120,77,38,37,37,18,-0.004553813706176359,-0.00012307604611287457,0,0,cec6b4217abffaf0aaf1af9fe03b250f7865bc5751088936be3ba698d5f3d62b,JNU_INTRADAY_MOMREV_G1_V1
2022-11-01,1.0,243,163,74,-0.00470650427704012,-1.9368330358189794e-05,145,80,38,37,37,19,0.003987553976368414,0.0001077717290910382,0,0,cec6b4217abffaf0aaf1af9fe03b250f7865bc5751088936be3ba698d5f3d62b,JNU_INTRADAY_MOMREV_G1_V1
2022-11-02,1.0,247,161,61,-0.011206533329042203,-4.537058027952309e-05,141,86,38,37,37,20,0.0025342697180910216,6.849377616462221e-05,0,0,cec6b4217abffaf0aaf1af9fe03b250f7865bc5751088936be3ba698d5f3d62b,JNU_INTRADAY_MOMREV_G1_V1
2022-11-03,1.0,202,114,41,-0.010066058139130354,-4.9831970985793835e-05,186,88,38,37,37,21,0.0009146954069010752,2.4721497483812845e-05,0,0,cec6b4217abffaf0aaf1af9fe03b250f7865bc5751088936be3ba698d5f3d62b,JNU_INTRADAY_MOMREV_G1_V1
2022-11-04,1.0,272,198,93,-0.001514226914220667,-5.56701071404657e-06,116,74,38,37,37,15,-0.005167944972845749,-0.00013967418845529052,0,0,cec6b4217abffaf0aaf1af9fe03b250f7865bc5751088936be3ba698d5f3d62b,JNU_INTRADAY_MOMREV_G1_V1
2022-11-07,1.0,264,186,70,-0.013289851742197009,-5.0340347508322e-05,124,78,38,37,37,22,0.0061794317829971055,0.00016701166981073257,0,0,cec6b4217abffaf0aaf1af9fe03b250f7865bc5751088936be3ba698d5f3d62b,JNU_INTRADAY_MOMREV_G1_V1
2022-11-08,1.0,236,139,54,-0.009338072216756754,-3.956810261337608e-05,152,97,38,37,37,14,-0.007016043930931402,-0.00018962280894409194,0,0,cec6b4217abffaf0aaf1af9fe03b250f7865bc5751088936be3ba698d5f3d62b,JNU_INTRADAY_MOMREV_G1_V1
2022-11-09,1.0,273,201,86,-0.00665667277283515,-2.4383416750311903e-05,115,72,38,37,37,23,0.006489260465998063,0.00017538541799994766,0,0,cec6b4217abffaf0aaf1af9fe03b250f7865bc5751088936be3ba698d5f3d62b,JNU_INTRADAY_MOMREV_G1_V1
2022-11-10,1.0,257,166,66,-0.0062011243006908365,-2.4128888329536328e-05,131,91,38,37,37,18,-0.0025546452142582174,-6.90444652502221e-05,0,0,cec6b4217abffaf0aaf1af9fe03b250f7865bc5751088936be3ba698d5f3d62b,JNU_INTRADAY_MOMREV_G1_V1
2022-11-11,1.0,281,216,96,-0.0037213236105321803,-1.3243144521466834e-05,107,65,38,37,37,21,-0.003712681904201708,-0.00010034275416761373,0,0,cec6b4217abffaf0aaf1af9fe03b250f7865bc5751088936be3ba698d5f3d62b,JNU_INTRADAY_MOMREV_G1_V1
2022-11-14,1.0,273,197,81,-0.011586666458072277,-4.244200167792043e-05,115,76,38,37,37,21,0.0037364212629471608,0.00010098435845803137,0,0,cec6b4217abffaf0aaf1af9fe03b250f7865bc5751088936be3ba698d5f3d62b,JNU_INTRADAY_MOMREV_G1_V1
2022-11-15,1.0,229,139,54,-0.01287177827782409,-5.6208638767790785e-05,159,90,38,37,37,18,0.0035748714468065847,9.661814721098878e-05,0,0,cec6b4217abffaf0aaf1af9fe03b250f7865bc5751088936be3ba698d5f3d62b,JNU_INTRADAY_MOMREV_G1_V1
2022-11-16,1.0,283,215,102,-0.006785180106768454,-2.3975901437344362e-05,105,68,38,37,37,20,-0.006097633109323462,-0.00016480089484658005,0,0,cec6b4217abffaf0aaf1af9fe03b250f7865bc5751088936be3ba698d5f3d62b,JNU_INTRADAY_MOMREV_G1_V1
2022-11-17,1.0,263,185,71,-0.011984025070992707,-4.556663525092284e-05,125,78,38,37,37,21,0.00036047232646223997,9.74249530979027e-06,0,0,cec6b4217abffaf0aaf1af9fe03b250f7865bc5751088936be3ba698d5f3d62b,JNU_INTRADAY_MOMREV_G1_V1
2022-11-18,1.0,246,163,67,-0.007869981472496623,-3.199179460364481e-05,142,83,38,37,37,18,-0.00321377232877303,-8.685871158846026e-05,0,0,cec6b4217abffaf0aaf1af9fe03b250f7865bc5751088936be3ba698d5f3d62b,JNU_INTRADAY_MOMREV_G1_V1
2022-11-21,1.0,237,154,56,-0.011817645047770678,-4.986348121422227e-05,151,83,38,37,37,16,-0.00286613238409235,-7.746303740790135e-05,0,0,cec6b4217abffaf0aaf1af9fe03b250f7865bc5751088936be3ba698d5f3d62b,JNU_INTRADAY_MOMREV_G1_V1
2022-11-22,1.0,254,173,70,-0.004784815635567959,-1.883785683294472e-05,134,81,38,37,37,22,-0.001958145257489282,-5.292284479700762e-05,0,0,cec6b4217abffaf0aaf1af9fe03b250f7865bc5751088936be3ba698d5f3d62b,JNU_INTRADAY_MOMREV_G1_V1
2022-11-23,1.0,207,116,20,-0.014629170185104085,-7.067231973480235e-05,181,91,38,37,37,23,0.0035259070638478107,9.52947855094003e-05,0,0,cec6b4217abffaf0aaf1af9fe03b250f7865bc5751088936be3ba698d5f3d62b,JNU_INTRADAY_MOMREV_G1_V1
2022-11-24,1.0,229,142,54,-0.010028759121846335,-4.379370795566085e-05,159,87,38,37,37,21,-0.002111467919051226,-5.706670051489799e-05,0,0,cec6b4217abffaf0aaf1af9fe03b250f7865bc5751088936be3ba698d5f3d62b,JNU_INTRADAY_MOMREV_G1_V1
2022-11-25,1.0,243,153,48,-0.016431569177830795,-6.761962624621727e-05,145,90,38,37,37,20,0.0021217729766707964,5.7345215585697197e-05,0,0,cec6b4217abffaf0aaf1af9fe03b250f7865bc5751088936be3ba698d5f3d62b,JNU_INTRADAY_MOMREV_G1_V1
2022-11-28,1.0,247,172,77,-0.0033732725747282278,-1.3656973986753959e-05,141,75,38,37,37,21,-0.001415981151284687,-3.826976084553208e-05,0,0,cec6b4217abffaf0aaf1af9fe03b250f7865bc5751088936be3ba698d5f3d62b,JNU_INTRADAY_MOMREV_G1_V1
2022-11-29,1.0,247,171,69,-0.005530290587345214,-2.238984043459601e-05,141,76,38,37,37,23,0.0017802041865690203,4.811362666402757e-05,0,0,cec6b4217abffaf0aaf1af9fe03b250f7865bc5751088936be3ba698d5f3d62b,JNU_INTRADAY_MOMREV_G1_V1
2022-11-30,1.0,264,186,78,-0.008597954203736779,-3.25680083474878e-05,124,78,38,37,37,17,-0.0017844510828009664,-4.8228407643269366e-05,0,0,cec6b4217abffaf0aaf1af9fe03b250f7865bc5751088936be3ba698d5f3d62b,JNU_INTRADAY_MOMREV_G1_V1
2022-12-01,1.0,274,206,85,-0.012868162070027611,-4.696409514608617e-05,114,68,38,37,37,20,0.005647519373748155,0.00015263565874995013,0,0,cec6b4217abffaf0aaf1af9fe03b250f7865bc5751088936be3ba698d5f3d62b,JNU_INTRADAY_MOMREV_G1_V1
2022-12-02,1.0,269,193,82,-0.009194298219833426,-3.417954728562612e-05,119,76,38,37,37,17,-0.001839915724230771,-4.972745200623705e-05,0,0,cec6b4217abffaf0aaf1af9fe03b250f7865bc5751088936be3ba698d5f3d62b,JNU_INTRADAY_MOMREV_G1_V1
2022-12-05,1.0,273,193,88,-0.00035375600051140244,-1.2958095256827927e-06,115,80,38,37,37,20,0.004681569418628157,0.00012652890320616643,0,0,cec6b4217abffaf0aaf1af9fe03b250f7865bc5751088936be3ba698d5f3d62b,JNU_INTRADAY_MOMREV_G1_V1
2022-12-06,1.0,252,169,72,-0.009871026418644171,-3.917073975652449e-05,136,83,38,37,37,21,-0.0018132532463269696,-4.90068444953235e-05,0,0,cec6b4217abffaf0aaf1af9fe03b250f7865bc5751088936be3ba698d5f3d62b,JNU_INTRADAY_MOMREV_G1_V1
2022-12-07,1.0,255,171,72,-0.005587518843114121,-2.191183860044753e-05,133,84,38,37,37,22,0.002707793973995,7.318362091878379e-05,0,0,cec6b4217abffaf0aaf1af9fe03b250f7865bc5751088936be3ba698d5f3d62b,JNU_INTRADAY_MOMREV_G1_V1
2022-12-08,1.0,254,166,63,-0.01090308496959147,-4.292553137634437e-05,134,88,38,37,37,15,0.001635402410865169,4.420006515851808e-05,0,0,cec6b4217abffaf0aaf1af9fe03b250f7865bc5751088936be3ba698d5f3d62b,JNU_INTRADAY_MOMREV_G1_V1
2022-12-09,1.0,250,164,66,-0.004832060402029407,-1.932824160811763e-05,138,86,38,37,37,17,0.0023513545944134654,6.355012417333691e-05,0,0,cec6b4217abffaf0aaf1af9fe03b250f7865bc5751088936be3ba698d5f3d62b,JNU_INTRADAY_MOMREV_G1_V1
2022-12-12,1.0,222,138,57,-0.009196465121271384,-4.142551856428552e-05,166,84,38,37,37,21,0.004330123044400134,0.00011703035255135497,0,0,cec6b4217abffaf0aaf1af9fe03b250f7865bc5751088936be3ba698d5f3d62b,JNU_INTRADAY_MOMREV_G1_V1
2022-12-13,1.0,236,151,54,-0.011112364170226055,-4.7086288856890063e-05,152,85,38,37,37,18,0.000537617332626635,1.4530198179098244e-05,0,0,cec6b4217abffaf0aaf1af9fe03b250f7865bc5751088936be3ba698d5f3d62b,JNU_INTRADAY_MOMREV_G1_V1
2022-12-14,1.0,252,168,54,-0.01424243597116058,-5.6517603060161034e-05,136,84,38,37,37,18,-0.0016087150448757357,-4.34787849966415e-05,0,0,cec6b4217abffaf0aaf1af9fe03b250f7865bc5751088936be3ba698d5f3d62b,JNU_INTRADAY_MOMREV_G1_V1
2022-12-15,1.0,249,161,63,-0.005358011809464539,-2.1518119716725055e-05,139,88,38,37,37,16,-0.004820110770556765,-0.00013027326406910177,0,0,cec6b4217abffaf0aaf1af9fe03b250f7865bc5751088936be3ba698d5f3d62b,JNU_INTRADAY_MOMREV_G1_V1
2022-12-16,1.0,256,178,65,-0.012912986889848795,-5.0441355038471855e-05,132,78,38,37,37,21,0.0007350615072706248,1.98665272235304e-05,0,0,cec6b4217abffaf0aaf1af9fe03b250f7865bc5751088936be3ba698d5f3d62b,JNU_INTRADAY_MOMREV_G1_V1
2022-12-19,1.0,260,183,79,-0.0012945169467524032,-4.978911333663089e-06,128,77,38,37,37,18,-0.0034953051154665606,-9.446770582342056e-05,0,0,cec6b4217abffaf0aaf1af9fe03b250f7865bc5751088936be3ba698d5f3d62b,JNU_INTRADAY_MOMREV_G1_V1
2022-12-20,1.0,295,236,123,0.01133751487998883,3.843225383047061e-05,93,59,38,37,37,17,0.02488746382120115,0.0006726341573297608,0,0,cec6b4217abffaf0aaf1af9fe03b250f7865bc5751088936be3ba698d5f3d62b,JNU_INTRADAY_MOMREV_G1_V1
2022-12-21,1.0,297,232,95,-0.013082407984132603,-4.4048511731086206e-05,91,65,38,37,37,23,-0.007983020793313068,-0.00021575731873819105,0,0,cec6b4217abffaf0aaf1af9fe03b250f7865bc5751088936be3ba698d5f3d62b,JNU_INTRADAY_MOMREV_G1_V1
2022-12-22,1.0,273,203,85,-0.011136926252629763,-4.079460165798448e-05,115,70,38,37,37,23,0.009084464973654685,0.00024552608036904555,0,0,cec6b4217abffaf0aaf1af9fe03b250f7865bc5751088936be3ba698d5f3d62b,JNU_INTRADAY_MOMREV_G1_V1
2022-12-23,1.0,272,192,81,-0.011872364353773151,-4.364839835946012e-05,116,80,38,37,37,19,-0.0011393863489049917,-3.079422564608086e-05,0,0,cec6b4217abffaf0aaf1af9fe03b250f7865bc5751088936be3ba698d5f3d62b,JNU_INTRADAY_MOMREV_G1_V1
2022-12-26,1.0,199,117,40,-0.008373209909004139,-4.2076431703538384e-05,189,82,38,37,37,22,-0.002475342795949,-6.690115664727027e-05,0,0,cec6b4217abffaf0aaf1af9fe03b250f7865bc5751088936be3ba698d5f3d62b,JNU_INTRADAY_MOMREV_G1_V1
2022-12-27,1.0,249,163,53,-0.016258625344681765,-6.529568411518782e-05,139,86,38,37,37,17,0.0017047764425972799,4.607503898911567e-05,0,0,cec6b4217abffaf0aaf1af9fe03b250f7865bc5751088936be3ba698d5f3d62b,JNU_INTRADAY_MOMREV_G1_V1
2022-12-28,1.0,254,175,74,-0.005145053464400395,-2.0256116001576357e-05,134,79,38,37,37,20,0.004386091515360674,0.00011854301392866687,0,0,cec6b4217abffaf0aaf1af9fe03b250f7865bc5751088936be3ba698d5f3d62b,JNU_INTRADAY_MOMREV_G1_V1
2022-12-29,1.0,273,201,85,-0.010580363267082313,-3.8755909403231916e-05,115,72,38,37,37,22,0.006914023674004588,0.0001868655047028267,0,0,cec6b4217abffaf0aaf1af9fe03b250f7865bc5751088936be3ba698d5f3d62b,JNU_INTRADAY_MOMREV_G1_V1
2022-12-30,1.0,259,167,73,-0.012221969566603827,-4.718907168572906e-05,129,92,38,37,37,16,0.0017168523520980556,4.640141492156907e-05,0,0,cec6b4217abffaf0aaf1af9fe03b250f7865bc5751088936be3ba698d5f3d62b,JNU_INTRADAY_MOMREV_G1_V1
2023-01-03,1.0,277,198,91,-0.007192487298294208,-2.5965658116585587e-05,111,79,38,37,37,17,-0.0032960723276126633,-8.908303588142334e-05,0,0,6f49c51a794ccd72f7c5f3f07acad8e0604da64184ec5fda14a14a8bb42e9a84,JNU_INTRADAY_MOMREV_G1_V1
2023-01-04,1.0,263,175,76,-0.007195673657269222,-2.7359975883152937e-05,125,88,38,37,37,19,0.004857443217824083,0.0001312822491303806,0,0,6f49c51a794ccd72f7c5f3f07acad8e0604da64184ec5fda14a14a8bb42e9a84,JNU_INTRADAY_MOMREV_G1_V1
2023-01-05,1.0,286,221,102,-0.0042729188533247335,-1.4940275710925642e-05,102,65,38,37,37,20,0.003681986032760394,9.95131360205512e-05,0,0,6f49c51a794ccd72f7c5f3f07acad8e0604da64184ec5fda14a14a8bb42e9a84,JNU_INTRADAY_MOMREV_G1_V1
2023-01-06,1.0,278,211,79,-0.017015815338015987,-6.120796884178413e-05,110,67,38,37,37,18,-0.0009676121964940661,-2.615168098632611e-05,0,0,6f49c51a794ccd72f7c5f3f07acad8e0604da64184ec5fda14a14a8bb42e9a84,JNU_INTRADAY_MOMREV_G1_V1
2023-01-10,1.0,255,182,76,-0.0065078743260588885,-2.552107578846623e-05,133,73,38,37,37,23,0.003051666095564466,8.247746204228286e-05,0,0,6f49c51a794ccd72f7c5f3f07acad8e0604da64184ec5fda14a14a8bb42e9a84,JNU_INTRADAY_MOMREV_G1_V1
2023-01-11,1.0,243,154,58,-0.011561569561366012,-4.7578475561177004e-05,145,89,38,37,37,21,0.001128541526640078,3.0501122341623728e-05,0,0,6f49c51a794ccd72f7c5f3f07acad8e0604da64184ec5fda14a14a8bb42e9a84,JNU_INTRADAY_MOMREV_G1_V1
2023-01-12,1.0,237,150,59,-0.009083429799710996,-3.832670801565821e-05,151,87,38,37,37,18,-0.003595638495752333,-9.71794188041171e-05,0,0,6f49c51a794ccd72f7c5f3f07acad8e0604da64184ec5fda14a14a8bb42e9a84,JNU_INTRADAY_MOMREV_G1_V1
2023-01-13,1.0,273,198,91,-0.001534836835552941,-5.622112950743374e-06,115,75,38,37,37,16,-0.013923977471131251,-0.00037632371543597974,0,0,6f49c51a794ccd72f7c5f3f07acad8e0604da64184ec5fda14a14a8bb42e9a84,JNU_INTRADAY_MOMREV_G1_V1
2023-01-16,1.0,271,198,88,-0.0077369514416695635,-2.854963631612385e-05,117,73,38,37,37,23,0.006412634639885163,0.00017331444972662602,0,0,6f49c51a794ccd72f7c5f3f07acad8e0604da64184ec5fda14a14a8bb42e9a84,JNU_INTRADAY_MOMREV_G1_V1
2023-01-17,1.0,255,169,70,-0.0047620138969345725,-1.8674564301704205e-05,133,86,38,37,37,20,-0.007688877924481906,-0.00020780751147248395,0,0,6f49c51a794ccd72f7c5f3f07acad8e0604da64184ec5fda14a14a8bb42e9a84,JNU_INTRADAY_MOMREV_G1_V1
2023-01-18,1.0,280,213,107,-0.019249260556421222,-6.87473591300758e-05,108,67,38,37,37,21,0.018355152074377913,0.000496085191199403,0,0,6f49c51a794ccd72f7c5f3f07acad8e0604da64184ec5fda14a14a8bb42e9a84,JNU_INTRADAY_MOMREV_G1_V1
2023-01-19,1.0,270,190,85,-0.0073780733169271605,-2.7326197470100593e-05,118,80,38,37,37,20,0.0020698765536072577,5.594260955695291e-05,0,0,6f49c51a794ccd72f7c5f3f07acad8e0604da64184ec5fda14a14a8bb42e9a84,JNU_INTRADAY_MOMREV_G1_V1
2023-01-20,1.0,249,160,68,-0.006242558926539814,-2.507051777726833e-05,139,89,38,37,37,18,0.000950153725120684,2.5679830408667135e-05,0,0,6f49c51a794ccd72f7c5f3f07acad8e0604da64184ec5fda14a14a8bb42e9a84,JNU_INTRADAY_MOMREV_G1_V1
2023-01-23,1.0,233,149,54,-0.010053201183706452,-4.314678619616503e-05,155,84,38,37,37,19,-0.002049198322942985,-5.538373845791852e-05,0,0,6f49c51a794ccd72f7c5f3f07acad8e0604da64184ec5fda14a14a8bb42e9a84,JNU_INTRADAY_MOMREV_G1_V1
2023-01-24,1.0,244,162,76,-0.003654001107659638,-1.4975414375654254e-05,144,82,38,37,37,15,-0.0029271777950249022,-7.911291337905141e-05,0,0,6f49c51a794ccd72f7c5f3f07acad8e0604da64184ec5fda14a14a8bb42e9a84,JNU_INTRADAY_MOMREV_G1_V1
2023-01-25,1.0,248,165,77,-0.001102272638464557,-4.444647735744181e-06,140,83,38,37,37,18,-0.003657640570333458,-9.885515054955293e-05,0,0,6f49c51a794ccd72f7c5f3f07acad8e0604da64184ec5fda14a14a8bb42e9a84,JNU_INTRADAY_MOMREV_G1_V1
2023-01-26,1.0,259,179,74,-0.007328842263956421,-2.8296688277824022e-05,129,80,38,37,37,16,0.0025470259031060427,6.883853792178494e-05,0,0,6f49c51a794ccd72f7c5f3f07acad8e0604da64184ec5fda14a14a8bb42e9a84,JNU_INTRADAY_MOMREV_G1_V1
2023-01-27,1.0,259,184,71,-0.01188038282995648,-4.587020397666595e-05,129,75,38,37,37,17,0.0016386465320907969,4.428774411056208e-05,0,0,6f49c51a794ccd72f7c5f3f07acad8e0604da64184ec5fda14a14a8bb42e9a84,JNU_INTRADAY_MOMREV_G1_V1
2023-01-30,1.0,264,187,90,-0.0005461125147879296,-2.0686080105603394e-06,124,77,38,37,37,18,-0.0001910965314581727,-5.164771120491154e-06,0,0,6f49c51a794ccd72f7c5f3f07acad8e0604da64184ec5fda14a14a8bb42e9a84,JNU_INTRADAY_MOMREV_G1_V1
2023-01-31,1.0,247,167,60,-0.01186358829158263,-4.8030721828269756e-05,141,80,38,37,37,22,0.0038224729647470435,0.00010331008012829847,0,0,6f49c51a794ccd72f7c5f3f07acad8e0604da64184ec5fda14a14a8bb42e9a84,JNU_INTRADAY_MOMREV_G1_V1
2023-02-01,1.0,249,165,63,-0.011318555620775906,-4.545604666978275e-05,139,84,38,37,37,19,0.005654917309421917,0.0001528356029573491,0,0,6f49c51a794ccd72f7c5f3f07acad8e0604da64184ec5fda14a14a8bb42e9a84,JNU_INTRADAY_MOMREV_G1_V1
2023-02-02,1.0,249,164,69,-0.005111580155890191,-2.0528434361004783e-05,139,85,38,37,37,18,-0.002007844148678251,-5.426605807238516e-05,0,0,6f49c51a794ccd72f7c5f3f07acad8e0604da64184ec5fda14a14a8bb42e9a84,JNU_INTRADAY_MOMREV_G1_V1
2023-02-03,1.0,244,153,52,-0.012553876267197351,-5.145031257048095e-05,144,91,38,37,37,15,-0.003996601040672043,-0.00010801624434248764,0,0,6f49c51a794ccd72f7c5f3f07acad8e0604da64184ec5fda14a14a8bb42e9a84,JNU_INTRADAY_MOMREV_G1_V1
2023-02-06,1.0,258,184,85,-0.007395069160234286,-2.8663058760598007e-05,130,74,38,37,37,20,0.01008565816626194,0.00027258535584491733,0,0,6f49c51a794ccd72f7c5f3f07acad8e0604da64184ec5fda14a14a8bb42e9a84,JNU_INTRADAY_MOMREV_G1_V1
2023-02-07,1.0,232,151,60,-0.007766388651924367,-3.347581315484641e-05,156,81,38,37,37,15,-0.0019857370532056612,-5.366856900555841e-05,0,0,6f49c51a794ccd72f7c5f3f07acad8e0604da64184ec5fda14a14a8bb42e9a84,JNU_INTRADAY_MOMREV_G1_V1
2023-02-08,1.0,253,160,59,-0.009250481571030164,-3.656316826494136e-05,135,93,38,37,37,23,0.005448706844627067,0.0001472623471520829,0,0,6f49c51a794ccd72f7c5f3f07acad8e0604da64184ec5fda14a14a8bb42e9a84,JNU_INTRADAY_MOMREV_G1_V1
2023-02-09,1.0,244,157,53,-0.01602122255909679,-6.566074819301964e-05,144,87,38,37,37,20,0.0032816593402934455,8.869349568360664e-05,0,0,6f49c51a794ccd72f7c5f3f07acad8e0604da64184ec5fda14a14a8bb42e9a84,JNU_INTRADAY_MOMREV_G1_V1
2023-02-10,1.0,271,191,83,-0.00866937634688432,-3.199031862318937e-05,117,80,38,37,37,16,-0.007948117953736605,-0.00021481399874963796,0,0,6f49c51a794ccd72f7c5f3f07acad8e0604da64184ec5fda14a14a8bb42e9a84,JNU_INTRADAY_MOMREV_G1_V1
2023-02-13,1.0,253,167,56,-0.016418398884254934,-6.48948572500195e-05,135,86,38,37,37,19,-0.00036511789522621606,-9.868051222330164e-06,0,0,6f49c51a794ccd72f7c5f3f07acad8e0604da64184ec5fda14a14a8bb42e9a84,JNU_INTRADAY_MOMREV_G1_V1
2023-02-14,1.0,244,159,54,-0.012690042267728218,-5.200836994970581e-05,144,85,38,37,37,18,0.00596824760959812,0.00016130398944859783,0,0,6f49c51a794ccd72f7c5f3f07acad8e0604da64184ec5fda14a14a8bb42e9a84,JNU_INTRADAY_MOMREV_G1_V1
2023-02-15,1.0,252,170,62,-0.012192381668967557,-4.838246694034745e-05,136,82,38,37,37,13,-0.004889818675324532,-0.00013215726149525762,0,0,6f49c51a794ccd72f7c5f3f07acad8e0604da64184ec5fda14a14a8bb42e9a84,JNU_INTRADAY_MOMREV_G1_V1
2023-02-16,1.0,244,163,54,-0.014456419825987738,-5.924762223765466e-05,144,81,38,37,37,17,-0.0036137958575819477,-9.767015831302562e-05,0,0,6f49c51a794ccd72f7c5f3f07acad8e0604da64184ec5fda14a14a8bb42e9a84,JNU_INTRADAY_MOMREV_G1_V1
2023-02-17,1.0,244,150,54,-0.011637128266848757,-4.769314863462605e-05,144,94,38,37,37,23,0.00763568364703802,0.00020636982829832487,0,0,6f49c51a794ccd72f7c5f3f07acad8e0604da64184ec5fda14a14a8bb42e9a84,JNU_INTRADAY_MOMREV_G1_V1
2023-02-20,1.0,211,123,33,-0.014010873175802711,-6.640224253934934e-05,177,88,38,37,37,20,0.0043685695952446054,0.00011806944852012447,0,0,6f49c51a794ccd72f7c5f3f07acad8e0604da64184ec5fda14a14a8bb42e9a84,JNU_INTRADAY_MOMREV_G1_V1
2023-02-21,1.0,226,142,54,-0.008369462282965794,-3.703301895117608e-05,162,84,38,37,37,18,-0.002739330961367068,-7.403597192883968e-05,0,0,6f49c51a794ccd72f7c5f3f07acad8e0604da64184ec5fda14a14a8bb42e9a84,JNU_INTRADAY_MOMREV_G1_V1
2023-02-22,1.0,231,150,53,-0.01049911896940665,-4.545073146929286e-05,157,81,38,37,37,15,-0.007931238071971686,-0.00021435778572896448,0,0,6f49c51a794ccd72f7c5f3f07acad8e0604da64184ec5fda14a14a8bb42e9a84,JNU_INTRADAY_MOMREV_G1_V1
2023-02-23,1.0,185,99,30,-0.009035372613708046,-4.883985196598944e-05,203,86,38,36,35,18,0.0009216764005550656,2.560212223764071e-05,1,1,6f49c51a794ccd72f7c5f3f07acad8e0604da64184ec5fda14a14a8bb42e9a84,JNU_INTRADAY_MOMREV_G1_V1
2023-02-24,1.0,239,156,68,-0.0036409019469003413,-1.5233899359415653e-05,149,83,38,37,37,18,-0.004400704884079273,-0.00011893796983998037,0,0,6f49c51a794ccd72f7c5f3f07acad8e0604da64184ec5fda14a14a8bb42e9a84,JNU_INTRADAY_MOMREV_G1_V1
2023-02-27,1.0,218,130,54,-0.004558700713588257,-2.0911471163248886e-05,170,88,38,37,37,21,0.0012832560418854562,3.4682595726633955e-05,0,0,6f49c51a794ccd72f7c5f3f07acad8e0604da64184ec5fda14a14a8bb42e9a84,JNU_INTRADAY_MOMREV_G1_V1
2023-02-28,1.0,224,136,43,-0.011281419894506749,-5.036348167190513e-05,164,88,38,37,37,19,-0.0005544095942503418,-1.4984043087847076e-05,0,0,6f49c51a794ccd72f7c5f3f07acad8e0604da64184ec5fda14a14a8bb42e9a84,JNU_INTRADAY_MOMREV_G1_V1
2023-03-01,1.0,242,156,61,-0.009999183405236044,-4.131893969105803e-05,146,86,38,37,37,18,0.001270344046629685,3.433362288188338e-05,0,0,6f49c51a794ccd72f7c5f3f07acad8e0604da64184ec5fda14a14a8bb42e9a84,JNU_INTRADAY_MOMREV_G1_V1
2023-03-02,1.0,256,169,64,-0.00653449026140757,-2.552535258362332e-05,132,87,38,37,37,20,-0.00037508957654585067,-1.0137556122860829e-05,0,0,6f49c51a794ccd72f7c5f3f07acad8e0604da64184ec5fda14a14a8bb42e9a84,JNU_INTRADAY_MOMREV_G1_V1
2023-03-03,1.0,252,169,75,-0.002863843418024837,-1.1364458008035068e-05,136,83,38,37,37,19,-0.0007273235835837667,-1.9657394150912614e-05,0,0,6f49c51a794ccd72f7c5f3f07acad8e0604da64184ec5fda14a14a8bb42e9a84,JNU_INTRADAY_MOMREV_G1_V1
2023-03-06,1.0,255,179,84,-0.00796534768845274,-3.123665760177545e-05,133,76,38,37,37,18,0.002832773449152437,7.656144457168749e-05,0,0,6f49c51a794ccd72f7c5f3f07acad8e0604da64184ec5fda14a14a8bb42e9a84,JNU_INTRADAY_MOMREV_G1_V1
2023-03-07,1.0,225,137,59,-0.006007994690662428,-2.670219862516635e-05,163,88,38,36,35,20,0.0008756249399296121,2.4322914998044782e-05,1,1,6f49c51a794ccd72f7c5f3f07acad8e0604da64184ec5fda14a14a8bb42e9a84,JNU_INTRADAY_MOMREV_G1_V1
2023-03-08,1.0,264,187,82,-0.001929462780460718,-7.30857113810878e-06,124,77,38,37,37,16,-0.005288595986517261,-0.0001429350266626287,0,0,6f49c51a794ccd72f7c5f3f07acad8e0604da64184ec5fda14a14a8bb42e9a84,JNU_INTRADAY_MOMREV_G1_V1
2023-03-09,1.0,211,123,54,-0.005591114947054422,-2.649817510452333e-05,177,88,38,37,37,20,0.0026136817395038783,7.064004701361833e-05,0,0,6f49c51a794ccd72f7c5f3f07acad8e0604da64184ec5fda14a14a8bb42e9a84,JNU_INTRADAY_MOMREV_G1_V1
2023-03-10,1.0,304,243,111,-0.0026583988172476395,-8.744732951472498e-06,84,61,38,37,37,18,-0.0034138093099687922,-9.226511648564303e-05,0,0,6f49c51a794ccd72f7c5f3f07acad8e0604da64184ec5fda14a14a8bb42e9a84,JNU_INTRADAY_MOMREV_G1_V1
2023-03-13,1.0,300,235,103,-0.00927484955040046,-3.091616516800153e-05,88,65,38,37,37,20,0.006717499283858234,0.0001815540346988712,0,0,6f49c51a794ccd72f7c5f3f07acad8e0604da64184ec5fda14a14a8bb42e9a84,JNU_INTRADAY_MOMREV_G1_V1
2023-03-14,1.0,307,245,110,-0.006686924577487908,-2.178151328171957e-05,81,62,38,37,37,23,0.007065550230884517,0.00019096081705093288,0,0,6f49c51a794ccd72f7c5f3f07acad8e0604da64184ec5fda14a14a8bb42e9a84,JNU_INTRADAY_MOMREV_G1_V1
2023-03-15,1.0,288,223,116,0.002968848212749455,1.0308500738713384e-05,100,65,38,37,37,15,-0.009432765182134373,-0.0002549395995171452,0,0,6f49c51a794ccd72f7c5f3f07acad8e0604da64184ec5fda14a14a8bb42e9a84,JNU_INTRADAY_MOMREV_G1_V1
2023-03-16,1.0,299,233,103,-0.0033492499381522485,-1.1201504809873741e-05,89,66,38,37,37,16,0.0017177866165323386,4.6426665311684826e-05,0,0,6f49c51a794ccd72f7c5f3f07acad8e0604da64184ec5fda14a14a8bb42e9a84,JNU_INTRADAY_MOMREV_G1_V1
2023-03-17,1.0,279,197,93,-0.00018705286727524508,-6.704403844990863e-07,109,82,38,37,37,24,0.013012129027761504,0.0003516791629124731,0,0,6f49c51a794ccd72f7c5f3f07acad8e0604da64184ec5fda14a14a8bb42e9a84,JNU_INTRADAY_MOMREV_G1_V1
2023-03-20,1.0,306,246,105,-0.012844767918267441,-4.197636574597203e-05,82,60,38,37,37,17,-0.003931978643981092,-0.00010626969308057005,0,0,6f49c51a794ccd72f7c5f3f07acad8e0604da64184ec5fda14a14a8bb42e9a84,JNU_INTRADAY_MOMREV_G1_V1
2023-03-21,1.0,205,122,38,-0.013217591037249687,-6.447605384024237e-05,183,83,38,36,35,20,0.003347661476889825,9.299059658027291e-05,1,1,6f49c51a794ccd72f7c5f3f07acad8e0604da64184ec5fda14a14a8bb42e9a84,JNU_INTRADAY_MOMREV_G1_V1
2023-03-22,1.0,291,232,106,-0.00974727202744343,-3.349578016303584e-05,97,59,38,37,37,24,0.005344219411987565,0.0001444383624861504,0,0,6f49c51a794ccd72f7c5f3f07acad8e0604da64184ec5fda14a14a8bb42e9a84,JNU_INTRADAY_MOMREV_G1_V1
2023-03-23,1.0,278,206,96,-0.005539647143462187,-1.9926788285835206e-05,110,72,38,37,37,16,0.0038860293291995193,0.00010502781970809511,0,0,6f49c51a794ccd72f7c5f3f07acad8e0604da64184ec5fda14a14a8bb42e9a84,JNU_INTRADAY_MOMREV_G1_V1
2023-03-24,1.0,258,179,70,-0.012925309398493894,-5.009809844377478e-05,130,79,38,37,37,17,0.0012966115651703997,3.5043555815416204e-05,0,0,6f49c51a794ccd72f7c5f3f07acad8e0604da64184ec5fda14a14a8bb42e9a84,JNU_INTRADAY_MOMREV_G1_V1
2023-03-27,1.0,251,164,76,-0.00441796260408726,-1.760144463779785e-05,137,87,38,37,37,17,-0.0005547662945615923,-1.4993683636799792e-05,0,0,6f49c51a794ccd72f7c5f3f07acad8e0604da64184ec5fda14a14a8bb42e9a84,JNU_INTRADAY_MOMREV_G1_V1
2023-03-28,1.0,248,163,63,-0.011569032650270731,-4.664932520270456e-05,140,85,38,37,37,19,0.003307905742479896,8.940285790486205e-05,0,0,6f49c51a794ccd72f7c5f3f07acad8e0604da64184ec5fda14a14a8bb42e9a84,JNU_INTRADAY_MOMREV_G1_V1
2023-03-29,1.0,257,177,70,-0.010040944223215926,-3.906982188021761e-05,131,80,38,36,35,15,-0.004002276174554727,-0.00011117433818207576,1,1,6f49c51a794ccd72f7c5f3f07acad8e0604da64184ec5fda14a14a8bb42e9a84,JNU_INTRADAY_MOMREV_G1_V1
2023-03-30,1.0,277,199,82,-0.006674698353953241,-2.4096383949289677e-05,111,78,38,37,37,22,0.012812710359033135,0.0003462894691630577,0,0,6f49c51a794ccd72f7c5f3f07acad8e0604da64184ec5fda14a14a8bb42e9a84,JNU_INTRADAY_MOMREV_G1_V1
2023-03-31,1.0,287,216,91,-0.011238343027564303,-3.915798964308119e-05,101,71,38,37,37,20,0.0005343037033276104,1.4440640630475957e-05,0,0,6f49c51a794ccd72f7c5f3f07acad8e0604da64184ec5fda14a14a8bb42e9a84,JNU_INTRADAY_MOMREV_G1_V1
2023-04-03,1.0,282,205,98,0.0008881821473456456,3.1495820827859774e-06,106,77,38,37,37,17,-0.00213143771594833,-5.760642475536027e-05,0,0,6f49c51a794ccd72f7c5f3f07acad8e0604da64184ec5fda14a14a8bb42e9a84,JNU_INTRADAY_MOMREV_G1_V1
2023-04-04,1.0,249,158,65,-0.006187027178273036,-2.4847498707923842e-05,139,91,38,37,37,24,0.007964880488998056,0.0002152670402431907,0,0,6f49c51a794ccd72f7c5f3f07acad8e0604da64184ec5fda14a14a8bb42e9a84,JNU_INTRADAY_MOMREV_G1_V1
2023-04-05,1.0,250,176,63,-0.014671680782927216,-5.8686723131708864e-05,138,74,38,37,37,15,-0.006422680245066078,-0.00017358595256935345,0,0,6f49c51a794ccd72f7c5f3f07acad8e0604da64184ec5fda14a14a8bb42e9a84,JNU_INTRADAY_MOMREV_G1_V1
2023-04-06,1.0,261,189,89,-0.005832389812621291,-2.2346321121154372e-05,127,72,38,37,37,20,0.004536718122755841,0.00012261400331772544,0,0,6f49c51a794ccd72f7c5f3f07acad8e0604da64184ec5fda14a14a8bb42e9a84,JNU_INTRADAY_MOMREV_G1_V1
2023-04-07,1.0,238,152,57,-0.006730531552198724,-2.8279544336969428e-05,150,86,38,37,37,18,-0.0030892792315101022,-8.349403328405682e-05,0,0,6f49c51a794ccd72f7c5f3f07acad8e0604da64184ec5fda14a14a8bb42e9a84,JNU_INTRADAY_MOMREV_G1_V1
2023-04-10,1.0,209,116,45,-0.007235957499205145,-3.4621806216292564e-05,179,93,38,37,37,19,-0.00487555721442956,-0.00013177181660620432,0,0,6f49c51a794ccd72f7c5f3f07acad8e0604da64184ec5fda14a14a8bb42e9a84,JNU_INTRADAY_MOMREV_G1_V1
2023-04-11,1.0,241,152,68,-0.000533008545234059,-2.2116537146641454e-06,147,89,38,37,37,17,-0.0007076230067798491,-1.912494612918511e-05,0,0,6f49c51a794ccd72f7c5f3f07acad8e0604da64184ec5fda14a14a8bb42e9a84,JNU_INTRADAY_MOMREV_G1_V1
2023-04-12,1.0,223,126,38,-0.010863912773013943,-4.871709763683382e-05,165,97,38,37,37,23,0.00516818584414166,0.00013968069849031514,0,0,6f49c51a794ccd72f7c5f3f07acad8e0604da64184ec5fda14a14a8bb42e9a84,JNU_INTRADAY_MOMREV_G1_V1
2023-04-13,1.0,232,148,68,-0.0032001335108473145,-1.3793678926066012e-05,156,84,38,37,37,16,-0.0016158430437800447,-4.367143361567688e-05,0,0,6f49c51a794ccd72f7c5f3f07acad8e0604da64184ec5fda14a14a8bb42e9a84,JNU_INTRADAY_MOMREV_G1_V1
2023-04-14,1.0,247,174,76,-0.00667909555436453,-2.7040872689734942e-05,141,73,38,37,37,20,-0.00210351004402676,-5.685162281153405e-05,0,0,6f49c51a794ccd72f7c5f3f07acad8e0604da64184ec5fda14a14a8bb42e9a84,JNU_INTRADAY_MOMREV_G1_V1
2023-04-17,1.0,238,158,64,-0.005967756167222067,-2.5074605744630536e-05,150,80,38,37,37,20,0.003859933061980427,0.00010432251518866019,0,0,6f49c51a794ccd72f7c5f3f07acad8e0604da64184ec5fda14a14a8bb42e9a84,JNU_INTRADAY_MOMREV_G1_V1
2023-04-18,1.0,248,164,70,-0.002967220534668143,-1.196459893011348e-05,140,84,38,37,37,13,-0.005587395675037151,-0.00015101069391992302,0,0,6f49c51a794ccd72f7c5f3f07acad8e0604da64184ec5fda14a14a8bb42e9a84,JNU_INTRADAY_MOMREV_G1_V1
2023-04-19,1.0,217,131,51,-0.008737210820668195,-4.0263644334876474e-05,171,86,38,37,37,16,-0.0031412938594319846,-8.48998340387023e-05,0,0,6f49c51a794ccd72f7c5f3f07acad8e0604da64184ec5fda14a14a8bb42e9a84,JNU_INTRADAY_MOMREV_G1_V1
2023-04-20,1.0,245,158,53,-0.015042568530787462,-6.139823890117331e-05,143,87,38,37,37,17,-0.0015652728818780562,-4.230467248319071e-05,0,0,6f49c51a794ccd72f7c5f3f07acad8e0604da64184ec5fda14a14a8bb42e9a84,JNU_INTRADAY_MOMREV_G1_V1
2023-04-21,1.0,240,151,69,-0.005071133171837402,-2.112972154932251e-05,148,89,38,37,37,17,0.0031410569305907973,8.489343055650804e-05,0,0,6f49c51a794ccd72f7c5f3f07acad8e0604da64184ec5fda14a14a8bb42e9a84,JNU_INTRADAY_MOMREV_G1_V1
2023-04-24,1.0,238,157,55,-0.008215064374692388,-3.4517077204589864e-05,150,81,38,37,37,26,0.005768026910502544,0.00015589261920277145,0,0,6f49c51a794ccd72f7c5f3f07acad8e0604da64184ec5fda14a14a8bb42e9a84,JNU_INTRADAY_MOMREV_G1_V1
2023-04-25,1.0,262,179,77,-0.0033161811893670013,-1.2657180112087792e-05,126,83,38,37,37,21,0.0031380109795201734,8.481110755459929e-05,0,0,6f49c51a794ccd72f7c5f3f07acad8e0604da64184ec5fda14a14a8bb42e9a84,JNU_INTRADAY_MOMREV_G1_V1
2023-04-26,1.0,253,178,79,-0.004206965847300025,-1.6628323507114723e-05,135,75,38,37,37,25,0.004569896580258832,0.00012351071838537383,0,0,6f49c51a794ccd72f7c5f3f07acad8e0604da64184ec5fda14a14a8bb42e9a84,JNU_INTRADAY_MOMREV_G1_V1
2023-04-27,1.0,246,161,70,-0.004226956912193194,-1.7182751675582088e-05,142,85,38,37,37,18,0.0008878563426050935,2.399611736770523e-05,0,0,6f49c51a794ccd72f7c5f3f07acad8e0604da64184ec5fda14a14a8bb42e9a84,JNU_INTRADAY_MOMREV_G1_V1
2023-04-28,1.0,299,239,107,-0.005093926612111679,-1.7036543853216318e-05,89,60,38,37,37,12,-0.01585960138504517,-0.0004286378752714911,0,0,6f49c51a794ccd72f7c5f3f07acad8e0604da64184ec5fda14a14a8bb42e9a84,JNU_INTRADAY_MOMREV_G1_V1
2023-05-01,1.0,250,165,74,-0.00016412588025487205,-6.565035210194882e-07,138,85,38,37,37,14,-0.004294870081366111,-0.00011607756976665164,0,0,6f49c51a794ccd72f7c5f3f07acad8e0604da64184ec5fda14a14a8bb42e9a84,JNU_INTRADAY_MOMREV_G1_V1
2023-05-02,1.0,258,186,96,0.003253888322967195,1.2611970244058895e-05,130,72,38,37,37,19,-0.003947090637602028,-0.00010667812534059535,0,0,6f49c51a794ccd72f7c5f3f07acad8e0604da64184ec5fda14a14a8bb42e9a84,JNU_INTRADAY_MOMREV_G1_V1
2023-05-03,1.0,222,137,44,-0.011962714478138911,-5.388610125287798e-05,166,85,38,37,37,12,-0.0012071849305987817,-3.262661974591302e-05,0,0,6f49c51a794ccd72f7c5f3f07acad8e0604da64184ec5fda14a14a8bb42e9a84,JNU_INTRADAY_MOMREV_G1_V1
2023-05-04,1.0,240,152,61,-0.007318931553182598,-3.0495548138260823e-05,148,88,38,37,37,23,0.004344331330891579,0.000117414360294367,0,0,6f49c51a794ccd72f7c5f3f07acad8e0604da64184ec5fda14a14a8bb42e9a84,JNU_INTRADAY_MOMREV_G1_V1
2023-05-05,1.0,218,130,37,-0.010621434631062517,-4.872217720670879e-05,170,88,38,37,37,20,0.003306329975014315,8.93602695949815e-05,0,0,6f49c51a794ccd72f7c5f3f07acad8e0604da64184ec5fda14a14a8bb42e9a84,JNU_INTRADAY_MOMREV_G1_V1
2023-05-08,1.0,246,169,73,-0.008807549652911974,-3.580304736956087e-05,142,77,38,37,37,21,0.009293644201202978,0.0002511795730054859,0,0,6f49c51a794ccd72f7c5f3f07acad8e0604da64184ec5fda14a14a8bb42e9a84,JNU_INTRADAY_MOMREV_G1_V1
2023-05-09,1.0,216,114,51,-0.0025630481650682027,-1.1865963727167606e-05,172,102,38,37,37,17,-0.0013770858096860685,-3.721853539692077e-05,0,0,6f49c51a794ccd72f7c5f3f07acad8e0604da64184ec5fda14a14a8bb42e9a84,JNU_INTRADAY_MOMREV_G1_V1
2023-05-10,1.0,253,165,73,-0.005666584852277593,-2.239756858607744e-05,135,88,38,37,37,22,0.004974213957676296,0.00013443821507233233,0,0,6f49c51a794ccd72f7c5f3f07acad8e0604da64184ec5fda14a14a8bb42e9a84,JNU_INTRADAY_MOMREV_G1_V1
2023-05-11,1.0,242,157,64,-0.00704977828570157,-2.9131315230171775e-05,146,85,38,37,37,16,-0.002065788468351577,-5.583212076625884e-05,0,0,6f49c51a794ccd72f7c5f3f07acad8e0604da64184ec5fda14a14a8bb42e9a84,JNU_INTRADAY_MOMREV_G1_V1
2023-05-12,1.0,273,199,99,0.002418432138015549,8.858725780276736e-06,115,74,38,37,37,19,-0.009253791786620192,-0.00025010248071946465,0,0,6f49c51a794ccd72f7c5f3f07acad8e0604da64184ec5fda14a14a8bb42e9a84,JNU_INTRADAY_MOMREV_G1_V1
2023-05-15,1.0,272,198,100,5.536375695276209e-06,2.0354322409103707e-08,116,74,38,37,37,19,0.001526379488787154,4.125349969695011e-05,0,0,6f49c51a794ccd72f7c5f3f07acad8e0604da64184ec5fda14a14a8bb42e9a84,JNU_INTRADAY_MOMREV_G1_V1
2023-05-16,1.0,252,176,70,-0.011058234198863936,-4.3881881741523554e-05,136,76,38,37,37,16,2.550552262530826e-06,6.893384493326556e-08,0,0,6f49c51a794ccd72f7c5f3f07acad8e0604da64184ec5fda14a14a8bb42e9a84,JNU_INTRADAY_MOMREV_G1_V1
2023-05-17,1.0,270,197,91,-0.0050010153585748895,-1.8522279105832924e-05,118,73,38,37,37,18,-0.003174052408734614,-8.578520023607065e-05,0,0,6f49c51a794ccd72f7c5f3f07acad8e0604da64184ec5fda14a14a8bb42e9a84,JNU_INTRADAY_MOMREV_G1_V1
2023-05-18,1.0,289,224,111,-0.0013044305549445153,-4.513600536140191e-06,99,65,38,37,37,19,-0.006052798192679435,-0.00016358914034268743,0,0,6f49c51a794ccd72f7c5f3f07acad8e0604da64184ec5fda14a14a8bb42e9a84,JNU_INTRADAY_MOMREV_G1_V1
2023-05-19,1.0,289,218,102,-0.00341033432134987,-1.1800464779757335e-05,99,71,38,37,37,19,-0.0009692306115977169,-2.619542193507343e-05,0,0,6f49c51a794ccd72f7c5f3f07acad8e0604da64184ec5fda14a14a8bb42e9a84,JNU_INTRADAY_MOMREV_G1_V1
2023-05-22,1.0,277,204,88,-0.009075390770376087,-3.276314357536493e-05,111,73,38,37,37,14,-0.008089550753916631,-0.00021863650686261167,0,0,6f49c51a794ccd72f7c5f3f07acad8e0604da64184ec5fda14a14a8bb42e9a84,JNU_INTRADAY_MOMREV_G1_V1
2023-05-23,1.0,311,258,134,0.01400487304626254,4.503174612946154e-05,77,53,38,37,37,23,0.0008118264433461791,2.194125522557241e-05,0,0,6f49c51a794ccd72f7c5f3f07acad8e0604da64184ec5fda14a14a8bb42e9a84,JNU_INTRADAY_MOMREV_G1_V1
2023-05-24,1.0,293,228,104,-0.010749537353090291,-3.6687840795530004e-05,95,65,38,37,37,21,-0.0017797797042208591,-4.8102154168131326e-05,0,0,6f49c51a794ccd72f7c5f3f07acad8e0604da64184ec5fda14a14a8bb42e9a84,JNU_INTRADAY_MOMREV_G1_V1
2023-05-25,1.0,297,230,112,-0.001973871161711371,-6.6460308475130345e-06,91,67,38,37,37,22,0.00958746775161281,0.00025912075004358946,0,0,6f49c51a794ccd72f7c5f3f07acad8e0604da64184ec5fda14a14a8bb42e9a84,JNU_INTRADAY_MOMREV_G1_V1
2023-05-26,1.0,299,234,118,0.0020998524945251102,7.022918041890001e-06,89,65,38,37,37,18,0.005162229729970602,0.0001395197224316379,0,0,6f49c51a794ccd72f7c5f3f07acad8e0604da64184ec5fda14a14a8bb42e9a84,JNU_INTRADAY_MOMREV_G1_V1
2023-05-29,1.0,302,237,96,-0.012782825409911032,-4.2327236456659045e-05,86,65,38,37,37,18,0.00557407528995075,0.00015065068351218246,0,0,6f49c51a794ccd72f7c5f3f07acad8e0604da64184ec5fda14a14a8bb42e9a84,JNU_INTRADAY_MOMREV_G1_V1
2023-05-30,1.0,307,244,109,-0.005132859662213385,-1.6719412580499625e-05,81,63,38,37,37,19,0.00012684578468655163,3.4282644509878817e-06,0,0,6f49c51a794ccd72f7c5f3f07acad8e0604da64184ec5fda14a14a8bb42e9a84,JNU_INTRADAY_MOMREV_G1_V1
2023-05-31,1.0,314,258,134,0.004180820070362616,1.3314713599880943e-05,74,56,38,37,37,16,-0.008377468802899551,-0.00022641807575404194,0,0,6f49c51a794ccd72f7c5f3f07acad8e0604da64184ec5fda14a14a8bb42e9a84,JNU_INTRADAY_MOMREV_G1_V1
2023-06-01,1.0,307,246,117,0.005483589555473969,1.7861855229556902e-05,81,61,38,37,37,17,-0.005972900135859713,-0.00016142973340161387,0,0,6f49c51a794ccd72f7c5f3f07acad8e0604da64184ec5fda14a14a8bb42e9a84,JNU_INTRADAY_MOMREV_G1_V1
2023-06-02,1.0,277,207,100,-0.00812650308472214,-2.9337556262534797e-05,111,70,38,37,37,17,0.003196862406892787,8.640168667277802e-05,0,0,6f49c51a794ccd72f7c5f3f07acad8e0604da64184ec5fda14a14a8bb42e9a84,JNU_INTRADAY_MOMREV_G1_V1
2023-06-05,1.0,285,218,99,-0.003584719214783592,-1.2577962157135411e-05,103,67,38,37,37,17,0.0003234015383808109,8.740582118400295e-06,0,0,6f49c51a794ccd72f7c5f3f07acad8e0604da64184ec5fda14a14a8bb42e9a84,JNU_INTRADAY_MOMREV_G1_V1
2023-06-06,1.0,315,256,133,0.008572562543538853,2.721448426520271e-05,73,59,38,37,37,19,-0.007945414235223734,-0.00021474092527631715,0,0,6f49c51a794ccd72f7c5f3f07acad8e0604da64184ec5fda14a14a8bb42e9a84,JNU_INTRADAY_MOMREV_G1_V1
2023-06-07,1.0,334,286,132,-0.007736350163606413,-2.316272504073776e-05,54,48,38,37,37,17,-0.013826859327436332,-0.0003736989007415225,0,0,6f49c51a794ccd72f7c5f3f07acad8e0604da64184ec5fda14a14a8bb42e9a84,JNU_INTRADAY_MOMREV_G1_V1
2023-06-08,1.0,321,268,131,-0.009861980859677355,-3.0722681805848455e-05,67,53,38,37,37,24,0.010841108102466992,0.0002930029216882971,0,0,6f49c51a794ccd72f7c5f3f07acad8e0604da64184ec5fda14a14a8bb42e9a84,JNU_INTRADAY_MOMREV_G1_V1
2023-06-09,1.0,312,251,120,0.0015783646482482015,5.058861052077569e-06,76,61,38,37,37,16,-0.004378123013515642,-0.00011832764901393627,0,0,6f49c51a794ccd72f7c5f3f07acad8e0604da64184ec5fda14a14a8bb42e9a84,JNU_INTRADAY_MOMREV_G1_V1
2023-06-12,1.0,289,221,114,0.004790745012434875,1.657697236136635e-05,99,68,38,37,37,21,0.0038615215615626615,0.00010436544760980166,0,0,6f49c51a794ccd72f7c5f3f07acad8e0604da64184ec5fda14a14a8bb42e9a84,JNU_INTRADAY_MOMREV_G1_V1
2023-06-13,1.0,327,281,156,0.014003708571000669,4.2824796853213055e-05,61,46,38,37,37,22,0.0033176470924576873,8.966613763399154e-05,0,0,6f49c51a794ccd72f7c5f3f07acad8e0604da64184ec5fda14a14a8bb42e9a84,JNU_INTRADAY_MOMREV_G1_V1
2023-06-14,1.0,324,273,136,0.001164709116147539,3.5947812226775892e-06,64,51,38,37,37,21,-0.001474256303851619,-3.984476496896267e-05,0,0,6f49c51a794ccd72f7c5f3f07acad8e0604da64184ec5fda14a14a8bb42e9a84,JNU_INTRADAY_MOMREV_G1_V1
2023-06-15,1.0,324,269,149,0.018316779089075776,5.6533268793443757e-05,64,55,38,37,37,18,-0.00210992469593155,-5.7024991781933775e-05,0,0,6f49c51a794ccd72f7c5f3f07acad8e0604da64184ec5fda14a14a8bb42e9a84,JNU_INTRADAY_MOMREV_G1_V1
2023-06-16,1.0,326,284,154,0.014539047254096467,4.459830446041861e-05,62,42,38,37,37,14,-0.01168294190438066,-0.00031575518660488267,0,0,6f49c51a794ccd72f7c5f3f07acad8e0604da64184ec5fda14a14a8bb42e9a84,JNU_INTRADAY_MOMREV_G1_V1
2023-06-19,1.0,322,272,137,0.001724387700654993,5.355241306381966e-06,66,50,38,37,37,19,-0.015343555562526217,-0.00041469069087908696,0,0,6f49c51a794ccd72f7c5f3f07acad8e0604da64184ec5fda14a14a8bb42e9a84,JNU_INTRADAY_MOMREV_G1_V1
2023-06-20,1.0,309,248,114,0.0019637691914984965,6.355240101936882e-06,79,61,38,37,37,23,0.014278651170282857,0.00038590949108872587,0,0,6f49c51a794ccd72f7c5f3f07acad8e0604da64184ec5fda14a14a8bb42e9a84,JNU_INTRADAY_MOMREV_G1_V1
2023-06-21,1.0,317,262,129,0.007536592057835595,2.3774738352793673e-05,71,55,38,37,37,19,1.978261508784056e-05,5.346652726443394e-07,0,0,6f49c51a794ccd72f7c5f3f07acad8e0604da64184ec5fda14a14a8bb42e9a84,JNU_INTRADAY_MOMREV_G1_V1
2023-06-22,1.0,297,238,121,-0.004338400166451678,-1.4607407967850768e-05,91,59,38,37,37,20,0.001313518203863935,3.5500491996322564e-05,0,0,6f49c51a794ccd72f7c5f3f07acad8e0604da64184ec5fda14a14a8bb42e9a84,JNU_INTRADAY_MOMREV_G1_V1
2023-06-23,1.0,331,286,130,-0.012711485955486188,-3.8403280832284556e-05,57,45,38,37,37,20,0.00383227122002732,0.00010357489783857621,0,0,6f49c51a794ccd72f7c5f3f07acad8e0604da64184ec5fda14a14a8bb42e9a84,JNU_INTRADAY_MOMREV_G1_V1
2023-06-26,1.0,317,262,142,0.007495365532836144,2.3644686223457865e-05,71,55,38,37,37,15,-0.0031503152835762405,-8.514365631287137e-05,0,0,6f49c51a794ccd72f7c5f3f07acad8e0604da64184ec5fda14a14a8bb42e9a84,JNU_INTRADAY_MOMREV_G1_V1
2023-06-27,1.0,314,259,132,0.007406191851433638,2.358659825297337e-05,74,55,38,37,37,14,0.0015304884310726342,4.136455219115227e-05,0,0,6f49c51a794ccd72f7c5f3f07acad8e0604da64184ec5fda14a14a8bb42e9a84,JNU_INTRADAY_MOMREV_G1_V1
2023-06-28,1.0,318,267,130,0.003962473965940892,1.2460609955788968e-05,70,51,38,37,37,16,-0.005747754691342104,-0.00015534472138762444,0,0,6f49c51a794ccd72f7c5f3f07acad8e0604da64184ec5fda14a14a8bb42e9a84,JNU_INTRADAY_MOMREV_G1_V1
2023-06-29,1.0,313,255,127,-0.0019443318678382246,-6.211922900441612e-06,75,58,38,37,37,18,0.00885201807058202,0.00023924373163735193,0,0,6f49c51a794ccd72f7c5f3f07acad8e0604da64184ec5fda14a14a8bb42e9a84,JNU_INTRADAY_MOMREV_G1_V1
2023-06-30,1.0,323,271,119,-0.0060499768296313865,-1.8730578419911413e-05,65,52,38,37,37,20,0.0047066587715898995,0.00012720699382675403,0,0,6f49c51a794ccd72f7c5f3f07acad8e0604da64184ec5fda14a14a8bb42e9a84,JNU_INTRADAY_MOMREV_G1_V1
2023-07-03,1.0,294,233,94,-0.01350712370521149,-4.594259763677377e-05,94,61,38,37,37,17,-0.0032770515816323282,-8.85689616657386e-05,0,0,6f49c51a794ccd72f7c5f3f07acad8e0604da64184ec5fda14a14a8bb42e9a84,JNU_INTRADAY_MOMREV_G1_V1
2023-07-04,1.0,314,260,112,-0.011373523626368379,-3.622141282282923e-05,74,54,38,37,37,16,0.0004480376569659997,1.2109125863945938e-05,0,0,6f49c51a794ccd72f7c5f3f07acad8e0604da64184ec5fda14a14a8bb42e9a84,JNU_INTRADAY_MOMREV_G1_V1
2023-07-05,1.0,296,231,109,0.000311288563237859,1.0516505514792535e-06,92,65,38,37,37,17,-0.006014315499823498,-0.00016254906756279724,0,0,6f49c51a794ccd72f7c5f3f07acad8e0604da64184ec5fda14a14a8bb42e9a84,JNU_INTRADAY_MOMREV_G1_V1
2023-07-06,1.0,326,279,140,0.002593800792286147,7.956444148117015e-06,62,47,38,37,37,17,-0.007904351820197098,-0.00021363113027559724,0,0,6f49c51a794ccd72f7c5f3f07acad8e0604da64184ec5fda14a14a8bb42e9a84,JNU_INTRADAY_MOMREV_G1_V1
2023-07-07,1.0,320,266,117,-0.010438501961394292,-3.262031862935716e-05,68,54,38,37,37,20,0.002748654326744159,7.428795477686917e-05,0,0,6f49c51a794ccd72f7c5f3f07acad8e0604da64184ec5fda14a14a8bb42e9a84,JNU_INTRADAY_MOMREV_G1_V1
2023-07-10,1.0,335,291,138,-0.0034140298886250874,-1.0191133995895783e-05,53,44,38,37,37,18,0.005185836741959495,0.00014015774978268905,0,0,6f49c51a794ccd72f7c5f3f07acad8e0604da64184ec5fda14a14a8bb42e9a84,JNU_INTRADAY_MOMREV_G1_V1
2023-07-11,1.0,321,270,132,-0.007096305237840704,-2.210686989981528e-05,67,51,38,37,37,20,0.011821642857478989,0.0003195038610129456,0,0,6f49c51a794ccd72f7c5f3f07acad8e0604da64184ec5fda14a14a8bb42e9a84,JNU_INTRADAY_MOMREV_G1_V1
2023-07-12,1.0,328,274,134,-0.0007863749306517838,-2.3974845446700727e-06,60,54,38,37,37,15,-0.013410011489104059,-0.00036243274294875833,0,0,6f49c51a794ccd72f7c5f3f07acad8e0604da64184ec5fda14a14a8bb42e9a84,JNU_INTRADAY_MOMREV_G1_V1
2023-07-13,1.0,304,240,102,-0.014391586550330382,-4.734074523134994e-05,84,64,38,37,37,19,-0.00640788023835904,-0.00017318595238808218,0,0,6f49c51a794ccd72f7c5f3f07acad8e0604da64184ec5fda14a14a8bb42e9a84,JNU_INTRADAY_MOMREV_G1_V1
2023-07-14,1.0,332,285,137,-0.007915651537793904,-2.3842323909017785e-05,56,47,38,37,37,17,0.007385025752443485,0.00019959529060658069,0,0,6f49c51a794ccd72f7c5f3f07acad8e0604da64184ec5fda14a14a8bb42e9a84,JNU_INTRADAY_MOMREV_G1_V1
2023-07-17,1.0,254,180,90,0.003263700508271966,1.284921459949593e-05,134,74,38,37,37,16,0.0031087717763185942,8.402085881942146e-05,0,0,6f49c51a794ccd72f7c5f3f07acad8e0604da64184ec5fda14a14a8bb42e9a84,JNU_INTRADAY_MOMREV_G1_V1
2023-07-18,1.0,301,234,110,-0.01030928987837768,-3.425013248630459e-05,87,67,38,37,37,25,0.006334124135995926,0.00017119254421610612,0,0,6f49c51a794ccd72f7c5f3f07acad8e0604da64184ec5fda14a14a8bb42e9a84,JNU_INTRADAY_MOMREV_G1_V1
2023-07-19,1.0,310,254,128,0.005800931116658234,1.8712681021478173e-05,78,56,38,37,37,15,-0.008995307160154776,-0.00024311640973391285,0,0,6f49c51a794ccd72f7c5f3f07acad8e0604da64184ec5fda14a14a8bb42e9a84,JNU_INTRADAY_MOMREV_G1_V1
2023-07-20,1.0,308,243,117,-0.008136753785782387,-2.6418031772020738e-05,80,65,38,37,37,19,0.0059397269125455905,0.00016053315979852947,0,0,6f49c51a794ccd72f7c5f3f07acad8e0604da64184ec5fda14a14a8bb42e9a84,JNU_INTRADAY_MOMREV_G1_V1
2023-07-21,1.0,318,261,131,-0.0026202102935020885,-8.239655011012857e-06,70,57,38,37,37,16,-0.004781636979453365,-0.00012923343187711797,0,0,6f49c51a794ccd72f7c5f3f07acad8e0604da64184ec5fda14a14a8bb42e9a84,JNU_INTRADAY_MOMREV_G1_V1
